customer_id,full_name,gender,dob,cnic,nationality,phone,email,city,customer_type,license_no,has_own_license,loyalty_points,total_bookings,registration_date
CU00001,Raza Javed,M,1991-05-24,85886-7042962-1,Pakistani,0301-6021328,raza.javed331@gmail.com,Karachi,Tourist,,False,3019,8,2024-02-16
CU00002,Mehwish Rizvi,F,1962-11-29,N/A,Germany,0321-9842477,mehwish.rizvi424@gmail.com,Rawalpindi,Individual,,False,4297,4,2023-03-06
CU00003,Laiba Ali,F,1964-11-25,73394-5818203-7,Pakistani,0315-6309796,laiba.ali266@gmail.com,Karachi,Government,,False,4304,18,2025-03-23
CU00004,Noor Malik,F,1987-07-22,33580-4904421-5,British Pakistani,0312-1026523,noor.malik122@gmail.com,Lahore,Corporate,ISB-587467,True,966,11,2026-02-19
CU00005,Laiba Ansari,F,1978-07-28,93967-4375360-5,American Pakistani,0320-2138100,laiba.ansari316@gmail.com,Islamabad,Individual,KPK-631302,True,4505,7,2023-10-26
CU00006,Hina Raja,F,1974-12-13,33020-4255041-6,Pakistani,0321-9038102,hina.raja939@gmail.com,Rawalpindi,Tourist,,False,3887,10,2026-06-21
CU00007,Usman Hashmi,M,1966-12-20,70616-7944979-1,Pakistani,0346-6022154,usman.hashmi579@gmail.com,Karachi,Overseas Pakistani,,False,2584,7,2025-02-11
CU00008,Bilal Bajwa,M,1990-10-01,29569-5705338-1,Pakistani,0321-7295495,bilal.bajwa642@gmail.com,Rawalpindi,Overseas Pakistani,BLN-983326,True,1359,8,2025-03-15
CU00009,Omar Gondal,M,1965-03-29,45585-7943579-2,Pakistani,0345-4986975,omar.gondal381@gmail.com,Nathiagali,Tourist,,False,3702,11,2023-09-12
CU00010,Asad Butt,M,1965-01-12,68166-9489182-1,Pakistani,0345-9389519,asad.butt158@gmail.com,Lahore,Individual,,False,1558,9,2023-11-28
CU00011,Asma Raza,F,1994-10-15,77652-3226624-4,Pakistani,0300-8706923,asma.raza397@gmail.com,Rawalpindi,Tourist,,False,4279,14,2022-08-26
CU00012,Ahmed Raja,M,1998-01-16,23513-9733844-5,Pakistani,0300-6236888,ahmed.raja655@gmail.com,Karachi,Individual,,False,1719,5,2023-10-20
CU00013,Asad Hussain,M,1983-11-16,30643-5590865-2,Pakistani,0300-9624506,asad.hussain105@gmail.com,Rawalpindi,Individual,PB-668882,True,2869,12,2025-01-30
CU00014,Usman Javed,M,1996-01-24,54399-8443172-1,Pakistani,0311-1486416,usman.javed483@gmail.com,Rawalpindi,Individual,ISB-211072,True,3142,5,2022-04-21
CU00015,Zubair Butt,M,1991-08-11,N/A,Germany,0315-6966385,zubair.butt320@gmail.com,Karachi,Corporate,,False,2722,10,2023-02-10
CU00016,Bushra Ahmed,F,2001-05-23,71377-2631802-8,Pakistani,0320-8808058,bushra.ahmed482@gmail.com,Peshawar,Individual,PB-334665,True,1177,10,2025-06-17
CU00017,Shoaib Qureshi,M,1968-03-23,13966-2096646-8,Pakistani,0301-6896198,shoaib.qureshi491@gmail.com,Karachi,Corporate,SND-986850,True,1399,8,2023-08-02
CU00018,Laiba Bajwa,F,1965-09-18,95124-2189907-5,Pakistani,0346-8733874,laiba.bajwa411@gmail.com,Lahore,Individual,BLN-533525,True,1954,10,2025-06-25
CU00019,Omar Hashmi,M,1977-03-20,N/A,Germany,0333-6741177,omar.hashmi558@gmail.com,Islamabad,Individual,PB-281493,True,638,11,2026-02-23
CU00020,Sumera Hashmi,F,1965-02-16,68355-3955709-5,Pakistani,0333-2167822,sumera.hashmi613@gmail.com,Karachi,Individual,ISB-818807,True,4885,11,2026-04-29
CU00021,Aisha Hashmi,F,1988-12-06,93379-1003092-3,Pakistani,0311-8599649,aisha.hashmi545@gmail.com,Karachi,Individual,,False,2387,18,2024-03-09
CU00022,Faisal Chaudhry,M,1969-03-23,99071-6109503-7,Pakistani,0321-2497994,faisal.chaudhry597@gmail.com,Karachi,Individual,,False,66,9,2025-06-06
CU00023,Saima Malik,F,1998-03-29,10110-7027124-2,Pakistani,0320-1523193,saima.malik241@gmail.com,Rawalpindi,Individual,,False,3536,9,2025-12-09
CU00024,Zain Mirza,M,1991-12-05,32729-8967020-3,Pakistani,0312-7452434,zain.mirza864@gmail.com,Lahore,Individual,KPK-980764,True,3417,15,2022-11-12
CU00025,Fahad Raja,M,1965-08-18,73792-8327199-3,Pakistani,0301-3302174,fahad.raja658@gmail.com,Islamabad,Individual,SND-578180,True,4951,7,2024-05-21
CU00026,Faisal Nawaz,M,1979-01-09,65675-1124654-8,Pakistani,0312-9417612,faisal.nawaz276@gmail.com,Lahore,Individual,SND-672696,True,4721,4,2024-01-22
CU00027,Ahmed Bajwa,M,1981-09-04,20494-3383832-9,Pakistani,0320-8800337,ahmed.bajwa530@gmail.com,Karachi,Individual,,False,640,11,2024-12-07
CU00028,Sara Iqbal,F,1981-03-11,N/A,UK,0346-6242875,sara.iqbal628@gmail.com,Karachi,Corporate,ISB-460234,True,4382,8,2026-05-14
CU00029,Faisal Nawaz,M,2000-08-22,48616-5852112-3,Pakistani,0300-6101462,faisal.nawaz745@gmail.com,Lahore,Tourist,BLN-373094,True,503,7,2025-07-12
CU00030,Omar Bajwa,M,1962-04-25,73538-2384290-3,Pakistani,0346-2289534,omar.bajwa872@gmail.com,Karachi,Individual,KPK-364294,True,1085,12,2025-06-15
CU00031,Fahad Hussain,M,1960-08-20,96396-8493596-6,Pakistani,0311-5383091,fahad.hussain802@gmail.com,Karachi,Corporate,,False,1934,18,2024-09-20
CU00032,Waqar Ali,M,1975-05-19,30204-9320631-7,Pakistani,0333-4992095,waqar.ali677@gmail.com,Gujranwala,Government,,False,3605,10,2026-01-26
CU00033,Bilal Bajwa,M,1992-12-09,25203-1881193-3,Pakistani,0345-7689827,bilal.bajwa488@gmail.com,Murree,Individual,,False,2468,11,2024-09-02
CU00034,Bushra Iqbal,F,1977-01-13,66981-1199028-5,Pakistani,0345-7408965,bushra.iqbal695@gmail.com,Karachi,Individual,KPK-656011,True,336,10,2022-07-19
CU00035,Noor Ansari,F,1987-05-21,22881-5283960-7,Pakistani,0345-5056679,noor.ansari752@gmail.com,Multan,Overseas Pakistani,BLN-907924,True,1596,5,2024-11-30
CU00036,Kamran Butt,M,1974-01-19,22805-9812472-2,Pakistani,0345-6897466,kamran.butt225@gmail.com,Lahore,Corporate,KPK-364132,True,1581,8,2022-03-11
CU00037,Ali Ali,M,2002-02-05,93634-3043299-2,Pakistani,0301-3179482,ali.ali385@gmail.com,Karachi,Overseas Pakistani,,False,4637,13,2023-01-14
CU00038,Nadia Hussain,F,1973-03-19,46226-8163592-6,American Pakistani,0320-3717339,nadia.hussain800@gmail.com,Lahore,Overseas Pakistani,ISB-390756,True,511,7,2024-02-23
CU00039,Ahmed Hussain,M,2002-11-12,36302-7587312-3,Pakistani,0345-2819161,ahmed.hussain148@gmail.com,Murree,Individual,BLN-906048,True,3532,9,2023-03-24
CU00040,Hassan Bhatti,M,1992-02-03,42846-8480659-1,Pakistani,0345-3497360,hassan.bhatti669@gmail.com,Rawalpindi,Individual,ISB-139673,True,3198,6,2023-06-30
CU00041,Kashif Qureshi,M,1985-10-10,62941-2176077-9,Pakistani,0312-1055488,kashif.qureshi394@gmail.com,Islamabad,Tourist,SND-227091,True,4646,11,2025-01-01
CU00042,Noor Mirza,F,1990-08-02,80074-6705306-2,Canadian Pakistani,0345-5864699,noor.mirza664@gmail.com,Rawalpindi,Individual,PB-285197,True,4542,7,2022-03-22
CU00043,Amna Raza,F,1991-03-20,N/A,Germany,0301-8348147,amna.raza753@gmail.com,Lahore,Individual,PB-246740,True,292,5,2023-01-31
CU00044,Adeel Iqbal,M,1981-12-11,79984-8538125-1,Canadian Pakistani,0300-6692259,adeel.iqbal58@gmail.com,Lahore,Tourist,KPK-926045,True,350,14,2024-04-10
CU00045,Salman Rana,M,1989-12-07,85936-4908850-2,Pakistani,0300-3375493,salman.rana501@gmail.com,Lahore,Government,ISB-594109,True,375,8,2023-05-13
CU00046,Sana Khan,F,1967-09-23,32372-2073030-2,Pakistani,0301-9340683,sana.khan610@gmail.com,Karachi,Overseas Pakistani,BLN-331287,True,516,14,2023-02-20
CU00047,Salman Mehmood,M,1990-06-06,N/A,France,0311-6395382,salman.mehmood857@gmail.com,Lahore,Individual,PB-901351,True,373,11,2025-04-29
CU00048,Ali Sheikh,M,1972-04-14,N/A,Australia,0311-8359513,ali.sheikh250@gmail.com,Islamabad,Individual,BLN-142675,True,1092,13,2022-07-24
CU00049,Laiba Qureshi,F,1994-11-19,33516-2495541-5,Pakistani,0333-8986164,laiba.qureshi709@gmail.com,Islamabad,Overseas Pakistani,PB-316174,True,1172,13,2025-08-03
CU00050,Faisal Ansari,M,1970-09-24,75521-2476750-5,Pakistani,0321-8026061,faisal.ansari5@gmail.com,Multan,Corporate,BLN-347085,True,1572,5,2022-08-29
CU00051,Hina Gondal,F,1976-03-26,92111-4491484-5,Pakistani,0300-4250065,hina.gondal116@gmail.com,Nathiagali,Government,PB-818530,True,3886,11,2024-10-15
CU00052,Raza Ali,M,1962-06-04,90847-8602555-1,Pakistani,0301-1880075,raza.ali948@gmail.com,Karachi,Individual,BLN-284431,True,1294,9,2026-05-28
CU00053,Waqar Sheikh,M,1963-03-06,64927-4334495-6,Pakistani,0312-2847722,waqar.sheikh334@gmail.com,Abbottabad,Tourist,PB-202827,True,1942,13,2026-02-19
CU00054,Bilal Qureshi,M,1999-12-26,67129-3431711-4,Pakistani,0315-8633480,bilal.qureshi183@gmail.com,Islamabad,Individual,SND-491627,True,1117,8,2024-07-26
CU00055,Noor Hussain,F,1969-01-26,27891-2864104-8,Pakistani,0345-8016631,noor.hussain176@gmail.com,Rawalpindi,Individual,KPK-330533,True,2417,8,2025-05-21
CU00056,Salman Rana,M,2002-09-27,21334-7907115-9,Pakistani,0345-4631304,salman.rana606@gmail.com,Karachi,Individual,,False,3878,12,2024-08-05
CU00057,Junaid Ansari,M,1993-01-08,87564-3499296-1,Pakistani,0333-1741958,junaid.ansari42@gmail.com,Abbottabad,Individual,SND-869105,True,4130,7,2022-03-10
CU00058,Zubair Hashmi,M,1996-04-27,20890-1208423-7,Pakistani,0312-3226537,zubair.hashmi368@gmail.com,Peshawar,Overseas Pakistani,KPK-350675,True,743,7,2022-02-02
CU00059,Asad Butt,M,1991-07-19,69616-8780612-3,Pakistani,0333-4102874,asad.butt809@gmail.com,Lahore,Corporate,KPK-757258,True,3803,7,2025-12-12
CU00060,Fahad Rana,M,1963-03-04,65823-5526314-9,Pakistani,0315-4475340,fahad.rana807@gmail.com,Lahore,Corporate,ISB-750594,True,2750,7,2026-02-15
CU00061,Asma Raja,F,1976-04-29,15357-7133266-6,Pakistani,0311-2124172,asma.raja575@gmail.com,Abbottabad,Individual,PB-245129,True,2743,11,2023-05-04
CU00062,Zain Hashmi,M,1993-01-28,N/A,Australia,0312-6376490,zain.hashmi362@gmail.com,Multan,Corporate,KPK-628027,True,3464,11,2023-07-22
CU00063,Shoaib Siddiqui,M,1980-04-17,79717-9939831-5,Pakistani,0345-7176462,shoaib.siddiqui820@gmail.com,Lahore,Corporate,ISB-297503,True,3750,7,2022-06-28
CU00064,Omar Raza,M,2002-12-26,29392-9327014-3,Pakistani,0312-9735688,omar.raza975@gmail.com,Faisalabad,Individual,ISB-407410,True,3412,10,2025-10-29
CU00065,Usman Hashmi,M,1975-07-21,18250-1369713-4,Pakistani,0346-6635087,usman.hashmi422@gmail.com,Lahore,Tourist,BLN-459443,True,2673,9,2024-09-22
CU00066,Kamran Nawaz,M,1997-10-06,50172-3881270-5,Pakistani,0312-9124251,kamran.nawaz381@gmail.com,Lahore,Individual,KPK-907141,True,387,9,2022-10-31
CU00067,Faisal Butt,M,1987-10-01,32984-3575047-3,Pakistani,0312-2961547,faisal.butt43@gmail.com,Multan,Tourist,KPK-702433,True,1036,8,2024-06-21
CU00068,Omar Chaudhry,M,1985-03-25,68776-3727935-9,Pakistani,0320-3038264,omar.chaudhry943@gmail.com,Karachi,Corporate,ISB-524214,True,4091,8,2026-04-23
CU00069,Faisal Mirza,M,1966-12-31,48739-8950901-5,Pakistani,0315-3467651,faisal.mirza819@gmail.com,Islamabad,Tourist,BLN-863933,True,3621,14,2023-11-25
CU00070,Robia Ali,F,1966-04-03,38883-8482180-6,Pakistani,0301-6475520,robia.ali57@gmail.com,Karachi,Individual,BLN-772465,True,1598,6,2025-04-09
CU00071,Salman Farooq,M,1972-06-19,21452-9586369-7,Pakistani,0312-9228643,salman.farooq326@gmail.com,Islamabad,Individual,BLN-734470,True,4190,6,2022-04-25
CU00072,Noor Qureshi,F,1966-08-20,47309-6786800-6,Pakistani,0320-8475525,noor.qureshi896@gmail.com,Karachi,Individual,BLN-191853,True,1766,7,2026-01-30
CU00073,Mehwish Bhatti,F,1972-12-11,64289-3341557-2,Pakistani,0311-4486033,mehwish.bhatti311@gmail.com,Islamabad,Tourist,,False,3888,8,2024-12-11
CU00074,Sara Bajwa,F,1993-12-01,64331-3934217-9,American Pakistani,0345-3297254,sara.bajwa205@gmail.com,Lahore,Individual,,False,1523,8,2024-02-21
CU00075,Saad Ali,M,1996-11-27,70745-4766824-1,Pakistani,0300-3584093,saad.ali269@gmail.com,Murree,Overseas Pakistani,KPK-771670,True,3871,8,2022-09-12
CU00076,Maryam Ansari,F,1968-01-17,46335-9272010-2,Pakistani,0315-7069317,maryam.ansari596@gmail.com,Lahore,Corporate,SND-693047,True,3572,5,2023-06-13
CU00077,Saad Javed,M,1996-09-14,44018-3732123-1,Pakistani,0311-6363359,saad.javed473@gmail.com,Islamabad,Corporate,PB-474745,True,1337,6,2022-04-19
CU00078,Hamza Rana,M,2000-11-29,20069-9621249-4,Pakistani,0311-2585592,hamza.rana614@gmail.com,Faisalabad,Individual,PB-670123,True,2642,3,2023-10-10
CU00079,Maryam Hussain,F,1990-09-30,28837-1216386-3,Pakistani,0346-5721406,maryam.hussain382@gmail.com,Karachi,Individual,SND-532007,True,2787,6,2022-11-30
CU00080,Usman Nawaz,M,1969-12-01,78898-9927083-9,Pakistani,0301-8001908,usman.nawaz472@gmail.com,Murree,Tourist,ISB-222227,True,1075,15,2022-02-05
CU00081,Asad Javed,M,1976-04-06,54832-3889156-5,Pakistani,0300-2989725,asad.javed228@gmail.com,Islamabad,Individual,PB-998435,True,1166,7,2025-11-10
CU00082,Usman Chaudhry,M,1965-11-03,73472-8235132-1,Pakistani,0312-2808875,usman.chaudhry34@gmail.com,Gujranwala,Individual,BLN-721990,True,485,8,2024-08-18
CU00083,Tariq Ali,M,1962-12-21,88878-4446060-4,Pakistani,0311-6897756,tariq.ali30@gmail.com,Rawalpindi,Individual,,False,743,12,2022-10-26
CU00084,Zara Bajwa,F,1975-08-08,84741-2146505-2,Pakistani,0315-1234617,zara.bajwa542@gmail.com,Rawalpindi,Overseas Pakistani,PB-850582,True,1569,10,2023-08-01
CU00085,Arif Rizvi,M,1960-03-11,72221-7148229-3,Pakistani,0345-2800606,arif.rizvi186@gmail.com,Gujranwala,Individual,,False,2906,7,2024-02-17
CU00086,Waqar Iqbal,M,1978-04-13,78121-3280231-8,Pakistani,0321-5836389,waqar.iqbal571@gmail.com,Islamabad,Government,ISB-186243,True,2687,11,2024-10-08
CU00087,Asad Bhatti,M,1986-12-06,63383-5875279-7,Pakistani,0312-2167847,asad.bhatti917@gmail.com,Karachi,Corporate,SND-812120,True,3010,5,2023-01-03
CU00088,Raza Hashmi,M,1990-02-23,N/A,UAE,0301-3405308,raza.hashmi405@gmail.com,Islamabad,Individual,SND-828799,True,4837,2,2022-07-28
CU00089,Nadia Ahmed,F,1976-04-25,62990-3059607-4,Pakistani,0333-9373678,nadia.ahmed286@gmail.com,Gujranwala,Individual,,False,4767,8,2025-04-30
CU00090,Salman Rana,M,2002-04-23,73508-9580111-5,Pakistani,0311-8627505,salman.rana111@gmail.com,Lahore,Individual,,False,1000,6,2023-05-29
CU00091,Imran Rana,M,2002-04-10,75291-1448771-3,Pakistani,0333-6485409,imran.rana157@gmail.com,Islamabad,Individual,,False,2480,8,2025-06-27
CU00092,Arif Ahmed,M,1989-08-27,96781-9353359-8,Pakistani,0346-5390014,arif.ahmed556@gmail.com,Peshawar,Tourist,KPK-948802,True,4428,9,2025-01-24
CU00093,Arif Ali,M,1979-04-22,59327-8424860-8,Pakistani,0300-1551295,arif.ali182@gmail.com,Abbottabad,Individual,BLN-791442,True,2482,5,2025-12-17
CU00094,Hamza Malik,M,1974-01-06,74297-8882244-8,Pakistani,0346-3622462,hamza.malik519@gmail.com,Karachi,Individual,ISB-510396,True,2157,14,2024-10-10
CU00095,Zubair Gondal,M,1990-05-06,87393-1756962-3,Pakistani,0321-6853181,zubair.gondal829@gmail.com,Rawalpindi,Government,BLN-128206,True,2795,9,2024-02-19
CU00096,Shoaib Siddiqui,M,1978-06-24,50907-2425085-2,Pakistani,0320-2920509,shoaib.siddiqui346@gmail.com,Rawalpindi,Corporate,PB-120669,True,4410,12,2023-10-30
CU00097,Raza Ansari,M,1985-06-24,87068-1373065-6,Pakistani,0333-7548160,raza.ansari331@gmail.com,Lahore,Individual,,False,4690,13,2022-07-20
CU00098,Hina Javed,F,1990-04-14,N/A,UK,0315-6025126,hina.javed373@gmail.com,Islamabad,Individual,SND-311559,True,4071,6,2025-07-25
CU00099,Sara Rizvi,F,1969-08-08,39607-2542796-2,Pakistani,0315-6651204,sara.rizvi280@gmail.com,Rawalpindi,Individual,ISB-693943,True,4350,12,2024-08-31
CU00100,Shoaib Ahmed,M,1989-03-23,80772-6257190-4,Pakistani,0333-7749490,shoaib.ahmed258@gmail.com,Murree,Corporate,BLN-640403,True,3712,9,2025-10-07
CU00101,Nadia Khan,F,1988-02-29,96613-8839914-5,Pakistani,0346-8276689,nadia.khan958@gmail.com,Karachi,Overseas Pakistani,BLN-861911,True,490,10,2024-12-05
CU00102,Faisal Malik,M,1970-10-13,63773-6346113-2,Pakistani,0312-7919567,faisal.malik274@gmail.com,Islamabad,Corporate,,False,2351,5,2025-08-16
CU00103,Raza Gondal,M,1970-08-04,50703-8787307-8,Pakistani,0346-8317096,raza.gondal433@gmail.com,Lahore,Individual,ISB-311802,True,1305,7,2023-07-13
CU00104,Tariq Hussain,M,1989-07-18,73680-1334013-1,Pakistani,0301-6266448,tariq.hussain617@gmail.com,Lahore,Corporate,,False,2441,14,2022-05-11
CU00105,Mehwish Siddiqui,F,1990-02-16,84838-9392777-2,Pakistani,0346-9812402,mehwish.siddiqui258@gmail.com,Karachi,Individual,SND-194632,True,1950,14,2025-05-13
CU00106,Salman Mirza,M,1974-10-09,38574-3420581-2,Pakistani,0311-4592146,salman.mirza994@gmail.com,Murree,Tourist,,False,2249,9,2024-06-19
CU00107,Fahad Bajwa,M,1962-07-05,65545-8966730-4,Pakistani,0320-3431212,fahad.bajwa372@gmail.com,Lahore,Individual,SND-850435,True,3012,14,2023-09-24
CU00108,Sohail Ali,M,1997-09-29,98027-5021093-5,Pakistani,0346-7454030,sohail.ali317@gmail.com,Karachi,Tourist,,False,2972,10,2025-11-04
CU00109,Fahad Iqbal,M,1998-06-21,43493-6048065-2,Pakistani,0312-5989928,fahad.iqbal216@gmail.com,Lahore,Individual,,False,1312,10,2024-06-17
CU00110,Salman Farooq,M,1988-11-27,74447-8903600-7,Pakistani,0321-8086125,salman.farooq898@gmail.com,Lahore,Individual,,False,822,10,2022-11-25
CU00111,Asma Ahmed,F,1975-10-13,69409-1458871-1,Pakistani,0311-8439100,asma.ahmed811@gmail.com,Lahore,Tourist,,False,1114,7,2022-01-07
CU00112,Zain Raza,M,1974-01-27,95089-3182597-7,Pakistani,0321-8574743,zain.raza490@gmail.com,Karachi,Individual,PB-373342,True,1421,13,2025-11-08
CU00113,Kashif Raza,M,1968-11-28,84762-4766269-1,Pakistani,0300-4837070,kashif.raza929@gmail.com,Islamabad,Individual,,False,728,10,2024-08-05
CU00114,Kamran Butt,M,1962-03-26,58224-3854188-2,Pakistani,0300-9822092,kamran.butt446@gmail.com,Lahore,Individual,SND-967442,True,4048,11,2022-08-31
CU00115,Bilal Chaudhry,M,2002-06-09,60079-3184382-7,Pakistani,0312-4616607,bilal.chaudhry844@gmail.com,Nathiagali,Tourist,,False,2318,9,2026-01-28
CU00116,Mehwish Butt,F,1978-04-29,69110-5166084-6,Pakistani,0315-8686718,mehwish.butt88@gmail.com,Peshawar,Individual,ISB-591658,True,1091,13,2023-10-25
CU00117,Saima Raja,F,1969-07-08,22488-1985700-1,Pakistani,0321-4939985,saima.raja483@gmail.com,Karachi,Tourist,KPK-735829,True,4900,9,2025-12-24
CU00118,Ayesha Khan,F,1971-05-18,27332-1689962-3,Pakistani,0320-3849886,ayesha.khan516@gmail.com,Lahore,Individual,SND-455652,True,3834,7,2022-09-28
CU00119,Kamran Nawaz,M,1979-06-03,75432-5714408-6,Pakistani,0333-5746702,kamran.nawaz925@gmail.com,Islamabad,Individual,,False,2156,10,2025-06-09
CU00120,Zara Nawaz,F,1974-01-15,29826-8381800-1,Pakistani,0312-3493443,zara.nawaz56@gmail.com,Lahore,Individual,,False,1883,3,2023-01-11
CU00121,Tariq Butt,M,1991-09-01,56729-9140297-8,Pakistani,0345-2887283,tariq.butt867@gmail.com,Lahore,Individual,PB-229660,True,2863,6,2022-07-11
CU00122,Asad Butt,M,1997-06-14,96918-4563416-1,Pakistani,0346-4029442,asad.butt427@gmail.com,Islamabad,Corporate,ISB-358114,True,4080,12,2025-10-18
CU00123,Kashif Khan,M,1972-10-01,23902-6428072-3,Pakistani,0300-2360015,kashif.khan472@gmail.com,Karachi,Corporate,SND-576111,True,2206,10,2025-05-01
CU00124,Aisha Ali,F,1989-06-07,16380-5747180-6,Pakistani,0300-2186553,aisha.ali561@gmail.com,Karachi,Individual,BLN-499917,True,758,11,2024-03-27
CU00125,Imran Farooq,M,1998-10-28,62742-5780430-3,Pakistani,0301-6008781,imran.farooq503@gmail.com,Lahore,Individual,SND-871635,True,2540,12,2025-11-03
CU00126,Shoaib Raja,M,1964-04-23,60867-8993331-5,Pakistani,0315-8097946,shoaib.raja93@gmail.com,Murree,Corporate,SND-950389,True,3016,16,2025-06-11
CU00127,Zain Ansari,M,1964-03-02,94883-3601637-8,Pakistani,0346-9802632,zain.ansari86@gmail.com,Islamabad,Individual,KPK-590963,True,3582,10,2022-06-12
CU00128,Robia Raza,F,1966-08-31,78562-8176148-5,Pakistani,0315-1800747,robia.raza565@gmail.com,Gujranwala,Corporate,,False,626,7,2022-04-03
CU00129,Waqar Ansari,M,1978-07-11,56590-5275844-2,Pakistani,0346-1272943,waqar.ansari117@gmail.com,Islamabad,Corporate,,False,3791,8,2023-01-03
CU00130,Saima Ali,F,1963-09-26,69637-8548873-5,Pakistani,0321-4140556,saima.ali217@gmail.com,Lahore,Tourist,PB-182020,True,4948,9,2023-06-16
CU00131,Hina Ansari,F,1983-12-21,72537-8720254-7,Pakistani,0315-9165848,hina.ansari311@gmail.com,Islamabad,Individual,BLN-952631,True,2955,10,2025-11-15
CU00132,Saima Raza,F,1963-12-06,34670-1449886-4,Pakistani,0345-3435283,saima.raza666@gmail.com,Islamabad,Individual,,False,1980,6,2024-06-11
CU00133,Bushra Chaudhry,F,1963-11-11,25264-3786787-3,Pakistani,0345-9137735,bushra.chaudhry483@gmail.com,Rawalpindi,Individual,ISB-571351,True,4794,6,2023-05-12
CU00134,Adeel Qureshi,M,1962-04-14,74972-5878387-1,Pakistani,0345-7705523,adeel.qureshi498@gmail.com,Rawalpindi,Individual,,False,4205,11,2025-04-25
CU00135,Robia Iqbal,F,1992-01-15,18324-5493758-7,Pakistani,0345-2961940,robia.iqbal507@gmail.com,Islamabad,Individual,BLN-777568,True,2840,8,2024-07-07
CU00136,Fatima Butt,F,1972-12-01,38796-6690043-8,Pakistani,0311-5922335,fatima.butt741@gmail.com,Karachi,Individual,SND-537110,True,2951,3,2026-06-19
CU00137,Fahad Butt,M,1987-11-23,26920-3907342-4,Pakistani,0311-9257506,fahad.butt104@gmail.com,Islamabad,Corporate,SND-617708,True,2487,6,2023-04-26
CU00138,Ahmed Khan,M,1976-02-04,75991-1536367-2,Pakistani,0321-8224612,ahmed.khan117@gmail.com,Abbottabad,Individual,BLN-337701,True,988,9,2025-02-24
CU00139,Tariq Mirza,M,1995-03-17,29815-9646766-2,Pakistani,0300-8345513,tariq.mirza819@gmail.com,Rawalpindi,Individual,SND-982478,True,908,6,2022-08-05
CU00140,Laiba Sheikh,F,1996-12-11,36920-7067286-3,Pakistani,0320-8407441,laiba.sheikh781@gmail.com,Lahore,Corporate,BLN-622600,True,813,13,2022-11-12
CU00141,Kashif Malik,M,1965-07-07,10863-5115720-8,Pakistani,0321-5811005,kashif.malik518@gmail.com,Murree,Individual,,False,1402,10,2022-06-24
CU00142,Kamran Farooq,M,1978-08-13,79422-8075324-4,Pakistani,0311-8194453,kamran.farooq424@gmail.com,Rawalpindi,Corporate,,False,3353,7,2024-07-28
CU00143,Asma Raja,F,1976-03-24,77809-2167378-2,Pakistani,0321-6281544,asma.raja412@gmail.com,Faisalabad,Individual,,False,1346,15,2024-06-07
CU00144,Arif Ali,M,1989-08-12,92786-9720433-5,Pakistani,0333-7744488,arif.ali908@gmail.com,Multan,Individual,BLN-419105,True,2569,7,2023-12-06
CU00145,Tariq Nawaz,M,1987-05-19,81358-8417942-6,Pakistani,0333-4310073,tariq.nawaz903@gmail.com,Multan,Tourist,KPK-188374,True,302,12,2025-01-05
CU00146,Junaid Mehmood,M,1993-03-13,22166-9584425-9,Pakistani,0320-9746564,junaid.mehmood349@gmail.com,Abbottabad,Corporate,PB-124559,True,228,8,2026-06-20
CU00147,Tariq Iqbal,M,1997-05-01,17857-7257547-5,Pakistani,0346-6947075,tariq.iqbal127@gmail.com,Peshawar,Tourist,ISB-893310,True,1021,7,2024-07-08
CU00148,Junaid Khan,M,1980-04-29,92279-9947098-4,Pakistani,0321-6019770,junaid.khan292@gmail.com,Rawalpindi,Individual,BLN-805097,True,1146,13,2026-01-02
CU00149,Junaid Iqbal,M,1964-09-20,29209-8141928-7,Pakistani,0301-2547674,junaid.iqbal64@gmail.com,Rawalpindi,Corporate,SND-236381,True,3901,10,2023-03-16
CU00150,Shoaib Raja,M,1983-08-10,86585-9368933-7,Pakistani,0345-9213136,shoaib.raja750@gmail.com,Lahore,Corporate,,False,3415,7,2022-11-30
CU00151,Usman Hashmi,M,1991-11-25,25474-4567549-8,Pakistani,0345-1547061,usman.hashmi765@gmail.com,Lahore,Government,,False,1284,12,2025-02-18
CU00152,Hassan Gondal,M,1998-03-26,78521-3572022-2,Pakistani,0321-6115785,hassan.gondal384@gmail.com,Lahore,Individual,KPK-408261,True,3980,13,2022-02-27
CU00153,Sana Bajwa,F,1978-12-02,74067-1034993-2,Pakistani,0346-6849358,sana.bajwa70@gmail.com,Islamabad,Overseas Pakistani,ISB-537859,True,3941,16,2025-03-19
CU00154,Faisal Mirza,M,1995-01-18,28156-9468532-8,Pakistani,0345-8534223,faisal.mirza153@gmail.com,Lahore,Overseas Pakistani,KPK-193653,True,3355,12,2024-03-04
CU00155,Zubair Mirza,M,1984-04-07,94661-2485285-3,Pakistani,0300-6181610,zubair.mirza575@gmail.com,Islamabad,Corporate,,False,1014,12,2025-08-11
CU00156,Bilal Gondal,M,1984-04-21,72368-9432879-1,Pakistani,0301-9923120,bilal.gondal185@gmail.com,Karachi,Individual,ISB-388319,True,1685,13,2023-05-18
CU00157,Sumera Bhatti,F,1963-10-18,74418-1390292-6,Pakistani,0333-4028421,sumera.bhatti425@gmail.com,Peshawar,Corporate,ISB-653545,True,2599,13,2024-02-22
CU00158,Hassan Sheikh,M,1984-04-20,30214-6147152-7,Pakistani,0311-1988408,hassan.sheikh630@gmail.com,Islamabad,Individual,,False,2664,8,2023-01-07
CU00159,Ahmed Raza,M,1977-06-28,25855-1870370-4,Pakistani,0312-4967662,ahmed.raza505@gmail.com,Islamabad,Individual,BLN-888938,True,4132,11,2024-02-28
CU00160,Zara Ali,F,1974-04-12,93039-4921514-1,Pakistani,0320-2703045,zara.ali253@gmail.com,Lahore,Individual,BLN-783200,True,1028,10,2023-09-16
CU00161,Faisal Ahmed,M,1997-12-17,32044-5113127-9,Pakistani,0333-8578973,faisal.ahmed43@gmail.com,Karachi,Individual,ISB-952118,True,3806,6,2025-06-25
CU00162,Omar Khan,M,1962-09-12,99128-7377917-6,Pakistani,0312-9561890,omar.khan289@gmail.com,Multan,Individual,ISB-269257,True,4375,6,2025-02-27
CU00163,Ali Qureshi,M,1991-05-01,66618-4537478-9,Pakistani,0321-6748465,ali.qureshi651@gmail.com,Islamabad,Individual,,False,2141,5,2026-03-22
CU00164,Zara Iqbal,F,1989-09-15,53051-1266331-3,Pakistani,0300-8994829,zara.iqbal5@gmail.com,Gujranwala,Individual,,False,78,5,2025-10-09
CU00165,Nasir Javed,M,1991-07-19,95078-2300622-9,Pakistani,0300-8468826,nasir.javed689@gmail.com,Lahore,Individual,,False,1011,10,2023-12-24
CU00166,Saima Gondal,F,1976-01-21,N/A,Australia,0301-8762692,saima.gondal380@gmail.com,Lahore,Overseas Pakistani,,False,1580,8,2024-06-29
CU00167,Junaid Khan,M,1994-01-07,90405-6086491-4,Pakistani,0312-9284734,junaid.khan991@gmail.com,Rawalpindi,Overseas Pakistani,KPK-138583,True,2299,11,2024-10-06
CU00168,Laiba Chaudhry,F,1960-04-26,46352-9394071-8,Pakistani,0311-4250925,laiba.chaudhry676@gmail.com,Islamabad,Overseas Pakistani,BLN-804827,True,4939,9,2025-03-03
CU00169,Adeel Malik,M,1993-06-18,78561-5602459-4,Pakistani,0300-9941274,adeel.malik630@gmail.com,Islamabad,Individual,,False,2071,9,2025-10-26
CU00170,Faisal Khan,M,2002-01-26,N/A,Saudi,0321-8256954,faisal.khan865@gmail.com,Lahore,Corporate,SND-387347,True,997,8,2025-10-24
CU00171,Saad Siddiqui,M,1983-03-15,65058-9932362-8,Pakistani,0321-1086558,saad.siddiqui402@gmail.com,Peshawar,Overseas Pakistani,PB-450964,True,670,14,2025-03-17
CU00172,Rabia Javed,F,1979-01-04,50737-2054349-2,Pakistani,0300-9052500,rabia.javed443@gmail.com,Faisalabad,Overseas Pakistani,ISB-721313,True,2738,10,2023-05-28
CU00173,Saad Iqbal,M,1975-04-15,19556-8357303-2,Pakistani,0345-3094239,saad.iqbal88@gmail.com,Murree,Overseas Pakistani,,False,497,14,2022-03-10
CU00174,Fahad Javed,M,1962-12-01,90050-8245056-2,Pakistani,0301-1936000,fahad.javed573@gmail.com,Peshawar,Individual,ISB-409242,True,3124,10,2024-04-02
CU00175,Arif Ansari,M,1970-06-16,60321-8788136-7,Pakistani,0315-2699161,arif.ansari348@gmail.com,Nathiagali,Tourist,ISB-576133,True,4237,5,2023-11-04
CU00176,Hassan Sheikh,M,1960-07-20,26512-9537891-5,Pakistani,0321-8063325,hassan.sheikh493@gmail.com,Karachi,Individual,,False,3642,10,2023-01-16
CU00177,Salman Ali,M,1962-09-18,56890-6220872-9,Pakistani,0311-3473113,salman.ali481@gmail.com,Islamabad,Corporate,,False,2528,12,2025-05-20
CU00178,Shoaib Khan,M,1983-03-22,83328-1916158-7,Pakistani,0321-4278387,shoaib.khan206@gmail.com,Karachi,Corporate,PB-923408,True,560,10,2023-12-01
CU00179,Saad Javed,M,1991-01-13,84199-6631448-5,Pakistani,0333-6513312,saad.javed167@gmail.com,Gujranwala,Corporate,,False,858,12,2024-07-19
CU00180,Ayesha Hashmi,F,1969-11-03,N/A,Germany,0315-4575870,ayesha.hashmi245@gmail.com,Multan,Corporate,SND-870269,True,2715,5,2026-02-24
CU00181,Zubair Butt,M,1997-01-20,82704-2932555-3,Pakistani,0320-8388822,zubair.butt200@gmail.com,Gujranwala,Individual,BLN-902719,True,2948,11,2022-03-31
CU00182,Amna Chaudhry,F,1972-09-28,82680-5126595-3,Pakistani,0312-1360576,amna.chaudhry181@gmail.com,Islamabad,Overseas Pakistani,KPK-206105,True,171,10,2025-10-19
CU00183,Zain Sheikh,M,1975-03-07,58804-3874940-9,Pakistani,0315-8276581,zain.sheikh900@gmail.com,Multan,Individual,ISB-224249,True,1183,12,2022-09-25
CU00184,Amna Rizvi,F,1976-12-18,42053-1775026-4,Pakistani,0346-5935567,amna.rizvi809@gmail.com,Karachi,Individual,,False,1217,6,2023-11-03
CU00185,Zain Hussain,M,1999-02-25,37425-2365794-8,Pakistani,0315-2088389,zain.hussain172@gmail.com,Islamabad,Corporate,,False,4166,9,2024-03-05
CU00186,Asma Siddiqui,F,1982-05-13,73346-9301232-8,Pakistani,0320-7726758,asma.siddiqui654@gmail.com,Lahore,Individual,BLN-781298,True,299,7,2023-03-01
CU00187,Bilal Bhatti,M,1998-09-20,84890-3637534-6,Pakistani,0320-2422018,bilal.bhatti138@gmail.com,Islamabad,Individual,,False,688,10,2023-08-28
CU00188,Shoaib Iqbal,M,1986-03-12,71282-8256240-7,Pakistani,0321-9347387,shoaib.iqbal325@gmail.com,Islamabad,Corporate,KPK-500944,True,202,5,2023-01-03
CU00189,Tariq Rana,M,1963-05-28,94365-2311290-5,Pakistani,0312-2651030,tariq.rana122@gmail.com,Rawalpindi,Individual,ISB-477735,True,313,9,2025-01-23
CU00190,Bilal Raja,M,1974-10-08,N/A,France,0312-3312992,bilal.raja876@gmail.com,Rawalpindi,Tourist,,False,4449,6,2023-06-19
CU00191,Asad Raza,M,1996-11-19,95892-1199493-8,Pakistani,0346-3504521,asad.raza887@gmail.com,Rawalpindi,Government,,False,3256,7,2023-04-12
CU00192,Junaid Chaudhry,M,1981-04-13,70476-6715319-2,Pakistani,0321-4151542,junaid.chaudhry440@gmail.com,Islamabad,Corporate,,False,3421,3,2023-03-06
CU00193,Fahad Rizvi,M,1961-05-08,11268-9385256-6,Pakistani,0321-4783105,fahad.rizvi430@gmail.com,Lahore,Corporate,SND-819074,True,3304,7,2026-04-12
CU00194,Bushra Raza,F,1974-08-17,30144-6540684-7,Pakistani,0333-4425984,bushra.raza972@gmail.com,Karachi,Corporate,,False,3200,5,2022-05-11
CU00195,Bilal Hashmi,M,1964-11-14,22221-3876011-2,American Pakistani,0346-3980239,bilal.hashmi33@gmail.com,Rawalpindi,Government,,False,4942,6,2024-09-27
CU00196,Bilal Ahmed,M,2000-11-17,78733-2174060-8,Pakistani,0300-7184958,bilal.ahmed531@gmail.com,Faisalabad,Individual,ISB-280172,True,2676,5,2024-04-21
CU00197,Hassan Malik,M,1984-01-24,37063-3179901-4,Pakistani,0320-8251124,hassan.malik838@gmail.com,Lahore,Tourist,,False,3889,10,2022-11-22
CU00198,Asad Bajwa,M,1969-02-07,28702-8478135-2,Pakistani,0333-5141290,asad.bajwa539@gmail.com,Lahore,Corporate,KPK-696879,True,4021,12,2024-07-31
CU00199,Ahmed Mehmood,M,1964-02-01,48987-7561407-3,Pakistani,0333-5179788,ahmed.mehmood184@gmail.com,Rawalpindi,Overseas Pakistani,BLN-868862,True,3539,12,2024-07-26
CU00200,Raza Butt,M,1991-05-02,30700-5593203-9,Pakistani,0320-2119776,raza.butt715@gmail.com,Lahore,Individual,PB-617459,True,3369,10,2026-04-10
CU00201,Shoaib Ahmed,M,1993-11-19,31605-5240720-4,Pakistani,0346-1748853,shoaib.ahmed474@gmail.com,Islamabad,Tourist,ISB-176751,True,3783,16,2024-02-20
CU00202,Zubair Chaudhry,M,1977-10-17,70849-9132910-8,Pakistani,0301-2384936,zubair.chaudhry562@gmail.com,Islamabad,Individual,PB-848244,True,3585,9,2022-10-15
CU00203,Tariq Butt,M,1967-08-26,80078-7557366-3,Pakistani,0301-1188082,tariq.butt694@gmail.com,Murree,Corporate,KPK-260952,True,3609,6,2024-01-04
CU00204,Kamran Ali,M,2000-01-16,N/A,Australia,0346-2724585,kamran.ali400@gmail.com,Karachi,Individual,KPK-565553,True,429,6,2025-05-10
CU00205,Arif Qureshi,M,1994-05-30,12102-8074662-1,Pakistani,0300-6655878,arif.qureshi841@gmail.com,Islamabad,Individual,PB-812989,True,517,9,2023-03-28
CU00206,Hina Raja,F,1967-07-13,52879-6413664-9,Pakistani,0312-4474885,hina.raja957@gmail.com,Karachi,Individual,BLN-514254,True,3505,11,2022-09-05
CU00207,Hassan Siddiqui,M,1974-07-04,37887-8696982-4,Pakistani,0301-5671743,hassan.siddiqui666@gmail.com,Islamabad,Individual,BLN-486903,True,359,9,2022-05-18
CU00208,Mehwish Raza,F,1994-06-06,84606-3876606-5,Pakistani,0301-6441761,mehwish.raza647@gmail.com,Karachi,Government,,False,3183,5,2025-10-20
CU00209,Sana Mirza,F,1967-11-12,97342-9088805-2,Pakistani,0321-1296097,sana.mirza624@gmail.com,Karachi,Overseas Pakistani,,False,4792,9,2024-07-08
CU00210,Zain Mehmood,M,1970-06-05,90786-3081317-5,Pakistani,0312-8189001,zain.mehmood776@gmail.com,Lahore,Tourist,PB-749871,True,650,15,2022-05-03
CU00211,Saad Raza,M,1969-01-22,88390-8444490-6,Pakistani,0311-5666187,saad.raza326@gmail.com,Islamabad,Individual,ISB-646174,True,3398,11,2025-08-20
CU00212,Fatima Iqbal,F,1997-12-28,97163-5166421-4,Pakistani,0315-7400271,fatima.iqbal534@gmail.com,Karachi,Individual,KPK-292461,True,3623,8,2025-07-13
CU00213,Fahad Hashmi,M,1963-02-20,26457-2539467-3,Pakistani,0315-4428815,fahad.hashmi242@gmail.com,Faisalabad,Individual,,False,4156,12,2022-06-10
CU00214,Faisal Raza,M,1967-05-13,49728-5787427-8,Pakistani,0312-5561067,faisal.raza884@gmail.com,Karachi,Individual,SND-183902,True,2945,10,2024-03-26
CU00215,Saad Bhatti,M,1978-12-17,73176-1332374-7,Pakistani,0333-2396415,saad.bhatti778@gmail.com,Lahore,Tourist,,False,2459,7,2025-05-03
CU00216,Nasir Mehmood,M,1967-11-18,83681-9067229-2,Pakistani,0321-3292713,nasir.mehmood733@gmail.com,Rawalpindi,Individual,SND-305222,True,1267,7,2023-01-24
CU00217,Fahad Nawaz,M,1992-10-05,58908-7443078-8,Pakistani,0320-2195114,fahad.nawaz419@gmail.com,Karachi,Individual,,False,318,10,2022-09-12
CU00218,Adeel Butt,M,1968-09-17,74044-7177044-1,Pakistani,0333-8114216,adeel.butt754@gmail.com,Peshawar,Government,PB-354125,True,3913,12,2022-03-12
CU00219,Noor Rana,F,1991-09-11,89355-8641531-3,Canadian Pakistani,0320-5150931,noor.rana617@gmail.com,Karachi,Corporate,BLN-794791,True,1322,6,2022-01-26
CU00220,Ali Rana,M,1991-12-03,20531-9699607-4,Pakistani,0333-3782058,ali.rana850@gmail.com,Multan,Individual,,False,3496,5,2023-06-02
CU00221,Asma Rizvi,F,1989-07-15,21648-2833314-6,Pakistani,0311-5513429,asma.rizvi767@gmail.com,Abbottabad,Corporate,,False,1716,11,2026-03-13
CU00222,Asad Khan,M,1967-07-22,64767-9807400-7,Pakistani,0320-8230134,asad.khan175@gmail.com,Murree,Individual,,False,1445,13,2024-02-07
CU00223,Usman Chaudhry,M,1981-10-27,37862-4114489-4,Pakistani,0300-4065690,usman.chaudhry829@gmail.com,Islamabad,Government,PB-371950,True,3348,9,2024-06-21
CU00224,Sohail Sheikh,M,1998-12-14,46275-2078144-6,Pakistani,0300-4938956,sohail.sheikh490@gmail.com,Karachi,Individual,SND-805486,True,825,8,2022-01-20
CU00225,Arif Khan,M,1989-11-04,10951-7302626-9,Pakistani,0320-9152488,arif.khan485@gmail.com,Karachi,Government,KPK-733729,True,3518,8,2023-11-21
CU00226,Kashif Mirza,M,1996-08-22,17502-6973179-6,Pakistani,0301-1051752,kashif.mirza468@gmail.com,Islamabad,Individual,SND-860448,True,1137,7,2022-02-22
CU00227,Fahad Nawaz,M,1972-07-14,91048-8972523-9,Pakistani,0333-4153025,fahad.nawaz4@gmail.com,Faisalabad,Tourist,KPK-117438,True,2950,9,2022-04-04
CU00228,Aisha Raja,F,1979-12-06,55656-8179243-8,Pakistani,0301-7456854,aisha.raja301@gmail.com,Islamabad,Individual,,False,4973,8,2023-02-04
CU00229,Asma Bajwa,F,1995-03-17,21415-6055785-9,Pakistani,0345-3819458,asma.bajwa918@gmail.com,Nathiagali,Corporate,SND-221297,True,3949,11,2025-09-19
CU00230,Imran Chaudhry,M,1967-08-24,13830-3688301-6,Pakistani,0333-5703624,imran.chaudhry226@gmail.com,Peshawar,Corporate,KPK-798281,True,3901,15,2025-10-05
CU00231,Usman Rizvi,M,1988-06-02,N/A,Germany,0312-2084932,usman.rizvi660@gmail.com,Karachi,Individual,KPK-495323,True,3126,6,2025-09-01
CU00232,Nasir Ansari,M,1996-04-06,21683-6708243-4,Pakistani,0301-7169603,nasir.ansari131@gmail.com,Islamabad,Individual,KPK-498663,True,4726,11,2026-02-18
CU00233,Ahmed Bajwa,M,1984-01-10,57844-3119085-9,Pakistani,0315-4726916,ahmed.bajwa110@gmail.com,Islamabad,Individual,SND-109634,True,4409,15,2024-08-01
CU00234,Rizwan Raza,M,1997-07-21,29119-1576194-6,Pakistani,0320-9428504,rizwan.raza706@gmail.com,Islamabad,Corporate,ISB-386735,True,4701,11,2024-09-06
CU00235,Bilal Hashmi,M,1973-01-27,37605-4776077-1,Pakistani,0311-9178970,bilal.hashmi745@gmail.com,Karachi,Individual,SND-413630,True,1304,11,2022-02-14
CU00236,Kashif Ansari,M,1990-05-29,79185-5748621-5,Pakistani,0312-7606405,kashif.ansari100@gmail.com,Lahore,Individual,PB-439128,True,4754,13,2022-04-21
CU00237,Maryam Bhatti,F,1989-05-13,N/A,Australia,0311-4519295,maryam.bhatti224@gmail.com,Islamabad,Individual,PB-871037,True,74,11,2024-01-12
CU00238,Sumera Sheikh,F,1990-06-05,65982-3822312-1,Pakistani,0301-6965707,sumera.sheikh998@gmail.com,Peshawar,Overseas Pakistani,,False,3881,6,2023-01-03
CU00239,Hina Nawaz,F,1989-02-28,62952-5110434-1,Pakistani,0301-5040883,hina.nawaz407@gmail.com,Rawalpindi,Individual,SND-417393,True,4883,10,2022-12-20
CU00240,Saima Farooq,F,1991-01-12,95237-7410589-5,Pakistani,0345-7162658,saima.farooq12@gmail.com,Quetta,Corporate,,False,983,9,2022-08-27
CU00241,Saad Rana,M,1989-12-31,85055-9044647-5,Pakistani,0301-4038296,saad.rana394@gmail.com,Multan,Individual,SND-775908,True,3552,10,2023-09-04
CU00242,Hassan Mirza,M,1962-11-06,12588-7606809-9,Pakistani,0346-9893395,hassan.mirza501@gmail.com,Karachi,Overseas Pakistani,ISB-644107,True,4790,4,2025-01-08
CU00243,Hina Farooq,F,1993-10-10,88525-4018851-1,Pakistani,0346-8503322,hina.farooq820@gmail.com,Islamabad,Corporate,KPK-229022,True,320,9,2022-09-21
CU00244,Zain Butt,M,1963-12-09,26346-9491759-5,Pakistani,0321-3879023,zain.butt434@gmail.com,Lahore,Overseas Pakistani,ISB-360400,True,2462,4,2022-04-05
CU00245,Asma Raza,F,1989-07-26,78506-6907545-9,Pakistani,0346-4520522,asma.raza705@gmail.com,Lahore,Individual,,False,811,9,2025-09-19
CU00246,Rabia Ali,F,1968-06-08,88924-4624549-6,Pakistani,0320-3155739,rabia.ali747@gmail.com,Islamabad,Overseas Pakistani,,False,3457,8,2022-06-02
CU00247,Tariq Qureshi,M,1989-02-22,98673-8136077-3,Pakistani,0346-4418574,tariq.qureshi73@gmail.com,Multan,Individual,,False,2206,5,2025-07-20
CU00248,Amna Javed,F,1976-09-10,65009-3575158-6,Pakistani,0333-7357590,amna.javed27@gmail.com,Lahore,Corporate,BLN-359520,True,635,8,2023-07-08
CU00249,Hassan Raja,M,1984-08-06,53714-5584424-3,Pakistani,0312-5591031,hassan.raja11@gmail.com,Lahore,Individual,ISB-495476,True,1820,15,2024-02-15
CU00250,Hina Butt,F,1983-08-13,55731-5731119-9,Pakistani,0320-2662054,hina.butt919@gmail.com,Karachi,Individual,ISB-279041,True,2605,7,2026-03-20
CU00251,Shoaib Mehmood,M,1990-05-28,62776-9000414-3,Pakistani,0320-1159341,shoaib.mehmood704@gmail.com,Faisalabad,Corporate,,False,4207,13,2025-12-31
CU00252,Usman Malik,M,1976-12-28,42651-8016965-8,American Pakistani,0311-8364526,usman.malik363@gmail.com,Lahore,Individual,,False,3839,8,2024-10-25
CU00253,Hamza Nawaz,M,2002-03-29,21395-6128149-7,Pakistani,0321-2512308,hamza.nawaz650@gmail.com,Karachi,Overseas Pakistani,ISB-180418,True,1966,6,2022-07-11
CU00254,Ahmed Ahmed,M,1993-05-07,65572-9534273-3,Pakistani,0345-9351785,ahmed.ahmed528@gmail.com,Rawalpindi,Overseas Pakistani,,False,4361,11,2025-11-30
CU00255,Muhammad Gondal,M,1968-07-12,55227-5097436-9,Pakistani,0315-1710615,muhammad.gondal622@gmail.com,Multan,Tourist,,False,3675,8,2022-12-12
CU00256,Asma Iqbal,F,1967-11-04,16672-8092102-8,Pakistani,0333-3860246,asma.iqbal383@gmail.com,Islamabad,Overseas Pakistani,ISB-454375,True,2046,5,2025-01-09
CU00257,Hina Raza,F,1973-06-02,84559-7603872-4,Pakistani,0320-9649141,hina.raza846@gmail.com,Lahore,Individual,,False,290,8,2024-08-06
CU00258,Robia Ali,F,1975-12-16,10675-6867356-3,Pakistani,0333-6948065,robia.ali10@gmail.com,Islamabad,Individual,ISB-551730,True,4030,9,2023-02-09
CU00259,Waqar Malik,M,1978-06-04,42785-4793248-8,Pakistani,0333-7279870,waqar.malik307@gmail.com,Islamabad,Individual,,False,2985,12,2024-05-27
CU00260,Bushra Hussain,F,1964-11-15,56365-8280643-1,Pakistani,0321-4329683,bushra.hussain114@gmail.com,Gujranwala,Corporate,PB-398739,True,329,6,2022-10-01
CU00261,Junaid Mirza,M,2000-05-31,44838-2993004-7,Pakistani,0345-9314244,junaid.mirza820@gmail.com,Islamabad,Corporate,,False,1043,11,2023-10-28
CU00262,Saima Nawaz,F,1992-07-25,24139-1354875-3,Pakistani,0311-6773384,saima.nawaz513@gmail.com,Multan,Overseas Pakistani,ISB-904661,True,1937,8,2022-04-17
CU00263,Aisha Ansari,F,1986-10-13,20828-8196619-4,Pakistani,0315-3558453,aisha.ansari747@gmail.com,Karachi,Individual,BLN-295937,True,2043,15,2023-07-30
CU00264,Zara Javed,F,1971-02-04,23508-9427765-3,Pakistani,0312-3495209,zara.javed235@gmail.com,Karachi,Individual,,False,986,10,2022-09-28
CU00265,Tariq Chaudhry,M,2001-09-04,16678-7381258-7,Pakistani,0346-6141309,tariq.chaudhry717@gmail.com,Islamabad,Individual,PB-332548,True,2753,9,2024-05-22
CU00266,Waqar Ansari,M,1988-11-18,56009-8014121-4,Pakistani,0321-1797863,waqar.ansari187@gmail.com,Islamabad,Individual,ISB-100561,True,427,11,2025-09-14
CU00267,Amna Raza,F,1981-03-05,74393-7099881-6,Pakistani,0320-2871139,amna.raza100@gmail.com,Rawalpindi,Corporate,ISB-816137,True,4520,10,2026-04-27
CU00268,Aisha Siddiqui,F,1993-04-02,58705-4997208-5,Pakistani,0312-7443279,aisha.siddiqui90@gmail.com,Murree,Tourist,ISB-236823,True,4930,15,2022-09-04
CU00269,Zain Chaudhry,M,1968-08-26,91134-6752873-5,Pakistani,0345-4388982,zain.chaudhry547@gmail.com,Karachi,Overseas Pakistani,,False,1258,7,2022-03-31
CU00270,Hamza Rizvi,M,1991-12-02,57973-8524283-2,Pakistani,0333-2135960,hamza.rizvi495@gmail.com,Rawalpindi,Overseas Pakistani,,False,3432,14,2024-12-08
CU00271,Asma Khan,F,1967-06-28,84209-2019943-4,Pakistani,0333-9305156,asma.khan702@gmail.com,Karachi,Corporate,BLN-638430,True,614,8,2022-12-05
CU00272,Waqar Qureshi,M,1985-03-25,10471-3684405-4,Pakistani,0315-1148668,waqar.qureshi901@gmail.com,Peshawar,Individual,BLN-577564,True,4127,13,2025-12-20
CU00273,Zara Raza,F,1998-03-28,39350-1765250-9,Pakistani,0312-5896318,zara.raza41@gmail.com,Islamabad,Tourist,PB-391248,True,1089,7,2023-07-08
CU00274,Ayesha Rana,F,1971-03-03,55542-7192640-6,Pakistani,0301-5429825,ayesha.rana740@gmail.com,Gujranwala,Individual,PB-528178,True,2415,8,2023-10-27
CU00275,Fatima Siddiqui,F,1969-11-01,80436-2785812-7,Pakistani,0320-4458774,fatima.siddiqui837@gmail.com,Karachi,Individual,,False,3622,5,2023-03-28
CU00276,Bilal Bajwa,M,1988-04-01,66872-7184753-3,Pakistani,0345-2571875,bilal.bajwa508@gmail.com,Peshawar,Tourist,PB-581705,True,1515,12,2022-12-27
CU00277,Saad Mehmood,M,1968-02-03,61668-4151566-2,Pakistani,0311-2208776,saad.mehmood437@gmail.com,Karachi,Individual,,False,2009,12,2024-07-20
CU00278,Saima Sheikh,F,1992-06-28,59528-7442292-1,Pakistani,0301-1227365,saima.sheikh782@gmail.com,Lahore,Tourist,ISB-238599,True,2034,13,2026-04-27
CU00279,Usman Rana,M,1986-11-24,54353-2425479-4,Pakistani,0311-9060201,usman.rana778@gmail.com,Islamabad,Government,BLN-565909,True,1336,13,2023-09-22
CU00280,Usman Iqbal,M,1962-07-04,15836-2724954-9,Pakistani,0320-2720773,usman.iqbal524@gmail.com,Lahore,Individual,SND-248724,True,9,8,2023-04-05
CU00281,Hamza Qureshi,M,1966-08-11,N/A,France,0301-9251380,hamza.qureshi174@gmail.com,Rawalpindi,Individual,ISB-335428,True,833,11,2023-08-01
CU00282,Sohail Mirza,M,1965-04-23,89233-3535087-3,Pakistani,0333-9899988,sohail.mirza343@gmail.com,Rawalpindi,Overseas Pakistani,,False,4912,6,2023-01-07
CU00283,Sana Raja,F,1990-10-28,45532-9376038-6,Pakistani,0320-2281267,sana.raja808@gmail.com,Rawalpindi,Tourist,,False,17,10,2022-11-01
CU00284,Sana Mirza,F,1966-08-18,24832-8171473-5,Pakistani,0311-2517449,sana.mirza331@gmail.com,Lahore,Tourist,,False,1044,2,2023-01-08
CU00285,Noor Mirza,F,1982-03-03,93440-6594616-3,Pakistani,0312-7428781,noor.mirza429@gmail.com,Lahore,Corporate,BLN-621249,True,4413,7,2024-12-29
CU00286,Nasir Iqbal,M,1977-04-02,38748-2463815-4,Pakistani,0321-1048085,nasir.iqbal209@gmail.com,Islamabad,Tourist,ISB-480002,True,4574,10,2024-08-28
CU00287,Hina Ali,F,2000-11-17,28892-8064499-4,Pakistani,0312-4767947,hina.ali58@gmail.com,Rawalpindi,Overseas Pakistani,PB-222930,True,1172,10,2024-02-13
CU00288,Mehwish Siddiqui,F,1962-06-05,87847-3653705-1,Pakistani,0311-7127781,mehwish.siddiqui145@gmail.com,Karachi,Corporate,ISB-356949,True,631,9,2022-01-26
CU00289,Rizwan Ansari,M,1966-09-18,49257-8888386-7,Pakistani,0321-8448641,rizwan.ansari801@gmail.com,Peshawar,Individual,,False,108,10,2023-08-11
CU00290,Ahmed Rana,M,1961-06-10,65524-8621830-9,Pakistani,0320-9420022,ahmed.rana314@gmail.com,Karachi,Individual,PB-544250,True,1284,10,2023-07-11
CU00291,Asma Qureshi,F,2002-08-30,61418-4081870-9,Pakistani,0315-2295356,asma.qureshi837@gmail.com,Islamabad,Individual,SND-600607,True,2565,8,2025-08-29
CU00292,Rizwan Qureshi,M,1967-05-24,24208-2751542-2,Pakistani,0321-6628280,rizwan.qureshi29@gmail.com,Islamabad,Individual,PB-395915,True,1333,6,2025-01-14
CU00293,Bilal Gondal,M,1960-06-28,14242-5032154-5,Pakistani,0301-1752869,bilal.gondal578@gmail.com,Peshawar,Individual,SND-147899,True,393,10,2023-10-07
CU00294,Asad Khan,M,1975-12-31,61202-6969959-3,Pakistani,0301-6558596,asad.khan418@gmail.com,Peshawar,Government,BLN-205909,True,4113,6,2026-05-07
CU00295,Adeel Qureshi,M,1981-05-24,99440-8769633-2,Pakistani,0301-4885101,adeel.qureshi906@gmail.com,Karachi,Overseas Pakistani,PB-946699,True,1153,6,2026-04-24
CU00296,Asma Nawaz,F,1992-09-08,27196-6687823-5,Pakistani,0321-8229326,asma.nawaz41@gmail.com,Karachi,Corporate,SND-350725,True,1710,12,2025-06-04
CU00297,Usman Bajwa,M,1988-02-28,50572-2462431-8,Pakistani,0301-8630409,usman.bajwa322@gmail.com,Quetta,Individual,PB-409967,True,1322,13,2022-05-20
CU00298,Shoaib Siddiqui,M,1964-01-01,72031-5295408-8,Pakistani,0311-3079808,shoaib.siddiqui996@gmail.com,Islamabad,Tourist,BLN-611976,True,324,6,2024-01-15
CU00299,Saima Ansari,F,1998-06-11,91871-6262096-6,Pakistani,0301-7932248,saima.ansari519@gmail.com,Karachi,Corporate,SND-375594,True,349,7,2025-06-25
CU00300,Ayesha Mehmood,F,1995-06-19,23801-5876475-7,Pakistani,0311-7698813,ayesha.mehmood875@gmail.com,Islamabad,Overseas Pakistani,ISB-333886,True,3180,4,2024-08-04
CU00301,Noor Bhatti,F,1981-01-05,33628-2817783-7,Pakistani,0333-4346568,noor.bhatti412@gmail.com,Karachi,Overseas Pakistani,KPK-167603,True,2599,11,2023-12-03
CU00302,Robia Chaudhry,F,1991-07-03,30413-8884747-3,Pakistani,0312-6371840,robia.chaudhry582@gmail.com,Karachi,Individual,ISB-730275,True,3115,5,2022-05-08
CU00303,Noor Ansari,F,1981-03-27,99610-8095426-5,Pakistani,0320-3954562,noor.ansari86@gmail.com,Islamabad,Individual,,False,1161,14,2022-05-22
CU00304,Ali Raza,M,1999-03-12,44006-4088321-1,Pakistani,0301-8189612,ali.raza351@gmail.com,Karachi,Overseas Pakistani,KPK-272525,True,1626,6,2023-12-17
CU00305,Robia Hashmi,F,1984-01-08,N/A,Australia,0315-7528651,robia.hashmi843@gmail.com,Karachi,Individual,ISB-688155,True,4891,5,2023-02-11
CU00306,Raza Bajwa,M,1987-08-27,70117-3474414-8,Pakistani,0321-2906007,raza.bajwa812@gmail.com,Islamabad,Corporate,SND-375568,True,4265,17,2026-01-19
CU00307,Faisal Malik,M,1988-06-14,34596-8049385-9,Pakistani,0311-7334348,faisal.malik222@gmail.com,Lahore,Government,KPK-319952,True,1565,3,2025-10-23
CU00308,Muhammad Siddiqui,M,1996-07-02,26350-9374022-8,Pakistani,0333-7885148,muhammad.siddiqui361@gmail.com,Rawalpindi,Individual,KPK-968415,True,4443,6,2024-05-22
CU00309,Arif Mirza,M,1965-01-31,87973-3728933-9,Pakistani,0333-7401570,arif.mirza292@gmail.com,Multan,Individual,SND-764909,True,2320,7,2025-12-08
CU00310,Fahad Sheikh,M,1963-12-06,N/A,Saudi,0333-2739382,fahad.sheikh509@gmail.com,Peshawar,Individual,BLN-671194,True,816,7,2025-07-21
CU00311,Adeel Ali,M,1989-12-13,82297-7393458-2,Pakistani,0312-8878148,adeel.ali974@gmail.com,Rawalpindi,Individual,,False,1019,7,2023-12-20
CU00312,Uzma Ansari,F,2000-09-23,59105-4757032-9,Pakistani,0320-5489736,uzma.ansari901@gmail.com,Murree,Tourist,KPK-422328,True,3397,11,2025-10-10
CU00313,Hamza Ali,M,1960-09-11,88636-6326278-6,Pakistani,0311-8214533,hamza.ali248@gmail.com,Islamabad,Tourist,,False,4552,9,2024-03-12
CU00314,Zain Qureshi,M,1997-03-01,93397-7550021-3,Pakistani,0333-6337250,zain.qureshi530@gmail.com,Islamabad,Overseas Pakistani,PB-558648,True,1892,7,2022-07-23
CU00315,Sana Nawaz,F,1965-04-23,82470-3668469-6,British Pakistani,0312-2564549,sana.nawaz96@gmail.com,Karachi,Tourist,,False,210,7,2024-06-14
CU00316,Arif Bajwa,M,1966-11-12,13314-3190232-8,Pakistani,0321-4129876,arif.bajwa246@gmail.com,Islamabad,Tourist,PB-411345,True,1587,14,2025-01-01
CU00317,Saima Farooq,F,1971-09-07,93674-2735086-2,Pakistani,0345-3058301,saima.farooq110@gmail.com,Karachi,Individual,PB-396183,True,2146,7,2023-01-05
CU00318,Saad Siddiqui,M,2000-12-09,64230-2234399-8,Pakistani,0301-4528180,saad.siddiqui704@gmail.com,Murree,Individual,,False,3439,7,2024-02-08
CU00319,Uzma Butt,F,1968-01-24,N/A,UAE,0315-1527651,uzma.butt121@gmail.com,Rawalpindi,Overseas Pakistani,KPK-463629,True,3964,9,2025-06-11
CU00320,Muhammad Butt,M,1983-05-28,80248-1386516-9,Pakistani,0346-3555942,muhammad.butt222@gmail.com,Karachi,Overseas Pakistani,KPK-220364,True,1777,14,2022-03-02
CU00321,Imran Ahmed,M,1992-08-23,22054-6847755-9,Pakistani,0320-8835693,imran.ahmed764@gmail.com,Karachi,Individual,SND-557244,True,4199,14,2024-03-30
CU00322,Zara Butt,F,1968-11-16,23486-6227531-3,Pakistani,0312-9184459,zara.butt444@gmail.com,Karachi,Overseas Pakistani,,False,3654,7,2024-05-17
CU00323,Tariq Mirza,M,1987-12-10,59015-2078208-8,Pakistani,0311-1566398,tariq.mirza982@gmail.com,Islamabad,Individual,BLN-365356,True,4807,12,2024-04-19
CU00324,Rizwan Rana,M,2002-08-18,52294-8203915-3,Pakistani,0321-5115755,rizwan.rana75@gmail.com,Faisalabad,Individual,PB-788866,True,3044,5,2024-02-01
CU00325,Kashif Sheikh,M,1960-06-06,84379-6394902-4,Pakistani,0346-2111241,kashif.sheikh395@gmail.com,Rawalpindi,Individual,KPK-731035,True,1738,13,2024-12-15
CU00326,Nasir Hussain,M,1992-02-17,N/A,UK,0333-8301537,nasir.hussain326@gmail.com,Karachi,Overseas Pakistani,KPK-307775,True,1614,10,2022-04-12
CU00327,Robia Ali,F,1972-04-23,87485-7423283-4,Pakistani,0315-1356829,robia.ali292@gmail.com,Lahore,Individual,ISB-774933,True,4716,5,2022-01-10
CU00328,Maryam Malik,F,1997-10-02,15127-6660462-1,Pakistani,0301-8883502,maryam.malik98@gmail.com,Faisalabad,Individual,,False,3400,14,2026-01-21
CU00329,Kashif Farooq,M,1975-07-06,16169-7598940-5,Pakistani,0345-9276815,kashif.farooq870@gmail.com,Lahore,Corporate,ISB-984028,True,3063,5,2025-06-19
CU00330,Imran Ali,M,1997-01-10,67105-4797376-3,Pakistani,0301-4207127,imran.ali742@gmail.com,Islamabad,Individual,,False,3021,6,2025-01-05
CU00331,Ayesha Hussain,F,1999-08-16,53165-7367900-5,Pakistani,0311-3311285,ayesha.hussain598@gmail.com,Peshawar,Individual,SND-225725,True,1034,10,2023-10-16
CU00332,Sumera Ansari,F,1988-07-27,72642-9222577-5,Pakistani,0321-9098468,sumera.ansari232@gmail.com,Lahore,Individual,ISB-376626,True,2426,6,2025-12-27
CU00333,Nasir Iqbal,M,1989-07-31,N/A,Germany,0345-2011111,nasir.iqbal218@gmail.com,Karachi,Overseas Pakistani,ISB-803069,True,1770,7,2024-08-16
CU00334,Amna Hashmi,F,1964-09-08,51072-6231562-8,Pakistani,0311-9464296,amna.hashmi109@gmail.com,Rawalpindi,Tourist,PB-329412,True,2978,7,2024-02-29
CU00335,Laiba Nawaz,F,1969-02-08,99950-6153067-2,Pakistani,0311-8733526,laiba.nawaz898@gmail.com,Peshawar,Individual,ISB-881216,True,902,8,2023-05-08
CU00336,Faisal Butt,M,1971-12-19,25509-2410406-6,Pakistani,0333-4557877,faisal.butt155@gmail.com,Islamabad,Corporate,SND-626584,True,3529,6,2024-11-06
CU00337,Faisal Hussain,M,1976-08-02,34831-7756052-3,Pakistani,0315-5629265,faisal.hussain543@gmail.com,Islamabad,Corporate,BLN-617594,True,4248,9,2024-06-06
CU00338,Ahmed Rana,M,1971-03-02,85396-5465729-4,Pakistani,0301-9927688,ahmed.rana104@gmail.com,Faisalabad,Individual,,False,2256,12,2023-04-09
CU00339,Saima Qureshi,F,1977-08-16,N/A,Germany,0312-3869392,saima.qureshi805@gmail.com,Islamabad,Tourist,PB-464519,True,2359,8,2025-12-16
CU00340,Junaid Khan,M,1964-03-24,50019-5003370-3,Pakistani,0321-2165255,junaid.khan171@gmail.com,Islamabad,Overseas Pakistani,PB-448290,True,3729,9,2022-10-18
CU00341,Robia Ansari,F,1974-12-26,11275-6907989-8,Pakistani,0315-1016885,robia.ansari501@gmail.com,Islamabad,Government,PB-595523,True,896,8,2022-04-03
CU00342,Sumera Raja,F,1973-01-14,22308-2677595-5,Pakistani,0321-8593642,sumera.raja503@gmail.com,Murree,Corporate,,False,2873,8,2025-01-22
CU00343,Saad Hussain,M,1976-05-04,77873-9126125-2,Pakistani,0320-9712557,saad.hussain746@gmail.com,Lahore,Overseas Pakistani,,False,169,6,2022-10-30
CU00344,Rabia Raja,F,1966-05-09,66455-7030065-4,Pakistani,0301-4252130,rabia.raja943@gmail.com,Rawalpindi,Individual,,False,3094,7,2025-08-01
CU00345,Tariq Rana,M,1990-06-13,99006-6852648-6,Pakistani,0333-8001036,tariq.rana968@gmail.com,Lahore,Overseas Pakistani,KPK-424348,True,1561,9,2022-03-26
CU00346,Kamran Mirza,M,1997-06-02,55481-5838692-2,Pakistani,0300-9370606,kamran.mirza950@gmail.com,Karachi,Individual,PB-588969,True,1230,13,2024-12-07
CU00347,Laiba Rizvi,F,1989-10-19,12043-8614476-1,Pakistani,0312-5748242,laiba.rizvi846@gmail.com,Islamabad,Individual,,False,4858,7,2022-09-10
CU00348,Asad Khan,M,1979-04-21,55903-5752407-9,Pakistani,0346-3601089,asad.khan977@gmail.com,Rawalpindi,Overseas Pakistani,ISB-847841,True,2217,8,2022-10-20
CU00349,Amna Ansari,F,1986-04-02,56482-5172971-7,Pakistani,0333-7696015,amna.ansari991@gmail.com,Multan,Individual,ISB-373951,True,2474,8,2025-05-07
CU00350,Adeel Ansari,M,1990-06-15,36149-5194647-3,Pakistani,0333-4347443,adeel.ansari309@gmail.com,Abbottabad,Tourist,,False,2498,18,2022-06-25
CU00351,Zain Bhatti,M,1984-06-25,79018-8413874-6,Pakistani,0346-6998844,zain.bhatti480@gmail.com,Islamabad,Tourist,KPK-548443,True,3821,13,2024-05-11
CU00352,Uzma Khan,F,2000-12-07,28426-6073262-4,Pakistani,0315-9593404,uzma.khan383@gmail.com,Lahore,Government,PB-751050,True,4450,18,2025-03-04
CU00353,Ayesha Farooq,F,1997-11-28,77896-8721222-1,Pakistani,0301-1917592,ayesha.farooq277@gmail.com,Lahore,Individual,ISB-449682,True,4868,11,2022-07-19
CU00354,Sumera Hashmi,F,1990-12-23,16949-4440410-9,Pakistani,0311-9309833,sumera.hashmi140@gmail.com,Rawalpindi,Individual,PB-808502,True,1267,9,2023-09-09
CU00355,Junaid Khan,M,1996-02-20,30056-3030620-9,Pakistani,0301-5147429,junaid.khan210@gmail.com,Lahore,Corporate,ISB-596754,True,201,11,2024-11-01
CU00356,Ahmed Sheikh,M,1973-06-14,81659-5366631-8,Pakistani,0315-3066894,ahmed.sheikh443@gmail.com,Lahore,Government,,False,1198,11,2025-07-26
CU00357,Usman Mehmood,M,1989-06-28,N/A,Australia,0345-9060889,usman.mehmood297@gmail.com,Islamabad,Corporate,KPK-799961,True,819,9,2025-04-20
CU00358,Raza Hussain,M,1977-07-19,65683-3485821-1,Pakistani,0320-8668568,raza.hussain124@gmail.com,Lahore,Tourist,BLN-508346,True,90,10,2025-04-03
CU00359,Zain Rana,M,2000-01-25,71329-8689839-5,Pakistani,0300-3656077,zain.rana367@gmail.com,Karachi,Individual,,False,4101,10,2024-10-27
CU00360,Kamran Nawaz,M,1977-07-09,83812-6692359-8,Pakistani,0311-5669772,kamran.nawaz804@gmail.com,Lahore,Individual,KPK-513064,True,558,9,2025-08-14
CU00361,Saad Gondal,M,1989-07-23,78869-5349090-3,Pakistani,0321-6840068,saad.gondal599@gmail.com,Islamabad,Tourist,,False,3307,8,2022-05-19
CU00362,Fahad Mehmood,M,1967-02-20,72444-6430103-4,Pakistani,0312-2768852,fahad.mehmood922@gmail.com,Islamabad,Corporate,,False,1425,12,2026-01-31
CU00363,Mehwish Ahmed,F,1962-10-11,59063-1494247-3,Pakistani,0321-2806251,mehwish.ahmed716@gmail.com,Karachi,Individual,SND-495972,True,1091,10,2025-07-29
CU00364,Bilal Chaudhry,M,1971-04-29,31245-8282368-9,Pakistani,0312-2443147,bilal.chaudhry597@gmail.com,Lahore,Corporate,ISB-759675,True,788,9,2023-02-21
CU00365,Usman Khan,M,1976-02-17,99438-9860962-8,Pakistani,0312-4480849,usman.khan585@gmail.com,Peshawar,Corporate,SND-625179,True,2884,3,2024-01-01
CU00366,Nasir Malik,M,1995-12-16,84599-2311035-3,Pakistani,0346-6003418,nasir.malik104@gmail.com,Islamabad,Individual,,False,966,9,2024-10-18
CU00367,Sohail Rizvi,M,1974-11-04,42949-7550268-6,Pakistani,0301-3648501,sohail.rizvi992@gmail.com,Islamabad,Overseas Pakistani,,False,2359,5,2022-06-03
CU00368,Imran Nawaz,M,2001-10-18,24532-8901711-5,Pakistani,0300-1541480,imran.nawaz347@gmail.com,Karachi,Individual,SND-373553,True,1642,6,2023-11-17
CU00369,Ayesha Malik,F,1969-02-28,N/A,UAE,0300-4953000,ayesha.malik506@gmail.com,Lahore,Tourist,,False,597,11,2025-02-28
CU00370,Ayesha Siddiqui,F,1963-03-05,82276-9032452-3,Pakistani,0320-1700297,ayesha.siddiqui107@gmail.com,Faisalabad,Corporate,,False,291,12,2024-10-14
CU00371,Zain Siddiqui,M,1979-05-10,17255-1442143-4,Pakistani,0346-7365080,zain.siddiqui699@gmail.com,Lahore,Tourist,ISB-679334,True,3949,10,2022-04-17
CU00372,Zubair Javed,M,1965-08-13,25465-7169127-6,Pakistani,0312-6756692,zubair.javed448@gmail.com,Lahore,Individual,ISB-349739,True,1900,7,2022-07-08
CU00373,Imran Ansari,M,1993-07-12,11952-5193002-1,Pakistani,0301-1950506,imran.ansari130@gmail.com,Peshawar,Tourist,SND-289365,True,2315,6,2022-03-31
CU00374,Sohail Rana,M,1999-12-10,96190-3053134-2,Pakistani,0301-5197640,sohail.rana961@gmail.com,Islamabad,Individual,BLN-315860,True,4054,8,2025-12-15
CU00375,Noor Iqbal,F,1979-11-23,95674-5097093-9,Pakistani,0320-6349565,noor.iqbal715@gmail.com,Karachi,Government,BLN-627900,True,855,12,2022-04-21
CU00376,Hamza Javed,M,2002-08-22,78287-4867751-5,Pakistani,0346-4536127,hamza.javed126@gmail.com,Karachi,Individual,,False,3050,5,2026-01-24
CU00377,Sana Ali,F,1970-07-18,12790-9370278-1,Pakistani,0320-5663517,sana.ali603@gmail.com,Karachi,Corporate,,False,3147,12,2023-09-08
CU00378,Sara Ali,F,1972-07-08,60418-8449415-1,Pakistani,0312-4451578,sara.ali389@gmail.com,Nathiagali,Individual,,False,1510,9,2025-09-13
CU00379,Ahmed Raja,M,1973-09-08,54068-5404568-4,Pakistani,0300-6720097,ahmed.raja744@gmail.com,Islamabad,Tourist,,False,3555,4,2024-05-25
CU00380,Ayesha Sheikh,F,1984-10-26,N/A,USA,0346-8776282,ayesha.sheikh435@gmail.com,Lahore,Tourist,BLN-854157,True,4655,7,2026-04-24
CU00381,Omar Qureshi,M,1980-12-17,46791-5603547-2,Pakistani,0312-5963118,omar.qureshi346@gmail.com,Karachi,Overseas Pakistani,,False,4678,11,2024-03-19
CU00382,Tariq Siddiqui,M,1972-01-21,50225-6385308-5,Pakistani,0311-8445874,tariq.siddiqui474@gmail.com,Karachi,Tourist,ISB-561278,True,72,7,2024-08-13
CU00383,Shoaib Hashmi,M,1988-08-09,20426-5637988-9,Pakistani,0321-2074471,shoaib.hashmi452@gmail.com,Murree,Individual,PB-370539,True,2262,14,2023-06-16
CU00384,Sana Iqbal,F,1988-04-10,N/A,Saudi,0301-1645952,sana.iqbal189@gmail.com,Islamabad,Overseas Pakistani,BLN-561697,True,4750,7,2023-10-12
CU00385,Kamran Iqbal,M,1962-09-23,56312-1750496-4,Pakistani,0321-2831459,kamran.iqbal80@gmail.com,Faisalabad,Government,BLN-565371,True,927,8,2024-11-12
CU00386,Bilal Mirza,M,1985-08-01,65898-5749368-3,Pakistani,0300-6478441,bilal.mirza622@gmail.com,Lahore,Overseas Pakistani,KPK-451258,True,3343,6,2025-08-28
CU00387,Asad Gondal,M,1961-05-25,13346-2782278-4,Pakistani,0321-9569737,asad.gondal733@gmail.com,Islamabad,Individual,,False,4163,5,2026-05-24
CU00388,Shoaib Chaudhry,M,1976-12-28,95093-2316088-2,Pakistani,0312-9447259,shoaib.chaudhry589@gmail.com,Murree,Individual,BLN-869603,True,3424,7,2025-01-08
CU00389,Asma Ali,F,1987-03-26,35562-5916819-4,Pakistani,0321-5078093,asma.ali819@gmail.com,Lahore,Corporate,KPK-342106,True,3734,9,2023-10-07
CU00390,Hina Javed,F,1970-10-24,56135-9483289-2,Pakistani,0321-9122764,hina.javed620@gmail.com,Lahore,Government,PB-570777,True,3431,12,2023-04-16
CU00391,Rizwan Malik,M,2001-07-10,97281-3317607-5,Pakistani,0320-6730623,rizwan.malik322@gmail.com,Lahore,Tourist,ISB-185465,True,3346,11,2024-05-12
CU00392,Usman Bajwa,M,1982-03-02,12033-3797952-2,Pakistani,0333-5418718,usman.bajwa784@gmail.com,Karachi,Tourist,,False,4543,9,2025-12-27
CU00393,Hina Malik,F,1999-01-01,N/A,Germany,0301-3220930,hina.malik528@gmail.com,Islamabad,Individual,BLN-506967,True,3459,9,2023-12-27
CU00394,Kamran Rizvi,M,1970-10-30,90822-2808110-1,Pakistani,0301-6955200,kamran.rizvi973@gmail.com,Karachi,Individual,SND-528736,True,3684,17,2026-02-25
CU00395,Maryam Farooq,F,1981-05-26,76764-2405754-3,Pakistani,0300-7205454,maryam.farooq691@gmail.com,Karachi,Tourist,,False,3715,10,2024-02-16
CU00396,Omar Nawaz,M,1992-05-29,74656-6722997-1,Pakistani,0315-9685189,omar.nawaz919@gmail.com,Karachi,Government,BLN-707993,True,4163,10,2024-05-23
CU00397,Zubair Mirza,M,1993-12-20,46471-6274209-2,Pakistani,0321-5777999,zubair.mirza170@gmail.com,Islamabad,Individual,ISB-401825,True,2243,7,2024-09-23
CU00398,Omar Raza,M,2002-02-16,97350-5674614-3,Pakistani,0301-4470251,omar.raza566@gmail.com,Multan,Government,,False,4167,11,2026-03-26
CU00399,Sohail Ali,M,1999-12-14,13378-7199861-4,Pakistani,0320-8155525,sohail.ali750@gmail.com,Lahore,Tourist,SND-646196,True,1033,10,2024-07-18
CU00400,Hassan Javed,M,1991-09-07,21385-3295425-5,Pakistani,0301-6934456,hassan.javed823@gmail.com,Multan,Individual,ISB-880431,True,1822,7,2026-01-29
CU00401,Omar Nawaz,M,1975-01-16,19710-6281634-1,Pakistani,0333-2685083,omar.nawaz955@gmail.com,Rawalpindi,Corporate,BLN-432951,True,1559,14,2025-02-17
CU00402,Ayesha Rana,F,1988-02-20,38863-4282937-5,Pakistani,0345-3540625,ayesha.rana497@gmail.com,Islamabad,Individual,,False,1532,8,2026-02-11
CU00403,Usman Chaudhry,M,1988-06-22,18816-9232431-9,Pakistani,0315-4498837,usman.chaudhry728@gmail.com,Abbottabad,Government,PB-140698,True,3425,7,2025-11-09
CU00404,Zubair Rana,M,1986-03-11,33601-6034852-4,Pakistani,0320-9137955,zubair.rana502@gmail.com,Islamabad,Individual,SND-726882,True,2925,11,2025-01-17
CU00405,Hassan Iqbal,M,1965-01-15,68611-6459256-4,Pakistani,0333-2943123,hassan.iqbal181@gmail.com,Faisalabad,Overseas Pakistani,SND-434397,True,930,4,2023-12-13
CU00406,Sana Farooq,F,1999-07-28,40783-1485910-5,Pakistani,0320-9514225,sana.farooq221@gmail.com,Lahore,Tourist,SND-163756,True,4606,10,2026-04-30
CU00407,Raza Mirza,M,1978-06-12,17160-5501616-8,Pakistani,0312-6701595,raza.mirza652@gmail.com,Lahore,Individual,ISB-423496,True,3667,9,2024-04-19
CU00408,Omar Rizvi,M,1969-04-01,26936-1334200-1,Pakistani,0333-2514189,omar.rizvi800@gmail.com,Peshawar,Individual,KPK-469833,True,4529,8,2022-05-10
CU00409,Asma Chaudhry,F,1976-03-29,40059-5868538-3,Pakistani,0321-6561682,asma.chaudhry424@gmail.com,Lahore,Government,PB-679811,True,2037,7,2022-01-28
CU00410,Muhammad Farooq,M,2002-03-07,47105-6057767-1,Pakistani,0312-5149152,muhammad.farooq35@gmail.com,Lahore,Corporate,KPK-886343,True,1012,10,2026-05-25
CU00411,Zubair Malik,M,1996-09-14,76127-7968920-1,Pakistani,0300-3547579,zubair.malik98@gmail.com,Karachi,Individual,BLN-931122,True,3204,9,2023-02-02
CU00412,Maryam Mirza,F,1979-01-26,23065-5433714-8,Pakistani,0333-5886173,maryam.mirza440@gmail.com,Lahore,Individual,ISB-333049,True,3328,11,2025-02-22
CU00413,Asad Javed,M,1983-12-02,58855-2817044-8,Pakistani,0312-1417616,asad.javed407@gmail.com,Lahore,Individual,,False,1901,10,2024-07-04
CU00414,Adeel Sheikh,M,1988-10-31,22502-3839639-4,British Pakistani,0345-5193784,adeel.sheikh86@gmail.com,Rawalpindi,Individual,,False,1157,9,2024-04-05
CU00415,Saad Nawaz,M,1992-06-07,43033-7909840-5,Pakistani,0321-3526849,saad.nawaz38@gmail.com,Murree,Tourist,,False,2633,8,2025-11-12
CU00416,Hamza Khan,M,1972-01-11,51027-4955049-6,Pakistani,0345-9103333,hamza.khan527@gmail.com,Karachi,Tourist,BLN-875615,True,667,13,2022-08-04
CU00417,Ali Qureshi,M,1965-09-16,67357-2906975-1,Pakistani,0333-9307817,ali.qureshi175@gmail.com,Peshawar,Individual,BLN-610859,True,1145,7,2026-03-14
CU00418,Mehwish Qureshi,F,1960-05-31,98694-5548431-9,Pakistani,0321-7234947,mehwish.qureshi578@gmail.com,Rawalpindi,Individual,,False,1359,4,2022-10-17
CU00419,Raza Chaudhry,M,1996-01-05,71880-8765840-4,Pakistani,0321-3270615,raza.chaudhry169@gmail.com,Karachi,Tourist,BLN-849817,True,3881,17,2022-01-21
CU00420,Omar Malik,M,1981-02-07,36118-2574505-9,Pakistani,0345-6553847,omar.malik97@gmail.com,Islamabad,Government,,False,500,7,2025-07-03
CU00421,Omar Ahmed,M,1975-09-20,35249-5606698-5,Pakistani,0333-6129639,omar.ahmed377@gmail.com,Karachi,Overseas Pakistani,BLN-904246,True,3303,7,2023-06-06
CU00422,Zain Raja,M,1969-02-01,44463-2716680-3,Pakistani,0346-7424776,zain.raja339@gmail.com,Islamabad,Individual,BLN-909478,True,4851,10,2025-05-23
CU00423,Salman Mehmood,M,1999-01-31,40386-4631318-2,Pakistani,0315-3457722,salman.mehmood147@gmail.com,Karachi,Overseas Pakistani,PB-598560,True,2,9,2023-10-25
CU00424,Ahmed Malik,M,1982-12-14,75585-2967908-4,Pakistani,0346-7597584,ahmed.malik387@gmail.com,Peshawar,Individual,SND-840551,True,3886,8,2023-12-29
CU00425,Waqar Mirza,M,1983-10-21,93069-5659649-3,Pakistani,0333-8409604,waqar.mirza502@gmail.com,Islamabad,Corporate,,False,2052,8,2025-11-04
CU00426,Hamza Rana,M,1975-08-14,55349-8114847-4,Pakistani,0315-4204180,hamza.rana392@gmail.com,Islamabad,Overseas Pakistani,,False,3065,10,2023-01-02
CU00427,Fatima Chaudhry,F,1979-10-31,22334-7188568-5,Pakistani,0346-1218011,fatima.chaudhry622@gmail.com,Rawalpindi,Individual,KPK-135156,True,2252,11,2025-08-07
CU00428,Ahmed Javed,M,1991-08-04,71709-8624921-8,Pakistani,0311-8943146,ahmed.javed768@gmail.com,Rawalpindi,Corporate,,False,4469,8,2022-08-01
CU00429,Muhammad Gondal,M,2000-02-11,27255-2389566-7,Pakistani,0301-1940329,muhammad.gondal455@gmail.com,Karachi,Tourist,,False,510,13,2023-10-06
CU00430,Nasir Hussain,M,1998-03-30,98079-6309658-3,Pakistani,0315-7144765,nasir.hussain529@gmail.com,Islamabad,Corporate,ISB-796773,True,3302,12,2024-05-02
CU00431,Ayesha Ahmed,F,1968-08-27,68117-1746727-5,Pakistani,0315-4333354,ayesha.ahmed706@gmail.com,Murree,Corporate,BLN-529131,True,1416,7,2025-07-25
CU00432,Fatima Raza,F,1972-04-12,21284-8767941-2,Pakistani,0301-2519373,fatima.raza187@gmail.com,Lahore,Individual,ISB-294677,True,2600,14,2025-04-25
CU00433,Muhammad Farooq,M,1967-08-06,42339-6163730-4,Pakistani,0311-6209108,muhammad.farooq55@gmail.com,Peshawar,Individual,SND-840204,True,2351,12,2022-12-31
CU00434,Adeel Mirza,M,1978-07-27,48657-5351239-8,Pakistani,0320-2550417,adeel.mirza502@gmail.com,Islamabad,Individual,KPK-706806,True,2978,9,2023-12-16
CU00435,Asma Bhatti,F,1997-03-17,86706-7470648-3,Pakistani,0346-4534335,asma.bhatti720@gmail.com,Karachi,Overseas Pakistani,,False,3554,3,2023-12-12
CU00436,Raza Raza,M,1969-04-21,45251-2522658-9,Pakistani,0312-5332109,raza.raza224@gmail.com,Rawalpindi,Government,,False,3831,5,2023-06-19
CU00437,Hassan Nawaz,M,1989-07-13,58795-7340280-1,Pakistani,0321-2755114,hassan.nawaz645@gmail.com,Karachi,Individual,KPK-108281,True,1300,9,2024-05-13
CU00438,Kashif Rana,M,2000-07-03,81667-4123258-1,Pakistani,0345-8657887,kashif.rana608@gmail.com,Islamabad,Overseas Pakistani,BLN-828234,True,3563,7,2026-02-05
CU00439,Rizwan Iqbal,M,1971-05-01,49344-1673252-4,Pakistani,0346-2809511,rizwan.iqbal432@gmail.com,Karachi,Corporate,SND-911673,True,2206,12,2025-03-28
CU00440,Muhammad Butt,M,1982-12-22,78692-4329642-3,Pakistani,0311-6589281,muhammad.butt808@gmail.com,Islamabad,Individual,,False,440,15,2022-07-05
CU00441,Arif Malik,M,1995-12-14,29331-4362263-3,Pakistani,0320-6159442,arif.malik83@gmail.com,Rawalpindi,Individual,PB-347656,True,1665,10,2024-06-13
CU00442,Imran Malik,M,1990-09-18,55182-2676269-8,Pakistani,0346-7611016,imran.malik716@gmail.com,Lahore,Tourist,PB-595248,True,3082,8,2024-08-07
CU00443,Hina Qureshi,F,1965-10-06,47118-8123479-7,Pakistani,0346-2202201,hina.qureshi356@gmail.com,Rawalpindi,Overseas Pakistani,,False,4000,1,2025-10-03
CU00444,Sumera Khan,F,1969-12-11,54544-9413034-1,Pakistani,0315-7680364,sumera.khan937@gmail.com,Abbottabad,Individual,ISB-776936,True,1884,9,2022-10-10
CU00445,Ahmed Chaudhry,M,1973-07-17,N/A,Saudi,0311-5780904,ahmed.chaudhry319@gmail.com,Lahore,Individual,SND-808074,True,3937,13,2022-03-13
CU00446,Hamza Butt,M,1967-05-03,20831-6809729-2,Pakistani,0333-1205092,hamza.butt165@gmail.com,Lahore,Corporate,KPK-234993,True,4707,3,2024-11-04
CU00447,Faisal Khan,M,1981-10-21,49708-8130001-5,Pakistani,0301-8554276,faisal.khan515@gmail.com,Karachi,Corporate,,False,3054,13,2026-05-19
CU00448,Kashif Rizvi,M,1976-05-13,60262-2342330-3,Pakistani,0300-6655862,kashif.rizvi971@gmail.com,Islamabad,Individual,BLN-370361,True,1618,9,2024-11-20
CU00449,Uzma Ansari,F,1962-03-06,16563-7195765-5,Pakistani,0333-6661668,uzma.ansari692@gmail.com,Lahore,Individual,KPK-904083,True,192,6,2025-01-16
CU00450,Asad Siddiqui,M,1978-09-16,24638-6993567-1,American Pakistani,0346-7647377,asad.siddiqui255@gmail.com,Islamabad,Individual,PB-188129,True,4382,13,2022-07-13
CU00451,Usman Rana,M,1982-02-18,41994-9783858-8,Pakistani,0300-2284063,usman.rana335@gmail.com,Lahore,Individual,,False,3053,9,2022-03-20
CU00452,Junaid Rana,M,1996-06-11,93458-6066483-7,Pakistani,0333-1375532,junaid.rana189@gmail.com,Abbottabad,Individual,KPK-856646,True,649,5,2024-06-06
CU00453,Amna Bajwa,F,1971-09-15,41949-1819251-6,Pakistani,0315-8934254,amna.bajwa221@gmail.com,Quetta,Corporate,,False,3579,10,2023-07-17
CU00454,Nadia Hussain,F,1982-07-01,45740-1084742-7,Pakistani,0312-1314051,nadia.hussain801@gmail.com,Karachi,Corporate,SND-789137,True,1063,10,2023-07-17
CU00455,Sohail Rana,M,1974-04-09,90135-5829008-8,Pakistani,0315-8059261,sohail.rana651@gmail.com,Islamabad,Individual,BLN-444721,True,4435,10,2024-03-07
CU00456,Nasir Khan,M,1975-05-20,75401-4533909-9,Pakistani,0311-7544141,nasir.khan262@gmail.com,Rawalpindi,Individual,SND-133833,True,4680,7,2022-06-10
CU00457,Nasir Siddiqui,M,1963-09-23,51331-8574899-8,Pakistani,0300-3615576,nasir.siddiqui640@gmail.com,Islamabad,Government,BLN-274833,True,2880,4,2025-03-02
CU00458,Arif Khan,M,1993-09-14,59189-3209515-7,Pakistani,0315-3071885,arif.khan100@gmail.com,Gujranwala,Corporate,,False,3241,10,2023-03-24
CU00459,Hassan Bajwa,M,1972-12-23,56140-4653282-7,Pakistani,0315-5678825,hassan.bajwa328@gmail.com,Islamabad,Individual,KPK-760891,True,865,6,2025-09-22
CU00460,Aisha Nawaz,F,1984-01-10,70806-5803038-8,Pakistani,0311-3980080,aisha.nawaz410@gmail.com,Lahore,Individual,KPK-103499,True,4363,8,2023-11-16
CU00461,Nadia Raja,F,2000-09-11,63778-4168795-1,Pakistani,0315-4761327,nadia.raja142@gmail.com,Islamabad,Corporate,,False,4994,7,2025-06-23
CU00462,Ali Gondal,M,1985-08-05,31818-8917395-2,Pakistani,0321-1381170,ali.gondal761@gmail.com,Karachi,Government,BLN-928249,True,3189,10,2025-02-04
CU00463,Bilal Butt,M,1980-07-14,36186-6414413-3,Pakistani,0320-2087378,bilal.butt916@gmail.com,Rawalpindi,Overseas Pakistani,ISB-317062,True,4731,15,2024-08-02
CU00464,Raza Gondal,M,1979-11-25,24569-6557607-3,Pakistani,0312-8754634,raza.gondal740@gmail.com,Gujranwala,Tourist,ISB-107217,True,264,14,2025-10-28
CU00465,Asma Hashmi,F,1998-09-03,80430-3029740-9,Pakistani,0300-8357163,asma.hashmi493@gmail.com,Lahore,Tourist,,False,489,6,2023-08-23
CU00466,Ayesha Siddiqui,F,1977-12-01,N/A,Saudi,0301-2738505,ayesha.siddiqui150@gmail.com,Karachi,Corporate,KPK-894758,True,4749,13,2026-03-24
CU00467,Nadia Siddiqui,F,1978-07-09,37536-5437702-2,Pakistani,0321-2242680,nadia.siddiqui470@gmail.com,Karachi,Individual,,False,4026,7,2026-03-22
CU00468,Tariq Mirza,M,1973-03-31,84479-5618750-1,Pakistani,0311-3483430,tariq.mirza535@gmail.com,Karachi,Individual,,False,2362,12,2022-02-23
CU00469,Shoaib Bajwa,M,1976-04-08,49943-8973956-8,Pakistani,0320-3591094,shoaib.bajwa762@gmail.com,Karachi,Individual,PB-253643,True,4976,12,2023-08-22
CU00470,Zara Rana,F,1970-03-23,11581-5352365-6,Pakistani,0346-9670766,zara.rana416@gmail.com,Islamabad,Individual,SND-748502,True,1395,9,2023-12-06
CU00471,Adeel Nawaz,M,1974-02-05,78843-9087498-3,Pakistani,0345-7373200,adeel.nawaz15@gmail.com,Lahore,Individual,ISB-458997,True,1841,7,2023-09-26
CU00472,Usman Hussain,M,1987-04-20,N/A,Saudi,0345-8706139,usman.hussain584@gmail.com,Peshawar,Tourist,ISB-980779,True,4293,7,2023-04-13
CU00473,Noor Raja,F,1961-06-22,45582-9971681-9,Pakistani,0301-1939101,noor.raja458@gmail.com,Lahore,Individual,BLN-648351,True,2031,10,2023-05-17
CU00474,Junaid Butt,M,1990-12-09,69777-3976792-1,Pakistani,0315-5458768,junaid.butt566@gmail.com,Multan,Overseas Pakistani,,False,2273,12,2022-07-07
CU00475,Sara Malik,F,1983-06-10,86188-9007468-8,Pakistani,0301-1857027,sara.malik327@gmail.com,Rawalpindi,Individual,ISB-305967,True,3918,6,2022-08-27
CU00476,Saad Chaudhry,M,1964-06-24,11258-8210103-2,Pakistani,0345-4268180,saad.chaudhry604@gmail.com,Lahore,Individual,BLN-892244,True,3737,10,2022-01-02
CU00477,Hamza Gondal,M,1972-02-22,47192-6027079-5,Pakistani,0346-5177895,hamza.gondal350@gmail.com,Lahore,Individual,KPK-810769,True,4597,12,2024-10-27
CU00478,Faisal Sheikh,M,1993-12-09,76787-8893786-8,Pakistani,0311-3999685,faisal.sheikh68@gmail.com,Faisalabad,Individual,,False,3539,6,2025-10-10
CU00479,Fahad Bhatti,M,1975-05-12,24249-4889005-4,Pakistani,0320-9418465,fahad.bhatti313@gmail.com,Karachi,Corporate,KPK-903650,True,4345,9,2024-08-24
CU00480,Asad Gondal,M,1969-06-07,61935-3881944-3,Pakistani,0315-3636248,asad.gondal334@gmail.com,Karachi,Individual,BLN-596789,True,4876,4,2026-06-04
CU00481,Junaid Hussain,M,1970-04-05,50138-6598928-6,Pakistani,0321-8544846,junaid.hussain316@gmail.com,Multan,Individual,SND-690648,True,3223,10,2026-04-11
CU00482,Arif Qureshi,M,1962-06-25,45940-1326813-4,Pakistani,0312-5293781,arif.qureshi302@gmail.com,Faisalabad,Individual,,False,3059,8,2022-02-18
CU00483,Salman Qureshi,M,1974-08-11,67685-5596336-2,Pakistani,0301-5079175,salman.qureshi165@gmail.com,Lahore,Tourist,KPK-857962,True,3929,12,2026-01-17
CU00484,Ahmed Farooq,M,1989-07-30,89522-7291774-1,Pakistani,0301-1941446,ahmed.farooq655@gmail.com,Lahore,Government,KPK-389455,True,4406,5,2024-01-27
CU00485,Asad Sheikh,M,1981-03-01,64234-3546321-3,Pakistani,0315-6013965,asad.sheikh588@gmail.com,Islamabad,Tourist,,False,1638,10,2025-02-24
CU00486,Imran Mirza,M,1985-09-09,48196-1366612-3,Pakistani,0301-6267395,imran.mirza981@gmail.com,Lahore,Corporate,KPK-910237,True,3652,9,2026-03-11
CU00487,Nadia Mirza,F,1981-01-03,43951-5284192-1,Pakistani,0311-2999683,nadia.mirza658@gmail.com,Islamabad,Individual,SND-548088,True,3246,0,2024-09-23
CU00488,Asma Ali,F,2000-12-14,14205-9459266-6,Pakistani,0346-9254549,asma.ali290@gmail.com,Gujranwala,Individual,BLN-449964,True,549,14,2026-02-13
CU00489,Ali Rizvi,M,1995-01-06,21498-8859233-4,Pakistani,0301-8230086,ali.rizvi838@gmail.com,Islamabad,Individual,,False,2268,10,2024-08-11
CU00490,Junaid Malik,M,1989-03-05,79168-8254420-1,Pakistani,0333-5929377,junaid.malik7@gmail.com,Rawalpindi,Individual,BLN-968454,True,3194,10,2022-02-08
CU00491,Kashif Ansari,M,1966-10-01,N/A,USA,0346-8679826,kashif.ansari670@gmail.com,Rawalpindi,Individual,,False,1641,8,2026-04-26
CU00492,Noor Javed,F,1998-11-25,33800-2692762-1,Pakistani,0346-1661904,noor.javed799@gmail.com,Karachi,Individual,PB-666310,True,2855,10,2022-05-22
CU00493,Kashif Iqbal,M,1989-07-10,40537-4644612-6,Pakistani,0300-3303715,kashif.iqbal899@gmail.com,Islamabad,Individual,,False,3601,12,2022-09-10
CU00494,Saima Khan,F,1979-11-30,68564-8357595-7,Pakistani,0312-4449936,saima.khan790@gmail.com,Nathiagali,Overseas Pakistani,SND-718887,True,1021,6,2022-07-10
CU00495,Asma Bajwa,F,1992-07-01,74108-7012792-6,Pakistani,0333-4204131,asma.bajwa216@gmail.com,Lahore,Individual,ISB-938641,True,4152,12,2024-01-07
CU00496,Waqar Sheikh,M,2002-05-21,23115-6950561-6,Pakistani,0320-2095646,waqar.sheikh445@gmail.com,Lahore,Individual,KPK-340500,True,691,7,2025-08-25
CU00497,Zubair Hashmi,M,1960-09-16,15946-3361155-4,Canadian Pakistani,0311-1155591,zubair.hashmi132@gmail.com,Faisalabad,Individual,,False,4248,5,2022-11-15
CU00498,Saad Farooq,M,1961-09-30,N/A,UAE,0315-7960470,saad.farooq844@gmail.com,Islamabad,Tourist,PB-539604,True,1412,8,2022-12-24
CU00499,Sana Mehmood,F,1996-04-22,13929-9347594-4,Pakistani,0320-7772195,sana.mehmood641@gmail.com,Murree,Individual,,False,3057,4,2023-06-28
CU00500,Muhammad Khan,M,1974-11-15,16094-7325627-9,Pakistani,0311-3653695,muhammad.khan103@gmail.com,Islamabad,Individual,,False,122,7,2023-12-16
CU00501,Sara Ansari,F,1962-12-22,80349-8388951-3,Pakistani,0315-1012106,sara.ansari319@gmail.com,Islamabad,Individual,,False,3901,10,2024-08-19
CU00502,Zara Malik,F,1974-06-26,22635-9015983-8,Pakistani,0315-4293151,zara.malik129@gmail.com,Karachi,Individual,PB-639737,True,1063,12,2022-10-20
CU00503,Ali Mehmood,M,1964-04-02,39651-5205556-3,Pakistani,0320-6513425,ali.mehmood728@gmail.com,Karachi,Individual,SND-800822,True,4839,15,2024-11-30
CU00504,Tariq Farooq,M,2000-05-07,N/A,UAE,0300-7459731,tariq.farooq648@gmail.com,Islamabad,Individual,ISB-932773,True,1621,7,2023-01-09
CU00505,Zain Ali,M,1997-06-21,73016-9117569-6,Pakistani,0312-7805792,zain.ali463@gmail.com,Peshawar,Individual,PB-575207,True,2152,12,2025-01-22
CU00506,Junaid Hussain,M,1989-05-27,34421-5282961-6,Pakistani,0345-8655712,junaid.hussain680@gmail.com,Peshawar,Overseas Pakistani,,False,790,9,2025-09-30
CU00507,Asma Hussain,F,1962-10-31,26544-2586848-4,Pakistani,0345-2864568,asma.hussain124@gmail.com,Peshawar,Individual,,False,4509,6,2025-12-30
CU00508,Fahad Siddiqui,M,1973-10-09,76155-4063727-7,Pakistani,0346-4269510,fahad.siddiqui146@gmail.com,Lahore,Corporate,,False,1817,17,2026-05-09
CU00509,Junaid Mehmood,M,1975-11-16,78818-1788448-9,Pakistani,0321-4865865,junaid.mehmood711@gmail.com,Lahore,Tourist,,False,4348,10,2022-12-08
CU00510,Hassan Raja,M,1967-06-06,29929-8113803-4,Pakistani,0320-1820610,hassan.raja983@gmail.com,Karachi,Overseas Pakistani,,False,3283,7,2023-08-31
CU00511,Waqar Ansari,M,2000-02-03,42942-6227870-4,Pakistani,0315-2120966,waqar.ansari61@gmail.com,Lahore,Individual,SND-247118,True,1177,12,2024-09-11
CU00512,Rabia Qureshi,F,1995-04-09,55928-2183324-4,Pakistani,0320-3356197,rabia.qureshi915@gmail.com,Islamabad,Individual,SND-229469,True,4799,12,2025-10-08
CU00513,Faisal Malik,M,1990-02-25,50784-9795303-2,American Pakistani,0315-8903903,faisal.malik238@gmail.com,Rawalpindi,Individual,SND-413337,True,1022,7,2025-01-13
CU00514,Uzma Malik,F,1963-02-27,15370-7400536-5,Pakistani,0301-8827002,uzma.malik437@gmail.com,Abbottabad,Tourist,,False,4792,11,2022-12-11
CU00515,Robia Farooq,F,1973-01-21,57520-5048217-8,Pakistani,0333-8074517,robia.farooq59@gmail.com,Islamabad,Individual,,False,861,11,2026-04-26
CU00516,Junaid Mehmood,M,1972-05-16,42931-6983783-2,Pakistani,0300-2696696,junaid.mehmood731@gmail.com,Multan,Corporate,SND-354535,True,4798,6,2024-10-10
CU00517,Hamza Raja,M,1971-12-03,84136-7305252-9,Pakistani,0333-1706341,hamza.raja617@gmail.com,Islamabad,Tourist,ISB-719019,True,807,10,2025-03-24
CU00518,Arif Iqbal,M,1976-03-06,61608-1668822-6,Pakistani,0345-8729984,arif.iqbal588@gmail.com,Karachi,Tourist,BLN-139086,True,3266,8,2025-07-10
CU00519,Mehwish Raja,F,2000-09-25,53117-2657659-5,Pakistani,0333-1476046,mehwish.raja747@gmail.com,Islamabad,Corporate,SND-990691,True,2076,7,2024-01-05
CU00520,Noor Siddiqui,F,1971-02-26,93205-5415321-3,Pakistani,0312-6400269,noor.siddiqui759@gmail.com,Rawalpindi,Tourist,SND-889912,True,2855,10,2026-05-19
CU00521,Robia Ahmed,F,1974-12-21,50086-2699501-2,Pakistani,0333-6249999,robia.ahmed637@gmail.com,Rawalpindi,Corporate,SND-770538,True,1525,7,2026-03-30
CU00522,Tariq Javed,M,1981-10-10,32091-6415010-1,Pakistani,0301-4184143,tariq.javed596@gmail.com,Rawalpindi,Tourist,,False,2543,13,2024-11-02
CU00523,Bushra Raza,F,1993-12-11,36033-2566382-2,Pakistani,0315-7788683,bushra.raza873@gmail.com,Lahore,Individual,,False,2157,8,2022-10-26
CU00524,Bushra Siddiqui,F,1977-10-18,20775-6433071-4,Pakistani,0345-1684054,bushra.siddiqui252@gmail.com,Islamabad,Individual,BLN-262541,True,2242,9,2022-02-23
CU00525,Rizwan Javed,M,1969-10-27,29054-1208345-5,Canadian Pakistani,0312-1348529,rizwan.javed879@gmail.com,Islamabad,Individual,,False,3958,10,2024-06-17
CU00526,Nasir Bajwa,M,1968-08-15,85426-7494523-5,Pakistani,0321-5421758,nasir.bajwa442@gmail.com,Lahore,Overseas Pakistani,KPK-482221,True,1922,8,2023-10-18
CU00527,Ali Javed,M,1966-01-12,N/A,Australia,0346-3160312,ali.javed99@gmail.com,Rawalpindi,Overseas Pakistani,BLN-842762,True,3897,12,2025-01-01
CU00528,Salman Gondal,M,1970-03-21,39355-8806211-5,Canadian Pakistani,0315-1892572,salman.gondal472@gmail.com,Karachi,Tourist,,False,3587,11,2024-10-15
CU00529,Ali Butt,M,1960-12-28,72472-3481016-2,Pakistani,0321-2097443,ali.butt978@gmail.com,Lahore,Corporate,,False,2261,10,2025-03-12
CU00530,Junaid Khan,M,1992-01-04,38207-8585176-5,Pakistani,0346-6111364,junaid.khan339@gmail.com,Karachi,Individual,,False,1905,9,2025-03-13
CU00531,Asma Ansari,F,1966-06-21,10888-1888704-6,Pakistani,0315-3007953,asma.ansari794@gmail.com,Peshawar,Government,ISB-743668,True,521,5,2024-12-20
CU00532,Omar Mehmood,M,1968-09-23,13864-9304303-2,Pakistani,0321-2494946,omar.mehmood97@gmail.com,Islamabad,Corporate,,False,3305,9,2025-03-21
CU00533,Saima Ansari,F,1977-02-07,50789-6958544-3,Pakistani,0333-5228095,saima.ansari512@gmail.com,Karachi,Individual,ISB-293531,True,2134,7,2024-04-02
CU00534,Shoaib Rana,M,1988-05-24,12673-2021747-9,Pakistani,0300-7260367,shoaib.rana98@gmail.com,Islamabad,Individual,PB-101812,True,4334,7,2022-01-26
CU00535,Zubair Raza,M,1961-03-29,32595-4162204-8,Pakistani,0311-9979400,zubair.raza224@gmail.com,Peshawar,Corporate,,False,2828,5,2022-07-18
CU00536,Sana Gondal,F,1976-10-13,68340-1509048-1,Pakistani,0346-3018015,sana.gondal827@gmail.com,Karachi,Overseas Pakistani,KPK-405587,True,882,14,2023-12-16
CU00537,Sumera Nawaz,F,1967-07-05,90372-6660577-8,Pakistani,0346-7523750,sumera.nawaz803@gmail.com,Multan,Individual,SND-222034,True,4542,7,2022-05-15
CU00538,Shoaib Malik,M,1970-09-28,17683-9060167-2,Pakistani,0346-2525946,shoaib.malik680@gmail.com,Faisalabad,Individual,KPK-652953,True,4612,10,2025-03-23
CU00539,Asma Qureshi,F,1993-12-14,35957-5915038-7,Pakistani,0333-8300418,asma.qureshi387@gmail.com,Lahore,Individual,ISB-614290,True,195,17,2024-10-03
CU00540,Nasir Hashmi,M,1987-05-07,17224-9850822-1,Pakistani,0312-2496317,nasir.hashmi315@gmail.com,Lahore,Individual,,False,4812,9,2026-03-12
CU00541,Bushra Butt,F,1988-10-01,49707-7457573-4,Pakistani,0321-1879717,bushra.butt844@gmail.com,Rawalpindi,Individual,SND-874415,True,4164,6,2024-12-09
CU00542,Asma Siddiqui,F,1990-07-21,34340-4717279-6,Pakistani,0301-4415979,asma.siddiqui508@gmail.com,Karachi,Overseas Pakistani,PB-698889,True,127,5,2022-04-03
CU00543,Amna Javed,F,1965-03-20,53352-3970536-7,Pakistani,0312-7237496,amna.javed940@gmail.com,Multan,Individual,SND-146930,True,1277,12,2022-10-18
CU00544,Sohail Raja,M,1971-08-01,92076-6196562-4,Pakistani,0320-7865293,sohail.raja707@gmail.com,Abbottabad,Individual,,False,83,14,2024-05-01
CU00545,Saima Hussain,F,1997-10-18,11367-7634860-1,Pakistani,0345-3162385,saima.hussain679@gmail.com,Multan,Tourist,PB-173950,True,937,5,2022-08-25
CU00546,Salman Hashmi,M,1962-12-25,62193-5778264-9,Pakistani,0320-5776554,salman.hashmi877@gmail.com,Islamabad,Individual,,False,4670,10,2023-06-20
CU00547,Hassan Qureshi,M,1996-11-29,75269-4368666-3,Pakistani,0346-1598865,hassan.qureshi481@gmail.com,Abbottabad,Individual,SND-214655,True,912,11,2023-04-14
CU00548,Zubair Butt,M,1963-10-01,58614-8350241-3,Pakistani,0345-1688736,zubair.butt679@gmail.com,Peshawar,Tourist,BLN-904037,True,1548,11,2026-04-23
CU00549,Kashif Ali,M,1985-07-07,55890-8751668-4,Pakistani,0300-7565123,kashif.ali390@gmail.com,Islamabad,Individual,,False,1254,16,2023-08-21
CU00550,Imran Butt,M,1988-02-19,67741-2164051-4,Pakistani,0315-9867708,imran.butt295@gmail.com,Islamabad,Corporate,BLN-268923,True,1174,8,2025-01-25
CU00551,Ayesha Sheikh,F,1990-09-19,32271-6396496-6,Pakistani,0300-3407303,ayesha.sheikh924@gmail.com,Islamabad,Corporate,ISB-817557,True,1914,7,2022-01-13
CU00552,Adeel Ali,M,1996-07-01,14613-2240239-1,Pakistani,0345-7476923,adeel.ali290@gmail.com,Lahore,Corporate,,False,3168,14,2024-07-09
CU00553,Rabia Raja,F,1982-01-02,30072-8620600-9,American Pakistani,0321-4755409,rabia.raja148@gmail.com,Karachi,Individual,KPK-768040,True,1428,10,2024-03-06
CU00554,Nadia Siddiqui,F,1993-03-12,63788-4808186-7,Pakistani,0311-6921373,nadia.siddiqui214@gmail.com,Islamabad,Tourist,SND-541597,True,3422,12,2024-08-01
CU00555,Uzma Qureshi,F,1980-10-16,79459-4454681-4,Pakistani,0312-4203862,uzma.qureshi583@gmail.com,Rawalpindi,Individual,PB-864733,True,2977,10,2024-08-06
CU00556,Arif Ansari,M,1976-10-23,81149-8588667-5,Pakistani,0315-7914190,arif.ansari53@gmail.com,Karachi,Individual,PB-327727,True,2766,9,2025-02-03
CU00557,Saima Nawaz,F,1979-05-15,N/A,Germany,0315-3891398,saima.nawaz280@gmail.com,Islamabad,Individual,BLN-906606,True,1276,10,2025-08-06
CU00558,Salman Chaudhry,M,1966-10-04,73790-6305200-9,Pakistani,0300-2628473,salman.chaudhry806@gmail.com,Lahore,Individual,,False,535,10,2022-06-25
CU00559,Fahad Ali,M,1974-11-14,29739-4573745-5,Pakistani,0301-7089123,fahad.ali639@gmail.com,Nathiagali,Individual,KPK-711790,True,3658,10,2024-08-30
CU00560,Omar Raza,M,1973-08-08,25524-9930598-7,Pakistani,0311-8878038,omar.raza717@gmail.com,Islamabad,Corporate,KPK-823479,True,2043,10,2022-08-21
CU00561,Sana Bhatti,F,1964-05-09,72505-3859809-1,Pakistani,0315-7079798,sana.bhatti954@gmail.com,Peshawar,Individual,SND-713302,True,4685,6,2023-01-08
CU00562,Muhammad Hashmi,M,2002-06-18,58492-2155782-3,Pakistani,0311-6034918,muhammad.hashmi694@gmail.com,Karachi,Individual,,False,3224,13,2022-11-03
CU00563,Salman Raja,M,1968-11-03,74847-1267689-7,Pakistani,0311-7127307,salman.raja872@gmail.com,Faisalabad,Individual,KPK-301350,True,4205,11,2023-07-28
CU00564,Fatima Hashmi,F,1974-04-16,44486-8531813-7,Pakistani,0321-1678734,fatima.hashmi280@gmail.com,Multan,Individual,,False,3752,9,2025-09-12
CU00565,Nasir Ali,M,1965-11-10,12518-6078638-7,Pakistani,0312-8887321,nasir.ali390@gmail.com,Abbottabad,Overseas Pakistani,,False,3181,8,2022-03-15
CU00566,Zara Javed,F,1976-10-29,54843-3220298-6,Pakistani,0320-4236382,zara.javed501@gmail.com,Rawalpindi,Tourist,KPK-379626,True,682,8,2024-07-10
CU00567,Sara Raja,F,2000-12-20,26846-2795994-4,Pakistani,0301-3971366,sara.raja383@gmail.com,Rawalpindi,Corporate,ISB-261487,True,4685,13,2026-06-30
CU00568,Ali Ahmed,M,1960-06-07,90931-2180827-3,Pakistani,0315-8730320,ali.ahmed647@gmail.com,Karachi,Tourist,,False,2710,12,2026-05-29
CU00569,Laiba Sheikh,F,1962-07-09,22004-1064443-7,Pakistani,0312-4526890,laiba.sheikh52@gmail.com,Karachi,Individual,ISB-505695,True,2624,10,2025-07-04
CU00570,Saad Chaudhry,M,1991-10-08,98625-2027878-8,Pakistani,0311-9515853,saad.chaudhry7@gmail.com,Gujranwala,Corporate,ISB-284393,True,1619,10,2023-06-24
CU00571,Nasir Bajwa,M,1968-06-29,52127-4820432-3,Pakistani,0333-5978127,nasir.bajwa616@gmail.com,Karachi,Tourist,SND-631265,True,2338,10,2023-03-23
CU00572,Rizwan Siddiqui,M,1992-12-27,N/A,France,0311-2084703,rizwan.siddiqui64@gmail.com,Islamabad,Individual,ISB-617915,True,2819,4,2026-02-10
CU00573,Arif Ansari,M,1963-08-02,98408-2480282-6,Pakistani,0315-7064624,arif.ansari715@gmail.com,Karachi,Overseas Pakistani,BLN-811139,True,539,5,2025-03-11
CU00574,Rizwan Mirza,M,1980-03-21,74105-6259232-9,Pakistani,0312-4827078,rizwan.mirza602@gmail.com,Rawalpindi,Tourist,PB-144773,True,2890,7,2024-04-19
CU00575,Faisal Mirza,M,2001-06-03,70868-8586261-3,Pakistani,0311-7468693,faisal.mirza430@gmail.com,Peshawar,Government,ISB-246205,True,2594,10,2024-02-21
CU00576,Sana Qureshi,F,1976-05-27,N/A,UAE,0311-4085491,sana.qureshi223@gmail.com,Islamabad,Tourist,,False,776,10,2022-02-03
CU00577,Usman Hussain,M,1975-02-17,82001-5658522-4,Pakistani,0312-9162698,usman.hussain622@gmail.com,Islamabad,Individual,SND-553882,True,3564,7,2022-11-24
CU00578,Raza Ali,M,1975-11-07,89667-5854015-3,Pakistani,0312-9703393,raza.ali966@gmail.com,Faisalabad,Individual,,False,4048,11,2023-03-20
CU00579,Muhammad Raza,M,1988-04-29,N/A,France,0315-3044259,muhammad.raza614@gmail.com,Islamabad,Corporate,PB-655364,True,2309,4,2023-11-30
CU00580,Sana Siddiqui,F,1985-05-11,42258-4514088-6,Pakistani,0312-6243501,sana.siddiqui650@gmail.com,Gujranwala,Individual,SND-925026,True,2298,10,2025-02-10
CU00581,Salman Mirza,M,1991-04-29,85009-4840752-4,Pakistani,0312-9197145,salman.mirza577@gmail.com,Islamabad,Individual,,False,3848,11,2022-02-09
CU00582,Hassan Qureshi,M,1993-08-26,88983-5462862-2,Pakistani,0345-7536008,hassan.qureshi797@gmail.com,Islamabad,Individual,PB-929718,True,2262,10,2025-12-28
CU00583,Fahad Farooq,M,1962-08-25,91350-9095897-9,Pakistani,0311-5576112,fahad.farooq980@gmail.com,Lahore,Individual,KPK-608242,True,2573,10,2025-05-23
CU00584,Amna Rana,F,1968-06-10,17938-4270602-9,Pakistani,0346-5738829,amna.rana255@gmail.com,Faisalabad,Corporate,SND-543538,True,89,6,2023-09-03
CU00585,Usman Raza,M,1961-02-18,70940-3476564-8,Pakistani,0333-3633660,usman.raza609@gmail.com,Islamabad,Corporate,SND-895304,True,2573,9,2022-08-09
CU00586,Uzma Hussain,F,1968-11-14,52310-1284478-2,Pakistani,0300-6478399,uzma.hussain566@gmail.com,Karachi,Individual,SND-486737,True,1161,4,2023-10-08
CU00587,Saima Rizvi,F,1961-02-21,90357-1579384-5,Pakistani,0321-1660711,saima.rizvi905@gmail.com,Karachi,Corporate,BLN-158572,True,1080,10,2024-10-14
CU00588,Ali Malik,M,1966-10-19,57227-6990825-6,Pakistani,0301-7922980,ali.malik352@gmail.com,Islamabad,Individual,ISB-616377,True,3281,3,2025-01-21
CU00589,Hamza Rana,M,1995-06-04,68785-3668591-2,Pakistani,0320-4815074,hamza.rana246@gmail.com,Lahore,Individual,,False,462,11,2025-08-13
CU00590,Fatima Ali,F,1988-11-02,40495-3560718-3,Pakistani,0346-6359632,fatima.ali331@gmail.com,Murree,Individual,SND-892684,True,3242,7,2022-02-09
CU00591,Asad Hashmi,M,1961-01-20,36230-1604073-4,Pakistani,0312-9245415,asad.hashmi8@gmail.com,Karachi,Corporate,KPK-835916,True,660,6,2025-04-06
CU00592,Asma Butt,F,1977-10-25,46885-5456812-9,British Pakistani,0321-9571137,asma.butt398@gmail.com,Islamabad,Corporate,,False,1309,5,2023-02-17
CU00593,Zara Mirza,F,1968-10-12,69198-1483477-8,Pakistani,0315-9586664,zara.mirza789@gmail.com,Rawalpindi,Individual,SND-314528,True,1514,7,2022-08-19
CU00594,Salman Sheikh,M,1993-04-27,49139-4596069-5,Pakistani,0321-8780933,salman.sheikh56@gmail.com,Multan,Individual,,False,1882,13,2025-03-06
CU00595,Zara Chaudhry,F,1982-12-04,37047-9381774-7,Pakistani,0321-8682024,zara.chaudhry401@gmail.com,Islamabad,Individual,,False,4930,14,2026-03-24
CU00596,Saad Hashmi,M,1985-02-26,N/A,UK,0312-2303155,saad.hashmi632@gmail.com,Karachi,Tourist,,False,878,12,2022-01-01
CU00597,Laiba Ali,F,1998-06-13,59993-3675751-2,Pakistani,0300-7174850,laiba.ali221@gmail.com,Islamabad,Individual,PB-543721,True,3054,5,2022-06-05
CU00598,Zain Khan,M,1973-05-05,69890-4433725-2,Pakistani,0300-8994424,zain.khan179@gmail.com,Peshawar,Overseas Pakistani,ISB-218055,True,705,15,2026-01-24
CU00599,Fahad Bajwa,M,1991-03-04,N/A,Australia,0301-3571860,fahad.bajwa221@gmail.com,Lahore,Individual,ISB-516849,True,3091,6,2022-03-03
CU00600,Hamza Bhatti,M,1978-07-02,46808-5723937-8,Pakistani,0312-5484288,hamza.bhatti25@gmail.com,Islamabad,Individual,KPK-297205,True,1923,6,2025-11-13
CU00601,Muhammad Rana,M,1961-12-23,74032-4884275-1,Pakistani,0320-7107490,muhammad.rana91@gmail.com,Abbottabad,Overseas Pakistani,BLN-485138,True,3737,5,2024-08-25
CU00602,Shoaib Raja,M,2000-06-14,93796-6818132-7,Pakistani,0311-7740736,shoaib.raja382@gmail.com,Lahore,Corporate,SND-464314,True,2395,7,2022-10-30
CU00603,Robia Raja,F,1984-04-28,28040-6583525-6,Pakistani,0345-8562644,robia.raja772@gmail.com,Lahore,Government,BLN-813385,True,1345,4,2022-03-29
CU00604,Fahad Rana,M,1966-07-04,85195-3340778-4,Pakistani,0333-2371426,fahad.rana844@gmail.com,Karachi,Corporate,,False,3432,6,2022-08-18
CU00605,Bushra Ali,F,1983-04-22,31587-4804776-6,Pakistani,0345-2961614,bushra.ali334@gmail.com,Islamabad,Individual,KPK-675092,True,3235,12,2024-12-07
CU00606,Saima Iqbal,F,1985-11-18,94397-8611052-3,Pakistani,0312-1010001,saima.iqbal915@gmail.com,Rawalpindi,Individual,BLN-938792,True,883,8,2024-10-11
CU00607,Ali Javed,M,2002-08-14,81036-2620464-4,Pakistani,0300-1272126,ali.javed32@gmail.com,Rawalpindi,Tourist,,False,2423,8,2022-09-05
CU00608,Rizwan Farooq,M,1990-07-11,56860-7761231-1,Pakistani,0315-6036779,rizwan.farooq352@gmail.com,Islamabad,Individual,SND-493127,True,1707,7,2023-09-15
CU00609,Adeel Hashmi,M,1988-06-29,75535-6362532-6,Pakistani,0300-5291312,adeel.hashmi718@gmail.com,Karachi,Individual,,False,3879,9,2026-06-22
CU00610,Nasir Farooq,M,1964-05-24,99764-9226010-1,Pakistani,0333-1648801,nasir.farooq986@gmail.com,Lahore,Corporate,,False,3993,7,2026-04-04
CU00611,Robia Hussain,F,1984-05-22,69596-7372844-6,British Pakistani,0312-8873203,robia.hussain36@gmail.com,Islamabad,Individual,,False,2644,10,2023-09-27
CU00612,Kamran Bhatti,M,1969-09-18,N/A,France,0300-9494212,kamran.bhatti456@gmail.com,Karachi,Individual,ISB-626461,True,1484,8,2024-08-06
CU00613,Adeel Qureshi,M,1995-12-11,25423-9669396-8,Pakistani,0311-8578703,adeel.qureshi301@gmail.com,Multan,Corporate,PB-141750,True,2378,5,2025-05-16
CU00614,Hassan Raja,M,1966-12-11,10746-7497877-3,Pakistani,0333-1736094,hassan.raja310@gmail.com,Faisalabad,Individual,PB-334275,True,2785,11,2025-10-30
CU00615,Saad Iqbal,M,1992-01-08,28245-3214575-1,Pakistani,0345-9323942,saad.iqbal376@gmail.com,Lahore,Tourist,SND-121535,True,4302,8,2025-11-21
CU00616,Nasir Sheikh,M,1978-10-11,18773-2093460-2,Pakistani,0320-7000246,nasir.sheikh487@gmail.com,Lahore,Individual,,False,3287,7,2024-11-04
CU00617,Sana Sheikh,F,1961-01-30,N/A,UK,0346-7263217,sana.sheikh571@gmail.com,Islamabad,Corporate,KPK-601093,True,547,10,2026-06-06
CU00618,Sumera Ansari,F,1965-03-13,61211-1187797-6,Pakistani,0300-9559668,sumera.ansari808@gmail.com,Lahore,Individual,ISB-218229,True,4297,7,2025-09-25
CU00619,Waqar Khan,M,1973-08-09,37991-4165307-8,Pakistani,0345-9031829,waqar.khan220@gmail.com,Abbottabad,Individual,,False,811,9,2022-12-20
CU00620,Zain Rana,M,1984-04-14,N/A,UK,0346-3439451,zain.rana882@gmail.com,Nathiagali,Individual,ISB-600892,True,4205,9,2022-05-29
CU00621,Imran Rana,M,1993-10-17,63266-2001147-7,Pakistani,0300-6376889,imran.rana800@gmail.com,Lahore,Corporate,,False,3232,6,2022-02-26
CU00622,Junaid Siddiqui,M,1977-07-12,26688-9042423-9,Pakistani,0333-3638806,junaid.siddiqui248@gmail.com,Lahore,Overseas Pakistani,,False,4906,6,2024-12-03
CU00623,Arif Ahmed,M,1979-05-31,29079-1670225-6,Pakistani,0320-7597931,arif.ahmed288@gmail.com,Karachi,Individual,SND-781749,True,2797,5,2023-09-14
CU00624,Laiba Mirza,F,2001-03-28,87274-3302963-8,Pakistani,0321-2526520,laiba.mirza709@gmail.com,Rawalpindi,Government,SND-459042,True,4364,12,2024-11-24
CU00625,Ali Hussain,M,1988-03-21,39863-6252134-6,Pakistani,0312-4208920,ali.hussain357@gmail.com,Rawalpindi,Individual,KPK-301165,True,2744,7,2024-11-26
CU00626,Zara Hussain,F,1986-10-24,28255-5949535-4,Pakistani,0321-6387876,zara.hussain210@gmail.com,Lahore,Corporate,,False,3790,7,2025-04-06
CU00627,Hassan Mehmood,M,1992-06-02,93026-6660164-3,Pakistani,0345-7291432,hassan.mehmood252@gmail.com,Abbottabad,Corporate,SND-607870,True,2217,11,2025-03-09
CU00628,Kashif Malik,M,1971-06-05,61521-1054812-2,Pakistani,0312-5275016,kashif.malik951@gmail.com,Karachi,Individual,,False,4055,10,2024-07-20
CU00629,Bushra Bajwa,F,1996-10-31,66060-9213447-2,Pakistani,0345-8334532,bushra.bajwa397@gmail.com,Rawalpindi,Corporate,KPK-225246,True,1144,14,2023-01-06
CU00630,Arif Ali,M,1961-11-03,26701-2608777-7,Pakistani,0312-1670038,arif.ali913@gmail.com,Murree,Individual,BLN-162788,True,80,9,2022-08-17
CU00631,Sohail Mehmood,M,1972-06-07,84791-5475083-9,Pakistani,0321-4965501,sohail.mehmood156@gmail.com,Rawalpindi,Individual,ISB-680607,True,4785,12,2023-10-11
CU00632,Nadia Qureshi,F,1969-02-10,90495-5525304-8,Pakistani,0301-2605305,nadia.qureshi253@gmail.com,Lahore,Individual,SND-331707,True,1982,8,2024-07-30
CU00633,Omar Iqbal,M,1972-07-14,88606-7487804-8,Pakistani,0312-4895346,omar.iqbal103@gmail.com,Islamabad,Individual,ISB-528379,True,3638,8,2024-06-25
CU00634,Zubair Gondal,M,1993-09-03,98252-9246334-7,Pakistani,0346-6742652,zubair.gondal330@gmail.com,Lahore,Corporate,ISB-623273,True,4157,19,2025-06-14
CU00635,Faisal Gondal,M,1969-03-20,99558-7336155-3,Pakistani,0333-4475080,faisal.gondal224@gmail.com,Lahore,Tourist,,False,2574,12,2023-12-25
CU00636,Imran Javed,M,1973-01-14,99979-5094863-2,Pakistani,0345-1367073,imran.javed399@gmail.com,Abbottabad,Individual,,False,4683,13,2023-12-08
CU00637,Muhammad Hashmi,M,1979-07-28,55643-4834547-5,Pakistani,0321-5359712,muhammad.hashmi491@gmail.com,Karachi,Overseas Pakistani,PB-276728,True,1795,10,2025-04-14
CU00638,Sohail Nawaz,M,1996-05-04,39960-2509488-3,Pakistani,0301-1839952,sohail.nawaz257@gmail.com,Islamabad,Individual,ISB-650768,True,2090,8,2024-07-16
CU00639,Usman Ansari,M,1972-06-29,78224-2120364-4,Pakistani,0301-1874873,usman.ansari587@gmail.com,Abbottabad,Individual,PB-402244,True,4488,9,2024-08-21
CU00640,Nadia Iqbal,F,1960-10-08,23305-5513811-3,Pakistani,0346-3082677,nadia.iqbal798@gmail.com,Peshawar,Individual,SND-680322,True,3022,6,2026-01-21
CU00641,Nasir Butt,M,1971-01-07,77272-1347589-9,Pakistani,0346-1953785,nasir.butt404@gmail.com,Peshawar,Individual,,False,1105,13,2022-12-09
CU00642,Usman Malik,M,1970-11-07,70608-5123653-8,Pakistani,0311-2843416,usman.malik731@gmail.com,Nathiagali,Overseas Pakistani,,False,2033,7,2022-11-28
CU00643,Arif Ali,M,1963-01-03,74219-7627284-9,Pakistani,0346-7776291,arif.ali911@gmail.com,Gujranwala,Individual,BLN-589286,True,4257,9,2023-12-26
CU00644,Sumera Javed,F,1997-07-28,31875-9441498-8,Pakistani,0311-1610970,sumera.javed212@gmail.com,Karachi,Tourist,,False,601,6,2025-05-13
CU00645,Maryam Sheikh,F,1987-02-10,51228-9174221-4,Pakistani,0300-4616671,maryam.sheikh446@gmail.com,Multan,Individual,PB-571796,True,4836,8,2026-06-07
CU00646,Sana Rana,F,1995-08-09,67544-5243292-8,Pakistani,0333-8824038,sana.rana730@gmail.com,Rawalpindi,Individual,,False,3810,9,2024-01-31
CU00647,Uzma Malik,F,1978-08-26,23275-5956293-6,Pakistani,0300-6881338,uzma.malik477@gmail.com,Faisalabad,Individual,,False,3166,7,2025-08-31
CU00648,Sara Gondal,F,1973-03-09,72843-2136751-6,Pakistani,0321-4246044,sara.gondal318@gmail.com,Rawalpindi,Corporate,BLN-274006,True,90,5,2022-07-27
CU00649,Kamran Rizvi,M,1972-02-04,13164-8522210-7,British Pakistani,0321-8722401,kamran.rizvi356@gmail.com,Islamabad,Corporate,BLN-442406,True,2334,7,2024-01-24
CU00650,Waqar Bajwa,M,1965-07-13,14739-9488394-2,Pakistani,0311-7340529,waqar.bajwa339@gmail.com,Abbottabad,Tourist,,False,3603,7,2026-02-07
CU00651,Zara Malik,F,1966-05-18,61694-4694972-1,Pakistani,0300-6081991,zara.malik13@gmail.com,Peshawar,Individual,PB-303941,True,3427,10,2025-03-11
CU00652,Salman Malik,M,1979-02-24,18680-3741253-1,Pakistani,0320-9097767,salman.malik806@gmail.com,Lahore,Individual,ISB-329737,True,3836,8,2022-12-06
CU00653,Robia Sheikh,F,1963-08-03,58774-8867277-5,Pakistani,0315-6546545,robia.sheikh647@gmail.com,Karachi,Tourist,KPK-652294,True,1274,11,2025-09-29
CU00654,Sumera Nawaz,F,1990-08-14,12913-8279187-8,Pakistani,0320-6505504,sumera.nawaz963@gmail.com,Rawalpindi,Corporate,BLN-415169,True,4086,12,2026-01-23
CU00655,Ayesha Bajwa,F,1973-06-21,38698-5173131-8,Pakistani,0311-2654187,ayesha.bajwa715@gmail.com,Peshawar,Individual,BLN-630415,True,2973,9,2024-04-25
CU00656,Mehwish Bajwa,F,1974-11-09,96885-2112674-6,Pakistani,0300-8308548,mehwish.bajwa416@gmail.com,Rawalpindi,Individual,SND-261528,True,3393,8,2024-08-27
CU00657,Aisha Siddiqui,F,1965-04-21,61949-4590803-7,Pakistani,0333-4944513,aisha.siddiqui294@gmail.com,Rawalpindi,Individual,,False,1992,7,2025-06-04
CU00658,Aisha Butt,F,1986-10-28,20788-1142436-3,Pakistani,0346-8189752,aisha.butt505@gmail.com,Rawalpindi,Individual,ISB-932138,True,1244,7,2022-04-16
CU00659,Omar Ali,M,1965-12-26,N/A,USA,0321-2468345,omar.ali42@gmail.com,Rawalpindi,Overseas Pakistani,,False,1353,10,2023-09-27
CU00660,Ahmed Bajwa,M,1963-09-11,61231-9226877-2,Pakistani,0320-5889357,ahmed.bajwa631@gmail.com,Gujranwala,Corporate,,False,4309,2,2022-05-27
CU00661,Maryam Malik,F,1962-11-30,77487-2612629-8,Pakistani,0315-4754605,maryam.malik706@gmail.com,Lahore,Overseas Pakistani,KPK-133589,True,3222,11,2023-11-25
CU00662,Robia Bhatti,F,1976-02-03,N/A,Saudi,0333-8012366,robia.bhatti827@gmail.com,Faisalabad,Individual,,False,1926,6,2026-06-15
CU00663,Maryam Raja,F,1974-08-26,17700-2974982-3,Pakistani,0301-8531631,maryam.raja130@gmail.com,Islamabad,Individual,PB-857878,True,601,10,2023-08-02
CU00664,Aisha Bajwa,F,1970-09-24,97591-6075879-4,Pakistani,0345-1567676,aisha.bajwa373@gmail.com,Karachi,Individual,,False,1282,9,2024-03-11
CU00665,Ali Ali,M,1961-05-29,75223-8776305-7,Pakistani,0321-8543241,ali.ali137@gmail.com,Murree,Tourist,KPK-881484,True,3459,7,2025-09-10
CU00666,Arif Bajwa,M,1998-12-10,64499-2563910-8,Pakistani,0321-3485842,arif.bajwa44@gmail.com,Karachi,Individual,,False,1149,10,2023-05-07
CU00667,Saad Hussain,M,2000-09-12,92776-7052003-6,Pakistani,0315-7258302,saad.hussain346@gmail.com,Islamabad,Individual,,False,22,15,2022-08-03
CU00668,Rizwan Nawaz,M,1969-01-17,N/A,UAE,0346-5587663,rizwan.nawaz544@gmail.com,Islamabad,Individual,,False,3200,6,2024-12-18
CU00669,Laiba Gondal,F,1968-10-27,87460-5868635-9,Pakistani,0345-1746815,laiba.gondal292@gmail.com,Lahore,Government,KPK-118785,True,3336,10,2025-04-21
CU00670,Salman Ahmed,M,1981-04-14,89791-4874618-6,Pakistani,0315-4739633,salman.ahmed461@gmail.com,Murree,Individual,,False,2168,10,2023-09-07
CU00671,Ayesha Iqbal,F,1989-12-25,40044-1680217-4,Pakistani,0345-5009418,ayesha.iqbal407@gmail.com,Multan,Individual,ISB-550898,True,391,8,2022-06-05
CU00672,Zara Rizvi,F,1996-07-13,93888-6137252-1,Pakistani,0345-4580502,zara.rizvi547@gmail.com,Abbottabad,Overseas Pakistani,BLN-401525,True,949,14,2023-04-26
CU00673,Saima Rizvi,F,1992-07-21,66295-2336756-6,Pakistani,0312-9050790,saima.rizvi22@gmail.com,Rawalpindi,Corporate,ISB-236186,True,2115,11,2022-12-13
CU00674,Zara Ansari,F,1967-04-05,47850-6192421-9,Pakistani,0346-2150745,zara.ansari79@gmail.com,Multan,Individual,PB-227339,True,27,6,2023-05-06
CU00675,Arif Farooq,M,2002-05-12,75596-9968963-8,Pakistani,0346-3048456,arif.farooq493@gmail.com,Rawalpindi,Individual,BLN-391819,True,682,8,2023-12-31
CU00676,Noor Butt,F,1977-05-26,91309-2449957-2,Pakistani,0311-3446335,noor.butt351@gmail.com,Peshawar,Corporate,,False,1313,11,2024-12-05
CU00677,Bushra Chaudhry,F,1981-06-21,61023-8254494-2,Pakistani,0346-7752148,bushra.chaudhry218@gmail.com,Quetta,Tourist,PB-299380,True,3960,10,2026-05-04
CU00678,Kamran Ahmed,M,1993-05-27,70011-7497406-6,Pakistani,0321-4340563,kamran.ahmed922@gmail.com,Islamabad,Corporate,ISB-138146,True,3710,12,2023-01-21
CU00679,Shoaib Khan,M,1989-10-23,10974-6287678-8,Pakistani,0301-3249482,shoaib.khan864@gmail.com,Multan,Corporate,,False,786,12,2025-05-02
CU00680,Arif Sheikh,M,1986-08-05,54656-3009122-1,Pakistani,0321-5127825,arif.sheikh320@gmail.com,Islamabad,Individual,,False,4399,9,2024-05-21
CU00681,Fahad Sheikh,M,1962-06-18,59752-3567530-5,Pakistani,0321-7912713,fahad.sheikh77@gmail.com,Multan,Corporate,,False,4349,8,2024-01-16
CU00682,Asad Mehmood,M,1973-06-13,22199-3305604-9,Pakistani,0315-2679778,asad.mehmood372@gmail.com,Lahore,Individual,ISB-199779,True,2164,11,2026-04-22
CU00683,Hassan Butt,M,1985-11-08,50827-2336525-9,Pakistani,0315-5986295,hassan.butt929@gmail.com,Islamabad,Tourist,BLN-789857,True,2437,13,2022-07-25
CU00684,Ayesha Raza,F,2001-03-20,16822-3296660-2,Pakistani,0301-1067267,ayesha.raza110@gmail.com,Abbottabad,Individual,SND-144590,True,3843,9,2024-01-10
CU00685,Hassan Hussain,M,1967-02-14,32069-4105952-2,Pakistani,0300-8890587,hassan.hussain224@gmail.com,Karachi,Corporate,PB-277596,True,4175,8,2023-05-04
CU00686,Fatima Raja,F,1983-06-17,41183-1996091-7,Pakistani,0312-7516960,fatima.raja198@gmail.com,Abbottabad,Corporate,BLN-406924,True,2820,11,2022-10-06
CU00687,Adeel Ansari,M,2000-11-07,26337-8050191-5,Pakistani,0315-9349638,adeel.ansari2@gmail.com,Karachi,Individual,,False,938,10,2024-04-10
CU00688,Junaid Hussain,M,1991-01-04,97952-5173838-3,Canadian Pakistani,0300-4873115,junaid.hussain256@gmail.com,Islamabad,Individual,ISB-866773,True,591,12,2025-11-01
CU00689,Bilal Hussain,M,1965-01-19,11803-7934960-2,Pakistani,0321-4461700,bilal.hussain458@gmail.com,Karachi,Corporate,,False,1182,4,2022-10-29
CU00690,Hina Siddiqui,F,1974-08-01,68118-4381430-3,Pakistani,0312-7529877,hina.siddiqui362@gmail.com,Gujranwala,Individual,,False,1540,14,2025-09-25
CU00691,Rabia Hashmi,F,1981-12-06,70762-3660952-1,Pakistani,0300-8696507,rabia.hashmi537@gmail.com,Faisalabad,Individual,KPK-313741,True,3386,7,2022-08-15
CU00692,Sana Raza,F,1972-07-12,79414-2095468-8,Pakistani,0321-6086779,sana.raza660@gmail.com,Islamabad,Tourist,,False,1837,16,2024-07-09
CU00693,Fahad Hussain,M,1997-08-27,67426-3239535-1,Pakistani,0312-9152092,fahad.hussain394@gmail.com,Lahore,Individual,PB-678548,True,4175,8,2025-08-07
CU00694,Hina Hussain,F,1992-05-08,96283-9665105-5,Pakistani,0333-1340570,hina.hussain65@gmail.com,Lahore,Individual,BLN-212322,True,1976,7,2023-08-03
CU00695,Imran Farooq,M,2002-12-16,79457-4069345-8,Pakistani,0346-1056553,imran.farooq153@gmail.com,Karachi,Corporate,ISB-443279,True,4537,8,2024-05-09
CU00696,Muhammad Hashmi,M,1968-09-03,45643-4346496-7,Pakistani,0315-6987578,muhammad.hashmi99@gmail.com,Islamabad,Tourist,SND-594775,True,1607,12,2023-05-17
CU00697,Fahad Mirza,M,1976-01-04,66468-1275672-2,Pakistani,0301-3298407,fahad.mirza237@gmail.com,Lahore,Individual,SND-146008,True,1679,9,2024-08-14
CU00698,Junaid Ahmed,M,1964-08-08,38931-4599278-4,Pakistani,0321-2624977,junaid.ahmed38@gmail.com,Karachi,Government,,False,2100,11,2022-01-24
CU00699,Mehwish Sheikh,F,1972-07-30,41025-2992782-2,Pakistani,0320-5046832,mehwish.sheikh46@gmail.com,Karachi,Overseas Pakistani,SND-822465,True,2269,6,2025-01-13
CU00700,Arif Javed,M,1992-09-07,53351-2679291-2,Pakistani,0346-4847505,arif.javed948@gmail.com,Islamabad,Overseas Pakistani,,False,4715,10,2023-07-23
CU00701,Kamran Siddiqui,M,2001-12-04,N/A,Australia,0301-1358384,kamran.siddiqui684@gmail.com,Rawalpindi,Individual,KPK-301897,True,1409,5,2022-11-18
CU00702,Ahmed Mehmood,M,1968-01-18,18031-8540805-4,Pakistani,0315-3256787,ahmed.mehmood33@gmail.com,Islamabad,Individual,ISB-860997,True,1672,8,2024-01-21
CU00703,Arif Raza,M,1997-06-11,30849-8947871-7,Pakistani,0300-3875197,arif.raza384@gmail.com,Karachi,Individual,,False,287,8,2024-12-27
CU00704,Rizwan Ansari,M,1964-11-13,24213-8291687-4,Pakistani,0311-5465089,rizwan.ansari731@gmail.com,Islamabad,Individual,BLN-848392,True,4546,7,2025-10-18
CU00705,Adeel Bajwa,M,1974-10-21,84356-4616959-8,Pakistani,0333-3887946,adeel.bajwa626@gmail.com,Abbottabad,Individual,SND-392736,True,2586,7,2023-06-17
CU00706,Junaid Farooq,M,1997-06-25,70931-2527141-2,Pakistani,0311-1902483,junaid.farooq236@gmail.com,Islamabad,Individual,,False,4370,9,2022-08-20
CU00707,Zubair Rana,M,1986-01-17,80651-4888965-3,Pakistani,0312-1851580,zubair.rana521@gmail.com,Karachi,Tourist,BLN-670079,True,607,11,2023-05-10
CU00708,Ali Mirza,M,1983-07-21,33371-1738508-7,Pakistani,0345-4444368,ali.mirza144@gmail.com,Lahore,Individual,PB-832719,True,732,7,2024-11-26
CU00709,Faisal Ahmed,M,1978-12-08,99304-5635733-6,Pakistani,0300-1555428,faisal.ahmed784@gmail.com,Karachi,Corporate,ISB-917939,True,223,9,2026-05-07
CU00710,Fatima Mehmood,F,1961-05-12,20830-4194751-8,American Pakistani,0301-8364846,fatima.mehmood803@gmail.com,Islamabad,Individual,BLN-779002,True,3043,6,2022-04-28
CU00711,Laiba Khan,F,1992-04-05,76062-5863073-5,Pakistani,0320-3672181,laiba.khan88@gmail.com,Islamabad,Individual,BLN-952246,True,1211,7,2025-05-14
CU00712,Bushra Hashmi,F,1972-11-18,47876-9412354-1,Pakistani,0321-7366035,bushra.hashmi481@gmail.com,Lahore,Overseas Pakistani,ISB-631778,True,3560,6,2024-08-15
CU00713,Sohail Ali,M,1960-02-15,54759-2487947-6,Pakistani,0346-5615065,sohail.ali543@gmail.com,Karachi,Overseas Pakistani,PB-524865,True,3094,11,2025-02-27
CU00714,Hamza Malik,M,1995-10-13,16422-7143995-5,Pakistani,0311-7296917,hamza.malik748@gmail.com,Rawalpindi,Individual,ISB-679383,True,322,7,2025-07-04
CU00715,Hamza Chaudhry,M,1970-10-13,56540-1285118-9,Pakistani,0311-3110014,hamza.chaudhry67@gmail.com,Lahore,Overseas Pakistani,ISB-380819,True,384,6,2022-09-08
CU00716,Zara Nawaz,F,1965-07-28,43903-3977034-9,Pakistani,0345-9362556,zara.nawaz902@gmail.com,Abbottabad,Overseas Pakistani,PB-640712,True,1588,7,2024-02-14
CU00717,Amna Nawaz,F,1989-01-20,28546-7712272-5,Pakistani,0311-9753067,amna.nawaz586@gmail.com,Islamabad,Individual,KPK-527442,True,2437,11,2022-11-21
CU00718,Hamza Farooq,M,1992-02-29,23643-6193974-5,Pakistani,0301-8750491,hamza.farooq895@gmail.com,Islamabad,Tourist,ISB-961968,True,3196,8,2023-08-21
CU00719,Saima Butt,F,1975-11-29,15546-4130445-7,Pakistani,0312-7191591,saima.butt349@gmail.com,Faisalabad,Individual,,False,4452,10,2025-10-31
CU00720,Bilal Mehmood,M,1961-01-16,46672-5875471-9,Pakistani,0315-9897879,bilal.mehmood518@gmail.com,Karachi,Individual,ISB-909539,True,1850,10,2026-02-05
CU00721,Imran Rizvi,M,1991-04-14,27596-8812859-1,Pakistani,0321-1629833,imran.rizvi297@gmail.com,Lahore,Individual,ISB-994399,True,2386,8,2023-05-05
CU00722,Bilal Chaudhry,M,1994-04-26,51297-3049847-7,Pakistani,0312-3372568,bilal.chaudhry826@gmail.com,Murree,Individual,ISB-194432,True,774,8,2025-12-27
CU00723,Waqar Bhatti,M,1992-05-08,36033-5044925-2,Pakistani,0312-9264138,waqar.bhatti222@gmail.com,Abbottabad,Individual,PB-524667,True,2646,11,2023-04-08
CU00724,Hamza Ali,M,1992-06-12,75099-6493549-7,Pakistani,0301-8746260,hamza.ali984@gmail.com,Islamabad,Individual,,False,4101,13,2024-04-13
CU00725,Asma Khan,F,1960-06-23,13853-2790897-6,Pakistani,0333-2879293,asma.khan563@gmail.com,Multan,Individual,,False,1047,6,2025-05-08
CU00726,Muhammad Iqbal,M,1990-11-17,N/A,Australia,0320-3008248,muhammad.iqbal984@gmail.com,Lahore,Individual,SND-103223,True,1750,15,2024-03-13
CU00727,Salman Siddiqui,M,1966-01-03,26144-9824168-5,Pakistani,0301-5903032,salman.siddiqui232@gmail.com,Abbottabad,Individual,PB-516286,True,4340,12,2024-09-04
CU00728,Muhammad Bajwa,M,1966-04-01,30667-4616926-9,Pakistani,0311-2233151,muhammad.bajwa246@gmail.com,Peshawar,Individual,,False,3696,13,2023-07-18
CU00729,Hamza Ahmed,M,1964-02-20,80268-7832486-1,Pakistani,0321-1356586,hamza.ahmed797@gmail.com,Rawalpindi,Individual,KPK-349192,True,4033,9,2024-03-20
CU00730,Salman Mehmood,M,1962-01-29,12355-1707302-4,Pakistani,0300-9728456,salman.mehmood907@gmail.com,Lahore,Individual,PB-478873,True,3199,7,2024-03-25
CU00731,Sara Farooq,F,1961-03-22,37899-2676811-3,Pakistani,0312-5261864,sara.farooq920@gmail.com,Lahore,Corporate,KPK-473078,True,426,7,2024-05-30
CU00732,Omar Ansari,M,1985-08-29,83580-3392360-4,Pakistani,0346-5425545,omar.ansari298@gmail.com,Islamabad,Corporate,ISB-221455,True,1983,14,2023-09-15
CU00733,Fatima Nawaz,F,1980-01-26,97439-9868569-3,Pakistani,0333-1773774,fatima.nawaz218@gmail.com,Peshawar,Individual,PB-776473,True,3066,8,2025-06-12
CU00734,Ayesha Sheikh,F,1989-12-02,16224-9512750-6,Pakistani,0315-2087833,ayesha.sheikh823@gmail.com,Lahore,Corporate,KPK-399645,True,4702,13,2023-01-08
CU00735,Uzma Hussain,F,1986-02-23,91759-8058810-7,Pakistani,0320-8653803,uzma.hussain92@gmail.com,Peshawar,Individual,,False,4277,3,2023-08-29
CU00736,Salman Siddiqui,M,1985-12-25,84100-2727113-5,Pakistani,0300-9395962,salman.siddiqui909@gmail.com,Lahore,Government,KPK-697144,True,1592,5,2022-12-25
CU00737,Hina Butt,F,1997-08-23,66344-7781554-9,Pakistani,0300-7842069,hina.butt638@gmail.com,Peshawar,Tourist,,False,188,10,2025-02-16
CU00738,Zubair Rana,M,1965-04-12,32795-4622315-5,Pakistani,0346-4827056,zubair.rana533@gmail.com,Lahore,Individual,BLN-331103,True,2668,12,2025-10-04
CU00739,Noor Rana,F,1970-12-11,N/A,UAE,0300-5776497,noor.rana848@gmail.com,Abbottabad,Corporate,,False,25,8,2023-12-07
CU00740,Hina Malik,F,2000-06-21,29299-7815424-6,Pakistani,0346-3459745,hina.malik445@gmail.com,Karachi,Corporate,KPK-198039,True,4510,5,2024-02-23
CU00741,Shoaib Ansari,M,1988-04-10,65830-2648408-3,Pakistani,0312-9866836,shoaib.ansari322@gmail.com,Islamabad,Overseas Pakistani,BLN-453215,True,984,10,2023-05-31
CU00742,Zara Qureshi,F,1984-04-15,45638-1680518-1,Pakistani,0311-9026510,zara.qureshi771@gmail.com,Islamabad,Corporate,,False,1832,4,2022-01-03
CU00743,Fahad Nawaz,M,1979-06-24,17228-2959309-7,Pakistani,0346-4389982,fahad.nawaz77@gmail.com,Karachi,Overseas Pakistani,ISB-800779,True,1583,7,2025-06-07
CU00744,Rizwan Khan,M,1962-02-24,46601-2343929-5,Pakistani,0315-2227468,rizwan.khan879@gmail.com,Faisalabad,Individual,KPK-156962,True,3712,11,2024-04-15
CU00745,Asma Chaudhry,F,1999-02-09,16592-7180073-4,Pakistani,0320-5531886,asma.chaudhry18@gmail.com,Karachi,Individual,SND-562054,True,3626,6,2025-05-11
CU00746,Omar Ali,M,1992-01-16,63955-3181520-3,Pakistani,0321-1326526,omar.ali569@gmail.com,Faisalabad,Overseas Pakistani,,False,754,9,2026-03-08
CU00747,Robia Qureshi,F,2001-05-28,N/A,Australia,0301-5421566,robia.qureshi24@gmail.com,Islamabad,Individual,,False,3254,9,2024-12-09
CU00748,Zara Ahmed,F,1968-10-04,51182-7004212-3,Pakistani,0312-6783796,zara.ahmed938@gmail.com,Islamabad,Individual,,False,3287,7,2022-08-11
CU00749,Ali Bhatti,M,1960-06-23,20301-3741108-1,Pakistani,0333-2889450,ali.bhatti225@gmail.com,Islamabad,Government,SND-349532,True,4204,8,2025-10-03
CU00750,Faisal Hashmi,M,1984-06-30,68653-2247151-9,Pakistani,0320-6152253,faisal.hashmi271@gmail.com,Karachi,Individual,BLN-151573,True,1381,4,2025-03-31
CU00751,Usman Qureshi,M,1973-03-10,47324-1887516-4,Pakistani,0345-4437489,usman.qureshi699@gmail.com,Lahore,Government,KPK-972415,True,832,13,2024-03-26
CU00752,Hassan Malik,M,2000-08-06,N/A,UK,0311-2261287,hassan.malik15@gmail.com,Lahore,Tourist,PB-770105,True,755,7,2024-10-03
CU00753,Sumera Rizvi,F,1997-02-09,65032-3879299-9,Pakistani,0321-9242744,sumera.rizvi804@gmail.com,Islamabad,Corporate,BLN-559203,True,1915,8,2026-04-02
CU00754,Rizwan Iqbal,M,1999-03-28,33228-6342564-7,Pakistani,0300-6678605,rizwan.iqbal235@gmail.com,Murree,Individual,,False,4689,11,2026-03-17
CU00755,Junaid Khan,M,1982-02-08,99226-2996404-8,American Pakistani,0345-2024902,junaid.khan413@gmail.com,Peshawar,Corporate,SND-347411,True,3318,7,2024-11-27
CU00756,Sana Khan,F,1976-05-17,32405-4027431-4,Pakistani,0321-6501091,sana.khan691@gmail.com,Peshawar,Individual,PB-190375,True,3222,8,2025-10-22
CU00757,Noor Khan,F,1994-11-13,63075-3522295-2,Pakistani,0346-3922838,noor.khan75@gmail.com,Rawalpindi,Government,,False,4674,16,2022-10-12
CU00758,Zubair Bhatti,M,1993-11-12,99373-5504975-4,Pakistani,0333-5845328,zubair.bhatti803@gmail.com,Karachi,Individual,BLN-116951,True,1297,7,2022-09-17
CU00759,Ayesha Mirza,F,1995-10-24,81078-8267065-5,Pakistani,0346-5896725,ayesha.mirza664@gmail.com,Islamabad,Corporate,PB-412619,True,4961,7,2023-11-23
CU00760,Laiba Nawaz,F,1984-10-30,92059-9515022-8,Pakistani,0300-8405556,laiba.nawaz94@gmail.com,Karachi,Corporate,KPK-287739,True,1927,7,2025-01-19
CU00761,Zubair Hashmi,M,1968-10-16,90685-8583409-5,Pakistani,0333-2308486,zubair.hashmi987@gmail.com,Lahore,Government,BLN-166564,True,3779,3,2024-10-10
CU00762,Saad Qureshi,M,1984-04-23,30173-3172440-6,Pakistani,0346-4290911,saad.qureshi506@gmail.com,Islamabad,Corporate,ISB-928928,True,4359,10,2023-10-14
CU00763,Fatima Qureshi,F,1988-11-12,45301-1501601-6,Pakistani,0333-7391099,fatima.qureshi746@gmail.com,Islamabad,Corporate,BLN-447998,True,3740,9,2025-03-11
CU00764,Raza Sheikh,M,1967-07-14,45169-5214532-3,Pakistani,0346-7596354,raza.sheikh472@gmail.com,Rawalpindi,Corporate,,False,4862,8,2024-03-18
CU00765,Shoaib Gondal,M,1973-03-12,85504-5517306-7,Pakistani,0312-4264306,shoaib.gondal560@gmail.com,Islamabad,Individual,,False,4690,7,2022-07-31
CU00766,Omar Hussain,M,1963-07-28,54287-9108476-3,Pakistani,0321-7527621,omar.hussain172@gmail.com,Karachi,Overseas Pakistani,BLN-280205,True,3306,11,2025-04-21
CU00767,Kamran Iqbal,M,1975-05-27,76123-2781918-9,Pakistani,0333-7194675,kamran.iqbal375@gmail.com,Lahore,Tourist,ISB-777192,True,4011,6,2024-11-28
CU00768,Zubair Rizvi,M,1974-07-20,47657-5390715-4,Pakistani,0300-4257456,zubair.rizvi314@gmail.com,Islamabad,Individual,,False,982,8,2025-10-15
CU00769,Sumera Ahmed,F,2001-07-20,16145-4341145-9,Pakistani,0321-4959725,sumera.ahmed276@gmail.com,Murree,Overseas Pakistani,ISB-190188,True,2983,9,2023-03-07
CU00770,Ali Mirza,M,1973-03-04,38389-3911009-6,Pakistani,0315-4598169,ali.mirza838@gmail.com,Lahore,Individual,SND-598970,True,4296,8,2022-07-19
CU00771,Hamza Bhatti,M,1998-03-13,29619-2830473-5,Pakistani,0301-1590426,hamza.bhatti795@gmail.com,Rawalpindi,Individual,KPK-285938,True,3740,10,2024-02-24
CU00772,Hassan Javed,M,1986-07-17,27253-9019741-1,Pakistani,0320-7056350,hassan.javed133@gmail.com,Lahore,Corporate,,False,1925,16,2024-11-19
CU00773,Fahad Farooq,M,1975-08-16,66118-7980716-1,Pakistani,0321-9496643,fahad.farooq426@gmail.com,Lahore,Overseas Pakistani,SND-665093,True,3622,9,2023-07-27
CU00774,Omar Malik,M,1982-02-06,N/A,UK,0321-8079391,omar.malik988@gmail.com,Karachi,Corporate,KPK-935298,True,2599,7,2026-06-02
CU00775,Laiba Raza,F,1967-12-22,20876-8182448-6,Pakistani,0300-3283803,laiba.raza955@gmail.com,Lahore,Individual,,False,51,12,2022-03-22
CU00776,Salman Raza,M,1976-09-16,40988-3199961-2,Pakistani,0321-6324701,salman.raza71@gmail.com,Karachi,Corporate,PB-105840,True,2654,7,2023-11-28
CU00777,Waqar Chaudhry,M,1988-05-30,47212-6087899-5,Pakistani,0346-9804546,waqar.chaudhry632@gmail.com,Karachi,Corporate,,False,3138,17,2024-03-01
CU00778,Kamran Hashmi,M,1966-06-18,93535-8399823-5,Pakistani,0333-3511627,kamran.hashmi765@gmail.com,Lahore,Overseas Pakistani,ISB-236038,True,3000,11,2024-11-21
CU00779,Nadia Siddiqui,F,1972-11-30,32658-2776056-3,Pakistani,0312-2055548,nadia.siddiqui130@gmail.com,Islamabad,Government,PB-736044,True,1173,10,2025-08-14
CU00780,Asad Gondal,M,1964-02-26,64443-5402179-8,Pakistani,0311-4421831,asad.gondal735@gmail.com,Islamabad,Tourist,BLN-585685,True,2826,11,2022-02-19
CU00781,Arif Hashmi,M,1978-02-14,33680-6873497-8,Pakistani,0345-6382950,arif.hashmi267@gmail.com,Lahore,Individual,KPK-689343,True,2176,5,2024-09-17
CU00782,Usman Bajwa,M,2002-04-05,97789-8609696-7,Pakistani,0346-5044801,usman.bajwa748@gmail.com,Islamabad,Individual,ISB-511561,True,434,5,2025-01-30
CU00783,Uzma Sheikh,F,1988-12-13,N/A,France,0345-4645184,uzma.sheikh949@gmail.com,Lahore,Individual,BLN-787232,True,4772,7,2023-01-17
CU00784,Fatima Mirza,F,1968-02-26,38062-7911210-3,Pakistani,0301-8165549,fatima.mirza819@gmail.com,Islamabad,Corporate,,False,2678,8,2025-09-08
CU00785,Sara Rana,F,1973-08-07,52611-7101744-4,Pakistani,0315-4408903,sara.rana328@gmail.com,Islamabad,Corporate,,False,4554,4,2023-09-23
CU00786,Hassan Hashmi,M,1992-07-05,61522-5862755-4,Pakistani,0300-6580507,hassan.hashmi268@gmail.com,Karachi,Tourist,KPK-705666,True,4080,6,2025-06-05
CU00787,Hina Butt,F,2000-01-26,34483-3924781-8,Pakistani,0301-3719411,hina.butt57@gmail.com,Lahore,Overseas Pakistani,KPK-358462,True,4881,6,2024-08-17
CU00788,Robia Mehmood,F,1965-01-17,83179-9706450-4,Pakistani,0311-3503824,robia.mehmood29@gmail.com,Islamabad,Tourist,ISB-241260,True,2984,7,2024-03-24
CU00789,Ayesha Rizvi,F,1968-06-14,74087-8811505-9,Pakistani,0346-9487851,ayesha.rizvi885@gmail.com,Islamabad,Overseas Pakistani,,False,4660,12,2024-06-16
CU00790,Bilal Javed,M,1993-03-11,N/A,UK,0311-4972775,bilal.javed653@gmail.com,Karachi,Overseas Pakistani,BLN-513501,True,498,13,2026-06-24
CU00791,Ayesha Chaudhry,F,1960-10-11,85060-6381025-2,Pakistani,0345-2114148,ayesha.chaudhry356@gmail.com,Rawalpindi,Individual,PB-320254,True,4673,8,2022-07-11
CU00792,Usman Rana,M,1985-11-21,97032-1403155-2,Pakistani,0320-4335973,usman.rana490@gmail.com,Islamabad,Overseas Pakistani,,False,2270,8,2025-08-31
CU00793,Asma Chaudhry,F,1962-07-17,71616-2386600-4,Pakistani,0315-9386347,asma.chaudhry96@gmail.com,Karachi,Individual,BLN-220764,True,1189,7,2024-03-25
CU00794,Usman Mehmood,M,1966-10-22,N/A,France,0345-7880529,usman.mehmood478@gmail.com,Islamabad,Individual,,False,1143,8,2022-04-20
CU00795,Arif Mehmood,M,1990-03-17,33685-1702145-2,Pakistani,0315-1535484,arif.mehmood458@gmail.com,Islamabad,Individual,PB-858119,True,2809,6,2025-09-17
CU00796,Asma Farooq,F,1979-08-19,38061-1621143-5,Pakistani,0315-4228684,asma.farooq442@gmail.com,Multan,Individual,,False,3115,10,2023-11-22
CU00797,Muhammad Raja,M,1968-01-09,23582-3510404-5,Pakistani,0311-2685416,muhammad.raja93@gmail.com,Lahore,Overseas Pakistani,,False,2330,5,2022-02-16
CU00798,Saima Rana,F,1983-07-17,52813-3258787-3,Pakistani,0315-5810245,saima.rana385@gmail.com,Islamabad,Individual,PB-117946,True,4844,13,2023-02-01
CU00799,Noor Siddiqui,F,1992-05-14,N/A,Saudi,0312-6792145,noor.siddiqui132@gmail.com,Lahore,Tourist,BLN-620678,True,139,6,2026-05-09
CU00800,Faisal Sheikh,M,1966-05-13,80731-7152047-7,Pakistani,0320-3186635,faisal.sheikh218@gmail.com,Rawalpindi,Individual,ISB-371955,True,613,9,2026-03-01
CU00801,Fatima Malik,F,1981-08-12,72824-4872295-9,Pakistani,0345-5662904,fatima.malik62@gmail.com,Multan,Individual,PB-728167,True,503,9,2024-06-26
CU00802,Sara Ansari,F,1979-02-12,46883-9909493-2,Pakistani,0321-6359232,sara.ansari268@gmail.com,Nathiagali,Individual,PB-967977,True,62,8,2023-03-31
CU00803,Maryam Ali,F,1971-03-15,63154-9327992-8,Pakistani,0321-8099935,maryam.ali915@gmail.com,Islamabad,Individual,,False,2525,9,2025-06-29
CU00804,Faisal Bajwa,M,1990-05-16,32607-5128831-5,Pakistani,0345-2785515,faisal.bajwa141@gmail.com,Peshawar,Individual,KPK-584175,True,3556,10,2022-01-06
CU00805,Nasir Ali,M,1994-07-02,13492-7921821-9,Pakistani,0312-2684049,nasir.ali461@gmail.com,Islamabad,Tourist,SND-389585,True,737,9,2024-09-28
CU00806,Waqar Ali,M,1984-06-02,N/A,UK,0301-3485244,waqar.ali607@gmail.com,Islamabad,Individual,ISB-854757,True,886,13,2023-12-03
CU00807,Uzma Ahmed,F,1968-10-07,70548-4845153-6,Pakistani,0301-1801923,uzma.ahmed833@gmail.com,Lahore,Individual,KPK-478662,True,4347,11,2023-07-19
CU00808,Bilal Qureshi,M,1967-11-06,33819-6854133-9,Pakistani,0346-6961507,bilal.qureshi458@gmail.com,Islamabad,Individual,SND-837576,True,3518,8,2025-05-05
CU00809,Muhammad Chaudhry,M,1965-05-28,N/A,UK,0312-7754169,muhammad.chaudhry161@gmail.com,Lahore,Individual,,False,3600,11,2023-06-05
CU00810,Saima Ansari,F,1996-12-04,28117-8969234-1,Pakistani,0300-1966046,saima.ansari273@gmail.com,Islamabad,Individual,SND-534953,True,3486,5,2022-07-25
CU00811,Kashif Rana,M,1986-06-08,87137-9147916-8,Pakistani,0301-5233170,kashif.rana39@gmail.com,Islamabad,Individual,ISB-885407,True,2151,11,2025-04-14
CU00812,Arif Rizvi,M,1963-01-18,N/A,Australia,0320-1050782,arif.rizvi323@gmail.com,Murree,Corporate,,False,2042,5,2025-09-29
CU00813,Sara Mirza,F,1995-03-10,87286-5993383-8,Pakistani,0333-9878299,sara.mirza505@gmail.com,Islamabad,Individual,PB-779505,True,533,9,2023-02-11
CU00814,Faisal Raja,M,1965-05-24,23376-7893543-7,Pakistani,0301-3490407,faisal.raja222@gmail.com,Murree,Individual,,False,3972,10,2023-08-11
CU00815,Robia Hashmi,F,1985-08-12,67264-4070487-4,Pakistani,0346-5850391,robia.hashmi597@gmail.com,Rawalpindi,Individual,,False,4656,6,2022-08-22
CU00816,Uzma Khan,F,1963-01-02,96549-3341538-1,Pakistani,0312-8839464,uzma.khan53@gmail.com,Karachi,Overseas Pakistani,,False,4223,7,2024-08-01
CU00817,Bushra Butt,F,1964-09-27,96411-1460189-5,Pakistani,0301-2404057,bushra.butt241@gmail.com,Islamabad,Individual,KPK-817588,True,4682,12,2024-11-16
CU00818,Arif Bajwa,M,1980-02-14,12937-9449836-5,Pakistani,0346-1512305,arif.bajwa835@gmail.com,Multan,Overseas Pakistani,,False,578,11,2025-01-24
CU00819,Zara Raza,F,1984-01-02,56668-9756805-9,Pakistani,0312-8387907,zara.raza996@gmail.com,Islamabad,Tourist,,False,4152,8,2024-02-05
CU00820,Muhammad Rizvi,M,1967-09-28,72168-6372033-8,Pakistani,0301-4017046,muhammad.rizvi863@gmail.com,Islamabad,Individual,PB-498720,True,4615,13,2022-06-24
CU00821,Zubair Ahmed,M,1994-04-19,75494-5536829-3,Pakistani,0315-8104723,zubair.ahmed574@gmail.com,Karachi,Individual,BLN-257744,True,3795,6,2026-01-27
CU00822,Sumera Raja,F,2001-09-22,87180-6949892-4,Pakistani,0301-5339451,sumera.raja927@gmail.com,Murree,Corporate,ISB-928497,True,4759,5,2024-05-17
CU00823,Hamza Ali,M,1982-03-05,98367-4760289-6,Pakistani,0333-6939848,hamza.ali110@gmail.com,Abbottabad,Corporate,SND-709258,True,3261,8,2023-01-08
CU00824,Ahmed Gondal,M,2001-07-19,81669-5171737-5,Pakistani,0315-8202597,ahmed.gondal27@gmail.com,Lahore,Corporate,KPK-575067,True,4191,13,2023-10-02
CU00825,Faisal Khan,M,1966-11-10,56605-5079515-7,Pakistani,0320-3098120,faisal.khan1@gmail.com,Lahore,Individual,BLN-701746,True,1818,8,2023-06-29
CU00826,Nasir Javed,M,1982-07-05,43886-7630163-8,Pakistani,0311-9845104,nasir.javed456@gmail.com,Islamabad,Individual,BLN-703717,True,558,7,2024-05-20
CU00827,Rizwan Ahmed,M,1964-01-01,42543-7002000-3,Pakistani,0312-7834693,rizwan.ahmed111@gmail.com,Rawalpindi,Individual,PB-323707,True,3892,11,2026-01-13
CU00828,Muhammad Mirza,M,1968-05-14,76983-2583694-7,Pakistani,0321-1367938,muhammad.mirza932@gmail.com,Gujranwala,Individual,PB-477818,True,2280,6,2026-03-17
CU00829,Usman Hussain,M,1965-08-02,N/A,Saudi,0312-5851168,usman.hussain281@gmail.com,Karachi,Individual,ISB-925961,True,4646,9,2024-05-02
CU00830,Ali Hashmi,M,1993-11-22,26616-5340129-9,Pakistani,0315-1701806,ali.hashmi560@gmail.com,Karachi,Overseas Pakistani,,False,4432,8,2026-02-02
CU00831,Zubair Bhatti,M,1997-05-19,64224-9673344-2,Pakistani,0312-6476889,zubair.bhatti638@gmail.com,Lahore,Individual,PB-513683,True,3084,9,2023-06-27
CU00832,Sohail Raja,M,1984-02-25,N/A,Australia,0333-8387790,sohail.raja320@gmail.com,Karachi,Overseas Pakistani,,False,4151,6,2024-02-20
CU00833,Kamran Ahmed,M,1974-09-06,16461-2856331-2,Pakistani,0315-3261026,kamran.ahmed740@gmail.com,Rawalpindi,Individual,,False,4907,12,2025-10-23
CU00834,Fahad Raja,M,1995-01-13,N/A,Australia,0300-6893182,fahad.raja117@gmail.com,Lahore,Individual,,False,576,7,2024-08-29
CU00835,Raza Mehmood,M,1962-10-10,37150-8067382-6,Pakistani,0312-7891905,raza.mehmood727@gmail.com,Islamabad,Corporate,,False,1030,11,2022-07-24
CU00836,Tariq Mirza,M,1976-09-14,87872-6052169-3,Pakistani,0320-9897844,tariq.mirza995@gmail.com,Karachi,Individual,BLN-362372,True,1465,6,2022-04-07
CU00837,Zubair Qureshi,M,1990-08-11,66536-9346722-7,Pakistani,0300-6484043,zubair.qureshi809@gmail.com,Nathiagali,Tourist,SND-374864,True,1325,10,2022-01-30
CU00838,Maryam Mirza,F,1979-01-01,13825-8560170-5,Pakistani,0321-4703279,maryam.mirza197@gmail.com,Nathiagali,Individual,BLN-944381,True,4985,14,2022-03-01
CU00839,Imran Siddiqui,M,1971-07-30,34159-8025190-6,Pakistani,0320-1909197,imran.siddiqui112@gmail.com,Peshawar,Overseas Pakistani,,False,3248,13,2025-07-19
CU00840,Sohail Siddiqui,M,1970-04-08,N/A,USA,0311-2986662,sohail.siddiqui180@gmail.com,Multan,Individual,PB-408399,True,1483,12,2026-04-10
CU00841,Mehwish Hashmi,F,1991-02-16,90382-2129648-7,Pakistani,0300-2739064,mehwish.hashmi81@gmail.com,Karachi,Individual,,False,1448,10,2023-07-30
CU00842,Hina Ahmed,F,1976-09-16,77773-7513668-1,Pakistani,0300-1251893,hina.ahmed111@gmail.com,Multan,Overseas Pakistani,SND-717411,True,4229,7,2024-03-22
CU00843,Saad Rizvi,M,1965-09-25,56971-8450565-1,Pakistani,0320-8484573,saad.rizvi139@gmail.com,Islamabad,Individual,SND-931026,True,2155,9,2022-12-03
CU00844,Hamza Ahmed,M,1966-08-09,42929-4838753-8,Pakistani,0321-4824801,hamza.ahmed441@gmail.com,Karachi,Overseas Pakistani,KPK-830264,True,4822,14,2026-02-03
CU00845,Arif Rizvi,M,1962-02-26,44698-9624430-3,American Pakistani,0320-3146086,arif.rizvi127@gmail.com,Lahore,Individual,BLN-828462,True,1905,11,2024-10-28
CU00846,Tariq Siddiqui,M,1995-09-30,66260-5269208-5,Pakistani,0321-5784978,tariq.siddiqui668@gmail.com,Peshawar,Government,SND-454984,True,1193,11,2023-02-08
CU00847,Sara Sheikh,F,1966-04-11,80420-9241865-2,Pakistani,0345-8354936,sara.sheikh923@gmail.com,Faisalabad,Individual,SND-901276,True,1689,7,2023-05-13
CU00848,Nadia Hashmi,F,1967-08-12,99795-3847361-2,Pakistani,0345-6932930,nadia.hashmi732@gmail.com,Islamabad,Overseas Pakistani,ISB-786874,True,4447,7,2022-05-05
CU00849,Sara Gondal,F,1995-03-03,93275-4260851-1,Pakistani,0333-4851116,sara.gondal333@gmail.com,Lahore,Individual,BLN-627477,True,1186,13,2023-07-01
CU00850,Imran Mirza,M,1998-01-10,93148-2742095-9,Pakistani,0301-7649465,imran.mirza452@gmail.com,Islamabad,Individual,,False,3884,8,2024-10-31
CU00851,Ali Ansari,M,1975-06-29,57115-5389804-5,Pakistani,0333-1897366,ali.ansari846@gmail.com,Gujranwala,Individual,,False,4355,8,2023-03-07
CU00852,Noor Javed,F,1962-12-16,82413-2797731-1,Pakistani,0321-5042026,noor.javed660@gmail.com,Lahore,Corporate,,False,4880,8,2022-09-10
CU00853,Faisal Nawaz,M,1982-12-27,84435-8140130-9,Pakistani,0346-3600528,faisal.nawaz907@gmail.com,Karachi,Overseas Pakistani,,False,4905,11,2022-05-05
CU00854,Kashif Hashmi,M,1985-12-17,68905-3307375-5,Pakistani,0333-4901561,kashif.hashmi38@gmail.com,Karachi,Overseas Pakistani,ISB-864306,True,4900,11,2025-01-11
CU00855,Saima Javed,F,1971-05-02,95026-4798095-8,Pakistani,0311-9748705,saima.javed242@gmail.com,Islamabad,Individual,,False,1951,14,2025-03-09
CU00856,Sana Sheikh,F,1988-12-24,30593-4524729-3,Pakistani,0346-9634963,sana.sheikh947@gmail.com,Karachi,Individual,,False,404,10,2025-12-28
CU00857,Bilal Butt,M,1966-07-15,33033-1035443-1,Pakistani,0301-9758068,bilal.butt396@gmail.com,Islamabad,Tourist,SND-555051,True,3108,7,2022-08-23
CU00858,Muhammad Nawaz,M,1997-09-26,98701-9067264-7,Pakistani,0301-1187973,muhammad.nawaz561@gmail.com,Karachi,Corporate,,False,684,7,2023-08-29
CU00859,Zubair Ahmed,M,1972-12-14,51854-5093114-2,Pakistani,0315-9561996,zubair.ahmed774@gmail.com,Islamabad,Tourist,ISB-924357,True,3953,5,2023-07-20
CU00860,Arif Farooq,M,1998-05-29,87162-6308180-2,Pakistani,0300-1061235,arif.farooq204@gmail.com,Lahore,Individual,ISB-579245,True,3311,8,2023-01-09
CU00861,Rizwan Hussain,M,2002-04-27,19769-6560094-1,Pakistani,0300-8313384,rizwan.hussain444@gmail.com,Rawalpindi,Tourist,SND-542584,True,2200,4,2022-07-08
CU00862,Zain Qureshi,M,2001-02-04,39464-5734405-1,Pakistani,0345-6434660,zain.qureshi103@gmail.com,Lahore,Overseas Pakistani,,False,3267,9,2025-06-11
CU00863,Sumera Hussain,F,1994-08-25,83622-4265640-7,Pakistani,0333-4394065,sumera.hussain302@gmail.com,Karachi,Individual,BLN-247667,True,3095,13,2024-12-30
CU00864,Sumera Gondal,F,1978-03-06,80770-8272068-9,Pakistani,0346-9724806,sumera.gondal920@gmail.com,Islamabad,Corporate,BLN-224060,True,3870,9,2024-12-19
CU00865,Robia Gondal,F,1963-04-05,57581-8609042-2,Pakistani,0315-8624752,robia.gondal919@gmail.com,Rawalpindi,Individual,SND-124509,True,4871,10,2023-04-30
CU00866,Ali Malik,M,1979-05-12,92714-9757314-9,Pakistani,0311-7377698,ali.malik16@gmail.com,Abbottabad,Tourist,KPK-182480,True,4532,12,2022-01-12
CU00867,Sumera Siddiqui,F,2001-12-02,76911-6273994-2,Pakistani,0345-9164764,sumera.siddiqui468@gmail.com,Islamabad,Individual,KPK-840364,True,739,13,2025-10-06
CU00868,Robia Raza,F,1977-04-10,94538-3426881-5,Pakistani,0301-7758079,robia.raza963@gmail.com,Karachi,Tourist,PB-556909,True,2181,13,2022-12-29
CU00869,Sohail Hashmi,M,1974-12-29,44646-7147865-5,Pakistani,0311-2765563,sohail.hashmi844@gmail.com,Lahore,Individual,,False,4534,5,2023-12-11
CU00870,Noor Hashmi,F,1997-05-21,85756-3374579-3,Pakistani,0321-9337352,noor.hashmi851@gmail.com,Murree,Individual,ISB-844810,True,4706,11,2022-02-06
CU00871,Ayesha Ahmed,F,1988-05-09,16925-8706751-3,Pakistani,0312-3281909,ayesha.ahmed286@gmail.com,Lahore,Overseas Pakistani,SND-286253,True,4121,13,2022-11-30
CU00872,Laiba Mirza,F,1999-10-22,73632-9727015-9,Pakistani,0311-3699752,laiba.mirza706@gmail.com,Karachi,Tourist,KPK-851909,True,3707,9,2023-05-08
CU00873,Hamza Ahmed,M,1977-06-21,18639-1988470-6,Pakistani,0346-1989886,hamza.ahmed94@gmail.com,Faisalabad,Corporate,ISB-702261,True,3045,8,2022-01-03
CU00874,Fahad Bhatti,M,1999-09-27,N/A,UAE,0311-8170643,fahad.bhatti83@gmail.com,Peshawar,Government,ISB-880002,True,2971,11,2023-04-11
CU00875,Uzma Ali,F,1996-10-26,66385-6266537-1,Pakistani,0300-9117939,uzma.ali263@gmail.com,Lahore,Individual,ISB-628671,True,4702,8,2026-05-28
CU00876,Kamran Mirza,M,1991-05-12,78406-8857193-7,Pakistani,0315-4579226,kamran.mirza886@gmail.com,Rawalpindi,Tourist,,False,3376,7,2023-12-07
CU00877,Tariq Hussain,M,2002-11-28,77458-3369793-8,Pakistani,0312-6215275,tariq.hussain831@gmail.com,Lahore,Individual,,False,4410,6,2022-06-19
CU00878,Arif Mehmood,M,1994-09-11,83594-7765944-4,Pakistani,0311-2152942,arif.mehmood480@gmail.com,Islamabad,Individual,KPK-323698,True,2948,11,2024-06-15
CU00879,Arif Iqbal,M,1975-02-18,45783-8305164-1,Pakistani,0333-8512915,arif.iqbal199@gmail.com,Abbottabad,Individual,BLN-674571,True,1794,4,2026-01-09
CU00880,Maryam Rizvi,F,1982-07-31,39864-7419383-5,Pakistani,0333-3313573,maryam.rizvi554@gmail.com,Islamabad,Individual,ISB-446919,True,2736,10,2022-04-19
CU00881,Faisal Hussain,M,1991-08-11,20493-7110632-7,Pakistani,0311-4455938,faisal.hussain579@gmail.com,Islamabad,Individual,PB-864607,True,79,11,2025-05-01
CU00882,Kashif Farooq,M,1974-07-23,N/A,Australia,0300-2706522,kashif.farooq911@gmail.com,Islamabad,Individual,PB-204574,True,682,11,2022-07-25
CU00883,Waqar Qureshi,M,1964-04-01,48657-8468968-7,Pakistani,0300-3972043,waqar.qureshi173@gmail.com,Karachi,Corporate,ISB-525850,True,3038,5,2023-04-24
CU00884,Tariq Javed,M,2002-03-10,97406-3268836-3,Pakistani,0345-6263801,tariq.javed804@gmail.com,Islamabad,Individual,,False,4635,6,2024-01-02
CU00885,Ayesha Khan,F,1967-01-31,N/A,Australia,0301-6360447,ayesha.khan114@gmail.com,Nathiagali,Tourist,,False,2762,7,2023-03-16
CU00886,Nadia Siddiqui,F,1995-10-17,90954-6700634-1,Pakistani,0345-5739891,nadia.siddiqui45@gmail.com,Karachi,Corporate,SND-204745,True,3628,8,2025-12-13
CU00887,Usman Bhatti,M,1986-09-08,94399-1470606-4,Pakistani,0301-1807730,usman.bhatti10@gmail.com,Lahore,Overseas Pakistani,SND-401828,True,1771,9,2023-09-15
CU00888,Fatima Chaudhry,F,1990-12-14,14119-4598930-7,Pakistani,0300-9497362,fatima.chaudhry627@gmail.com,Abbottabad,Individual,KPK-167538,True,589,6,2025-01-16
CU00889,Sohail Sheikh,M,2002-11-09,32840-7025942-6,Pakistani,0312-7271320,sohail.sheikh703@gmail.com,Islamabad,Corporate,BLN-457006,True,1200,7,2022-04-04
CU00890,Ali Ali,M,1962-08-29,12519-7673699-7,Pakistani,0346-1986329,ali.ali76@gmail.com,Lahore,Individual,BLN-505649,True,3598,4,2024-09-04
CU00891,Arif Javed,M,2000-03-01,26424-4654144-4,Pakistani,0315-5848213,arif.javed315@gmail.com,Islamabad,Individual,,False,4759,7,2025-12-02
CU00892,Noor Iqbal,F,1960-12-02,30601-6606514-6,Pakistani,0300-4656866,noor.iqbal165@gmail.com,Islamabad,Individual,,False,2850,7,2022-01-23
CU00893,Bilal Qureshi,M,1974-01-16,70211-5274350-3,Pakistani,0315-2025898,bilal.qureshi643@gmail.com,Rawalpindi,Overseas Pakistani,PB-793624,True,4691,7,2025-12-09
CU00894,Rabia Iqbal,F,1973-10-20,14187-1668300-7,Pakistani,0300-6975532,rabia.iqbal251@gmail.com,Rawalpindi,Individual,,False,46,9,2025-07-28
CU00895,Bushra Rizvi,F,2000-12-23,25289-2482875-7,Pakistani,0333-8450288,bushra.rizvi226@gmail.com,Lahore,Individual,PB-746202,True,53,18,2023-07-31
CU00896,Aisha Bhatti,F,1974-12-26,81176-8569000-6,Pakistani,0315-4121703,aisha.bhatti90@gmail.com,Peshawar,Government,,False,1400,13,2025-04-30
CU00897,Mehwish Raza,F,1967-07-07,33485-1142126-3,Pakistani,0345-7208308,mehwish.raza363@gmail.com,Lahore,Individual,BLN-295599,True,636,10,2023-06-08
CU00898,Faisal Khan,M,1991-03-04,55121-3719631-4,Pakistani,0346-1102663,faisal.khan186@gmail.com,Karachi,Individual,PB-552407,True,1378,6,2022-07-22
CU00899,Sohail Mehmood,M,1989-08-13,78452-9201256-1,Pakistani,0321-2584831,sohail.mehmood445@gmail.com,Islamabad,Individual,,False,871,12,2026-05-02
CU00900,Hamza Chaudhry,M,1984-01-09,51018-8780433-8,Pakistani,0311-2580352,hamza.chaudhry391@gmail.com,Lahore,Corporate,,False,4554,11,2024-11-24
CU00901,Ahmed Farooq,M,1994-09-05,89150-4622993-2,Pakistani,0346-7298799,ahmed.farooq624@gmail.com,Rawalpindi,Individual,,False,1266,13,2024-11-07
CU00902,Robia Butt,F,1996-01-19,96161-2610184-9,Pakistani,0311-3820608,robia.butt740@gmail.com,Lahore,Individual,,False,3905,6,2022-11-29
CU00903,Omar Rizvi,M,1969-08-03,39968-3269458-3,British Pakistani,0300-5227221,omar.rizvi91@gmail.com,Karachi,Corporate,,False,2272,16,2023-07-25
CU00904,Tariq Rana,M,1969-06-25,18655-8070928-6,Pakistani,0315-4293083,tariq.rana718@gmail.com,Karachi,Overseas Pakistani,,False,83,13,2025-10-10
CU00905,Zain Mehmood,M,1960-08-01,29564-4674504-3,Pakistani,0311-8363632,zain.mehmood510@gmail.com,Islamabad,Corporate,KPK-991799,True,1041,6,2025-11-25
CU00906,Rabia Siddiqui,F,1992-03-14,64778-6628171-1,Pakistani,0333-5252448,rabia.siddiqui406@gmail.com,Islamabad,Overseas Pakistani,PB-103026,True,470,7,2023-12-07
CU00907,Laiba Iqbal,F,2001-12-08,86619-2609837-9,Pakistani,0312-3214914,laiba.iqbal787@gmail.com,Murree,Individual,ISB-817002,True,187,7,2025-08-27
CU00908,Sohail Ahmed,M,1978-08-25,59560-1685796-3,Pakistani,0315-9906787,sohail.ahmed224@gmail.com,Karachi,Tourist,ISB-923298,True,238,3,2023-06-24
CU00909,Junaid Rizvi,M,1996-11-01,84381-2361636-4,Pakistani,0301-8043067,junaid.rizvi499@gmail.com,Rawalpindi,Corporate,ISB-625428,True,457,12,2024-01-22
CU00910,Shoaib Ansari,M,1997-09-29,61642-3566438-2,Pakistani,0315-9592367,shoaib.ansari824@gmail.com,Faisalabad,Individual,SND-479637,True,2962,8,2022-05-04
CU00911,Asad Farooq,M,1994-03-25,66555-7568552-4,Pakistani,0320-4163587,asad.farooq735@gmail.com,Peshawar,Individual,PB-695122,True,3414,11,2023-12-06
CU00912,Zain Gondal,M,1976-11-27,66864-2970838-2,Pakistani,0320-3463869,zain.gondal262@gmail.com,Islamabad,Individual,PB-924002,True,3366,6,2025-09-24
CU00913,Rizwan Mehmood,M,1975-05-30,29831-2701408-9,Pakistani,0346-1659190,rizwan.mehmood547@gmail.com,Faisalabad,Corporate,SND-722978,True,803,6,2026-02-24
CU00914,Hamza Malik,M,1988-09-07,84828-7379809-5,Pakistani,0312-4372441,hamza.malik574@gmail.com,Islamabad,Individual,KPK-944101,True,1961,12,2022-10-02
CU00915,Maryam Bhatti,F,2002-12-21,40913-4773411-4,Pakistani,0320-4394146,maryam.bhatti973@gmail.com,Islamabad,Individual,ISB-948210,True,1973,8,2022-06-08
CU00916,Rizwan Siddiqui,M,1998-01-20,45006-7204129-8,Pakistani,0333-5505739,rizwan.siddiqui512@gmail.com,Karachi,Individual,KPK-934735,True,3715,7,2024-04-02
CU00917,Junaid Hussain,M,1992-05-17,36131-7048062-4,American Pakistani,0333-7219629,junaid.hussain578@gmail.com,Peshawar,Overseas Pakistani,SND-998887,True,2218,13,2024-03-15
CU00918,Junaid Gondal,M,1994-11-07,46746-3121867-2,Pakistani,0311-6758906,junaid.gondal293@gmail.com,Lahore,Government,KPK-123200,True,4386,8,2025-11-29
CU00919,Sumera Mirza,F,2001-07-04,54786-4109904-7,Pakistani,0315-3392353,sumera.mirza331@gmail.com,Murree,Corporate,KPK-703682,True,3123,7,2024-03-24
CU00920,Faisal Butt,M,1965-01-22,46199-3293594-4,Pakistani,0321-2990842,faisal.butt273@gmail.com,Nathiagali,Individual,,False,1487,6,2024-02-28
CU00921,Rizwan Raza,M,1962-05-12,N/A,Saudi,0312-5157601,rizwan.raza812@gmail.com,Quetta,Government,PB-535637,True,953,9,2023-09-09
CU00922,Maryam Chaudhry,F,1992-03-23,70017-4791742-2,Pakistani,0300-1503109,maryam.chaudhry547@gmail.com,Peshawar,Individual,ISB-619760,True,4348,9,2023-12-31
CU00923,Sana Sheikh,F,1963-07-24,83004-5711903-6,Pakistani,0311-4508371,sana.sheikh372@gmail.com,Rawalpindi,Corporate,,False,2288,11,2026-02-22
CU00924,Mehwish Nawaz,F,1995-10-10,N/A,France,0345-1815530,mehwish.nawaz116@gmail.com,Lahore,Individual,SND-303419,True,1340,10,2025-08-20
CU00925,Fatima Javed,F,1983-09-24,68288-8764480-8,Pakistani,0311-8213778,fatima.javed410@gmail.com,Lahore,Individual,KPK-526495,True,1542,5,2023-02-04
CU00926,Hassan Hussain,M,2000-11-12,29988-8370707-9,British Pakistani,0301-1412494,hassan.hussain950@gmail.com,Islamabad,Overseas Pakistani,,False,3010,11,2023-10-29
CU00927,Raza Ali,M,1961-08-18,N/A,France,0311-2102474,raza.ali317@gmail.com,Islamabad,Individual,PB-435322,True,3793,14,2025-09-18
CU00928,Amna Sheikh,F,1979-01-31,26176-4651002-7,Pakistani,0346-2457010,amna.sheikh507@gmail.com,Islamabad,Individual,,False,1347,9,2022-03-13
CU00929,Bilal Qureshi,M,1987-12-02,33070-1449444-3,Pakistani,0315-9130904,bilal.qureshi803@gmail.com,Rawalpindi,Tourist,,False,2016,8,2023-12-06
CU00930,Shoaib Gondal,M,1975-10-20,N/A,France,0312-3489044,shoaib.gondal174@gmail.com,Murree,Overseas Pakistani,PB-771022,True,3626,6,2023-04-10
CU00931,Amna Nawaz,F,1987-01-24,39105-6939785-4,Pakistani,0311-4802340,amna.nawaz434@gmail.com,Karachi,Individual,,False,3496,15,2022-06-28
CU00932,Ahmed Hashmi,M,1977-10-24,34567-7527846-8,Pakistani,0301-9483674,ahmed.hashmi827@gmail.com,Islamabad,Individual,PB-970071,True,1637,5,2024-02-20
CU00933,Muhammad Hashmi,M,1965-08-04,82564-4728927-9,Canadian Pakistani,0346-4068301,muhammad.hashmi724@gmail.com,Islamabad,Individual,,False,734,11,2024-10-06
CU00934,Mehwish Javed,F,1994-03-08,52508-8425867-5,Pakistani,0311-3435189,mehwish.javed215@gmail.com,Rawalpindi,Overseas Pakistani,PB-824410,True,1251,6,2022-10-18
CU00935,Asma Khan,F,1988-06-21,55364-3588439-3,Pakistani,0311-6934754,asma.khan415@gmail.com,Islamabad,Corporate,,False,468,10,2024-02-12
CU00936,Sohail Mirza,M,1969-06-20,93287-9032737-4,Pakistani,0301-2925023,sohail.mirza545@gmail.com,Lahore,Individual,ISB-384747,True,3250,5,2025-11-01
CU00937,Zara Sheikh,F,1997-02-15,83254-6115213-2,Pakistani,0346-6435127,zara.sheikh153@gmail.com,Islamabad,Individual,ISB-792051,True,587,11,2023-03-27
CU00938,Nadia Qureshi,F,1989-08-27,N/A,UAE,0315-8944457,nadia.qureshi673@gmail.com,Islamabad,Tourist,KPK-504872,True,518,10,2023-10-05
CU00939,Robia Ali,F,1976-03-20,96466-2128985-6,Pakistani,0301-8182645,robia.ali738@gmail.com,Rawalpindi,Corporate,,False,2192,14,2022-05-28
CU00940,Arif Raja,M,1975-05-08,21970-7307818-4,Pakistani,0315-6386166,arif.raja462@gmail.com,Rawalpindi,Individual,,False,4482,12,2024-10-14
CU00941,Omar Ali,M,1981-05-27,66963-3655761-1,Pakistani,0301-9323687,omar.ali99@gmail.com,Peshawar,Tourist,PB-864374,True,735,7,2022-11-03
CU00942,Bilal Bajwa,M,1970-12-05,79727-8615232-7,Pakistani,0300-9778172,bilal.bajwa486@gmail.com,Peshawar,Individual,PB-177797,True,1351,9,2024-05-23
CU00943,Saad Iqbal,M,1963-08-02,95463-7533105-1,Pakistani,0345-6689470,saad.iqbal713@gmail.com,Peshawar,Government,BLN-656183,True,4380,9,2025-06-27
CU00944,Nasir Ansari,M,1975-10-22,99776-6180257-4,Pakistani,0301-2538395,nasir.ansari646@gmail.com,Islamabad,Corporate,,False,3131,6,2023-11-05
CU00945,Muhammad Nawaz,M,1990-02-23,26343-3428195-1,Pakistani,0311-3030905,muhammad.nawaz601@gmail.com,Karachi,Corporate,ISB-469070,True,192,5,2026-05-06
CU00946,Salman Qureshi,M,1972-03-19,47236-9052022-1,Pakistani,0300-1019975,salman.qureshi144@gmail.com,Quetta,Corporate,,False,3447,6,2025-02-23
CU00947,Asad Raza,M,1984-06-08,68697-8552077-5,Pakistani,0301-8042900,asad.raza836@gmail.com,Karachi,Individual,PB-504390,True,2847,10,2024-05-23
CU00948,Ayesha Hussain,F,1998-06-25,38913-8889649-4,Pakistani,0300-7478034,ayesha.hussain999@gmail.com,Rawalpindi,Individual,KPK-692493,True,3494,8,2025-06-16
CU00949,Faisal Bhatti,M,1963-07-19,N/A,Saudi,0315-7377974,faisal.bhatti229@gmail.com,Islamabad,Corporate,KPK-315889,True,405,11,2025-11-23
CU00950,Faisal Mehmood,M,1960-05-10,70643-7937806-4,Pakistani,0333-6028293,faisal.mehmood241@gmail.com,Islamabad,Individual,ISB-994776,True,2572,4,2025-06-11
CU00951,Waqar Gondal,M,1998-02-15,55702-5726023-7,Pakistani,0333-5160979,waqar.gondal306@gmail.com,Lahore,Corporate,KPK-890331,True,2144,8,2023-08-22
CU00952,Maryam Javed,F,1971-07-19,61841-5103508-4,Pakistani,0320-5626953,maryam.javed593@gmail.com,Peshawar,Tourist,SND-398937,True,1854,10,2025-03-23
CU00953,Mehwish Hussain,F,1960-10-08,N/A,UAE,0311-3451220,mehwish.hussain230@gmail.com,Lahore,Corporate,,False,391,8,2025-04-30
CU00954,Hamza Malik,M,1987-02-27,97688-9945252-9,Pakistani,0315-5523283,hamza.malik103@gmail.com,Karachi,Tourist,,False,2041,11,2022-11-19
CU00955,Muhammad Farooq,M,1985-08-12,72749-1727321-8,Pakistani,0321-6055958,muhammad.farooq921@gmail.com,Lahore,Individual,BLN-464639,True,1578,5,2023-08-11
CU00956,Salman Ansari,M,1976-08-14,26470-1625661-4,Pakistani,0300-1719922,salman.ansari310@gmail.com,Rawalpindi,Tourist,,False,2278,4,2025-03-06
CU00957,Asad Qureshi,M,2001-09-01,13589-3372887-6,Pakistani,0301-3287748,asad.qureshi798@gmail.com,Islamabad,Tourist,ISB-313951,True,3780,8,2023-11-14
CU00958,Noor Nawaz,F,1991-09-18,98806-8907996-1,Pakistani,0346-8218298,noor.nawaz995@gmail.com,Karachi,Individual,ISB-701530,True,4992,15,2023-03-24
CU00959,Zara Javed,F,1976-03-03,N/A,Australia,0333-4712584,zara.javed87@gmail.com,Lahore,Individual,ISB-333646,True,4440,8,2025-02-01
CU00960,Bilal Raza,M,1999-12-07,27790-1561792-4,Pakistani,0312-6201396,bilal.raza469@gmail.com,Islamabad,Overseas Pakistani,,False,2398,6,2023-01-11
CU00961,Bilal Rana,M,1964-10-31,64484-9463009-7,Pakistani,0346-1470104,bilal.rana34@gmail.com,Islamabad,Individual,,False,4523,7,2026-06-09
CU00962,Aisha Javed,F,1991-10-02,86358-1840925-3,Pakistani,0301-9175462,aisha.javed449@gmail.com,Abbottabad,Corporate,KPK-167540,True,3815,10,2023-06-24
CU00963,Ahmed Raza,M,1969-04-28,58052-1787382-3,Pakistani,0311-5703172,ahmed.raza433@gmail.com,Murree,Individual,SND-454775,True,1484,11,2024-07-07
CU00964,Nadia Chaudhry,F,1969-01-06,11221-3286603-1,Pakistani,0311-6539653,nadia.chaudhry411@gmail.com,Islamabad,Government,,False,4699,4,2022-08-09
CU00965,Muhammad Iqbal,M,1960-12-25,26102-8176895-8,Pakistani,0321-1179619,muhammad.iqbal449@gmail.com,Islamabad,Individual,SND-248891,True,3918,9,2025-06-02
CU00966,Arif Mirza,M,1971-03-05,37604-1940363-2,Pakistani,0311-4872690,arif.mirza753@gmail.com,Abbottabad,Individual,BLN-683143,True,2116,3,2024-09-25
CU00967,Muhammad Chaudhry,M,1972-02-24,80802-5966141-8,Pakistani,0301-1274903,muhammad.chaudhry94@gmail.com,Karachi,Government,SND-852562,True,1335,10,2022-12-01
CU00968,Sana Raza,F,1962-05-03,43940-8760635-2,Pakistani,0345-9307947,sana.raza329@gmail.com,Abbottabad,Individual,,False,2133,8,2024-04-27
CU00969,Salman Gondal,M,2001-12-21,93862-4814971-9,Pakistani,0345-3585136,salman.gondal808@gmail.com,Nathiagali,Overseas Pakistani,SND-759472,True,1215,5,2023-11-27
CU00970,Ali Butt,M,1966-12-23,54989-7463881-7,Pakistani,0346-5726937,ali.butt730@gmail.com,Rawalpindi,Individual,,False,2086,8,2024-11-04
CU00971,Sana Iqbal,F,1981-10-10,20001-4125710-2,Pakistani,0311-2418284,sana.iqbal89@gmail.com,Islamabad,Individual,,False,386,11,2022-09-02
CU00972,Waqar Ali,M,1970-07-28,90503-1838804-2,Pakistani,0345-1830199,waqar.ali884@gmail.com,Karachi,Government,SND-405500,True,295,12,2026-06-23
CU00973,Imran Gondal,M,1966-10-10,56525-3989746-6,Pakistani,0301-9287806,imran.gondal105@gmail.com,Rawalpindi,Corporate,PB-284028,True,1164,4,2024-10-05
CU00974,Zara Iqbal,F,1969-11-18,47914-3510769-3,Pakistani,0301-7302872,zara.iqbal181@gmail.com,Lahore,Individual,SND-812116,True,2625,7,2025-11-04
CU00975,Sumera Rana,F,1977-02-26,10197-4279979-4,Pakistani,0320-5939676,sumera.rana310@gmail.com,Murree,Individual,,False,3627,5,2022-02-07
CU00976,Rizwan Nawaz,M,1982-05-22,70899-1349126-3,Pakistani,0300-7277883,rizwan.nawaz629@gmail.com,Lahore,Corporate,SND-903162,True,4157,10,2025-11-02
CU00977,Sohail Farooq,M,1999-04-01,91777-4047737-7,Pakistani,0333-4509845,sohail.farooq164@gmail.com,Rawalpindi,Tourist,BLN-877079,True,2593,6,2024-04-28
CU00978,Omar Bhatti,M,2001-04-29,57014-3577164-1,Pakistani,0333-2351461,omar.bhatti908@gmail.com,Lahore,Individual,SND-466256,True,4446,7,2022-06-21
CU00979,Sohail Malik,M,1961-03-31,47465-2963364-2,Pakistani,0321-7887260,sohail.malik224@gmail.com,Karachi,Corporate,ISB-259000,True,4844,11,2023-10-13
CU00980,Raza Javed,M,1986-02-01,30207-7855263-3,Pakistani,0315-5977111,raza.javed681@gmail.com,Lahore,Individual,PB-144821,True,3534,8,2024-02-12
CU00981,Raza Hussain,M,1987-12-20,35497-4435348-2,Pakistani,0312-1678596,raza.hussain45@gmail.com,Lahore,Corporate,KPK-701774,True,4378,8,2023-04-05
CU00982,Nadia Ahmed,F,1996-09-25,32661-2279588-6,Pakistani,0320-9579227,nadia.ahmed679@gmail.com,Karachi,Individual,ISB-845777,True,3051,7,2025-01-07
CU00983,Hamza Rizvi,M,1978-09-17,23629-2841052-9,Pakistani,0321-5398044,hamza.rizvi570@gmail.com,Lahore,Government,,False,4401,8,2022-04-30
CU00984,Asad Farooq,M,1965-12-28,33286-9430150-8,Pakistani,0345-9798264,asad.farooq492@gmail.com,Murree,Corporate,,False,2003,8,2023-10-05
CU00985,Arif Mehmood,M,1977-05-23,25565-8303867-3,Pakistani,0312-5969315,arif.mehmood675@gmail.com,Karachi,Individual,,False,1476,14,2022-08-17
CU00986,Kamran Ansari,M,1996-04-10,18383-1762895-5,Pakistani,0311-5243555,kamran.ansari545@gmail.com,Islamabad,Individual,PB-934496,True,923,16,2023-07-31
CU00987,Asma Bajwa,F,1994-08-26,90608-8491253-3,Pakistani,0333-5658782,asma.bajwa590@gmail.com,Nathiagali,Overseas Pakistani,BLN-201224,True,1317,8,2024-11-18
CU00988,Hina Mehmood,F,1984-08-25,12744-3820107-1,Pakistani,0300-1090305,hina.mehmood357@gmail.com,Islamabad,Individual,PB-884330,True,1321,10,2025-01-09
CU00989,Nasir Qureshi,M,1968-06-16,33522-5532411-4,British Pakistani,0346-4941694,nasir.qureshi564@gmail.com,Abbottabad,Individual,ISB-472536,True,4531,8,2025-11-12
CU00990,Hamza Gondal,M,1967-09-01,69126-7679136-9,Pakistani,0333-3751699,hamza.gondal843@gmail.com,Karachi,Corporate,SND-893023,True,3572,5,2023-05-15
CU00991,Nadia Rizvi,F,1999-11-26,98234-4419979-4,Pakistani,0345-7836867,nadia.rizvi922@gmail.com,Islamabad,Overseas Pakistani,,False,682,12,2024-11-01
CU00992,Hassan Rana,M,1984-04-29,69621-2757494-4,Pakistani,0333-6112064,hassan.rana989@gmail.com,Multan,Tourist,ISB-100860,True,609,8,2023-01-24
CU00993,Waqar Butt,M,1969-01-08,80852-9524533-4,Pakistani,0321-4134570,waqar.butt473@gmail.com,Multan,Tourist,BLN-863701,True,518,6,2024-12-18
CU00994,Kamran Farooq,M,1993-01-10,22448-1728949-7,Pakistani,0321-3802602,kamran.farooq7@gmail.com,Faisalabad,Individual,BLN-648034,True,822,10,2025-09-01
CU00995,Rabia Farooq,F,1963-05-14,25306-8728329-9,Pakistani,0301-6911339,rabia.farooq994@gmail.com,Karachi,Individual,,False,4861,14,2024-05-08
CU00996,Nasir Rana,M,1971-01-29,N/A,UAE,0300-3527911,nasir.rana719@gmail.com,Lahore,Individual,SND-495177,True,3019,8,2025-11-26
CU00997,Saima Rizvi,F,1977-03-31,22347-3321393-6,Pakistani,0345-4424901,saima.rizvi316@gmail.com,Peshawar,Corporate,BLN-631868,True,4859,10,2025-03-04
CU00998,Nadia Mirza,F,1974-08-18,11183-8454748-5,Pakistani,0311-1377064,nadia.mirza456@gmail.com,Islamabad,Individual,KPK-757878,True,3892,9,2022-10-20
CU00999,Mehwish Ansari,F,1986-06-23,61951-9127407-1,Pakistani,0346-1064545,mehwish.ansari567@gmail.com,Gujranwala,Individual,BLN-579497,True,2514,11,2025-11-05
CU01000,Zara Rizvi,F,1975-10-15,19865-9540591-4,Pakistani,0315-9456863,zara.rizvi868@gmail.com,Karachi,Overseas Pakistani,KPK-218011,True,3366,3,2024-08-04
CU01001,Rizwan Bhatti,M,1983-04-13,80311-9945913-2,Pakistani,0333-5915175,rizwan.bhatti796@gmail.com,Faisalabad,Individual,,False,4786,6,2024-12-29
CU01002,Asad Mirza,M,1960-06-10,61707-1166308-6,American Pakistani,0311-2984200,asad.mirza856@gmail.com,Peshawar,Individual,ISB-271994,True,3264,7,2022-10-13
CU01003,Ayesha Qureshi,F,1977-12-14,81350-4005495-5,Pakistani,0346-5238976,ayesha.qureshi368@gmail.com,Rawalpindi,Corporate,BLN-209444,True,1814,11,2022-01-02
CU01004,Nasir Bajwa,M,1984-12-02,49992-4975549-8,Pakistani,0320-2778155,nasir.bajwa567@gmail.com,Islamabad,Corporate,KPK-536201,True,1937,13,2022-01-30
CU01005,Faisal Siddiqui,M,2001-01-19,61167-7766201-2,Pakistani,0315-6970859,faisal.siddiqui661@gmail.com,Islamabad,Individual,PB-118127,True,2928,4,2024-03-04
CU01006,Nasir Hussain,M,1994-06-01,48560-8247643-8,Pakistani,0315-1868830,nasir.hussain515@gmail.com,Lahore,Overseas Pakistani,SND-856037,True,159,14,2025-08-31
CU01007,Saad Butt,M,1978-08-04,36744-8176064-6,Pakistani,0301-1798686,saad.butt237@gmail.com,Abbottabad,Tourist,KPK-409986,True,2482,10,2023-06-01
CU01008,Sohail Ali,M,1977-08-24,62542-7278457-3,Pakistani,0320-1647925,sohail.ali387@gmail.com,Lahore,Corporate,PB-925646,True,1032,12,2022-08-28
CU01009,Shoaib Gondal,M,1986-10-18,33364-4090980-3,Pakistani,0301-1132781,shoaib.gondal340@gmail.com,Lahore,Individual,,False,1932,4,2023-03-18
CU01010,Maryam Bhatti,F,1995-07-30,49790-5841463-6,Pakistani,0321-4738590,maryam.bhatti616@gmail.com,Islamabad,Individual,,False,3580,5,2023-10-31
CU01011,Fahad Iqbal,M,1983-12-21,47679-6587097-6,Pakistani,0312-2705024,fahad.iqbal171@gmail.com,Islamabad,Individual,,False,4881,10,2022-04-26
CU01012,Imran Qureshi,M,1965-09-23,71905-4973323-3,Pakistani,0345-9298908,imran.qureshi161@gmail.com,Karachi,Government,,False,3486,12,2026-05-01
CU01013,Zain Rizvi,M,1992-10-24,52104-6447964-3,Pakistani,0311-6121645,zain.rizvi175@gmail.com,Islamabad,Individual,,False,2836,13,2022-10-14
CU01014,Aisha Sheikh,F,1978-03-20,21014-8526706-2,Pakistani,0300-6636947,aisha.sheikh939@gmail.com,Islamabad,Corporate,ISB-654794,True,386,7,2024-01-14
CU01015,Ali Hussain,M,1980-02-08,93706-4604147-6,Pakistani,0311-5992280,ali.hussain449@gmail.com,Lahore,Individual,,False,4332,24,2026-02-07
CU01016,Maryam Sheikh,F,1997-05-18,84852-8708498-4,Pakistani,0320-5855073,maryam.sheikh868@gmail.com,Peshawar,Individual,BLN-313043,True,300,8,2023-11-14
CU01017,Waqar Rizvi,M,1961-05-11,18997-4372878-4,Pakistani,0346-4057141,waqar.rizvi438@gmail.com,Islamabad,Individual,ISB-637898,True,3886,7,2024-11-02
CU01018,Omar Rizvi,M,1963-01-24,11263-5785550-9,Pakistani,0333-4086244,omar.rizvi324@gmail.com,Rawalpindi,Individual,ISB-428687,True,1487,8,2022-09-08
CU01019,Asad Ansari,M,1974-08-27,73259-9587550-1,Pakistani,0301-9587989,asad.ansari579@gmail.com,Murree,Individual,,False,879,12,2023-12-31
CU01020,Saad Chaudhry,M,1973-02-13,68024-7356885-3,Pakistani,0315-7668783,saad.chaudhry603@gmail.com,Rawalpindi,Individual,,False,534,12,2023-09-28
CU01021,Rizwan Qureshi,M,1966-02-15,66362-5395515-6,Pakistani,0300-1486424,rizwan.qureshi707@gmail.com,Karachi,Corporate,ISB-217614,True,395,12,2024-12-26
CU01022,Kashif Hashmi,M,1970-03-22,99621-6710639-3,Pakistani,0301-2425801,kashif.hashmi554@gmail.com,Karachi,Corporate,,False,4869,5,2024-04-18
CU01023,Maryam Raza,F,1967-08-20,48999-8680964-6,Pakistani,0345-3863813,maryam.raza575@gmail.com,Karachi,Individual,,False,3038,6,2026-05-07
CU01024,Aisha Rana,F,1991-11-06,24570-1861378-3,Pakistani,0311-2198851,aisha.rana452@gmail.com,Karachi,Tourist,,False,4782,14,2024-08-05
CU01025,Laiba Raja,F,2000-03-30,49221-9872064-9,Pakistani,0312-8580838,laiba.raja921@gmail.com,Karachi,Corporate,,False,671,12,2024-08-04
CU01026,Kashif Farooq,M,1986-01-16,22960-5460657-4,Pakistani,0333-9327199,kashif.farooq779@gmail.com,Lahore,Overseas Pakistani,,False,1309,5,2024-12-07
CU01027,Asma Sheikh,F,1963-09-21,75900-6733093-7,Pakistani,0346-2913893,asma.sheikh794@gmail.com,Islamabad,Individual,ISB-706205,True,2013,12,2025-06-02
CU01028,Robia Rizvi,F,1963-07-31,12970-3800519-2,Pakistani,0345-8851910,robia.rizvi591@gmail.com,Rawalpindi,Overseas Pakistani,ISB-488399,True,2585,9,2022-10-30
CU01029,Hamza Ansari,M,1986-04-01,96113-6252627-9,Pakistani,0346-1346743,hamza.ansari773@gmail.com,Islamabad,Overseas Pakistani,SND-885385,True,97,9,2026-04-24
CU01030,Aisha Chaudhry,F,1965-09-04,41605-2339161-1,Pakistani,0312-9936187,aisha.chaudhry129@gmail.com,Karachi,Individual,BLN-597350,True,2518,7,2022-10-03
CU01031,Kashif Siddiqui,M,1965-06-09,79614-6504438-9,Pakistani,0301-9427002,kashif.siddiqui735@gmail.com,Islamabad,Individual,ISB-144791,True,2321,7,2023-11-03
CU01032,Usman Raza,M,1969-07-08,79590-9324675-4,Pakistani,0333-7745396,usman.raza144@gmail.com,Karachi,Individual,,False,3603,9,2022-06-11
CU01033,Shoaib Nawaz,M,1992-04-28,91091-2012566-1,Pakistani,0321-6398188,shoaib.nawaz999@gmail.com,Karachi,Corporate,SND-194736,True,3004,9,2025-07-20
CU01034,Uzma Raja,F,1971-01-18,41379-9176265-3,Pakistani,0321-6816951,uzma.raja809@gmail.com,Islamabad,Individual,,False,947,8,2022-07-27
CU01035,Imran Qureshi,M,2002-11-27,41455-8911074-8,Pakistani,0311-8666109,imran.qureshi29@gmail.com,Karachi,Individual,,False,1297,10,2025-01-20
CU01036,Arif Rana,M,1976-12-18,78319-2379201-7,Pakistani,0320-5302093,arif.rana71@gmail.com,Lahore,Individual,SND-180261,True,286,10,2022-08-03
CU01037,Kamran Bhatti,M,2002-07-23,93206-6026673-7,Pakistani,0320-1718965,kamran.bhatti999@gmail.com,Rawalpindi,Overseas Pakistani,KPK-230484,True,306,10,2023-01-22
CU01038,Bushra Khan,F,1966-01-26,65010-4498563-7,Pakistani,0311-9541450,bushra.khan894@gmail.com,Lahore,Individual,ISB-376087,True,2123,6,2025-10-17
CU01039,Hassan Nawaz,M,1993-11-12,85411-7908210-1,Pakistani,0333-9309706,hassan.nawaz412@gmail.com,Karachi,Corporate,,False,2130,12,2025-11-24
CU01040,Laiba Rana,F,1991-01-16,46466-9542077-8,Pakistani,0320-6367049,laiba.rana773@gmail.com,Multan,Corporate,KPK-217320,True,1942,9,2026-04-20
CU01041,Junaid Bhatti,M,1966-02-02,12788-8127267-9,Pakistani,0346-3010214,junaid.bhatti808@gmail.com,Murree,Individual,,False,865,8,2026-04-01
CU01042,Rizwan Hussain,M,1994-10-17,37297-9453649-9,Pakistani,0301-9510362,rizwan.hussain506@gmail.com,Karachi,Overseas Pakistani,PB-675014,True,3849,8,2024-06-26
CU01043,Noor Nawaz,F,1969-12-23,68917-1233615-5,Pakistani,0301-4901510,noor.nawaz735@gmail.com,Karachi,Individual,,False,69,10,2025-05-24
CU01044,Hassan Siddiqui,M,1968-08-28,34417-3142723-7,Pakistani,0311-6849893,hassan.siddiqui271@gmail.com,Lahore,Corporate,,False,1366,9,2022-03-22
CU01045,Sara Rana,F,1998-01-04,95507-6974357-8,Pakistani,0345-3247316,sara.rana8@gmail.com,Islamabad,Overseas Pakistani,KPK-894780,True,2289,5,2022-05-16
CU01046,Kamran Javed,M,1982-03-11,38192-3676989-5,Pakistani,0321-5029854,kamran.javed861@gmail.com,Karachi,Overseas Pakistani,BLN-774492,True,616,8,2022-05-02
CU01047,Kamran Gondal,M,1973-11-19,46313-8811741-1,Pakistani,0315-8963631,kamran.gondal155@gmail.com,Islamabad,Corporate,SND-368183,True,4704,8,2024-04-13
CU01048,Omar Siddiqui,M,1963-07-04,11833-5446209-4,Pakistani,0311-8033277,omar.siddiqui103@gmail.com,Quetta,Overseas Pakistani,ISB-659488,True,422,10,2022-03-14
CU01049,Zubair Nawaz,M,1979-05-12,29570-7700086-8,Pakistani,0311-1941043,zubair.nawaz957@gmail.com,Islamabad,Individual,PB-916878,True,287,9,2022-03-07
CU01050,Arif Iqbal,M,1977-07-14,57237-4298297-7,Pakistani,0346-1523067,arif.iqbal11@gmail.com,Abbottabad,Individual,KPK-587426,True,3897,11,2025-05-23
CU01051,Ahmed Sheikh,M,1982-03-14,13407-8740921-4,Pakistani,0315-8742335,ahmed.sheikh92@gmail.com,Islamabad,Individual,,False,1552,10,2026-03-22
CU01052,Uzma Butt,F,1967-03-10,76757-8929147-2,Pakistani,0333-9315027,uzma.butt146@gmail.com,Islamabad,Individual,PB-225777,True,204,11,2023-06-04
CU01053,Kamran Farooq,M,1972-07-12,31913-2147606-8,Pakistani,0300-8630079,kamran.farooq263@gmail.com,Karachi,Tourist,KPK-356773,True,3334,5,2022-04-21
CU01054,Sana Iqbal,F,1994-01-26,28903-2557646-7,Pakistani,0300-3417105,sana.iqbal351@gmail.com,Rawalpindi,Overseas Pakistani,PB-325101,True,4814,2,2023-07-07
CU01055,Sana Mehmood,F,2000-12-28,68468-8960123-3,Pakistani,0333-1379231,sana.mehmood214@gmail.com,Multan,Tourist,PB-541100,True,2892,4,2023-10-09
CU01056,Usman Hashmi,M,1978-05-06,13159-3247082-5,Pakistani,0321-7024535,usman.hashmi599@gmail.com,Islamabad,Individual,,False,4424,7,2023-12-20
CU01057,Ahmed Malik,M,1964-09-28,80388-2525364-3,Pakistani,0333-7788118,ahmed.malik776@gmail.com,Islamabad,Corporate,,False,2339,9,2026-02-09
CU01058,Nasir Ansari,M,1971-06-14,26633-4588544-8,Pakistani,0333-1986289,nasir.ansari930@gmail.com,Lahore,Individual,ISB-624497,True,4305,13,2023-07-06
CU01059,Tariq Khan,M,1982-12-06,N/A,UAE,0301-2837700,tariq.khan586@gmail.com,Karachi,Individual,ISB-614531,True,2388,12,2025-06-23
CU01060,Sana Ahmed,F,1979-08-11,79348-4382286-7,Pakistani,0315-3145093,sana.ahmed854@gmail.com,Rawalpindi,Individual,,False,1616,15,2026-05-28
CU01061,Imran Hussain,M,1984-03-27,15121-9458563-3,Pakistani,0301-4758120,imran.hussain588@gmail.com,Rawalpindi,Individual,,False,4323,13,2024-04-20
CU01062,Hamza Butt,M,1966-08-22,36122-9248819-3,Pakistani,0300-7027711,hamza.butt925@gmail.com,Karachi,Individual,,False,2693,10,2022-01-04
CU01063,Amna Khan,F,1962-09-25,48232-7766353-8,Pakistani,0312-2866127,amna.khan627@gmail.com,Islamabad,Corporate,ISB-103521,True,4228,10,2024-12-03
CU01064,Arif Bajwa,M,1964-01-14,22103-7450555-3,Pakistani,0312-3329746,arif.bajwa702@gmail.com,Islamabad,Individual,SND-311331,True,3741,8,2026-02-28
CU01065,Bushra Farooq,F,1985-11-21,11167-6651210-5,Pakistani,0346-2379095,bushra.farooq966@gmail.com,Karachi,Tourist,BLN-545914,True,3932,12,2023-06-13
CU01066,Ahmed Ali,M,1961-01-12,99692-4676191-4,Pakistani,0333-2992138,ahmed.ali912@gmail.com,Multan,Tourist,ISB-858133,True,2001,11,2024-07-01
CU01067,Hassan Nawaz,M,1999-07-31,58415-5347612-6,Pakistani,0346-3374338,hassan.nawaz778@gmail.com,Islamabad,Individual,BLN-943952,True,2531,15,2022-11-04
CU01068,Amna Rana,F,1971-08-27,52459-5012665-5,Pakistani,0333-7897378,amna.rana31@gmail.com,Peshawar,Corporate,SND-437276,True,3072,19,2025-03-23
CU01069,Tariq Raza,M,1986-02-08,29434-1900408-2,Pakistani,0300-3314386,tariq.raza274@gmail.com,Abbottabad,Individual,ISB-949465,True,1140,12,2025-12-17
CU01070,Sara Javed,F,1982-09-28,88179-5848379-1,Pakistani,0311-7561267,sara.javed145@gmail.com,Islamabad,Individual,ISB-656666,True,2839,11,2024-10-22
CU01071,Robia Hussain,F,1990-11-24,56990-4232187-7,Pakistani,0320-3680486,robia.hussain974@gmail.com,Rawalpindi,Individual,,False,1820,6,2023-12-07
CU01072,Fatima Khan,F,1973-03-20,82307-6570296-2,Pakistani,0346-2949434,fatima.khan704@gmail.com,Islamabad,Corporate,,False,3429,6,2022-05-23
CU01073,Salman Rana,M,1974-09-07,N/A,UK,0333-2919686,salman.rana905@gmail.com,Rawalpindi,Individual,,False,259,10,2022-05-05
CU01074,Omar Iqbal,M,1962-06-26,83604-5065168-9,Pakistani,0311-8688683,omar.iqbal89@gmail.com,Rawalpindi,Individual,ISB-194089,True,1439,8,2023-02-15
CU01075,Sana Bajwa,F,1992-12-20,26396-1492664-5,Pakistani,0346-7279062,sana.bajwa12@gmail.com,Quetta,Corporate,SND-871152,True,3517,11,2024-06-10
CU01076,Rabia Farooq,F,1999-12-23,16029-6124793-3,Pakistani,0311-8378720,rabia.farooq430@gmail.com,Karachi,Government,PB-993523,True,2456,7,2024-02-24
CU01077,Fatima Sheikh,F,1987-11-26,92040-4438621-5,Pakistani,0345-3498140,fatima.sheikh266@gmail.com,Islamabad,Individual,PB-466710,True,4573,6,2024-05-13
CU01078,Hamza Rizvi,M,1967-08-02,26543-8698180-3,Pakistani,0333-8601139,hamza.rizvi4@gmail.com,Islamabad,Individual,,False,4172,9,2024-03-13
CU01079,Saima Siddiqui,F,2001-10-19,46183-2284940-8,Pakistani,0333-8415493,saima.siddiqui523@gmail.com,Karachi,Individual,,False,2208,7,2026-06-07
CU01080,Saad Bhatti,M,1997-03-23,57396-1252408-1,Pakistani,0333-2826251,saad.bhatti826@gmail.com,Islamabad,Individual,BLN-418041,True,4100,17,2025-03-04
CU01081,Asad Malik,M,1965-08-19,50270-8034286-7,Pakistani,0346-3556182,asad.malik971@gmail.com,Islamabad,Overseas Pakistani,ISB-258141,True,711,7,2023-11-20
CU01082,Mehwish Hussain,F,1987-02-13,32553-1288432-7,Pakistani,0320-5748873,mehwish.hussain659@gmail.com,Karachi,Individual,ISB-903644,True,1013,6,2022-07-27
CU01083,Laiba Hashmi,F,1994-09-22,42647-1042302-7,Pakistani,0312-6145958,laiba.hashmi231@gmail.com,Islamabad,Corporate,KPK-810062,True,4806,5,2026-06-04
CU01084,Fahad Nawaz,M,1996-03-02,65020-1389216-7,Pakistani,0333-5356545,fahad.nawaz887@gmail.com,Islamabad,Individual,ISB-464187,True,805,11,2022-07-26
CU01085,Nadia Ahmed,F,1967-03-22,46564-2380122-3,Pakistani,0312-1491699,nadia.ahmed122@gmail.com,Murree,Individual,SND-153433,True,2547,10,2025-06-05
CU01086,Asma Ansari,F,1960-03-09,94129-9476460-7,Pakistani,0300-1980698,asma.ansari208@gmail.com,Murree,Individual,PB-165517,True,1651,5,2022-08-04
CU01087,Nasir Bajwa,M,1987-12-10,46178-1544147-1,Pakistani,0312-5996490,nasir.bajwa942@gmail.com,Karachi,Government,SND-952797,True,956,7,2023-05-08
CU01088,Kamran Hashmi,M,1993-07-13,N/A,Saudi,0300-2760974,kamran.hashmi906@gmail.com,Islamabad,Overseas Pakistani,SND-263145,True,2906,10,2025-11-01
CU01089,Ayesha Mehmood,F,1982-10-04,93379-8829244-9,Pakistani,0321-7117955,ayesha.mehmood944@gmail.com,Rawalpindi,Corporate,,False,77,8,2025-07-11
CU01090,Bilal Bhatti,M,1975-04-14,31819-9866499-8,Pakistani,0346-1058101,bilal.bhatti483@gmail.com,Islamabad,Corporate,PB-917249,True,3833,6,2025-05-11
CU01091,Rabia Bhatti,F,1965-01-08,77106-2863415-8,Pakistani,0311-3177321,rabia.bhatti916@gmail.com,Faisalabad,Individual,PB-809724,True,4880,7,2026-04-02
CU01092,Zubair Hussain,M,1981-07-31,39712-1676430-8,Pakistani,0333-2779095,zubair.hussain922@gmail.com,Lahore,Individual,ISB-290904,True,2349,11,2025-01-25
CU01093,Junaid Javed,M,1984-08-17,32245-5309952-5,Pakistani,0312-3264143,junaid.javed219@gmail.com,Rawalpindi,Individual,SND-295268,True,1329,7,2022-09-06
CU01094,Ahmed Qureshi,M,1987-01-09,44023-7684223-8,Pakistani,0300-7525222,ahmed.qureshi821@gmail.com,Karachi,Individual,,False,3624,9,2025-10-29
CU01095,Sara Ansari,F,1987-10-19,28617-2500599-6,Pakistani,0300-2936763,sara.ansari859@gmail.com,Karachi,Individual,,False,3330,8,2023-09-03
CU01096,Saima Ahmed,F,1960-03-13,95036-9769144-5,Pakistani,0311-5732337,saima.ahmed869@gmail.com,Lahore,Individual,PB-836956,True,921,11,2025-06-23
CU01097,Imran Bajwa,M,1966-02-21,13091-1171444-5,Pakistani,0301-8131766,imran.bajwa616@gmail.com,Rawalpindi,Overseas Pakistani,ISB-953590,True,126,10,2023-10-10
CU01098,Ayesha Malik,F,1964-07-11,82096-7511820-5,Pakistani,0333-5111559,ayesha.malik237@gmail.com,Rawalpindi,Individual,,False,2703,9,2023-04-22
CU01099,Ali Ahmed,M,1960-02-21,65130-5354973-3,Pakistani,0345-9481962,ali.ahmed840@gmail.com,Rawalpindi,Overseas Pakistani,,False,4794,5,2026-06-01
CU01100,Hassan Mirza,M,1981-03-11,20008-8533642-8,Pakistani,0321-2652229,hassan.mirza138@gmail.com,Islamabad,Individual,PB-721045,True,3048,8,2026-04-16
CU01101,Waqar Sheikh,M,1975-04-24,98007-8748721-3,American Pakistani,0312-7431585,waqar.sheikh20@gmail.com,Rawalpindi,Individual,PB-409996,True,2397,3,2024-06-10
CU01102,Noor Farooq,F,1972-07-26,18474-8407861-2,Pakistani,0300-8729138,noor.farooq209@gmail.com,Lahore,Individual,ISB-967078,True,4096,7,2024-08-07
CU01103,Zubair Hussain,M,1993-11-07,73065-2026789-4,Canadian Pakistani,0301-9165068,zubair.hussain326@gmail.com,Karachi,Corporate,,False,2514,9,2023-04-13
CU01104,Arif Butt,M,1999-11-11,52508-8701056-3,Pakistani,0333-1835682,arif.butt166@gmail.com,Lahore,Overseas Pakistani,BLN-281150,True,2722,12,2023-06-16
CU01105,Saima Raja,F,1983-09-09,77658-6037482-1,Pakistani,0345-7989714,saima.raja439@gmail.com,Lahore,Individual,KPK-242718,True,84,9,2024-07-01
CU01106,Saima Raja,F,1969-04-12,37295-7725763-8,Pakistani,0333-3321348,saima.raja367@gmail.com,Islamabad,Government,,False,4945,11,2022-09-14
CU01107,Waqar Ansari,M,1992-05-21,98057-1506832-5,Pakistani,0346-9779777,waqar.ansari403@gmail.com,Lahore,Individual,BLN-812427,True,1914,8,2022-12-28
CU01108,Kashif Farooq,M,1976-08-14,78790-3429177-8,Pakistani,0312-8014890,kashif.farooq761@gmail.com,Peshawar,Individual,,False,686,10,2023-11-02
CU01109,Faisal Ansari,M,2002-09-07,52161-7903721-8,Pakistani,0300-8947199,faisal.ansari513@gmail.com,Rawalpindi,Individual,,False,4877,2,2024-08-06
CU01110,Kashif Siddiqui,M,1971-06-04,13620-5047336-9,Pakistani,0320-3468978,kashif.siddiqui866@gmail.com,Islamabad,Overseas Pakistani,,False,1482,11,2024-09-03
CU01111,Zubair Mehmood,M,1997-07-23,33077-3943414-3,Pakistani,0345-2732875,zubair.mehmood109@gmail.com,Islamabad,Tourist,ISB-976522,True,3807,10,2024-01-30
CU01112,Robia Ansari,F,1987-03-20,48604-3644334-9,Pakistani,0321-2912938,robia.ansari296@gmail.com,Islamabad,Individual,KPK-977815,True,4525,8,2024-04-07
CU01113,Imran Ali,M,1976-10-23,11030-4478425-3,Pakistani,0311-1496403,imran.ali921@gmail.com,Islamabad,Individual,,False,1476,10,2026-03-10
CU01114,Adeel Rizvi,M,1960-08-15,62103-5506991-8,Pakistani,0301-2015860,adeel.rizvi433@gmail.com,Islamabad,Government,BLN-126500,True,585,10,2024-07-11
CU01115,Arif Khan,M,2001-05-04,68412-1659976-6,Pakistani,0300-1551939,arif.khan299@gmail.com,Islamabad,Government,,False,4778,5,2023-02-11
CU01116,Hamza Bhatti,M,1968-03-26,24828-8391531-3,Pakistani,0315-5674754,hamza.bhatti802@gmail.com,Rawalpindi,Individual,SND-554275,True,1979,10,2025-02-11
CU01117,Imran Bajwa,M,1961-06-16,30483-6868570-9,Pakistani,0321-2824114,imran.bajwa716@gmail.com,Karachi,Tourist,BLN-329621,True,4953,10,2023-04-06
CU01118,Kamran Butt,M,1994-01-02,85050-2977579-7,Pakistani,0312-6839505,kamran.butt668@gmail.com,Lahore,Corporate,ISB-412963,True,4613,13,2024-05-29
CU01119,Rizwan Ansari,M,1992-03-25,69456-3788447-9,Pakistani,0320-6970972,rizwan.ansari211@gmail.com,Lahore,Individual,,False,4817,10,2024-09-28
CU01120,Junaid Rana,M,1986-04-21,81582-8295556-5,Pakistani,0300-8024550,junaid.rana767@gmail.com,Lahore,Individual,SND-481039,True,3381,5,2022-02-14
CU01121,Nasir Khan,M,1989-11-01,31745-4123427-2,Pakistani,0321-6021304,nasir.khan904@gmail.com,Karachi,Individual,PB-749798,True,266,8,2023-07-27
CU01122,Adeel Ali,M,1986-03-26,42409-4460971-3,Pakistani,0300-3814759,adeel.ali251@gmail.com,Islamabad,Overseas Pakistani,,False,2928,7,2022-05-18
CU01123,Salman Siddiqui,M,2000-08-19,39654-6664736-5,Pakistani,0321-1560195,salman.siddiqui232@gmail.com,Karachi,Individual,SND-709112,True,4131,10,2025-02-09
CU01124,Maryam Javed,F,1995-02-20,31260-5941615-4,Pakistani,0333-3738232,maryam.javed607@gmail.com,Islamabad,Individual,SND-238687,True,59,5,2025-01-05
CU01125,Adeel Mehmood,M,1993-03-19,45319-5533586-2,Pakistani,0311-1965230,adeel.mehmood455@gmail.com,Lahore,Corporate,KPK-887854,True,4902,7,2024-03-15
CU01126,Fahad Gondal,M,1986-12-19,75065-7735859-4,Pakistani,0301-9071889,fahad.gondal471@gmail.com,Karachi,Government,KPK-716560,True,3044,11,2023-07-24
CU01127,Muhammad Qureshi,M,1968-03-05,36627-8518486-6,Canadian Pakistani,0315-2640625,muhammad.qureshi601@gmail.com,Karachi,Overseas Pakistani,PB-289594,True,3240,12,2024-07-03
CU01128,Imran Sheikh,M,1981-08-08,45922-8943215-6,Pakistani,0311-9534501,imran.sheikh645@gmail.com,Lahore,Tourist,,False,3265,7,2023-05-31
CU01129,Usman Javed,M,1961-02-20,39958-1443752-1,Pakistani,0315-3656490,usman.javed676@gmail.com,Abbottabad,Individual,,False,4366,8,2023-07-05
CU01130,Usman Hussain,M,1962-09-27,40182-6567769-6,Pakistani,0300-6331716,usman.hussain97@gmail.com,Islamabad,Tourist,KPK-320079,True,1143,7,2022-07-25
CU01131,Hassan Raza,M,1970-08-31,87500-8734220-3,Pakistani,0320-8820493,hassan.raza620@gmail.com,Karachi,Individual,PB-492546,True,2058,13,2022-09-26
CU01132,Ali Nawaz,M,1984-06-16,52118-2836456-3,British Pakistani,0300-6075294,ali.nawaz791@gmail.com,Islamabad,Tourist,,False,4446,9,2024-09-16
CU01133,Hamza Hashmi,M,1988-06-10,32302-8214175-6,Pakistani,0301-7005713,hamza.hashmi894@gmail.com,Lahore,Corporate,,False,468,6,2022-12-06
CU01134,Kamran Rizvi,M,1989-11-07,53718-9446593-6,Pakistani,0346-9898716,kamran.rizvi197@gmail.com,Rawalpindi,Individual,,False,4435,12,2022-12-18
CU01135,Aisha Javed,F,1979-08-12,12357-9521406-5,Pakistani,0333-9090896,aisha.javed129@gmail.com,Karachi,Individual,,False,4788,11,2026-05-15
CU01136,Asad Chaudhry,M,1998-09-05,86756-7573147-3,Pakistani,0346-3667979,asad.chaudhry177@gmail.com,Peshawar,Overseas Pakistani,PB-467382,True,70,8,2026-03-27
CU01137,Omar Siddiqui,M,1992-09-18,49305-8503142-3,Pakistani,0346-7898609,omar.siddiqui194@gmail.com,Peshawar,Overseas Pakistani,BLN-897420,True,2063,13,2023-01-05
CU01138,Ali Butt,M,1995-07-27,85156-3936064-1,Pakistani,0300-8004579,ali.butt404@gmail.com,Islamabad,Overseas Pakistani,PB-971865,True,3632,9,2022-03-23
CU01139,Zubair Khan,M,1971-10-07,57357-8219379-4,Pakistani,0311-2119934,zubair.khan489@gmail.com,Multan,Overseas Pakistani,,False,2335,14,2025-08-18
CU01140,Kamran Iqbal,M,1987-07-26,42192-7219910-4,Pakistani,0346-3980247,kamran.iqbal138@gmail.com,Islamabad,Tourist,PB-412348,True,3798,12,2022-07-11
CU01141,Adeel Iqbal,M,1977-02-23,79320-3408640-8,Pakistani,0345-1625318,adeel.iqbal329@gmail.com,Nathiagali,Corporate,,False,3276,12,2023-07-30
CU01142,Raza Mehmood,M,1978-10-01,61238-5720776-4,Pakistani,0346-6938942,raza.mehmood11@gmail.com,Murree,Individual,,False,120,10,2025-03-18
CU01143,Faisal Butt,M,1968-12-18,39220-2867709-4,Pakistani,0312-7884809,faisal.butt118@gmail.com,Rawalpindi,Individual,ISB-774144,True,2121,12,2023-08-03
CU01144,Mehwish Raza,F,1966-02-26,47710-2951260-4,Pakistani,0345-3997704,mehwish.raza476@gmail.com,Multan,Tourist,SND-790479,True,3181,7,2024-12-07
CU01145,Hamza Farooq,M,1961-06-02,33600-1755023-5,Pakistani,0333-2165369,hamza.farooq485@gmail.com,Lahore,Corporate,KPK-456705,True,819,7,2024-11-13
CU01146,Muhammad Ahmed,M,1997-06-30,49292-4066071-1,Pakistani,0311-5815583,muhammad.ahmed574@gmail.com,Murree,Corporate,PB-566927,True,2520,9,2023-07-01
CU01147,Sara Farooq,F,1982-04-04,35738-9405102-7,Pakistani,0315-5287055,sara.farooq460@gmail.com,Islamabad,Individual,,False,4671,8,2026-04-08
CU01148,Nadia Siddiqui,F,1999-03-19,27932-8013238-9,Pakistani,0315-1695624,nadia.siddiqui288@gmail.com,Rawalpindi,Corporate,SND-281358,True,1620,10,2024-11-22
CU01149,Kamran Hussain,M,1962-11-01,39771-9403033-6,Pakistani,0321-9081732,kamran.hussain760@gmail.com,Karachi,Government,KPK-282851,True,748,10,2024-03-11
CU01150,Rabia Mirza,F,1994-12-31,38884-9001986-9,Pakistani,0301-5393118,rabia.mirza689@gmail.com,Karachi,Individual,SND-152335,True,2496,8,2024-09-27
CU01151,Mehwish Mehmood,F,1964-03-17,37823-8667798-1,Pakistani,0333-7294416,mehwish.mehmood85@gmail.com,Rawalpindi,Individual,BLN-888992,True,3697,10,2025-08-27
CU01152,Noor Ansari,F,1971-07-02,60816-4923185-7,Pakistani,0346-2126482,noor.ansari377@gmail.com,Abbottabad,Overseas Pakistani,KPK-827718,True,713,7,2024-11-29
CU01153,Waqar Mehmood,M,1987-04-25,31880-2845435-1,Pakistani,0346-6168480,waqar.mehmood343@gmail.com,Karachi,Overseas Pakistani,ISB-831386,True,3722,12,2025-08-23
CU01154,Bushra Qureshi,F,1960-11-30,66151-1558114-6,Pakistani,0300-4823420,bushra.qureshi723@gmail.com,Rawalpindi,Individual,,False,2031,9,2024-06-28
CU01155,Hamza Bajwa,M,1982-11-03,97277-4539830-1,Pakistani,0333-8902122,hamza.bajwa718@gmail.com,Islamabad,Individual,ISB-674612,True,1111,4,2023-01-10
CU01156,Mehwish Ansari,F,1999-10-29,20653-1270862-9,Canadian Pakistani,0345-9524255,mehwish.ansari663@gmail.com,Nathiagali,Overseas Pakistani,BLN-551839,True,2695,19,2023-03-23
CU01157,Kashif Raja,M,1986-10-25,85057-7957679-4,Pakistani,0320-3838033,kashif.raja714@gmail.com,Peshawar,Individual,,False,4219,7,2025-11-21
CU01158,Fahad Nawaz,M,1993-11-28,93582-6413216-1,Pakistani,0320-3316100,fahad.nawaz143@gmail.com,Lahore,Individual,,False,966,9,2025-11-23
CU01159,Tariq Rana,M,1998-06-02,62621-8428647-1,Pakistani,0333-7555766,tariq.rana211@gmail.com,Lahore,Tourist,PB-979688,True,501,3,2026-04-11
CU01160,Arif Butt,M,1985-12-02,86050-3974790-9,Pakistani,0315-2343722,arif.butt690@gmail.com,Multan,Corporate,BLN-956058,True,4395,14,2022-11-24
CU01161,Nasir Malik,M,1978-10-12,40589-8778765-2,Pakistani,0345-1101935,nasir.malik547@gmail.com,Karachi,Government,,False,3464,10,2023-09-23
CU01162,Omar Qureshi,M,1986-05-06,N/A,Australia,0312-2461262,omar.qureshi691@gmail.com,Rawalpindi,Individual,PB-442711,True,2477,5,2025-11-08
CU01163,Laiba Javed,F,1960-11-11,64859-8543726-1,Pakistani,0333-4013728,laiba.javed66@gmail.com,Islamabad,Individual,BLN-456493,True,4412,8,2024-06-18
CU01164,Shoaib Hussain,M,1987-03-29,77191-5662993-4,Pakistani,0300-3461185,shoaib.hussain802@gmail.com,Lahore,Government,ISB-588540,True,4413,10,2022-08-17
CU01165,Waqar Khan,M,1977-05-01,98840-2910887-6,Pakistani,0346-1869144,waqar.khan106@gmail.com,Karachi,Government,SND-782089,True,2069,11,2026-05-01
CU01166,Junaid Raja,M,1966-05-14,36176-8529082-1,Pakistani,0301-8985182,junaid.raja56@gmail.com,Multan,Corporate,BLN-263657,True,3377,10,2025-07-15
CU01167,Faisal Ali,M,1969-02-17,18597-8621244-3,Pakistani,0333-3520317,faisal.ali542@gmail.com,Islamabad,Corporate,PB-729814,True,3396,7,2025-01-31
CU01168,Fahad Farooq,M,1973-04-11,13957-1322802-8,Pakistani,0311-9662750,fahad.farooq520@gmail.com,Murree,Overseas Pakistani,,False,4746,11,2023-11-26
CU01169,Nadia Rana,F,1989-01-05,10286-8096466-2,Pakistani,0315-7457188,nadia.rana880@gmail.com,Lahore,Individual,ISB-279820,True,3868,13,2024-04-11
CU01170,Muhammad Rizvi,M,1961-06-26,69806-1953257-3,Pakistani,0333-4265153,muhammad.rizvi689@gmail.com,Lahore,Overseas Pakistani,KPK-394241,True,2206,8,2023-03-24
CU01171,Sohail Qureshi,M,1988-04-08,99190-9129449-1,Pakistani,0301-3997127,sohail.qureshi12@gmail.com,Karachi,Corporate,,False,2418,11,2025-09-17
CU01172,Sana Raza,F,1967-04-13,86751-2510365-3,Pakistani,0312-8692845,sana.raza373@gmail.com,Karachi,Individual,PB-109389,True,1496,6,2025-02-03
CU01173,Sumera Bhatti,F,1978-03-03,59377-8530609-1,Pakistani,0311-5926528,sumera.bhatti249@gmail.com,Murree,Overseas Pakistani,SND-433704,True,1089,9,2026-04-16
CU01174,Maryam Ali,F,1975-10-15,20375-9938707-8,Pakistani,0321-5670464,maryam.ali696@gmail.com,Rawalpindi,Corporate,ISB-354879,True,3277,9,2025-12-08
CU01175,Waqar Rizvi,M,1966-08-03,75327-5173662-9,Pakistani,0321-5637981,waqar.rizvi962@gmail.com,Islamabad,Overseas Pakistani,SND-531084,True,1247,6,2023-02-09
CU01176,Rabia Ansari,F,1961-09-21,79329-7840953-5,Pakistani,0315-2236315,rabia.ansari133@gmail.com,Lahore,Tourist,,False,3054,11,2025-04-05
CU01177,Rizwan Hashmi,M,2000-11-17,16618-5304568-3,Pakistani,0315-9798556,rizwan.hashmi397@gmail.com,Nathiagali,Corporate,PB-273838,True,3364,8,2025-02-28
CU01178,Muhammad Qureshi,M,1978-09-14,33189-4173306-6,Pakistani,0333-3589058,muhammad.qureshi603@gmail.com,Lahore,Government,BLN-929555,True,4490,15,2023-05-23
CU01179,Arif Rizvi,M,1992-12-17,74937-8565514-3,Pakistani,0321-8278431,arif.rizvi13@gmail.com,Lahore,Government,KPK-227316,True,2023,12,2023-06-06
CU01180,Ahmed Nawaz,M,2002-07-03,22536-6492367-4,Pakistani,0315-9856360,ahmed.nawaz764@gmail.com,Nathiagali,Individual,,False,1553,8,2026-04-15
CU01181,Usman Malik,M,1978-01-19,16510-8825067-7,Pakistani,0311-2129757,usman.malik980@gmail.com,Islamabad,Individual,KPK-877195,True,1858,6,2022-03-11
CU01182,Sumera Ahmed,F,1969-10-07,74973-6392149-3,Pakistani,0346-8886588,sumera.ahmed136@gmail.com,Rawalpindi,Individual,,False,271,7,2025-04-26
CU01183,Hamza Rana,M,1974-09-05,97441-3272177-5,Pakistani,0300-6528202,hamza.rana636@gmail.com,Murree,Individual,,False,1239,9,2022-04-24
CU01184,Imran Mirza,M,1997-04-21,66112-2716391-5,Pakistani,0346-7722274,imran.mirza129@gmail.com,Islamabad,Corporate,,False,4656,14,2026-05-10
CU01185,Rizwan Ali,M,1989-02-10,10565-2429000-8,Pakistani,0321-5127277,rizwan.ali644@gmail.com,Gujranwala,Individual,ISB-570359,True,3346,9,2024-04-17
CU01186,Waqar Ansari,M,1985-08-26,N/A,Saudi,0320-1112869,waqar.ansari318@gmail.com,Rawalpindi,Individual,,False,2030,6,2026-06-17
CU01187,Robia Hussain,F,1965-05-28,73197-6297381-7,Pakistani,0301-1213619,robia.hussain54@gmail.com,Karachi,Individual,SND-614003,True,4062,6,2023-02-07
CU01188,Ali Hashmi,M,1975-09-07,33506-1754781-3,Pakistani,0321-2190891,ali.hashmi605@gmail.com,Islamabad,Individual,,False,1624,12,2024-11-22
CU01189,Bilal Bhatti,M,1961-10-22,50699-5614769-8,Pakistani,0320-1001433,bilal.bhatti799@gmail.com,Islamabad,Tourist,,False,2219,9,2024-10-07
CU01190,Faisal Mehmood,M,1983-12-23,18609-1086205-8,Pakistani,0333-6391404,faisal.mehmood79@gmail.com,Lahore,Individual,BLN-174755,True,3860,7,2025-07-13
CU01191,Kamran Rizvi,M,1998-04-11,96168-3792713-9,Pakistani,0315-6823594,kamran.rizvi81@gmail.com,Peshawar,Individual,,False,2195,4,2023-12-22
CU01192,Tariq Ali,M,1987-02-20,55129-6810230-9,Pakistani,0301-2601153,tariq.ali329@gmail.com,Murree,Corporate,SND-373229,True,2222,8,2026-01-11
CU01193,Saima Raja,F,1976-05-28,74473-8932181-1,Pakistani,0300-5782453,saima.raja12@gmail.com,Islamabad,Corporate,BLN-357771,True,103,5,2026-01-08
CU01194,Asad Sheikh,M,1984-03-15,81556-3510061-3,Pakistani,0301-1404895,asad.sheikh698@gmail.com,Rawalpindi,Individual,PB-717156,True,3134,9,2024-03-17
CU01195,Ayesha Iqbal,F,1983-01-17,46529-1353022-8,Pakistani,0346-1208835,ayesha.iqbal156@gmail.com,Lahore,Overseas Pakistani,SND-437322,True,1289,4,2025-05-30
CU01196,Sara Qureshi,F,1972-09-02,41028-6746964-7,Pakistani,0311-4356911,sara.qureshi57@gmail.com,Karachi,Tourist,,False,1555,6,2025-05-23
CU01197,Maryam Hussain,F,1998-02-16,66623-9176913-1,Pakistani,0346-9102857,maryam.hussain993@gmail.com,Islamabad,Overseas Pakistani,,False,348,11,2025-05-06
CU01198,Raza Javed,M,1965-04-08,92470-5733649-4,Pakistani,0301-2541415,raza.javed205@gmail.com,Karachi,Corporate,,False,1189,10,2024-03-09
CU01199,Hassan Mirza,M,1984-02-04,62342-5042786-3,Pakistani,0301-2869625,hassan.mirza609@gmail.com,Rawalpindi,Individual,SND-133919,True,2418,13,2024-07-20
CU01200,Nadia Malik,F,1960-10-23,72396-9009561-5,Pakistani,0321-5672721,nadia.malik304@gmail.com,Rawalpindi,Corporate,SND-861695,True,464,7,2024-12-25
CU01201,Sana Rana,F,2000-03-01,19624-6686779-4,Pakistani,0315-5568424,sana.rana432@gmail.com,Islamabad,Individual,SND-942957,True,3174,9,2024-04-15
CU01202,Hamza Butt,M,1971-02-18,57618-4893809-1,Pakistani,0311-7448613,hamza.butt76@gmail.com,Rawalpindi,Tourist,,False,4379,8,2023-09-09
CU01203,Shoaib Hashmi,M,1996-06-19,77755-7732441-1,Pakistani,0321-1869626,shoaib.hashmi403@gmail.com,Lahore,Individual,,False,1937,11,2022-03-27
CU01204,Imran Ansari,M,1997-03-13,21498-8196331-5,Pakistani,0300-3024725,imran.ansari12@gmail.com,Islamabad,Individual,,False,1772,10,2025-04-16
CU01205,Hassan Butt,M,1962-08-19,27728-1391001-5,Pakistani,0321-3652135,hassan.butt706@gmail.com,Peshawar,Individual,PB-904669,True,3768,8,2026-03-31
CU01206,Faisal Javed,M,1986-10-19,34467-7583768-1,Pakistani,0300-9949741,faisal.javed441@gmail.com,Rawalpindi,Overseas Pakistani,ISB-239510,True,3796,12,2023-12-16
CU01207,Robia Raza,F,1989-09-04,27965-1735592-6,British Pakistani,0320-5723052,robia.raza711@gmail.com,Rawalpindi,Tourist,KPK-445377,True,1844,8,2024-11-18
CU01208,Nasir Khan,M,1988-04-15,92477-6878585-9,Pakistani,0312-5754554,nasir.khan908@gmail.com,Lahore,Tourist,KPK-899108,True,2704,4,2024-03-26
CU01209,Nadia Butt,F,1986-10-14,74886-1878000-6,Pakistani,0333-7373432,nadia.butt13@gmail.com,Peshawar,Individual,PB-951042,True,3345,9,2022-07-30
CU01210,Sana Raza,F,1984-04-20,93931-3588109-7,Pakistani,0333-1269029,sana.raza135@gmail.com,Lahore,Individual,PB-470482,True,515,6,2024-01-20
CU01211,Muhammad Ahmed,M,1976-10-18,99049-2512736-7,Pakistani,0345-2575202,muhammad.ahmed324@gmail.com,Faisalabad,Corporate,SND-156590,True,2841,7,2024-12-14
CU01212,Ahmed Siddiqui,M,1965-10-13,52781-6160516-8,Pakistani,0315-5451805,ahmed.siddiqui58@gmail.com,Islamabad,Individual,SND-377048,True,2993,6,2023-03-14
CU01213,Salman Mirza,M,1991-02-23,70323-3065413-2,Pakistani,0346-9917377,salman.mirza408@gmail.com,Multan,Overseas Pakistani,SND-879715,True,2460,9,2026-01-11
CU01214,Bilal Ansari,M,1974-10-22,52240-9302979-5,Pakistani,0346-8717621,bilal.ansari406@gmail.com,Lahore,Individual,BLN-107251,True,3065,11,2025-11-07
CU01215,Arif Butt,M,1970-11-23,21626-5451988-4,Pakistani,0300-2682110,arif.butt578@gmail.com,Quetta,Corporate,,False,1520,9,2022-12-02
CU01216,Shoaib Ansari,M,1981-12-05,89128-9037259-4,Pakistani,0311-4528807,shoaib.ansari580@gmail.com,Islamabad,Individual,,False,3316,9,2023-08-16
CU01217,Omar Rizvi,M,2001-05-03,70317-7309274-3,Pakistani,0320-3773909,omar.rizvi450@gmail.com,Islamabad,Individual,,False,3878,9,2023-04-30
CU01218,Kamran Butt,M,1970-01-15,N/A,Saudi,0311-4997984,kamran.butt703@gmail.com,Karachi,Overseas Pakistani,PB-122744,True,4712,10,2022-07-12
CU01219,Muhammad Ahmed,M,1978-12-27,48448-3320290-4,Pakistani,0320-9298749,muhammad.ahmed676@gmail.com,Karachi,Individual,ISB-734021,True,4841,11,2024-12-11
CU01220,Sohail Khan,M,1995-11-15,53025-5508524-6,Pakistani,0311-7526404,sohail.khan59@gmail.com,Karachi,Individual,,False,3625,10,2023-10-25
CU01221,Kamran Gondal,M,1987-12-01,10495-7599278-5,Pakistani,0312-4580997,kamran.gondal690@gmail.com,Islamabad,Corporate,PB-293257,True,3543,8,2025-07-04
CU01222,Sana Malik,F,1982-02-07,64285-9493164-1,Pakistani,0333-7741237,sana.malik951@gmail.com,Lahore,Individual,,False,2447,6,2026-02-04
CU01223,Salman Bhatti,M,1960-02-26,14528-6621341-6,Pakistani,0311-9446042,salman.bhatti816@gmail.com,Islamabad,Individual,KPK-241843,True,2356,6,2022-06-23
CU01224,Ayesha Rana,F,1981-03-19,75019-5534019-1,Pakistani,0333-8939697,ayesha.rana801@gmail.com,Peshawar,Individual,KPK-630935,True,1368,8,2024-05-26
CU01225,Usman Siddiqui,M,1985-07-13,11807-1671253-4,Pakistani,0333-4202942,usman.siddiqui825@gmail.com,Multan,Overseas Pakistani,,False,4164,12,2025-09-18
CU01226,Saima Hussain,F,2002-06-06,51295-9148714-4,Pakistani,0301-9769763,saima.hussain948@gmail.com,Lahore,Individual,PB-715592,True,4675,8,2025-10-23
CU01227,Adeel Rizvi,M,1991-10-05,76333-8168054-1,Pakistani,0315-6284723,adeel.rizvi834@gmail.com,Rawalpindi,Government,KPK-114896,True,2310,3,2025-05-08
CU01228,Amna Malik,F,1996-12-09,27273-4731785-5,Pakistani,0333-2701700,amna.malik134@gmail.com,Lahore,Overseas Pakistani,ISB-264572,True,4489,13,2025-04-14
CU01229,Bushra Rana,F,1963-05-07,83712-6694761-4,Pakistani,0320-1273194,bushra.rana5@gmail.com,Karachi,Overseas Pakistani,ISB-291315,True,3689,11,2024-06-13
CU01230,Nadia Malik,F,2000-10-20,49870-9350149-5,Pakistani,0311-3711456,nadia.malik350@gmail.com,Islamabad,Corporate,,False,3257,6,2026-01-04
CU01231,Waqar Javed,M,1982-01-20,26877-4439824-8,Pakistani,0346-9104718,waqar.javed60@gmail.com,Islamabad,Corporate,KPK-789191,True,4478,7,2023-08-18
CU01232,Waqar Ali,M,1977-03-30,43478-7208876-7,Pakistani,0320-8843996,waqar.ali766@gmail.com,Karachi,Government,,False,4710,12,2025-05-12
CU01233,Fahad Hussain,M,1977-07-22,68172-5518767-7,Pakistani,0312-5050722,fahad.hussain995@gmail.com,Islamabad,Corporate,ISB-997912,True,3643,11,2022-11-12
CU01234,Salman Sheikh,M,1962-04-10,60356-7723906-3,Pakistani,0300-2660213,salman.sheikh429@gmail.com,Murree,Individual,KPK-473637,True,2610,6,2026-02-09
CU01235,Waqar Ansari,M,2002-08-30,52267-6499206-6,Pakistani,0345-6906671,waqar.ansari103@gmail.com,Rawalpindi,Individual,,False,1410,10,2023-06-06
CU01236,Tariq Khan,M,1960-04-22,64385-9907938-3,Pakistani,0320-1964519,tariq.khan366@gmail.com,Islamabad,Corporate,ISB-534868,True,3134,11,2023-12-24
CU01237,Hassan Malik,M,1967-11-09,77147-8924037-5,Pakistani,0300-3411226,hassan.malik821@gmail.com,Abbottabad,Overseas Pakistani,PB-311383,True,4335,6,2024-04-12
CU01238,Mehwish Khan,F,1982-12-28,18326-8593960-1,Pakistani,0312-7848614,mehwish.khan199@gmail.com,Peshawar,Overseas Pakistani,,False,373,3,2025-06-28
CU01239,Tariq Malik,M,2001-02-06,53618-1813885-9,Pakistani,0315-9970343,tariq.malik229@gmail.com,Islamabad,Corporate,ISB-738282,True,2277,7,2026-03-10
CU01240,Tariq Raja,M,1985-12-11,89613-8979753-8,American Pakistani,0315-9170146,tariq.raja139@gmail.com,Islamabad,Tourist,KPK-452987,True,1252,5,2025-02-11
CU01241,Bilal Siddiqui,M,1977-06-17,15536-8785277-4,Pakistani,0321-7335761,bilal.siddiqui770@gmail.com,Karachi,Corporate,SND-413686,True,4173,7,2022-01-30
CU01242,Saad Rana,M,1988-09-01,N/A,USA,0321-1757615,saad.rana144@gmail.com,Faisalabad,Corporate,SND-101142,True,1381,7,2026-01-08
CU01243,Tariq Malik,M,1989-03-09,56369-9899410-3,Pakistani,0321-9733958,tariq.malik288@gmail.com,Abbottabad,Overseas Pakistani,,False,143,8,2024-08-17
CU01244,Asad Malik,M,1961-10-31,71756-5793296-9,Pakistani,0333-8722147,asad.malik372@gmail.com,Islamabad,Corporate,BLN-483044,True,931,8,2025-09-06
CU01245,Waqar Ansari,M,1993-02-04,36406-1061967-9,Pakistani,0346-3166549,waqar.ansari860@gmail.com,Rawalpindi,Overseas Pakistani,,False,4967,10,2023-10-18
CU01246,Asma Qureshi,F,1991-03-27,30863-5105260-4,Pakistani,0311-8203514,asma.qureshi32@gmail.com,Lahore,Overseas Pakistani,KPK-857671,True,4494,15,2024-02-11
CU01247,Zara Butt,F,1980-08-07,68124-4229107-1,Pakistani,0333-7758787,zara.butt187@gmail.com,Lahore,Individual,BLN-324014,True,708,13,2024-01-31
CU01248,Salman Nawaz,M,2001-06-01,29605-5947618-3,Pakistani,0333-7070228,salman.nawaz842@gmail.com,Abbottabad,Tourist,KPK-690480,True,2559,7,2024-04-28
CU01249,Adeel Khan,M,2001-11-16,28928-4692054-8,Pakistani,0301-8554947,adeel.khan640@gmail.com,Lahore,Individual,BLN-707410,True,220,17,2022-11-07
CU01250,Rabia Hashmi,F,1990-06-21,45747-8516545-1,Pakistani,0346-5707149,rabia.hashmi830@gmail.com,Murree,Individual,SND-568323,True,4758,9,2023-10-24
CU01251,Sara Rana,F,1995-06-26,78790-2298454-9,Pakistani,0346-1667591,sara.rana864@gmail.com,Lahore,Individual,SND-885327,True,1721,6,2024-08-05
CU01252,Shoaib Bajwa,M,1962-11-27,58443-9555168-7,Pakistani,0311-7794554,shoaib.bajwa847@gmail.com,Rawalpindi,Corporate,BLN-320303,True,4141,11,2023-06-24
CU01253,Faisal Ansari,M,1969-03-18,62244-2329989-3,Pakistani,0312-7696594,faisal.ansari698@gmail.com,Lahore,Overseas Pakistani,,False,891,10,2023-01-05
CU01254,Zain Raja,M,1987-01-12,81673-2673834-3,Pakistani,0315-9774395,zain.raja660@gmail.com,Islamabad,Overseas Pakistani,SND-988494,True,805,8,2024-11-12
CU01255,Fatima Rana,F,1997-02-13,88117-1614850-2,Pakistani,0300-8628291,fatima.rana601@gmail.com,Lahore,Overseas Pakistani,,False,1080,6,2023-03-26
CU01256,Usman Bajwa,M,1984-11-20,77027-8325920-5,Pakistani,0315-8618893,usman.bajwa944@gmail.com,Islamabad,Corporate,ISB-354395,True,2590,6,2022-04-01
CU01257,Kashif Bhatti,M,1982-12-03,35035-6676054-6,Pakistani,0345-1222628,kashif.bhatti820@gmail.com,Karachi,Overseas Pakistani,,False,3988,14,2024-06-24
CU01258,Hassan Farooq,M,1967-08-30,53158-6708676-1,Pakistani,0321-8381610,hassan.farooq693@gmail.com,Murree,Corporate,ISB-474841,True,1040,3,2025-08-11
CU01259,Saad Gondal,M,1987-01-26,46720-5419244-1,Pakistani,0320-7168050,saad.gondal522@gmail.com,Karachi,Tourist,BLN-319400,True,857,6,2022-06-06
CU01260,Asad Hashmi,M,2002-08-28,39729-6414076-1,Pakistani,0312-7720891,asad.hashmi549@gmail.com,Islamabad,Overseas Pakistani,,False,3636,11,2022-08-22
CU01261,Arif Qureshi,M,1996-09-28,86386-8346920-8,Pakistani,0315-8489494,arif.qureshi551@gmail.com,Multan,Corporate,,False,437,13,2022-10-19
CU01262,Asad Farooq,M,1988-02-24,72000-5923181-1,Pakistani,0312-8101098,asad.farooq744@gmail.com,Rawalpindi,Individual,SND-412646,True,177,6,2022-05-16
CU01263,Usman Gondal,M,1974-04-28,25600-6957039-8,Pakistani,0321-8600179,usman.gondal724@gmail.com,Lahore,Tourist,PB-730634,True,1206,8,2025-09-18
CU01264,Hassan Nawaz,M,1977-08-26,27918-2488612-6,Pakistani,0346-7178860,hassan.nawaz944@gmail.com,Faisalabad,Tourist,,False,2492,8,2025-08-08
CU01265,Rizwan Iqbal,M,1970-03-02,55476-5266269-9,Pakistani,0312-8262193,rizwan.iqbal817@gmail.com,Islamabad,Individual,SND-125130,True,3822,4,2023-03-01
CU01266,Salman Qureshi,M,1997-12-22,55269-6985046-9,Pakistani,0320-2381286,salman.qureshi944@gmail.com,Lahore,Individual,,False,3989,15,2023-07-03
CU01267,Laiba Sheikh,F,1979-01-19,31703-2290546-9,Pakistani,0301-7786207,laiba.sheikh579@gmail.com,Islamabad,Individual,,False,4520,9,2022-05-28
CU01268,Asad Sheikh,M,1970-03-23,60672-1982702-5,Pakistani,0346-4412412,asad.sheikh711@gmail.com,Peshawar,Individual,SND-950249,True,3684,10,2023-08-13
CU01269,Usman Bajwa,M,1996-05-08,93482-5049416-4,Pakistani,0300-3542799,usman.bajwa435@gmail.com,Karachi,Individual,KPK-885489,True,242,10,2025-03-23
CU01270,Sumera Qureshi,F,1991-09-19,69299-8712145-2,Pakistani,0315-7334303,sumera.qureshi426@gmail.com,Murree,Individual,SND-556662,True,638,7,2022-01-04
CU01271,Kashif Mehmood,M,1977-09-05,26777-3242098-4,Pakistani,0320-1664676,kashif.mehmood75@gmail.com,Multan,Individual,PB-860425,True,3585,7,2024-05-17
CU01272,Hamza Hashmi,M,1976-01-23,90513-2210758-6,Pakistani,0311-6107472,hamza.hashmi283@gmail.com,Karachi,Individual,,False,3306,9,2022-09-04
CU01273,Muhammad Gondal,M,1967-05-14,49851-7634598-6,Pakistani,0333-6153455,muhammad.gondal144@gmail.com,Islamabad,Tourist,SND-953075,True,430,9,2022-08-14
CU01274,Imran Hashmi,M,1993-09-18,56753-7398699-6,Pakistani,0321-3649973,imran.hashmi655@gmail.com,Islamabad,Individual,PB-609573,True,3593,9,2024-02-09
CU01275,Zara Ahmed,F,1973-05-24,33448-6612357-6,Pakistani,0301-4494463,zara.ahmed852@gmail.com,Karachi,Individual,KPK-917351,True,2363,6,2025-10-31
CU01276,Nasir Qureshi,M,1981-07-31,10104-6044742-8,Pakistani,0312-4916224,nasir.qureshi68@gmail.com,Islamabad,Corporate,KPK-478742,True,2260,11,2024-02-14
CU01277,Sara Siddiqui,F,1990-10-19,22162-2920264-5,Pakistani,0315-8683770,sara.siddiqui539@gmail.com,Lahore,Corporate,BLN-589220,True,4830,11,2023-10-11
CU01278,Usman Javed,M,1960-05-12,74952-8305583-7,Pakistani,0301-9620683,usman.javed199@gmail.com,Rawalpindi,Corporate,ISB-832288,True,4328,10,2024-02-05
CU01279,Ahmed Sheikh,M,1992-06-08,37017-2414449-6,Pakistani,0301-2089225,ahmed.sheikh257@gmail.com,Karachi,Individual,PB-554174,True,3943,15,2024-12-31
CU01280,Zain Sheikh,M,2002-05-27,69782-2632721-1,Pakistani,0315-7801301,zain.sheikh647@gmail.com,Peshawar,Individual,BLN-435631,True,3467,5,2023-09-09
CU01281,Arif Bhatti,M,1997-08-19,N/A,Saudi,0311-8177523,arif.bhatti842@gmail.com,Islamabad,Corporate,,False,4736,9,2025-09-06
CU01282,Salman Mehmood,M,1963-03-27,14356-1885733-3,Pakistani,0312-1909825,salman.mehmood190@gmail.com,Lahore,Individual,BLN-552709,True,2746,6,2025-08-18
CU01283,Aisha Javed,F,1960-11-05,22527-2607888-5,Pakistani,0311-1458160,aisha.javed414@gmail.com,Karachi,Overseas Pakistani,SND-603735,True,300,5,2022-07-31
CU01284,Tariq Mirza,M,1993-02-16,62664-8120500-4,Pakistani,0312-9712522,tariq.mirza145@gmail.com,Karachi,Individual,,False,1054,12,2022-10-05
CU01285,Zara Ali,F,1961-05-31,97141-3954480-1,Pakistani,0321-7338108,zara.ali144@gmail.com,Quetta,Individual,ISB-200249,True,379,7,2022-06-04
CU01286,Bilal Hussain,M,1983-12-18,94114-3924425-6,Pakistani,0311-9674209,bilal.hussain388@gmail.com,Rawalpindi,Individual,ISB-935303,True,1758,9,2022-11-21
CU01287,Sohail Hussain,M,1975-01-19,38387-6104959-3,Pakistani,0346-7706319,sohail.hussain306@gmail.com,Murree,Individual,KPK-739014,True,3626,8,2024-05-26
CU01288,Nadia Hussain,F,1986-03-07,17144-6982910-4,Pakistani,0333-8613786,nadia.hussain652@gmail.com,Lahore,Individual,SND-755467,True,1986,10,2023-07-21
CU01289,Bushra Rana,F,1988-01-15,22073-6613796-3,Pakistani,0333-7782763,bushra.rana380@gmail.com,Rawalpindi,Corporate,KPK-690055,True,543,11,2023-07-02
CU01290,Zubair Butt,M,1976-08-01,64598-7987527-5,Pakistani,0301-5472823,zubair.butt485@gmail.com,Peshawar,Overseas Pakistani,KPK-329822,True,2041,15,2024-04-08
CU01291,Noor Butt,F,1972-12-10,61617-8286382-6,Pakistani,0312-6671770,noor.butt214@gmail.com,Abbottabad,Tourist,,False,4597,9,2025-04-03
CU01292,Mehwish Malik,F,1994-03-05,42747-3585301-5,Pakistani,0312-7513876,mehwish.malik506@gmail.com,Karachi,Tourist,,False,4852,9,2022-11-05
CU01293,Kashif Hashmi,M,1963-09-02,64833-4296986-9,Canadian Pakistani,0312-6435508,kashif.hashmi278@gmail.com,Islamabad,Individual,,False,1740,12,2025-09-12
CU01294,Nasir Mirza,M,1982-06-09,23273-7598418-9,Pakistani,0311-5966644,nasir.mirza580@gmail.com,Karachi,Individual,SND-718909,True,1936,12,2025-06-15
CU01295,Arif Rizvi,M,1995-04-26,98317-9390169-2,Pakistani,0301-7604374,arif.rizvi919@gmail.com,Karachi,Individual,,False,4221,9,2025-09-05
CU01296,Faisal Ahmed,M,1961-04-23,59747-1988693-8,Pakistani,0311-1068231,faisal.ahmed966@gmail.com,Islamabad,Individual,ISB-387173,True,4393,7,2025-06-10
CU01297,Saad Rizvi,M,2000-07-17,46057-4489768-2,Pakistani,0311-3054975,saad.rizvi293@gmail.com,Karachi,Corporate,SND-921825,True,1609,12,2025-04-27
CU01298,Uzma Qureshi,F,1968-04-01,92946-3758975-7,Pakistani,0320-6779292,uzma.qureshi769@gmail.com,Rawalpindi,Individual,,False,3321,6,2023-02-25
CU01299,Amna Gondal,F,1964-11-18,87153-6042815-1,Pakistani,0312-7633905,amna.gondal841@gmail.com,Lahore,Tourist,,False,4691,11,2023-06-22
CU01300,Raza Ahmed,M,1989-12-14,N/A,Australia,0320-8720280,raza.ahmed91@gmail.com,Islamabad,Corporate,,False,3358,12,2024-07-13
CU01301,Fatima Ansari,F,1990-08-03,24540-1551324-2,Pakistani,0333-2802479,fatima.ansari174@gmail.com,Abbottabad,Individual,KPK-923412,True,4679,4,2022-02-26
CU01302,Arif Javed,M,1971-01-28,20656-4266312-4,Pakistani,0312-5566344,arif.javed996@gmail.com,Lahore,Individual,KPK-325909,True,3901,8,2025-09-25
CU01303,Saad Raja,M,1995-11-21,46889-1764881-9,Pakistani,0320-2486644,saad.raja746@gmail.com,Islamabad,Corporate,,False,508,9,2022-05-26
CU01304,Robia Gondal,F,1969-09-17,62488-1174850-5,Pakistani,0315-2393146,robia.gondal791@gmail.com,Islamabad,Government,ISB-149870,True,2552,7,2025-09-05
CU01305,Nadia Ali,F,1966-10-02,25606-7781322-9,Pakistani,0300-2213893,nadia.ali898@gmail.com,Lahore,Overseas Pakistani,,False,4933,11,2022-03-23
CU01306,Usman Sheikh,M,2002-10-30,53139-6072816-9,Pakistani,0320-3616177,usman.sheikh62@gmail.com,Murree,Individual,,False,1716,5,2023-10-16
CU01307,Hamza Ali,M,1991-03-11,87552-2672509-4,Pakistani,0346-7411540,hamza.ali61@gmail.com,Lahore,Government,ISB-439660,True,3936,8,2022-07-22
CU01308,Sara Hashmi,F,1965-03-15,50558-1272190-3,Pakistani,0320-8783461,sara.hashmi686@gmail.com,Islamabad,Individual,ISB-269420,True,4266,7,2025-02-11
CU01309,Sara Raza,F,1964-02-16,49200-6320286-3,Pakistani,0345-2259682,sara.raza792@gmail.com,Islamabad,Overseas Pakistani,,False,4977,12,2023-03-13
CU01310,Robia Nawaz,F,1976-07-12,19404-5007105-9,Pakistani,0301-1629300,robia.nawaz941@gmail.com,Lahore,Individual,SND-416319,True,910,14,2025-09-08
CU01311,Hina Bajwa,F,1972-11-03,16276-2277335-4,Pakistani,0301-6629014,hina.bajwa224@gmail.com,Islamabad,Corporate,KPK-153895,True,3366,12,2025-05-07
CU01312,Nadia Qureshi,F,1962-12-24,52359-3944407-8,Pakistani,0320-2259160,nadia.qureshi3@gmail.com,Lahore,Individual,PB-763745,True,2976,10,2023-08-03
CU01313,Salman Ahmed,M,2001-11-27,46165-9734158-9,Pakistani,0321-8145732,salman.ahmed400@gmail.com,Karachi,Corporate,,False,4952,9,2023-08-02
CU01314,Sohail Iqbal,M,1962-08-14,54660-8259264-8,British Pakistani,0321-7742602,sohail.iqbal214@gmail.com,Islamabad,Individual,,False,2995,9,2024-01-16
CU01315,Maryam Malik,F,1998-03-16,61080-7781473-3,Pakistani,0321-7796343,maryam.malik376@gmail.com,Quetta,Individual,ISB-371571,True,3135,8,2022-01-17
CU01316,Raza Ali,M,1963-09-21,39161-1085457-7,Pakistani,0346-8062860,raza.ali882@gmail.com,Rawalpindi,Government,PB-373339,True,331,4,2026-06-01
CU01317,Uzma Farooq,F,1996-03-30,63982-7864868-9,American Pakistani,0315-1989763,uzma.farooq689@gmail.com,Islamabad,Individual,,False,2227,17,2026-04-05
CU01318,Usman Rizvi,M,1966-04-24,24591-3042032-6,Pakistani,0311-3348927,usman.rizvi235@gmail.com,Islamabad,Individual,PB-679038,True,1213,5,2023-01-06
CU01319,Usman Raza,M,1960-08-03,56912-5985521-1,Pakistani,0300-5578830,usman.raza95@gmail.com,Lahore,Individual,ISB-861570,True,4540,13,2023-07-03
CU01320,Salman Sheikh,M,1970-03-27,55485-1498304-6,Pakistani,0312-6346637,salman.sheikh991@gmail.com,Lahore,Tourist,,False,3629,10,2022-10-26
CU01321,Zain Nawaz,M,1986-07-23,93827-7029466-8,Pakistani,0346-1686773,zain.nawaz614@gmail.com,Islamabad,Overseas Pakistani,SND-649653,True,1968,13,2022-03-01
CU01322,Nasir Khan,M,1998-03-12,53178-5069897-5,Pakistani,0301-6585409,nasir.khan893@gmail.com,Islamabad,Overseas Pakistani,PB-924855,True,4182,12,2026-04-08
CU01323,Zara Raza,F,1981-01-22,92419-3162462-9,Pakistani,0300-3940814,zara.raza88@gmail.com,Lahore,Tourist,,False,4177,10,2025-10-12
CU01324,Sohail Iqbal,M,1961-01-04,83301-1418381-4,Pakistani,0345-2936236,sohail.iqbal684@gmail.com,Lahore,Tourist,,False,1195,8,2022-07-19
CU01325,Raza Gondal,M,1992-07-15,62756-1230532-6,Pakistani,0321-6421773,raza.gondal981@gmail.com,Multan,Individual,,False,2821,3,2024-10-06
CU01326,Sumera Bajwa,F,1973-09-23,10086-8031362-7,Pakistani,0315-1819381,sumera.bajwa707@gmail.com,Karachi,Individual,KPK-476738,True,1255,7,2024-11-30
CU01327,Nasir Ansari,M,1960-08-30,70253-5036476-4,Pakistani,0345-5586361,nasir.ansari381@gmail.com,Lahore,Tourist,SND-145331,True,679,13,2024-03-28
CU01328,Faisal Ansari,M,1964-03-07,87037-1982913-3,Pakistani,0321-4690182,faisal.ansari651@gmail.com,Multan,Individual,ISB-636900,True,2296,7,2023-02-03
CU01329,Zubair Gondal,M,1987-07-14,49491-8714700-8,Pakistani,0311-6420863,zubair.gondal822@gmail.com,Islamabad,Corporate,ISB-657322,True,2310,14,2025-10-15
CU01330,Junaid Malik,M,2000-05-31,14182-5595391-2,Pakistani,0345-3114248,junaid.malik316@gmail.com,Rawalpindi,Individual,ISB-855128,True,2711,10,2023-12-02
CU01331,Fahad Qureshi,M,1986-12-06,86671-1483087-7,Pakistani,0311-9371621,fahad.qureshi577@gmail.com,Islamabad,Corporate,SND-115672,True,1328,13,2023-07-23
CU01332,Faisal Ali,M,1970-09-23,N/A,UAE,0321-5884127,faisal.ali368@gmail.com,Quetta,Individual,PB-333036,True,676,19,2023-10-22
CU01333,Salman Malik,M,1983-07-26,28326-8299487-7,Pakistani,0311-2520785,salman.malik454@gmail.com,Lahore,Individual,,False,1293,10,2022-07-23
CU01334,Omar Gondal,M,1966-03-24,80985-3966773-2,Pakistani,0321-5038912,omar.gondal605@gmail.com,Murree,Individual,PB-525847,True,3133,7,2025-05-22
CU01335,Fahad Khan,M,1977-10-09,38239-3031888-4,Pakistani,0315-3632201,fahad.khan513@gmail.com,Islamabad,Individual,,False,369,11,2023-09-11
CU01336,Rizwan Siddiqui,M,1960-05-04,16389-2782460-4,Pakistani,0312-4550837,rizwan.siddiqui383@gmail.com,Islamabad,Individual,BLN-336656,True,4009,13,2025-05-22
CU01337,Sohail Ali,M,1960-02-03,66398-2668494-7,Pakistani,0311-4090461,sohail.ali862@gmail.com,Islamabad,Individual,KPK-494865,True,2300,7,2025-12-04
CU01338,Waqar Mehmood,M,1976-07-11,85938-3392875-4,Pakistani,0300-5792490,waqar.mehmood813@gmail.com,Rawalpindi,Corporate,,False,2819,8,2026-01-28
CU01339,Amna Malik,F,1993-04-28,N/A,Saudi,0345-9966996,amna.malik787@gmail.com,Islamabad,Government,ISB-398701,True,2715,9,2024-02-11
CU01340,Junaid Raza,M,1997-08-01,56234-4285175-2,Pakistani,0301-8572560,junaid.raza998@gmail.com,Islamabad,Individual,SND-548694,True,3446,8,2025-12-28
CU01341,Ahmed Siddiqui,M,1967-12-06,13473-3686384-9,Pakistani,0301-6388039,ahmed.siddiqui489@gmail.com,Karachi,Corporate,BLN-157613,True,3332,8,2025-09-18
CU01342,Junaid Gondal,M,1962-09-07,N/A,USA,0345-8412157,junaid.gondal25@gmail.com,Islamabad,Individual,SND-759763,True,3914,13,2025-07-19
CU01343,Kashif Iqbal,M,1966-01-28,86778-3605709-2,Pakistani,0311-7351028,kashif.iqbal839@gmail.com,Islamabad,Corporate,BLN-855458,True,2330,14,2025-08-18
CU01344,Hamza Iqbal,M,2000-11-21,35239-1361942-1,Pakistani,0300-5107753,hamza.iqbal465@gmail.com,Lahore,Individual,KPK-910453,True,2012,8,2025-03-12
CU01345,Sumera Javed,F,1966-08-30,44033-8337578-6,Pakistani,0315-9425599,sumera.javed872@gmail.com,Abbottabad,Tourist,SND-498447,True,1709,5,2022-09-17
CU01346,Bushra Javed,F,1971-07-26,75133-7924536-6,Pakistani,0315-2200885,bushra.javed904@gmail.com,Islamabad,Corporate,,False,2792,3,2023-03-07
CU01347,Sana Ali,F,1964-03-24,56281-3745884-7,Pakistani,0333-5912991,sana.ali189@gmail.com,Islamabad,Individual,,False,3531,5,2024-06-30
CU01348,Rabia Siddiqui,F,1962-11-08,55275-4701177-4,Pakistani,0345-7130921,rabia.siddiqui689@gmail.com,Peshawar,Individual,SND-429268,True,3161,6,2025-06-10
CU01349,Hamza Hussain,M,1983-09-23,46527-5831487-6,Pakistani,0301-1363733,hamza.hussain315@gmail.com,Lahore,Individual,SND-755857,True,1131,8,2023-10-07
CU01350,Hamza Bajwa,M,1965-10-24,53752-2843096-3,Pakistani,0300-8074975,hamza.bajwa785@gmail.com,Gujranwala,Individual,PB-887159,True,3664,4,2024-05-05
CU01351,Nadia Gondal,F,2002-05-17,86586-4615672-5,Pakistani,0320-3323359,nadia.gondal75@gmail.com,Islamabad,Individual,PB-703484,True,903,11,2023-09-09
CU01352,Salman Raja,M,1976-08-26,74674-8742166-9,Pakistani,0300-5812955,salman.raja933@gmail.com,Multan,Individual,KPK-616682,True,4646,11,2024-08-07
CU01353,Sana Siddiqui,F,1965-03-19,N/A,Saudi,0300-4416039,sana.siddiqui236@gmail.com,Nathiagali,Individual,BLN-655430,True,1097,12,2022-07-11
CU01354,Nasir Raja,M,1997-09-19,35305-8460951-3,Pakistani,0300-5525254,nasir.raja325@gmail.com,Faisalabad,Government,,False,524,12,2026-01-09
CU01355,Robia Qureshi,F,1994-05-11,38797-3359292-9,Pakistani,0333-4363181,robia.qureshi5@gmail.com,Karachi,Individual,ISB-170635,True,1133,12,2026-06-14
CU01356,Fatima Ali,F,1999-12-25,45182-3122320-7,Pakistani,0320-4414838,fatima.ali210@gmail.com,Abbottabad,Corporate,PB-543400,True,3697,6,2025-10-15
CU01357,Muhammad Nawaz,M,1967-06-19,93641-2439383-4,Pakistani,0333-1146415,muhammad.nawaz873@gmail.com,Multan,Corporate,KPK-771209,True,2074,4,2025-05-27
CU01358,Mehwish Gondal,F,1965-12-20,16815-2907982-4,Pakistani,0311-5388097,mehwish.gondal637@gmail.com,Islamabad,Government,KPK-900690,True,766,12,2025-02-28
CU01359,Noor Ali,F,1996-12-31,53489-5895147-7,Pakistani,0301-8972423,noor.ali354@gmail.com,Karachi,Overseas Pakistani,BLN-850146,True,491,12,2025-01-12
CU01360,Amna Nawaz,F,1992-11-29,93631-2143161-1,Pakistani,0320-2030722,amna.nawaz279@gmail.com,Lahore,Corporate,PB-166977,True,2855,7,2024-04-10
CU01361,Waqar Mirza,M,1963-05-27,95790-2728520-5,Pakistani,0346-4644707,waqar.mirza489@gmail.com,Karachi,Overseas Pakistani,KPK-580333,True,2619,7,2023-12-23
CU01362,Bilal Ali,M,1988-01-05,51649-7399386-5,Pakistani,0345-2845323,bilal.ali499@gmail.com,Karachi,Individual,SND-675578,True,2148,5,2022-03-15
CU01363,Sohail Ali,M,1966-12-10,N/A,UAE,0315-9843526,sohail.ali711@gmail.com,Abbottabad,Tourist,BLN-777210,True,1672,5,2024-09-17
CU01364,Mehwish Ahmed,F,1964-10-14,77811-8086614-2,Pakistani,0301-8885674,mehwish.ahmed847@gmail.com,Rawalpindi,Overseas Pakistani,,False,3157,9,2024-06-17
CU01365,Junaid Javed,M,1983-05-21,15463-6382929-1,Pakistani,0321-9997784,junaid.javed213@gmail.com,Islamabad,Individual,KPK-298800,True,2093,13,2024-01-01
CU01366,Ali Bajwa,M,1975-08-07,42363-7119422-4,Pakistani,0312-9542620,ali.bajwa168@gmail.com,Lahore,Individual,KPK-266956,True,3177,8,2024-03-30
CU01367,Hina Bhatti,F,2000-08-12,99301-6540690-9,Pakistani,0320-8135725,hina.bhatti439@gmail.com,Peshawar,Individual,BLN-608430,True,4954,6,2023-03-03
CU01368,Fahad Farooq,M,1969-01-29,70558-3999254-8,Pakistani,0333-8214160,fahad.farooq607@gmail.com,Islamabad,Tourist,BLN-950519,True,1818,8,2023-06-07
CU01369,Zain Siddiqui,M,1996-05-18,77876-7217916-5,Pakistani,0333-2786695,zain.siddiqui992@gmail.com,Karachi,Individual,PB-104632,True,4459,10,2024-08-14
CU01370,Fatima Rizvi,F,2001-02-03,39328-3800406-8,Pakistani,0345-8870908,fatima.rizvi467@gmail.com,Lahore,Individual,ISB-226741,True,4106,15,2023-08-23
CU01371,Usman Javed,M,1992-11-09,88976-2031438-1,Pakistani,0345-2391572,usman.javed150@gmail.com,Lahore,Corporate,ISB-150384,True,1159,11,2026-01-07
CU01372,Sana Chaudhry,F,1973-03-29,N/A,USA,0321-9110583,sana.chaudhry870@gmail.com,Karachi,Individual,,False,3662,11,2024-08-19
CU01373,Sohail Javed,M,2000-07-08,72224-2817583-7,Pakistani,0321-8289742,sohail.javed359@gmail.com,Lahore,Individual,SND-522194,True,3729,6,2024-04-12
CU01374,Sohail Gondal,M,1992-06-13,44867-1269740-1,Pakistani,0315-7151290,sohail.gondal156@gmail.com,Karachi,Corporate,PB-964152,True,2306,10,2022-10-11
CU01375,Saima Raja,F,1991-12-19,33894-3133795-2,Pakistani,0315-2274041,saima.raja779@gmail.com,Rawalpindi,Tourist,KPK-355723,True,108,8,2024-07-28
CU01376,Kamran Raza,M,1981-06-14,93956-2917457-2,Pakistani,0321-1623137,kamran.raza764@gmail.com,Karachi,Individual,ISB-145986,True,567,12,2024-03-23
CU01377,Sana Ansari,F,1960-05-26,84949-4505346-5,Pakistani,0345-6641575,sana.ansari613@gmail.com,Islamabad,Individual,SND-683328,True,1665,9,2023-03-28
CU01378,Waqar Nawaz,M,1992-01-06,24129-5759495-7,Pakistani,0345-2531586,waqar.nawaz838@gmail.com,Islamabad,Individual,KPK-503076,True,1986,10,2025-12-26
CU01379,Hamza Rana,M,1977-05-17,13007-4484098-2,Pakistani,0345-3327151,hamza.rana837@gmail.com,Nathiagali,Corporate,,False,3339,9,2024-05-16
CU01380,Arif Nawaz,M,1966-05-15,87626-3792503-8,Pakistani,0311-5867041,arif.nawaz3@gmail.com,Rawalpindi,Corporate,,False,322,17,2022-03-12
CU01381,Sana Khan,F,1984-06-30,59412-1293064-6,Pakistani,0301-1404125,sana.khan573@gmail.com,Lahore,Individual,KPK-393395,True,1707,7,2022-10-21
CU01382,Hassan Qureshi,M,2002-10-23,35971-4933783-6,Canadian Pakistani,0333-4641837,hassan.qureshi391@gmail.com,Karachi,Tourist,,False,4901,7,2025-12-30
CU01383,Amna Khan,F,1964-01-04,78986-4939225-2,Pakistani,0346-8438468,amna.khan534@gmail.com,Multan,Individual,ISB-862438,True,29,8,2023-09-27
CU01384,Bushra Ali,F,1967-10-13,46527-2081609-6,Pakistani,0346-4015042,bushra.ali640@gmail.com,Lahore,Government,ISB-751834,True,1885,4,2022-04-12
CU01385,Rabia Rana,F,1979-11-23,79964-1414943-9,Pakistani,0301-3354355,rabia.rana141@gmail.com,Lahore,Individual,SND-645168,True,547,2,2023-12-16
CU01386,Sumera Raza,F,1994-12-24,10490-6829790-4,Pakistani,0301-2481041,sumera.raza38@gmail.com,Lahore,Corporate,,False,2857,11,2025-10-26
CU01387,Bilal Raja,M,1994-12-23,36581-8513921-9,Pakistani,0320-3340558,bilal.raja97@gmail.com,Karachi,Individual,BLN-712923,True,1022,9,2026-03-10
CU01388,Raza Ansari,M,1987-03-15,23611-7803765-8,Pakistani,0333-9035216,raza.ansari707@gmail.com,Islamabad,Government,ISB-633816,True,4057,10,2024-09-07
CU01389,Usman Raja,M,1983-10-23,66681-9824221-6,Pakistani,0300-2472730,usman.raja747@gmail.com,Lahore,Government,,False,3248,9,2026-05-09
CU01390,Nadia Bhatti,F,2001-06-18,67013-8446621-9,Pakistani,0346-1187788,nadia.bhatti584@gmail.com,Lahore,Corporate,PB-569286,True,3252,7,2022-06-25
CU01391,Aisha Butt,F,1968-05-26,N/A,USA,0346-1011337,aisha.butt475@gmail.com,Lahore,Corporate,,False,2387,10,2025-04-04
CU01392,Salman Mirza,M,1985-05-15,72950-8798942-3,Pakistani,0333-6414277,salman.mirza998@gmail.com,Lahore,Individual,BLN-976552,True,4063,8,2024-02-18
CU01393,Nasir Chaudhry,M,2000-11-30,13843-2215338-5,Pakistani,0301-8395677,nasir.chaudhry112@gmail.com,Lahore,Government,SND-445675,True,3955,7,2025-02-03
CU01394,Adeel Ahmed,M,2002-10-07,55995-2557136-9,Pakistani,0346-8405483,adeel.ahmed83@gmail.com,Murree,Corporate,,False,935,8,2023-09-24
CU01395,Ahmed Ali,M,1999-02-28,34069-5393789-5,Pakistani,0315-4035787,ahmed.ali536@gmail.com,Karachi,Tourist,,False,3663,6,2025-02-23
CU01396,Robia Siddiqui,F,1988-09-06,28519-4291303-1,Pakistani,0301-2705829,robia.siddiqui749@gmail.com,Lahore,Individual,PB-456406,True,108,8,2022-05-11
CU01397,Zubair Rana,M,1961-08-14,94296-6781924-3,Pakistani,0311-3718763,zubair.rana233@gmail.com,Lahore,Individual,PB-527896,True,4953,7,2023-03-08
CU01398,Bushra Khan,F,1977-03-30,12596-3283404-5,Pakistani,0311-7457461,bushra.khan667@gmail.com,Islamabad,Individual,SND-245639,True,2126,9,2025-12-08
CU01399,Uzma Siddiqui,F,1970-09-24,13261-6479968-8,American Pakistani,0301-5648789,uzma.siddiqui313@gmail.com,Lahore,Tourist,SND-795567,True,4895,12,2024-01-23
CU01400,Robia Hussain,F,1962-03-25,57433-6099080-5,Pakistani,0321-4672026,robia.hussain261@gmail.com,Karachi,Corporate,,False,2705,10,2026-01-23
CU01401,Zubair Rana,M,1979-04-01,N/A,UAE,0321-9625390,zubair.rana204@gmail.com,Abbottabad,Government,,False,2192,12,2024-11-03
CU01402,Asad Rizvi,M,1993-04-04,66224-3684708-7,Pakistani,0345-4621098,asad.rizvi445@gmail.com,Nathiagali,Corporate,SND-970182,True,2455,11,2024-11-26
CU01403,Usman Khan,M,1998-08-10,10599-9521022-5,Pakistani,0312-3668719,usman.khan792@gmail.com,Karachi,Individual,SND-908927,True,4997,12,2025-02-22
CU01404,Rizwan Rana,M,1971-04-18,54199-9985406-1,Pakistani,0321-1398948,rizwan.rana782@gmail.com,Rawalpindi,Overseas Pakistani,,False,2503,7,2023-10-16
CU01405,Noor Mehmood,F,1961-06-06,11073-1857930-8,Pakistani,0312-5703728,noor.mehmood177@gmail.com,Karachi,Corporate,BLN-895331,True,1606,15,2025-03-07
CU01406,Faisal Bhatti,M,1970-03-12,87370-6280331-5,Pakistani,0321-1080315,faisal.bhatti248@gmail.com,Multan,Individual,,False,4605,8,2022-02-28
CU01407,Usman Mirza,M,1985-01-29,93365-1081630-5,Pakistani,0321-1388554,usman.mirza674@gmail.com,Quetta,Individual,PB-689642,True,771,9,2023-10-01
CU01408,Imran Ahmed,M,1966-03-31,N/A,France,0312-4754689,imran.ahmed769@gmail.com,Multan,Corporate,,False,4026,16,2025-06-24
CU01409,Aisha Chaudhry,F,1963-07-12,41326-6915526-1,Pakistani,0320-3799611,aisha.chaudhry411@gmail.com,Peshawar,Tourist,KPK-293620,True,3774,8,2023-06-26
CU01410,Hamza Raja,M,1977-01-21,16699-9784090-6,Pakistani,0345-4748775,hamza.raja542@gmail.com,Multan,Tourist,PB-680918,True,2867,7,2023-12-15
CU01411,Ali Hussain,M,1988-05-06,92026-2355962-4,Pakistani,0321-2573148,ali.hussain81@gmail.com,Peshawar,Government,,False,3904,10,2025-09-25
CU01412,Maryam Siddiqui,F,1997-03-06,14096-8010846-3,Pakistani,0345-4128564,maryam.siddiqui557@gmail.com,Rawalpindi,Tourist,,False,881,9,2024-05-01
CU01413,Imran Bhatti,M,1971-03-22,97529-6326103-8,Pakistani,0321-8099755,imran.bhatti737@gmail.com,Lahore,Government,,False,1366,11,2026-04-08
CU01414,Hassan Butt,M,1993-10-15,95852-8416795-7,Pakistani,0311-1236820,hassan.butt604@gmail.com,Lahore,Corporate,BLN-162086,True,3472,12,2025-03-15
CU01415,Sohail Ansari,M,1970-10-15,19667-8311956-8,Pakistani,0300-6213765,sohail.ansari344@gmail.com,Islamabad,Overseas Pakistani,ISB-846876,True,2702,12,2026-01-16
CU01416,Adeel Rizvi,M,1966-05-29,N/A,USA,0333-8393940,adeel.rizvi234@gmail.com,Multan,Individual,,False,818,9,2022-12-21
CU01417,Amna Hussain,F,1995-01-23,15043-6177054-9,Pakistani,0321-2517524,amna.hussain674@gmail.com,Islamabad,Tourist,KPK-781797,True,1247,5,2022-04-28
CU01418,Sohail Iqbal,M,1977-12-22,N/A,USA,0311-4985367,sohail.iqbal110@gmail.com,Rawalpindi,Individual,PB-367755,True,1085,13,2024-08-23
CU01419,Shoaib Bhatti,M,1976-12-24,53415-5912445-1,Pakistani,0320-5341285,shoaib.bhatti199@gmail.com,Lahore,Corporate,ISB-646661,True,1663,9,2025-08-17
CU01420,Hamza Gondal,M,1976-09-16,30549-9116967-8,Pakistani,0301-2798568,hamza.gondal329@gmail.com,Islamabad,Tourist,,False,129,7,2024-04-15
CU01421,Adeel Sheikh,M,2002-07-22,54529-2077621-8,Pakistani,0312-3713273,adeel.sheikh522@gmail.com,Karachi,Individual,ISB-982746,True,3500,9,2022-10-17
CU01422,Sara Mehmood,F,1962-05-27,22838-5130309-7,Pakistani,0315-2266948,sara.mehmood806@gmail.com,Karachi,Individual,KPK-564155,True,1784,11,2025-10-23
CU01423,Arif Hashmi,M,1965-02-09,69142-9175938-1,Pakistani,0345-5899240,arif.hashmi355@gmail.com,Peshawar,Individual,BLN-876454,True,663,9,2024-02-04
CU01424,Ayesha Hussain,F,1972-04-18,94698-7329770-9,Pakistani,0312-9294106,ayesha.hussain569@gmail.com,Rawalpindi,Individual,BLN-135877,True,1745,5,2026-03-06
CU01425,Noor Ali,F,1967-08-18,16190-4988610-1,Pakistani,0320-1142754,noor.ali620@gmail.com,Karachi,Corporate,,False,1685,10,2023-07-14
CU01426,Kamran Bhatti,M,1990-06-23,29162-5028102-7,Pakistani,0346-9472303,kamran.bhatti99@gmail.com,Rawalpindi,Corporate,,False,365,7,2022-06-04
CU01427,Bushra Raja,F,1965-12-05,42055-5711332-7,Pakistani,0300-2686949,bushra.raja559@gmail.com,Lahore,Individual,KPK-267439,True,1219,10,2022-01-06
CU01428,Nasir Raja,M,1984-07-13,82112-4304891-2,Pakistani,0333-9774012,nasir.raja125@gmail.com,Islamabad,Tourist,SND-333060,True,3402,6,2022-01-19
CU01429,Adeel Raja,M,1989-12-11,N/A,Australia,0312-7381643,adeel.raja615@gmail.com,Karachi,Corporate,ISB-588486,True,4180,8,2025-04-28
CU01430,Robia Ansari,F,1981-08-17,43682-2673076-1,Pakistani,0345-1148226,robia.ansari468@gmail.com,Islamabad,Individual,ISB-554769,True,1977,7,2023-07-05
CU01431,Fahad Khan,M,1995-08-21,33632-4635481-8,Pakistani,0300-9876595,fahad.khan381@gmail.com,Karachi,Corporate,ISB-901896,True,902,10,2026-05-19
CU01432,Ali Gondal,M,1971-11-17,65091-8929095-3,Pakistani,0315-7634179,ali.gondal353@gmail.com,Peshawar,Individual,,False,2772,7,2024-03-08
CU01433,Laiba Butt,F,1980-05-05,99699-2951677-9,Pakistani,0346-7967136,laiba.butt769@gmail.com,Lahore,Individual,PB-987574,True,3486,7,2023-05-08
CU01434,Zubair Sheikh,M,1966-01-12,67752-4670161-1,Pakistani,0321-7097786,zubair.sheikh507@gmail.com,Karachi,Tourist,,False,1699,8,2024-07-28
CU01435,Nasir Nawaz,M,1981-06-07,28322-4647625-5,Pakistani,0333-2155070,nasir.nawaz310@gmail.com,Karachi,Overseas Pakistani,KPK-925710,True,3202,13,2024-02-20
CU01436,Hamza Chaudhry,M,1992-08-19,N/A,France,0345-7980931,hamza.chaudhry798@gmail.com,Islamabad,Individual,ISB-817433,True,2442,9,2022-12-23
CU01437,Hassan Siddiqui,M,1968-04-28,79712-8071566-4,Pakistani,0333-5394487,hassan.siddiqui491@gmail.com,Rawalpindi,Individual,ISB-982606,True,2050,7,2024-03-06
CU01438,Nasir Bajwa,M,1977-05-19,82247-4881016-1,Pakistani,0300-5669165,nasir.bajwa555@gmail.com,Karachi,Overseas Pakistani,PB-610049,True,4942,3,2025-08-05
CU01439,Junaid Iqbal,M,1990-12-15,29001-2906140-3,Pakistani,0345-1967224,junaid.iqbal393@gmail.com,Murree,Tourist,,False,2701,9,2025-05-10
CU01440,Ali Ali,M,2000-09-21,N/A,France,0301-2374993,ali.ali557@gmail.com,Rawalpindi,Individual,SND-278613,True,1050,13,2024-11-17
CU01441,Saad Sheikh,M,1983-04-06,86465-7718915-1,Pakistani,0345-6614760,saad.sheikh694@gmail.com,Islamabad,Individual,SND-651362,True,4265,7,2025-09-05
CU01442,Adeel Hashmi,M,2000-02-13,51382-3704989-3,Pakistani,0301-9226414,adeel.hashmi128@gmail.com,Rawalpindi,Corporate,ISB-392719,True,4475,9,2024-04-18
CU01443,Mehwish Siddiqui,F,1983-03-07,11233-8258973-2,Pakistani,0345-4544343,mehwish.siddiqui648@gmail.com,Karachi,Corporate,KPK-526122,True,1992,5,2022-07-13
CU01444,Amna Sheikh,F,1967-07-18,68803-3986486-7,Pakistani,0301-8022144,amna.sheikh612@gmail.com,Karachi,Government,,False,2499,11,2025-05-31
CU01445,Saad Rizvi,M,1982-09-30,87329-1898452-7,Pakistani,0346-3796588,saad.rizvi715@gmail.com,Islamabad,Corporate,ISB-219357,True,1697,9,2025-08-09
CU01446,Robia Ahmed,F,1979-02-09,N/A,France,0301-7526630,robia.ahmed228@gmail.com,Quetta,Individual,,False,1593,9,2024-05-13
CU01447,Rabia Ahmed,F,1981-02-02,15951-6208860-1,Pakistani,0312-8989673,rabia.ahmed689@gmail.com,Karachi,Corporate,PB-730589,True,2926,7,2026-03-16
CU01448,Waqar Farooq,M,1974-12-07,40725-3074710-3,Pakistani,0345-5671643,waqar.farooq751@gmail.com,Lahore,Individual,,False,1784,8,2025-05-21
CU01449,Usman Mirza,M,1994-11-11,19140-4091304-6,Pakistani,0346-2120195,usman.mirza645@gmail.com,Faisalabad,Individual,,False,2081,12,2024-10-07
CU01450,Nadia Sheikh,F,1996-09-24,14891-3038671-9,Pakistani,0333-4913637,nadia.sheikh586@gmail.com,Karachi,Individual,BLN-373804,True,2932,12,2023-06-13
CU01451,Bilal Mehmood,M,1994-08-27,38524-1884516-4,Pakistani,0300-8890213,bilal.mehmood613@gmail.com,Lahore,Individual,SND-646639,True,2766,9,2026-05-07
CU01452,Ayesha Rana,F,1986-05-03,85929-8798283-3,Pakistani,0320-1538723,ayesha.rana576@gmail.com,Lahore,Corporate,,False,4959,9,2022-12-27
CU01453,Uzma Hashmi,F,1988-07-13,N/A,Saudi,0301-8021886,uzma.hashmi411@gmail.com,Peshawar,Individual,,False,4163,11,2022-05-12
CU01454,Bilal Chaudhry,M,1987-11-20,27836-3030443-8,Pakistani,0312-5928043,bilal.chaudhry999@gmail.com,Lahore,Overseas Pakistani,ISB-840658,True,1476,10,2023-09-18
CU01455,Omar Rana,M,1967-08-29,78840-4850943-1,Pakistani,0333-5121047,omar.rana190@gmail.com,Karachi,Government,,False,1922,5,2024-06-07
CU01456,Muhammad Sheikh,M,1999-12-29,32045-5974962-9,Pakistani,0320-3605524,muhammad.sheikh686@gmail.com,Lahore,Corporate,ISB-264984,True,2289,6,2023-05-17
CU01457,Noor Khan,F,1991-04-19,21909-2979968-9,Pakistani,0333-2092626,noor.khan345@gmail.com,Karachi,Individual,,False,3412,14,2023-07-16
CU01458,Salman Bajwa,M,1972-10-13,91270-2089741-4,Pakistani,0345-1653160,salman.bajwa328@gmail.com,Islamabad,Individual,KPK-971175,True,1099,13,2023-09-07
CU01459,Sara Raja,F,1988-05-31,19973-2184456-1,Pakistani,0312-6340289,sara.raja393@gmail.com,Karachi,Corporate,KPK-746450,True,2188,10,2023-01-07
CU01460,Sumera Butt,F,1961-07-31,60017-8260880-7,Pakistani,0315-3906972,sumera.butt794@gmail.com,Karachi,Individual,PB-697528,True,2842,10,2023-04-24
CU01461,Zubair Ahmed,M,1985-07-05,35149-1272505-4,British Pakistani,0320-3127628,zubair.ahmed288@gmail.com,Rawalpindi,Overseas Pakistani,,False,1218,12,2023-08-26
CU01462,Hamza Raja,M,1967-12-21,49309-9680402-9,Pakistani,0315-4859970,hamza.raja976@gmail.com,Lahore,Individual,PB-369855,True,1709,13,2024-08-25
CU01463,Junaid Nawaz,M,1977-02-06,57444-5831336-3,Pakistani,0320-5179026,junaid.nawaz745@gmail.com,Lahore,Corporate,BLN-285173,True,3143,9,2025-06-24
CU01464,Bushra Mirza,F,1975-05-30,12845-6828339-3,Pakistani,0346-9775520,bushra.mirza827@gmail.com,Islamabad,Individual,,False,3057,7,2025-05-31
CU01465,Saad Rana,M,1998-10-30,65305-5754314-6,Pakistani,0312-6414274,saad.rana616@gmail.com,Islamabad,Corporate,,False,787,8,2024-08-21
CU01466,Ahmed Hussain,M,1980-07-16,87583-6707994-5,Pakistani,0311-9533877,ahmed.hussain973@gmail.com,Islamabad,Corporate,SND-322577,True,2250,9,2023-08-07
CU01467,Laiba Rana,F,1978-01-11,87207-5332113-8,Pakistani,0300-7854885,laiba.rana718@gmail.com,Karachi,Corporate,ISB-579803,True,182,10,2024-06-06
CU01468,Ali Hussain,M,1987-11-13,38166-9784541-5,Pakistani,0345-2721829,ali.hussain345@gmail.com,Lahore,Individual,,False,3212,7,2024-09-10
CU01469,Mehwish Ansari,F,1992-08-25,76215-8086318-1,Pakistani,0301-7448481,mehwish.ansari504@gmail.com,Rawalpindi,Corporate,KPK-373426,True,4611,10,2026-01-21
CU01470,Amna Raza,F,1991-02-22,67008-9675882-6,Pakistani,0300-5668073,amna.raza332@gmail.com,Islamabad,Government,,False,136,6,2025-08-15
CU01471,Hamza Ansari,M,1998-06-08,50745-1764389-3,Pakistani,0320-3985466,hamza.ansari815@gmail.com,Karachi,Tourist,BLN-555746,True,590,12,2024-08-23
CU01472,Bushra Bajwa,F,1967-07-12,14363-3181928-6,Pakistani,0300-5038568,bushra.bajwa552@gmail.com,Abbottabad,Tourist,KPK-840006,True,4018,3,2024-05-26
CU01473,Saima Raza,F,1983-01-24,42685-9678884-5,Pakistani,0315-5101925,saima.raza777@gmail.com,Quetta,Individual,,False,3335,10,2025-02-19
CU01474,Saima Chaudhry,F,1974-06-29,20415-3370656-8,Pakistani,0346-7331260,saima.chaudhry616@gmail.com,Lahore,Individual,KPK-188142,True,5000,15,2025-08-21
CU01475,Arif Raza,M,1988-10-30,74189-8711923-6,Pakistani,0346-7309035,arif.raza778@gmail.com,Multan,Overseas Pakistani,,False,3889,9,2022-04-10
CU01476,Saima Mirza,F,1978-08-12,49851-5718741-4,Pakistani,0315-5331289,saima.mirza413@gmail.com,Islamabad,Government,BLN-918815,True,4896,11,2024-02-13
CU01477,Rabia Iqbal,F,1964-09-15,58599-8377687-7,Pakistani,0301-8999003,rabia.iqbal732@gmail.com,Lahore,Corporate,ISB-570279,True,1800,13,2022-09-12
CU01478,Maryam Hussain,F,1998-11-11,64195-3280105-7,Pakistani,0312-7583602,maryam.hussain456@gmail.com,Rawalpindi,Individual,BLN-428373,True,337,5,2024-11-09
CU01479,Nasir Gondal,M,1981-11-27,59064-5573720-5,Pakistani,0312-5785863,nasir.gondal860@gmail.com,Murree,Individual,,False,4115,13,2025-12-30
CU01480,Adeel Siddiqui,M,1998-01-21,13604-5026970-8,Pakistani,0333-8813668,adeel.siddiqui430@gmail.com,Islamabad,Tourist,,False,4567,4,2024-08-31
CU01481,Tariq Malik,M,1961-01-04,50386-8468413-6,Pakistani,0312-6000408,tariq.malik91@gmail.com,Faisalabad,Individual,ISB-432493,True,3859,6,2026-04-19
CU01482,Arif Chaudhry,M,1962-08-31,16096-5660093-1,Pakistani,0333-7251201,arif.chaudhry408@gmail.com,Karachi,Individual,KPK-861237,True,4147,10,2022-11-04
CU01483,Asad Mehmood,M,1971-10-25,65399-7131350-4,Pakistani,0321-4024821,asad.mehmood936@gmail.com,Rawalpindi,Corporate,PB-809711,True,1066,10,2024-04-22
CU01484,Ahmed Rana,M,1990-08-30,14825-5365908-8,Pakistani,0300-2320054,ahmed.rana72@gmail.com,Multan,Corporate,,False,490,8,2026-02-15
CU01485,Asad Bajwa,M,1993-10-18,88361-9419884-7,Pakistani,0321-2348045,asad.bajwa89@gmail.com,Karachi,Overseas Pakistani,BLN-206747,True,2607,14,2024-10-25
CU01486,Faisal Hussain,M,1978-01-08,65712-2560438-9,Pakistani,0333-9575199,faisal.hussain499@gmail.com,Lahore,Individual,ISB-394297,True,3781,5,2026-02-10
CU01487,Zubair Raja,M,1989-03-13,90492-1265461-6,Pakistani,0311-7188445,zubair.raja414@gmail.com,Nathiagali,Overseas Pakistani,,False,2810,9,2025-05-14
CU01488,Muhammad Nawaz,M,1988-10-16,40350-1060547-3,Pakistani,0315-4119485,muhammad.nawaz509@gmail.com,Karachi,Individual,,False,3463,10,2023-08-09
CU01489,Aisha Hussain,F,1997-08-06,30390-2125505-5,Pakistani,0300-6948417,aisha.hussain69@gmail.com,Lahore,Individual,PB-192525,True,4357,4,2024-03-06
CU01490,Asad Hashmi,M,1973-10-17,21834-5250179-8,Pakistani,0346-6697277,asad.hashmi172@gmail.com,Lahore,Individual,KPK-577319,True,2451,8,2023-09-12
CU01491,Fatima Chaudhry,F,1974-09-06,98106-3793128-4,Pakistani,0346-9067338,fatima.chaudhry661@gmail.com,Karachi,Individual,,False,1848,13,2024-01-02
CU01492,Bushra Mehmood,F,1990-08-04,75129-9037393-5,Pakistani,0301-4418978,bushra.mehmood93@gmail.com,Karachi,Overseas Pakistani,PB-484270,True,625,7,2024-11-01
CU01493,Fatima Malik,F,1975-12-09,80059-2317595-6,Pakistani,0312-9845421,fatima.malik795@gmail.com,Lahore,Individual,,False,4407,8,2024-01-17
CU01494,Kamran Sheikh,M,1981-12-07,17587-9766338-5,Pakistani,0301-3865701,kamran.sheikh995@gmail.com,Lahore,Individual,,False,4538,9,2024-02-08
CU01495,Salman Nawaz,M,1997-08-28,91373-3983232-4,Pakistani,0346-4448288,salman.nawaz966@gmail.com,Abbottabad,Overseas Pakistani,ISB-716139,True,1805,9,2023-09-30
CU01496,Adeel Ahmed,M,1984-07-27,79844-2091033-5,Pakistani,0333-4172212,adeel.ahmed266@gmail.com,Abbottabad,Tourist,,False,1041,11,2025-12-11
CU01497,Rizwan Butt,M,1973-12-25,85265-8773056-4,Pakistani,0300-2704646,rizwan.butt178@gmail.com,Multan,Individual,,False,518,9,2024-11-20
CU01498,Saad Chaudhry,M,1973-03-29,42697-2406726-6,Pakistani,0321-7080788,saad.chaudhry201@gmail.com,Islamabad,Individual,ISB-165821,True,2627,6,2023-04-03
CU01499,Ahmed Raza,M,1973-04-25,23082-1796123-7,Pakistani,0321-6084824,ahmed.raza680@gmail.com,Islamabad,Individual,KPK-435299,True,3740,13,2024-04-13
CU01500,Mehwish Iqbal,F,1993-08-11,83185-4083015-2,Pakistani,0311-7821777,mehwish.iqbal962@gmail.com,Peshawar,Individual,BLN-999349,True,4898,11,2023-07-01
CU01501,Ahmed Ansari,M,1973-10-05,23715-7416366-7,Pakistani,0315-2565036,ahmed.ansari18@gmail.com,Karachi,Overseas Pakistani,ISB-890369,True,4312,4,2025-07-27
CU01502,Raza Hussain,M,1966-01-04,75989-3113020-3,Pakistani,0301-9375544,raza.hussain365@gmail.com,Peshawar,Individual,SND-278781,True,3121,13,2025-06-20
CU01503,Zubair Malik,M,1961-05-14,21318-1065132-1,Pakistani,0321-4865379,zubair.malik143@gmail.com,Lahore,Corporate,KPK-616189,True,1060,11,2026-04-06
CU01504,Zain Bhatti,M,1962-03-16,94592-8772927-5,Pakistani,0346-6697547,zain.bhatti631@gmail.com,Karachi,Individual,SND-870720,True,1055,8,2023-06-05
CU01505,Bushra Bhatti,F,2002-02-18,34414-1749872-6,Pakistani,0346-1387017,bushra.bhatti724@gmail.com,Islamabad,Corporate,PB-762440,True,4227,6,2024-03-29
CU01506,Zubair Ali,M,1972-12-02,64854-7016513-5,Pakistani,0345-5420628,zubair.ali462@gmail.com,Lahore,Individual,SND-826233,True,4972,7,2023-11-30
CU01507,Adeel Khan,M,1971-07-15,67101-7579060-5,Pakistani,0312-1591852,adeel.khan97@gmail.com,Abbottabad,Corporate,SND-445221,True,2903,7,2024-06-02
CU01508,Rabia Nawaz,F,1985-01-25,59927-6831671-7,Pakistani,0315-4987189,rabia.nawaz76@gmail.com,Lahore,Corporate,PB-508266,True,429,8,2024-05-03
CU01509,Usman Bajwa,M,1961-01-12,11195-5688262-8,Pakistani,0315-5648869,usman.bajwa682@gmail.com,Abbottabad,Government,SND-183510,True,4730,6,2025-06-14
CU01510,Waqar Khan,M,1969-04-19,78295-6413204-4,Pakistani,0346-3826766,waqar.khan974@gmail.com,Rawalpindi,Tourist,,False,4665,4,2023-08-17
CU01511,Adeel Javed,M,1993-10-19,57407-4915104-5,Pakistani,0345-3149929,adeel.javed575@gmail.com,Islamabad,Individual,,False,1960,13,2025-04-20
CU01512,Ali Mehmood,M,1978-05-04,38975-3115515-7,Pakistani,0345-1131307,ali.mehmood828@gmail.com,Lahore,Corporate,BLN-368275,True,4182,4,2026-04-04
CU01513,Rizwan Rana,M,1983-09-19,96616-3503994-3,Pakistani,0321-9972390,rizwan.rana680@gmail.com,Karachi,Individual,PB-266566,True,4305,10,2022-12-04
CU01514,Fatima Farooq,F,1994-04-08,15470-8328113-9,Pakistani,0346-6752035,fatima.farooq438@gmail.com,Islamabad,Individual,BLN-862831,True,2441,6,2025-10-27
CU01515,Mehwish Hashmi,F,2000-09-01,62327-5673157-6,Pakistani,0346-4671037,mehwish.hashmi492@gmail.com,Lahore,Individual,KPK-869724,True,2299,12,2025-03-22
CU01516,Adeel Hashmi,M,1975-01-06,72596-6408592-6,American Pakistani,0321-3661549,adeel.hashmi946@gmail.com,Islamabad,Individual,BLN-834024,True,4002,12,2023-07-17
CU01517,Faisal Hussain,M,1963-11-26,79017-7472175-3,American Pakistani,0333-8445104,faisal.hussain331@gmail.com,Faisalabad,Individual,ISB-979787,True,965,10,2026-06-06
CU01518,Saad Ansari,M,1971-07-15,51719-2206977-6,Pakistani,0333-6212353,saad.ansari909@gmail.com,Rawalpindi,Individual,ISB-741075,True,3303,11,2024-06-21
CU01519,Hamza Iqbal,M,2001-12-16,37072-6888172-9,Pakistani,0311-2023838,hamza.iqbal856@gmail.com,Karachi,Overseas Pakistani,ISB-515238,True,1570,5,2022-03-19
CU01520,Junaid Mirza,M,1985-10-26,28950-3118168-9,Pakistani,0320-4606539,junaid.mirza313@gmail.com,Lahore,Corporate,,False,4916,13,2022-12-09
CU01521,Hamza Rizvi,M,1962-03-10,16463-2389365-9,Pakistani,0300-5606927,hamza.rizvi9@gmail.com,Lahore,Corporate,PB-306081,True,2457,12,2025-02-07
CU01522,Rizwan Mirza,M,1999-01-17,79072-7696322-7,Pakistani,0345-2750314,rizwan.mirza951@gmail.com,Islamabad,Tourist,,False,2833,7,2023-10-31
CU01523,Hamza Khan,M,1975-06-24,67333-9129496-5,Pakistani,0333-3311667,hamza.khan508@gmail.com,Islamabad,Individual,PB-150413,True,2725,15,2026-03-15
CU01524,Kamran Raza,M,1987-12-29,N/A,Germany,0346-6855653,kamran.raza419@gmail.com,Karachi,Individual,SND-874777,True,1257,11,2024-10-23
CU01525,Ahmed Butt,M,1963-11-01,95066-4649178-9,Pakistani,0312-1329004,ahmed.butt690@gmail.com,Abbottabad,Government,,False,4072,8,2024-07-18
CU01526,Kashif Rizvi,M,1966-03-23,38513-7220664-7,Pakistani,0345-9589909,kashif.rizvi274@gmail.com,Islamabad,Individual,KPK-884742,True,3239,8,2022-01-06
CU01527,Sohail Farooq,M,1997-04-30,83738-2678642-9,Pakistani,0301-8651833,sohail.farooq495@gmail.com,Islamabad,Individual,KPK-488314,True,561,2,2022-11-10
CU01528,Kamran Hussain,M,1973-05-29,98104-2682926-7,Pakistani,0320-3983710,kamran.hussain533@gmail.com,Islamabad,Individual,PB-642480,True,2755,5,2025-09-19
CU01529,Tariq Bhatti,M,1979-12-16,14810-9076699-1,Pakistani,0321-6471782,tariq.bhatti311@gmail.com,Lahore,Individual,BLN-376115,True,1722,9,2025-07-31
CU01530,Rabia Farooq,F,1979-05-17,63808-3931337-3,Pakistani,0300-5456556,rabia.farooq787@gmail.com,Lahore,Corporate,BLN-156380,True,3988,11,2024-04-09
CU01531,Rabia Raza,F,1998-10-22,26382-1854852-1,Pakistani,0301-3064760,rabia.raza973@gmail.com,Islamabad,Individual,KPK-774705,True,2066,7,2024-08-04
CU01532,Imran Farooq,M,1972-11-27,N/A,UAE,0320-9116089,imran.farooq137@gmail.com,Karachi,Individual,PB-469515,True,2992,7,2024-08-17
CU01533,Aisha Qureshi,F,1971-06-02,93083-9183892-5,Canadian Pakistani,0301-7601967,aisha.qureshi547@gmail.com,Islamabad,Individual,,False,2693,11,2025-08-21
CU01534,Bilal Gondal,M,1989-11-02,58874-6863940-9,Pakistani,0300-6771537,bilal.gondal498@gmail.com,Rawalpindi,Individual,BLN-416053,True,3996,12,2024-01-12
CU01535,Hina Rana,F,1978-05-03,44405-2972292-4,Pakistani,0333-3812604,hina.rana245@gmail.com,Lahore,Individual,,False,1748,11,2026-02-27
CU01536,Maryam Bhatti,F,1960-01-31,87712-8458954-2,Pakistani,0320-9266135,maryam.bhatti686@gmail.com,Rawalpindi,Individual,BLN-612900,True,2011,7,2023-08-19
CU01537,Shoaib Javed,M,1974-04-29,75446-5754682-6,Pakistani,0333-1622092,shoaib.javed126@gmail.com,Karachi,Government,,False,3780,10,2022-02-22
CU01538,Rizwan Qureshi,M,1964-07-09,96383-1659573-2,Pakistani,0345-1591663,rizwan.qureshi963@gmail.com,Islamabad,Individual,SND-582357,True,4692,13,2026-06-08
CU01539,Adeel Ali,M,1981-12-05,50973-6264959-2,Pakistani,0333-3618852,adeel.ali113@gmail.com,Lahore,Tourist,,False,2991,7,2025-03-30
CU01540,Rabia Raja,F,1984-08-27,98716-5194080-6,Pakistani,0312-8187968,rabia.raja499@gmail.com,Peshawar,Overseas Pakistani,PB-485891,True,2916,5,2025-12-11
CU01541,Hamza Ali,M,1981-12-08,45401-2432350-4,Pakistani,0312-6794950,hamza.ali840@gmail.com,Islamabad,Individual,ISB-889872,True,1588,17,2025-06-07
CU01542,Tariq Chaudhry,M,1962-02-11,93263-6196843-4,Pakistani,0333-7797936,tariq.chaudhry872@gmail.com,Karachi,Overseas Pakistani,PB-428884,True,3930,12,2025-12-29
CU01543,Sumera Ansari,F,1979-10-23,N/A,Germany,0300-4288623,sumera.ansari721@gmail.com,Peshawar,Overseas Pakistani,ISB-796456,True,422,10,2024-07-23
CU01544,Rabia Siddiqui,F,1994-09-23,61096-1422616-9,Pakistani,0311-6749638,rabia.siddiqui186@gmail.com,Karachi,Overseas Pakistani,,False,3400,8,2023-05-01
CU01545,Robia Bajwa,F,2002-06-07,76398-9775993-7,Pakistani,0333-2739566,robia.bajwa91@gmail.com,Rawalpindi,Tourist,PB-804872,True,1052,14,2023-02-06
CU01546,Nadia Ahmed,F,1971-11-01,20827-2815385-8,Pakistani,0346-3462001,nadia.ahmed864@gmail.com,Karachi,Individual,,False,2729,6,2025-06-21
CU01547,Saima Farooq,F,1994-01-13,59485-7246183-4,British Pakistani,0311-7287843,saima.farooq703@gmail.com,Rawalpindi,Government,KPK-393773,True,2346,6,2022-06-06
CU01548,Hassan Farooq,M,1990-11-03,N/A,Australia,0312-7409677,hassan.farooq944@gmail.com,Lahore,Overseas Pakistani,SND-296692,True,4187,9,2022-02-07
CU01549,Sana Ali,F,1969-03-30,87740-4630384-8,Pakistani,0333-9606561,sana.ali309@gmail.com,Lahore,Corporate,ISB-663145,True,2289,13,2024-10-14
CU01550,Zara Qureshi,F,1990-02-01,78449-5090790-4,Pakistani,0312-6429831,zara.qureshi274@gmail.com,Islamabad,Individual,ISB-202179,True,911,13,2023-01-14
CU01551,Nasir Chaudhry,M,2000-11-18,61759-5883509-8,Pakistani,0345-1775273,nasir.chaudhry750@gmail.com,Lahore,Individual,BLN-111080,True,3455,11,2025-09-16
CU01552,Mehwish Sheikh,F,1984-05-18,58912-1043346-8,Pakistani,0333-9099709,mehwish.sheikh706@gmail.com,Islamabad,Individual,,False,538,9,2025-07-27
CU01553,Hassan Hashmi,M,1966-08-10,16465-6029882-2,Pakistani,0346-7541956,hassan.hashmi834@gmail.com,Islamabad,Corporate,BLN-333172,True,366,10,2023-04-09
CU01554,Nadia Qureshi,F,1997-11-25,66282-8839459-5,Pakistani,0301-2397786,nadia.qureshi411@gmail.com,Rawalpindi,Individual,ISB-438586,True,1889,6,2025-06-01
CU01555,Saima Hussain,F,1995-09-17,73772-1259473-4,Pakistani,0320-3192587,saima.hussain345@gmail.com,Peshawar,Individual,,False,937,11,2025-12-15
CU01556,Uzma Raja,F,1962-05-19,23086-4151234-7,Pakistani,0346-3385745,uzma.raja594@gmail.com,Islamabad,Individual,SND-587112,True,88,7,2024-08-04
CU01557,Hassan Mirza,M,2001-05-15,28159-6719824-3,American Pakistani,0333-1057835,hassan.mirza144@gmail.com,Islamabad,Corporate,,False,1427,7,2022-08-20
CU01558,Junaid Farooq,M,1961-02-14,77423-1175565-3,Pakistani,0315-4890720,junaid.farooq204@gmail.com,Lahore,Corporate,,False,3015,13,2025-01-21
CU01559,Waqar Raza,M,1968-08-13,57459-8526838-4,Pakistani,0321-2417020,waqar.raza492@gmail.com,Karachi,Corporate,KPK-454494,True,2078,7,2024-02-12
CU01560,Arif Javed,M,1991-09-02,49879-1789953-2,Pakistani,0311-5102758,arif.javed194@gmail.com,Rawalpindi,Individual,,False,710,7,2025-03-16
CU01561,Waqar Rana,M,1986-02-23,54416-8613430-2,Pakistani,0345-9270231,waqar.rana84@gmail.com,Karachi,Corporate,,False,3980,9,2025-12-03
CU01562,Ahmed Siddiqui,M,1978-06-05,26982-5255527-7,Pakistani,0300-6535803,ahmed.siddiqui96@gmail.com,Lahore,Overseas Pakistani,SND-365677,True,4430,7,2023-04-20
CU01563,Bushra Bajwa,F,1974-05-22,83053-8609231-7,Pakistani,0345-8797852,bushra.bajwa887@gmail.com,Islamabad,Individual,SND-999372,True,496,9,2022-01-20
CU01564,Imran Raza,M,1974-07-24,69643-4912074-2,Pakistani,0345-4965030,imran.raza46@gmail.com,Faisalabad,Corporate,,False,1864,7,2023-04-08
CU01565,Adeel Ansari,M,1993-07-28,75519-5429641-6,Pakistani,0301-1005407,adeel.ansari310@gmail.com,Murree,Tourist,,False,4446,12,2023-07-30
CU01566,Ayesha Bajwa,F,1973-08-12,80962-2555745-6,Pakistani,0333-1327721,ayesha.bajwa878@gmail.com,Karachi,Government,,False,2792,8,2023-08-16
CU01567,Ahmed Bhatti,M,1986-08-29,49176-9008084-7,Pakistani,0301-2764731,ahmed.bhatti111@gmail.com,Peshawar,Corporate,,False,419,10,2024-09-18
CU01568,Sumera Hashmi,F,1977-08-04,56018-8018372-6,Pakistani,0345-3514200,sumera.hashmi525@gmail.com,Rawalpindi,Individual,BLN-928635,True,3734,7,2022-11-07
CU01569,Raza Bajwa,M,1969-06-04,N/A,France,0312-1174760,raza.bajwa624@gmail.com,Rawalpindi,Individual,BLN-370345,True,3114,15,2024-12-18
CU01570,Mehwish Khan,F,1997-10-22,95190-7840467-2,Pakistani,0312-9714135,mehwish.khan136@gmail.com,Lahore,Tourist,SND-919763,True,4488,12,2024-09-02
CU01571,Arif Bhatti,M,1999-08-13,15358-4441352-7,Pakistani,0311-7312402,arif.bhatti229@gmail.com,Lahore,Individual,SND-591190,True,4827,12,2023-01-12
CU01572,Uzma Ahmed,F,1990-01-21,56870-3066998-3,Pakistani,0346-8037085,uzma.ahmed177@gmail.com,Peshawar,Individual,,False,1535,13,2025-09-15
CU01573,Mehwish Rizvi,F,2000-06-01,35243-5057676-1,Pakistani,0311-4618428,mehwish.rizvi632@gmail.com,Karachi,Individual,BLN-340947,True,2066,7,2023-07-28
CU01574,Salman Qureshi,M,1996-07-13,43893-4801143-1,Pakistani,0333-6767836,salman.qureshi671@gmail.com,Karachi,Individual,PB-299994,True,2793,8,2024-06-15
CU01575,Zubair Mirza,M,1994-12-03,41777-9093231-1,Pakistani,0300-7417959,zubair.mirza883@gmail.com,Islamabad,Individual,KPK-366137,True,4350,12,2025-02-12
CU01576,Nasir Hashmi,M,1994-12-25,92804-9728885-1,Pakistani,0320-3797073,nasir.hashmi371@gmail.com,Faisalabad,Individual,,False,2867,9,2023-09-29
CU01577,Asma Khan,F,1974-07-14,57862-6587170-1,Pakistani,0345-8118181,asma.khan564@gmail.com,Islamabad,Individual,,False,4342,8,2025-07-29
CU01578,Bushra Qureshi,F,1961-03-25,32122-3052579-4,Pakistani,0301-9062053,bushra.qureshi36@gmail.com,Karachi,Individual,,False,762,11,2025-06-26
CU01579,Aisha Rizvi,F,1977-12-31,96747-3209870-9,Pakistani,0345-9799372,aisha.rizvi796@gmail.com,Faisalabad,Overseas Pakistani,,False,3965,10,2022-11-23
CU01580,Asma Hashmi,F,1969-02-07,50594-7078269-7,Pakistani,0311-2897507,asma.hashmi486@gmail.com,Murree,Corporate,,False,4730,6,2024-03-14
CU01581,Hassan Ansari,M,1960-05-16,10868-8902192-1,Pakistani,0300-6438861,hassan.ansari81@gmail.com,Islamabad,Tourist,ISB-287482,True,4317,4,2024-09-25
CU01582,Raza Ahmed,M,1966-09-24,95994-1060841-2,Pakistani,0345-7054097,raza.ahmed305@gmail.com,Multan,Individual,,False,3002,3,2023-07-11
CU01583,Tariq Nawaz,M,1982-05-08,N/A,Australia,0320-7808038,tariq.nawaz426@gmail.com,Karachi,Corporate,PB-589126,True,2617,6,2025-08-24
CU01584,Hina Siddiqui,F,1967-09-04,32388-1852295-4,Pakistani,0333-1929494,hina.siddiqui493@gmail.com,Lahore,Corporate,BLN-904260,True,2798,7,2023-08-22
CU01585,Amna Chaudhry,F,1960-08-07,41183-4626686-7,Pakistani,0346-1175585,amna.chaudhry437@gmail.com,Karachi,Individual,ISB-934269,True,720,9,2023-06-16
CU01586,Sohail Malik,M,1970-04-11,79668-6741846-9,Pakistani,0301-8722609,sohail.malik8@gmail.com,Islamabad,Individual,,False,783,5,2024-01-18
CU01587,Hassan Bajwa,M,1979-05-23,13631-3166384-6,Pakistani,0301-3192711,hassan.bajwa48@gmail.com,Lahore,Government,ISB-989596,True,4606,13,2022-11-13
CU01588,Junaid Siddiqui,M,1965-08-31,10491-5507241-4,Pakistani,0345-6712069,junaid.siddiqui518@gmail.com,Islamabad,Tourist,PB-722214,True,844,9,2023-12-05
CU01589,Zain Siddiqui,M,2001-01-07,89214-8442905-2,Pakistani,0320-3766121,zain.siddiqui997@gmail.com,Rawalpindi,Individual,,False,158,10,2026-06-01
CU01590,Rizwan Bhatti,M,1973-07-30,49194-8847442-4,Pakistani,0315-7912974,rizwan.bhatti163@gmail.com,Karachi,Individual,,False,3157,4,2022-09-24
CU01591,Ali Nawaz,M,2001-07-10,85380-8882386-8,Pakistani,0312-8285393,ali.nawaz726@gmail.com,Lahore,Corporate,SND-603333,True,1407,6,2026-03-20
CU01592,Bilal Rana,M,1973-09-17,70612-9705563-8,Pakistani,0311-7314805,bilal.rana371@gmail.com,Islamabad,Overseas Pakistani,SND-215676,True,2765,11,2024-04-11
CU01593,Maryam Iqbal,F,2000-02-12,90397-1786436-4,Pakistani,0320-9958042,maryam.iqbal663@gmail.com,Lahore,Corporate,,False,153,9,2025-08-05
CU01594,Asad Hashmi,M,1986-01-26,16532-5816411-1,British Pakistani,0315-2104201,asad.hashmi430@gmail.com,Nathiagali,Government,KPK-606387,True,1868,8,2024-09-05
CU01595,Asad Butt,M,1978-03-10,N/A,Germany,0311-7139913,asad.butt268@gmail.com,Lahore,Tourist,,False,4865,14,2022-11-11
CU01596,Rabia Ansari,F,1995-01-27,45183-1983940-2,Pakistani,0321-3488203,rabia.ansari478@gmail.com,Karachi,Individual,,False,1980,7,2022-08-11
CU01597,Hina Farooq,F,1980-08-21,43898-9243355-6,Pakistani,0333-1213879,hina.farooq900@gmail.com,Islamabad,Individual,,False,94,9,2025-07-22
CU01598,Tariq Malik,M,2001-03-13,45769-8522486-5,Pakistani,0311-3649367,tariq.malik590@gmail.com,Karachi,Individual,BLN-768332,True,1985,7,2026-06-14
CU01599,Aisha Gondal,F,1978-09-19,20802-6920875-4,Pakistani,0315-1333515,aisha.gondal809@gmail.com,Karachi,Overseas Pakistani,,False,1382,6,2022-12-07
CU01600,Omar Mehmood,M,1973-07-05,15597-4402291-3,Pakistani,0315-1266744,omar.mehmood589@gmail.com,Lahore,Tourist,ISB-837328,True,455,9,2024-06-04
CU01601,Faisal Ansari,M,1963-01-11,75960-9202221-4,Pakistani,0321-6336813,faisal.ansari267@gmail.com,Nathiagali,Corporate,ISB-849101,True,2327,6,2022-12-27
CU01602,Hassan Qureshi,M,1987-10-11,68048-7101617-5,Pakistani,0315-4768730,hassan.qureshi637@gmail.com,Lahore,Individual,,False,1609,7,2023-09-19
CU01603,Sumera Qureshi,F,1986-05-09,98063-4074000-6,Pakistani,0311-9613156,sumera.qureshi481@gmail.com,Islamabad,Individual,,False,4570,9,2025-11-22
CU01604,Faisal Chaudhry,M,1971-02-17,42279-1330407-8,Pakistani,0312-5651218,faisal.chaudhry349@gmail.com,Murree,Overseas Pakistani,,False,2036,9,2025-07-12
CU01605,Amna Ali,F,1968-02-10,29992-5917741-8,Pakistani,0320-1363038,amna.ali649@gmail.com,Gujranwala,Individual,,False,4669,10,2025-01-08
CU01606,Kamran Bhatti,M,1967-01-20,19518-7706878-1,Pakistani,0311-5169777,kamran.bhatti842@gmail.com,Islamabad,Individual,PB-442521,True,785,10,2022-02-28
CU01607,Ali Siddiqui,M,2002-06-28,87038-5475710-1,Pakistani,0320-3548215,ali.siddiqui156@gmail.com,Rawalpindi,Corporate,KPK-457447,True,3221,11,2023-09-18
CU01608,Adeel Gondal,M,1967-01-04,40483-9567985-1,Pakistani,0345-9671681,adeel.gondal78@gmail.com,Lahore,Individual,BLN-195559,True,2043,10,2026-02-09
CU01609,Noor Khan,F,1975-09-01,N/A,Germany,0320-2147253,noor.khan632@gmail.com,Karachi,Individual,SND-215422,True,2729,7,2025-11-18
CU01610,Arif Mirza,M,1976-01-21,40227-3913827-9,Pakistani,0311-5658481,arif.mirza420@gmail.com,Lahore,Individual,PB-118297,True,3527,9,2022-09-04
CU01611,Sana Ahmed,F,1990-02-11,66698-4983691-6,Pakistani,0311-1155325,sana.ahmed895@gmail.com,Karachi,Corporate,,False,6,15,2024-07-27
CU01612,Ali Mirza,M,1961-11-11,60516-9404963-6,Pakistani,0333-8472447,ali.mirza472@gmail.com,Rawalpindi,Individual,ISB-420939,True,1555,8,2025-11-05
CU01613,Hamza Khan,M,2000-12-13,15784-2319481-5,Pakistani,0333-2611400,hamza.khan870@gmail.com,Multan,Individual,ISB-868270,True,1773,10,2025-05-13
CU01614,Rizwan Nawaz,M,1983-07-11,46837-7555515-2,Pakistani,0333-5078088,rizwan.nawaz569@gmail.com,Lahore,Individual,BLN-219413,True,3339,14,2024-11-06
CU01615,Nasir Mehmood,M,1975-10-21,88103-1767489-6,Pakistani,0300-7405699,nasir.mehmood343@gmail.com,Islamabad,Tourist,,False,3278,5,2026-04-03
CU01616,Arif Butt,M,1977-01-20,30458-9191897-3,Pakistani,0300-2883407,arif.butt690@gmail.com,Lahore,Corporate,KPK-569162,True,1264,10,2025-07-18
CU01617,Bilal Siddiqui,M,1978-11-02,13772-9950095-4,Pakistani,0300-7716629,bilal.siddiqui619@gmail.com,Rawalpindi,Individual,,False,3632,8,2024-12-01
CU01618,Sumera Rana,F,1985-07-21,89634-4429590-7,Pakistani,0345-2332627,sumera.rana267@gmail.com,Lahore,Corporate,,False,3174,10,2024-09-11
CU01619,Ahmed Ansari,M,1976-12-30,83555-6664429-8,Pakistani,0301-2409304,ahmed.ansari436@gmail.com,Lahore,Tourist,KPK-471535,True,3531,10,2022-04-04
CU01620,Sohail Siddiqui,M,1996-10-29,21718-9452037-1,Pakistani,0345-4514978,sohail.siddiqui603@gmail.com,Lahore,Government,,False,1200,13,2022-02-03
CU01621,Sana Siddiqui,F,1983-09-28,38039-5030330-8,Pakistani,0345-9088479,sana.siddiqui814@gmail.com,Murree,Individual,,False,1982,9,2022-02-07
CU01622,Hina Qureshi,F,1982-03-18,64484-2807429-6,Pakistani,0320-9061226,hina.qureshi690@gmail.com,Karachi,Individual,,False,1259,9,2022-01-26
CU01623,Sana Hussain,F,1989-10-26,13116-1969781-6,Pakistani,0320-1525977,sana.hussain520@gmail.com,Islamabad,Government,ISB-798150,True,4616,4,2025-04-15
CU01624,Amna Bajwa,F,1997-12-23,72693-3266679-5,Pakistani,0333-2634045,amna.bajwa402@gmail.com,Lahore,Corporate,PB-113830,True,1656,9,2026-06-23
CU01625,Maryam Iqbal,F,1983-08-08,20416-5883003-4,Pakistani,0321-3640540,maryam.iqbal630@gmail.com,Islamabad,Corporate,KPK-748503,True,1851,12,2022-02-06
CU01626,Kamran Hussain,M,1964-10-08,45582-7934229-7,Canadian Pakistani,0311-9589677,kamran.hussain635@gmail.com,Lahore,Corporate,SND-826859,True,1594,16,2024-01-06
CU01627,Sohail Qureshi,M,1967-01-12,17298-1070088-3,Pakistani,0311-5191144,sohail.qureshi39@gmail.com,Islamabad,Individual,PB-335357,True,2350,8,2022-03-21
CU01628,Junaid Bhatti,M,1980-04-04,20330-7190164-9,Pakistani,0315-1729471,junaid.bhatti846@gmail.com,Nathiagali,Government,KPK-207257,True,4231,13,2025-07-12
CU01629,Fahad Nawaz,M,1999-08-03,15694-2925327-3,Pakistani,0312-3132211,fahad.nawaz500@gmail.com,Multan,Individual,BLN-680203,True,2407,5,2026-04-29
CU01630,Zain Gondal,M,1961-07-05,52779-3357787-8,Pakistani,0333-6418354,zain.gondal850@gmail.com,Karachi,Individual,BLN-949675,True,2308,12,2023-09-13
CU01631,Muhammad Malik,M,1967-03-07,80345-7591537-4,Pakistani,0301-5098948,muhammad.malik890@gmail.com,Peshawar,Individual,SND-346106,True,3784,10,2022-06-07
CU01632,Ahmed Iqbal,M,2002-04-20,14137-3558518-7,Pakistani,0333-3043189,ahmed.iqbal943@gmail.com,Islamabad,Overseas Pakistani,,False,2159,8,2026-06-02
CU01633,Arif Iqbal,M,1990-01-12,69532-2552142-9,Pakistani,0315-3082730,arif.iqbal851@gmail.com,Karachi,Individual,ISB-954151,True,4752,13,2026-06-26
CU01634,Junaid Mirza,M,1997-12-29,N/A,USA,0320-9157115,junaid.mirza420@gmail.com,Faisalabad,Government,BLN-679035,True,1731,20,2023-08-16
CU01635,Ahmed Iqbal,M,1971-09-29,24531-2737594-5,Pakistani,0300-6734553,ahmed.iqbal944@gmail.com,Islamabad,Individual,ISB-831284,True,1896,11,2022-11-17
CU01636,Hassan Bhatti,M,1999-03-14,75841-7059233-7,Pakistani,0300-5611896,hassan.bhatti812@gmail.com,Karachi,Individual,ISB-945857,True,3165,7,2024-07-17
CU01637,Raza Nawaz,M,1980-07-30,56358-7538508-5,Pakistani,0321-8949066,raza.nawaz129@gmail.com,Lahore,Individual,PB-579959,True,2687,16,2025-09-16
CU01638,Laiba Hussain,F,1995-06-18,68947-5454764-5,Pakistani,0315-9812447,laiba.hussain461@gmail.com,Islamabad,Tourist,ISB-733621,True,1881,8,2023-05-21
CU01639,Kamran Iqbal,M,1977-08-20,92585-7786727-5,Pakistani,0301-1072259,kamran.iqbal854@gmail.com,Karachi,Government,SND-117743,True,1836,5,2022-12-10
CU01640,Salman Bhatti,M,1975-09-23,55571-9202555-7,Canadian Pakistani,0312-2469501,salman.bhatti702@gmail.com,Islamabad,Individual,ISB-185159,True,219,12,2024-12-29
CU01641,Zain Mirza,M,1973-03-31,14908-7517905-5,Pakistani,0300-2030672,zain.mirza288@gmail.com,Lahore,Individual,SND-404708,True,4268,4,2024-03-30
CU01642,Asad Rizvi,M,1976-12-24,76684-5233321-9,Pakistani,0301-8839944,asad.rizvi13@gmail.com,Peshawar,Corporate,PB-524974,True,872,10,2022-02-21
CU01643,Uzma Bhatti,F,1960-03-05,51051-6199969-4,Pakistani,0312-1620291,uzma.bhatti455@gmail.com,Peshawar,Individual,BLN-208279,True,906,8,2022-06-01
CU01644,Adeel Javed,M,1994-01-15,13096-3855837-2,Pakistani,0320-5808585,adeel.javed301@gmail.com,Lahore,Individual,ISB-949507,True,2921,7,2023-11-16
CU01645,Mehwish Bhatti,F,1972-07-12,N/A,UAE,0315-7830962,mehwish.bhatti719@gmail.com,Islamabad,Individual,KPK-492194,True,1325,5,2023-04-14
CU01646,Hassan Hashmi,M,1994-10-25,10165-1929478-5,Pakistani,0315-4021783,hassan.hashmi394@gmail.com,Karachi,Tourist,SND-464887,True,1756,12,2026-01-13
CU01647,Hassan Mehmood,M,1987-07-08,69563-4631527-5,Pakistani,0333-3596615,hassan.mehmood280@gmail.com,Lahore,Overseas Pakistani,BLN-619370,True,1247,11,2023-02-06
CU01648,Bushra Siddiqui,F,1997-12-09,N/A,UAE,0315-3574192,bushra.siddiqui887@gmail.com,Lahore,Overseas Pakistani,SND-790857,True,3178,11,2025-02-07
CU01649,Ali Hussain,M,1991-06-17,36313-3086548-8,Pakistani,0315-7551786,ali.hussain451@gmail.com,Islamabad,Overseas Pakistani,ISB-551329,True,48,6,2024-01-19
CU01650,Zain Sheikh,M,1981-06-05,25524-3037343-7,Pakistani,0311-6687496,zain.sheikh26@gmail.com,Abbottabad,Overseas Pakistani,SND-831367,True,4812,5,2025-02-15
CU01651,Shoaib Farooq,M,1971-10-18,88114-8513851-1,Pakistani,0301-5965563,shoaib.farooq679@gmail.com,Lahore,Individual,KPK-478136,True,3981,8,2022-01-11
CU01652,Rabia Gondal,F,1992-03-06,22983-7629008-7,Pakistani,0315-3531940,rabia.gondal371@gmail.com,Islamabad,Corporate,,False,2639,7,2022-09-16
CU01653,Fahad Rana,M,1962-06-16,17024-1118916-1,Pakistani,0301-2863712,fahad.rana684@gmail.com,Rawalpindi,Corporate,ISB-187203,True,2676,4,2024-05-18
CU01654,Ali Bajwa,M,1980-08-14,91721-9628019-2,Pakistani,0311-2471697,ali.bajwa876@gmail.com,Islamabad,Individual,,False,1892,11,2022-01-03
CU01655,Junaid Rizvi,M,1982-12-19,97295-7299307-1,Pakistani,0346-7792742,junaid.rizvi490@gmail.com,Islamabad,Tourist,,False,1047,5,2023-02-07
CU01656,Amna Ahmed,F,1962-10-02,71106-5110619-7,Pakistani,0321-6318544,amna.ahmed743@gmail.com,Rawalpindi,Individual,SND-173617,True,4963,14,2022-10-11
CU01657,Ali Farooq,M,1983-10-15,20696-9829333-7,Pakistani,0320-3039509,ali.farooq493@gmail.com,Lahore,Overseas Pakistani,SND-166197,True,1829,14,2022-03-01
CU01658,Hamza Hussain,M,1994-04-18,76419-4175493-6,Pakistani,0315-2109269,hamza.hussain424@gmail.com,Islamabad,Corporate,SND-555653,True,2243,9,2022-01-31
CU01659,Sana Iqbal,F,1995-01-21,96322-4014611-6,Pakistani,0311-9953334,sana.iqbal153@gmail.com,Karachi,Individual,,False,3295,5,2024-07-19
CU01660,Nadia Qureshi,F,1999-11-02,91869-6383442-3,Pakistani,0311-6251626,nadia.qureshi190@gmail.com,Karachi,Individual,BLN-534607,True,2107,5,2023-06-13
CU01661,Waqar Hussain,M,1994-02-04,81057-8298194-9,British Pakistani,0301-2948619,waqar.hussain77@gmail.com,Faisalabad,Tourist,KPK-921196,True,1823,9,2023-03-29
CU01662,Tariq Khan,M,1987-02-20,21163-6602645-6,Pakistani,0321-1935938,tariq.khan790@gmail.com,Karachi,Individual,SND-832535,True,1367,16,2026-05-17
CU01663,Saad Gondal,M,1962-05-04,12072-5470232-7,Pakistani,0312-8851100,saad.gondal173@gmail.com,Islamabad,Individual,,False,952,11,2024-04-24
CU01664,Junaid Qureshi,M,1977-09-24,48922-2215681-9,Pakistani,0300-3939520,junaid.qureshi638@gmail.com,Karachi,Individual,KPK-461444,True,4828,3,2025-03-08
CU01665,Uzma Farooq,F,1970-03-14,57055-9201790-6,Pakistani,0321-2131590,uzma.farooq578@gmail.com,Karachi,Government,PB-367235,True,3698,7,2023-07-06
CU01666,Sara Ahmed,F,1981-07-04,79167-8142002-3,Pakistani,0321-7592520,sara.ahmed981@gmail.com,Karachi,Government,SND-552029,True,852,9,2022-07-31
CU01667,Nasir Raza,M,1992-10-03,81177-1720769-6,Pakistani,0333-5181632,nasir.raza33@gmail.com,Nathiagali,Individual,,False,4162,5,2025-12-03
CU01668,Omar Rana,M,1971-05-03,32450-2856073-1,Pakistani,0345-9752714,omar.rana538@gmail.com,Quetta,Corporate,PB-187267,True,1407,7,2025-07-27
CU01669,Kamran Ansari,M,1975-11-03,10349-8917776-3,Pakistani,0300-2074637,kamran.ansari632@gmail.com,Peshawar,Individual,SND-985998,True,184,5,2025-02-01
CU01670,Nasir Hashmi,M,1971-05-14,N/A,France,0345-8212222,nasir.hashmi781@gmail.com,Murree,Individual,,False,1714,7,2025-07-12
CU01671,Ali Butt,M,1988-01-09,12553-1307364-6,Pakistani,0301-1542928,ali.butt526@gmail.com,Karachi,Individual,ISB-748484,True,2486,5,2025-11-11
CU01672,Tariq Javed,M,1965-10-12,11686-4519926-7,Pakistani,0300-8579892,tariq.javed138@gmail.com,Islamabad,Overseas Pakistani,,False,1056,10,2023-05-08
CU01673,Usman Mehmood,M,1989-05-06,99496-3388160-5,Pakistani,0312-8665453,usman.mehmood339@gmail.com,Lahore,Individual,PB-702213,True,939,13,2024-06-09
CU01674,Sana Rizvi,F,1961-05-08,38981-3079835-7,Pakistani,0333-7467733,sana.rizvi857@gmail.com,Nathiagali,Individual,,False,4572,17,2024-08-23
CU01675,Maryam Khan,F,1971-02-27,43124-2078399-1,Pakistani,0333-2670846,maryam.khan447@gmail.com,Islamabad,Individual,SND-376722,True,4753,10,2024-08-08
CU01676,Raza Rizvi,M,1972-11-21,53148-2593561-8,Pakistani,0333-6021818,raza.rizvi147@gmail.com,Rawalpindi,Tourist,BLN-532929,True,1392,8,2024-11-22
CU01677,Usman Raza,M,1964-04-20,63470-7974327-2,Pakistani,0312-3049656,usman.raza338@gmail.com,Islamabad,Individual,PB-842757,True,2714,4,2024-02-02
CU01678,Imran Javed,M,1967-04-18,52516-9442535-9,Pakistani,0312-8650898,imran.javed664@gmail.com,Islamabad,Tourist,,False,3645,10,2025-07-26
CU01679,Shoaib Hussain,M,1993-03-14,63030-3925221-6,Pakistani,0312-7109128,shoaib.hussain48@gmail.com,Islamabad,Corporate,ISB-191162,True,948,5,2023-11-07
CU01680,Aisha Mirza,F,1982-09-21,81211-3972390-7,Pakistani,0300-4708588,aisha.mirza85@gmail.com,Karachi,Overseas Pakistani,SND-389784,True,4354,12,2025-04-18
CU01681,Imran Khan,M,1971-06-05,76518-1117324-8,Pakistani,0301-8243838,imran.khan70@gmail.com,Multan,Individual,,False,2535,7,2022-09-26
CU01682,Imran Siddiqui,M,2002-12-10,57771-4037459-1,Pakistani,0321-6916056,imran.siddiqui578@gmail.com,Karachi,Government,SND-564471,True,2631,10,2024-06-30
CU01683,Sohail Ahmed,M,1964-10-18,39294-1307382-5,Pakistani,0321-8847306,sohail.ahmed422@gmail.com,Karachi,Tourist,,False,1169,10,2024-06-24
CU01684,Aisha Farooq,F,1998-12-08,84709-6983510-9,Pakistani,0315-8797291,aisha.farooq934@gmail.com,Karachi,Individual,ISB-936755,True,893,14,2023-12-15
CU01685,Nadia Butt,F,1965-03-20,59277-2019851-1,Pakistani,0346-4284266,nadia.butt279@gmail.com,Peshawar,Individual,SND-553638,True,576,5,2022-09-24
CU01686,Sumera Nawaz,F,1986-04-26,N/A,France,0345-5710426,sumera.nawaz400@gmail.com,Karachi,Individual,,False,866,5,2026-02-25
CU01687,Imran Mehmood,M,1997-07-20,87908-3124764-8,Pakistani,0301-6508963,imran.mehmood713@gmail.com,Karachi,Tourist,SND-151001,True,1804,5,2023-03-09
CU01688,Saad Mehmood,M,1984-04-07,94241-9591642-7,Pakistani,0346-2760154,saad.mehmood560@gmail.com,Abbottabad,Corporate,KPK-913634,True,1923,4,2025-03-24
CU01689,Kamran Iqbal,M,1962-04-18,71638-4979755-8,Pakistani,0315-5774244,kamran.iqbal631@gmail.com,Karachi,Overseas Pakistani,BLN-741434,True,2434,8,2026-05-21
CU01690,Faisal Raja,M,2000-05-26,15664-8581615-7,Pakistani,0315-3858105,faisal.raja762@gmail.com,Karachi,Individual,SND-242016,True,3158,10,2025-08-04
CU01691,Aisha Raza,F,1989-05-06,24303-7559878-1,Pakistani,0320-5185674,aisha.raza350@gmail.com,Islamabad,Tourist,,False,4749,12,2025-08-28
CU01692,Amna Gondal,F,1983-02-18,70563-8200668-6,Pakistani,0346-6271833,amna.gondal462@gmail.com,Rawalpindi,Corporate,,False,4156,11,2026-03-29
CU01693,Raza Hashmi,M,1974-10-18,72514-9828970-5,Pakistani,0312-6143609,raza.hashmi694@gmail.com,Lahore,Government,ISB-612549,True,1724,4,2022-04-27
CU01694,Hina Raja,F,1997-09-08,99926-4243122-6,Pakistani,0300-1043856,hina.raja504@gmail.com,Lahore,Government,,False,4160,8,2024-12-30
CU01695,Adeel Butt,M,1966-08-31,11789-4964394-4,Pakistani,0333-6705386,adeel.butt134@gmail.com,Islamabad,Tourist,BLN-449207,True,354,2,2026-01-31
CU01696,Ali Farooq,M,1966-03-14,30790-8694043-4,Pakistani,0321-6553502,ali.farooq829@gmail.com,Multan,Corporate,ISB-398575,True,3690,9,2022-11-16
CU01697,Kamran Ali,M,1968-06-13,19808-5899269-7,Pakistani,0315-6532106,kamran.ali908@gmail.com,Islamabad,Individual,ISB-713584,True,1990,12,2025-12-25
CU01698,Shoaib Siddiqui,M,1991-03-03,63880-2904988-8,Pakistani,0320-2235522,shoaib.siddiqui200@gmail.com,Lahore,Government,SND-424186,True,2174,7,2026-06-12
CU01699,Tariq Hashmi,M,1995-11-07,42673-2564371-3,Pakistani,0345-1239396,tariq.hashmi863@gmail.com,Lahore,Tourist,SND-440711,True,243,9,2024-06-15
CU01700,Hina Malik,F,1967-07-29,96011-1443165-6,Pakistani,0333-5966720,hina.malik291@gmail.com,Nathiagali,Overseas Pakistani,SND-684536,True,2889,5,2023-05-24
CU01701,Zara Siddiqui,F,1976-08-01,26524-7843257-4,Pakistani,0321-8192458,zara.siddiqui7@gmail.com,Rawalpindi,Overseas Pakistani,SND-622630,True,3991,8,2026-04-23
CU01702,Salman Raja,M,1973-12-23,63731-4215960-1,Canadian Pakistani,0320-7896441,salman.raja37@gmail.com,Multan,Individual,ISB-644786,True,1457,7,2025-11-22
CU01703,Rabia Qureshi,F,1985-05-15,65586-1291453-3,Pakistani,0311-3510990,rabia.qureshi64@gmail.com,Lahore,Corporate,,False,4622,8,2024-06-28
CU01704,Kashif Raja,M,1961-01-17,94320-8754886-1,Pakistani,0301-6717009,kashif.raja695@gmail.com,Lahore,Individual,ISB-281029,True,316,10,2022-04-25
CU01705,Fahad Chaudhry,M,1971-05-05,31442-2921078-7,Pakistani,0311-2239596,fahad.chaudhry565@gmail.com,Rawalpindi,Individual,PB-819183,True,1946,13,2026-03-27
CU01706,Rabia Bajwa,F,1992-12-15,59535-3461317-2,Pakistani,0300-6656858,rabia.bajwa230@gmail.com,Karachi,Overseas Pakistani,ISB-603719,True,696,7,2022-11-23
CU01707,Hamza Ali,M,1998-11-03,95507-8772901-8,Pakistani,0320-4050619,hamza.ali465@gmail.com,Islamabad,Corporate,ISB-430885,True,2343,10,2025-06-24
CU01708,Saad Mehmood,M,1984-04-15,29043-2042527-7,Pakistani,0312-3528760,saad.mehmood163@gmail.com,Lahore,Individual,,False,4247,10,2025-11-21
CU01709,Fatima Ahmed,F,1967-07-05,43906-7978604-7,Pakistani,0321-9443459,fatima.ahmed594@gmail.com,Lahore,Corporate,,False,2654,5,2022-10-09
CU01710,Zara Hashmi,F,1978-04-26,N/A,Germany,0333-5450482,zara.hashmi451@gmail.com,Islamabad,Corporate,,False,1274,5,2025-11-23
CU01711,Rizwan Mirza,M,1967-12-08,42847-8873103-8,Pakistani,0346-9998338,rizwan.mirza268@gmail.com,Rawalpindi,Individual,ISB-562966,True,29,9,2025-11-28
CU01712,Zara Ansari,F,1974-04-08,21326-3387048-9,Pakistani,0346-8612834,zara.ansari977@gmail.com,Lahore,Individual,,False,1254,10,2025-01-22
CU01713,Zubair Nawaz,M,1962-10-01,19332-7336002-5,Pakistani,0301-8340817,zubair.nawaz28@gmail.com,Peshawar,Individual,,False,10,5,2023-12-01
CU01714,Saad Ahmed,M,1988-12-14,62142-9645484-1,Pakistani,0312-2246055,saad.ahmed707@gmail.com,Lahore,Individual,SND-496360,True,2503,8,2024-08-24
CU01715,Sumera Siddiqui,F,1988-07-11,26149-3922594-5,Pakistani,0311-7055966,sumera.siddiqui244@gmail.com,Islamabad,Individual,KPK-804906,True,2212,5,2022-06-20
CU01716,Fatima Ahmed,F,1985-11-15,82897-1330855-9,Pakistani,0345-1046356,fatima.ahmed954@gmail.com,Karachi,Government,,False,970,8,2024-08-23
CU01717,Waqar Farooq,M,1992-06-21,15165-9045319-8,Pakistani,0301-1919627,waqar.farooq483@gmail.com,Karachi,Individual,KPK-161043,True,2334,6,2023-04-09
CU01718,Nasir Bajwa,M,1976-09-24,94949-5926979-7,Pakistani,0301-1901080,nasir.bajwa336@gmail.com,Karachi,Corporate,,False,551,5,2022-07-07
CU01719,Rizwan Bajwa,M,2001-07-01,75059-7075376-1,Pakistani,0311-1198317,rizwan.bajwa382@gmail.com,Islamabad,Corporate,,False,393,4,2022-11-01
CU01720,Asad Bajwa,M,1981-03-29,99479-3946501-1,British Pakistani,0301-1200574,asad.bajwa691@gmail.com,Islamabad,Tourist,PB-750226,True,3855,12,2024-01-17
CU01721,Laiba Hashmi,F,1972-01-25,N/A,Saudi,0321-4859903,laiba.hashmi889@gmail.com,Karachi,Corporate,BLN-542772,True,2632,8,2025-05-03
CU01722,Uzma Mehmood,F,1973-11-14,96914-5327097-3,Pakistani,0300-5719106,uzma.mehmood86@gmail.com,Rawalpindi,Tourist,SND-398019,True,925,12,2023-12-17
CU01723,Amna Bhatti,F,1973-01-31,N/A,France,0301-4148315,amna.bhatti245@gmail.com,Islamabad,Tourist,,False,3756,12,2026-05-19
CU01724,Rabia Bhatti,F,1995-05-30,89681-8504258-7,Pakistani,0346-2932941,rabia.bhatti762@gmail.com,Lahore,Tourist,,False,3086,8,2026-04-21
CU01725,Asma Mirza,F,1975-05-29,96153-1778906-6,Pakistani,0346-6004218,asma.mirza631@gmail.com,Lahore,Individual,SND-641286,True,4170,10,2022-06-11
CU01726,Adeel Gondal,M,1961-07-25,32402-5752003-1,Pakistani,0321-8452585,adeel.gondal262@gmail.com,Lahore,Individual,KPK-446765,True,219,7,2025-03-02
CU01727,Nasir Ansari,M,1969-05-18,67851-2833419-2,Pakistani,0301-2518827,nasir.ansari709@gmail.com,Islamabad,Individual,ISB-835192,True,4244,9,2024-02-01
CU01728,Sara Rizvi,F,1971-03-24,97596-6393992-4,Pakistani,0311-2281345,sara.rizvi249@gmail.com,Lahore,Individual,KPK-966913,True,4725,11,2024-04-23
CU01729,Raza Chaudhry,M,1962-05-07,N/A,Germany,0320-9923353,raza.chaudhry9@gmail.com,Murree,Individual,ISB-263784,True,1210,12,2025-09-06
CU01730,Zara Malik,F,1975-07-12,N/A,UAE,0300-6619469,zara.malik872@gmail.com,Karachi,Government,,False,2718,4,2023-08-31
CU01731,Omar Bajwa,M,1983-03-12,89922-3364015-2,Pakistani,0320-8893350,omar.bajwa996@gmail.com,Nathiagali,Overseas Pakistani,,False,2092,11,2025-05-31
CU01732,Zara Bhatti,F,1973-09-06,69725-2739690-8,Pakistani,0346-5229032,zara.bhatti699@gmail.com,Lahore,Individual,SND-932990,True,1476,9,2022-06-15
CU01733,Ali Bhatti,M,1968-03-19,28881-4035488-7,Pakistani,0345-8178257,ali.bhatti635@gmail.com,Lahore,Corporate,BLN-643655,True,3727,8,2025-04-22
CU01734,Asma Bhatti,F,2002-03-13,69233-5947785-2,Pakistani,0312-5657941,asma.bhatti5@gmail.com,Lahore,Individual,ISB-740026,True,1115,9,2026-01-18
CU01735,Amna Ansari,F,1999-12-12,69464-6584654-2,Pakistani,0315-4502996,amna.ansari258@gmail.com,Multan,Corporate,SND-361300,True,4226,10,2025-05-19
CU01736,Usman Hussain,M,1997-09-29,41772-8078849-6,Pakistani,0333-2993610,usman.hussain944@gmail.com,Gujranwala,Individual,ISB-477635,True,3355,8,2025-02-09
CU01737,Sana Javed,F,1965-12-07,70992-1473501-7,Pakistani,0321-5233280,sana.javed531@gmail.com,Karachi,Individual,,False,247,13,2023-10-10
CU01738,Hina Qureshi,F,1961-07-29,41624-5162021-1,American Pakistani,0312-8381851,hina.qureshi984@gmail.com,Islamabad,Individual,,False,1443,10,2025-08-25
CU01739,Robia Ahmed,F,1984-01-31,56156-8019080-4,Pakistani,0301-2763953,robia.ahmed134@gmail.com,Lahore,Corporate,ISB-319893,True,4453,17,2025-12-01
CU01740,Nasir Butt,M,1985-01-04,64551-2301480-6,Pakistani,0320-6816943,nasir.butt638@gmail.com,Multan,Corporate,,False,4183,7,2023-11-10
CU01741,Zubair Iqbal,M,1975-11-12,13764-3772390-9,Pakistani,0346-3953135,zubair.iqbal347@gmail.com,Lahore,Tourist,PB-179719,True,1403,12,2025-09-19
CU01742,Nasir Qureshi,M,1979-05-31,90406-5571940-7,Pakistani,0315-9824348,nasir.qureshi780@gmail.com,Karachi,Overseas Pakistani,,False,2540,10,2022-12-26
CU01743,Omar Javed,M,1997-09-17,15826-5069127-2,Pakistani,0312-3811220,omar.javed835@gmail.com,Lahore,Individual,BLN-666644,True,4550,12,2024-07-31
CU01744,Junaid Farooq,M,1998-10-18,66700-7402777-9,Pakistani,0333-5915387,junaid.farooq130@gmail.com,Islamabad,Tourist,SND-885354,True,3936,7,2025-01-21
CU01745,Hamza Rizvi,M,1991-07-05,70655-7353851-1,Pakistani,0312-3508919,hamza.rizvi7@gmail.com,Karachi,Individual,BLN-606585,True,3676,10,2025-02-23
CU01746,Tariq Bhatti,M,1963-08-03,39826-4722264-5,Pakistani,0321-7178762,tariq.bhatti492@gmail.com,Faisalabad,Individual,PB-458742,True,3483,8,2022-12-22
CU01747,Zain Malik,M,1998-07-10,14790-1938428-5,Pakistani,0321-4572968,zain.malik348@gmail.com,Peshawar,Overseas Pakistani,BLN-473767,True,4784,13,2024-08-20
CU01748,Usman Farooq,M,1980-09-26,55140-8518914-1,Pakistani,0320-3738326,usman.farooq808@gmail.com,Islamabad,Corporate,KPK-143787,True,1248,8,2023-11-10
CU01749,Asad Ansari,M,1983-05-19,N/A,France,0315-8547535,asad.ansari914@gmail.com,Karachi,Tourist,SND-780776,True,316,9,2023-08-24
CU01750,Hamza Hashmi,M,1985-01-09,65224-5789713-7,Pakistani,0345-4906518,hamza.hashmi541@gmail.com,Lahore,Government,,False,3202,8,2026-05-31
CU01751,Aisha Qureshi,F,1987-04-22,44675-8234911-8,Pakistani,0312-4476727,aisha.qureshi192@gmail.com,Islamabad,Government,PB-753891,True,577,7,2025-11-13
CU01752,Nasir Gondal,M,1974-10-25,N/A,Germany,0300-8100799,nasir.gondal913@gmail.com,Rawalpindi,Individual,PB-350768,True,2144,7,2023-10-03
CU01753,Adeel Raja,M,1997-10-06,64077-1403147-9,Pakistani,0315-6419560,adeel.raja212@gmail.com,Rawalpindi,Individual,ISB-189279,True,1054,9,2026-01-11
CU01754,Fahad Iqbal,M,1985-10-31,76132-9368459-2,Pakistani,0333-3412240,fahad.iqbal558@gmail.com,Lahore,Corporate,,False,1833,14,2023-05-23
CU01755,Nasir Gondal,M,1962-05-23,98297-1283679-2,Pakistani,0321-4665145,nasir.gondal212@gmail.com,Rawalpindi,Overseas Pakistani,SND-393814,True,1619,9,2023-10-30
CU01756,Muhammad Malik,M,1988-07-10,19290-6348075-7,Pakistani,0321-8239257,muhammad.malik676@gmail.com,Karachi,Individual,,False,3015,14,2024-08-05
CU01757,Sumera Raja,F,2000-04-12,90164-7221890-6,Pakistani,0300-6747929,sumera.raja332@gmail.com,Rawalpindi,Government,PB-821765,True,3168,8,2022-10-02
CU01758,Zain Ahmed,M,1979-11-16,83289-4762393-6,Pakistani,0311-6250306,zain.ahmed135@gmail.com,Islamabad,Corporate,,False,3006,9,2022-10-21
CU01759,Ayesha Bhatti,F,2000-02-10,19739-7616222-6,Pakistani,0301-2125769,ayesha.bhatti625@gmail.com,Karachi,Corporate,PB-197026,True,2452,7,2024-02-06
CU01760,Kamran Raza,M,1974-05-04,97138-3273417-8,Pakistani,0333-5396923,kamran.raza475@gmail.com,Islamabad,Tourist,,False,1658,8,2022-02-22
CU01761,Arif Rizvi,M,1966-05-07,41715-3890762-2,Pakistani,0311-5773342,arif.rizvi900@gmail.com,Rawalpindi,Individual,,False,2340,10,2022-01-20
CU01762,Nadia Bajwa,F,1968-12-25,12890-5202935-2,Pakistani,0311-2485573,nadia.bajwa843@gmail.com,Quetta,Individual,BLN-140669,True,2963,12,2026-01-11
CU01763,Nadia Siddiqui,F,1981-06-13,47003-9027107-5,Pakistani,0301-3286658,nadia.siddiqui820@gmail.com,Karachi,Corporate,,False,1938,8,2022-11-12
CU01764,Hamza Khan,M,1963-11-15,49662-4912839-5,Pakistani,0346-7155388,hamza.khan485@gmail.com,Lahore,Corporate,ISB-311947,True,1755,15,2025-05-15
CU01765,Laiba Ansari,F,1991-01-14,34332-9280710-4,Pakistani,0320-3154566,laiba.ansari119@gmail.com,Islamabad,Individual,ISB-258059,True,212,17,2026-05-03
CU01766,Ali Javed,M,1991-09-30,48010-6122342-9,Pakistani,0300-3730679,ali.javed633@gmail.com,Islamabad,Individual,BLN-731601,True,415,8,2025-02-12
CU01767,Waqar Javed,M,1963-02-24,30680-4158410-2,Pakistani,0315-2806778,waqar.javed693@gmail.com,Karachi,Corporate,,False,4716,9,2025-04-23
CU01768,Usman Ahmed,M,1990-01-31,37118-2578739-8,Pakistani,0311-4917556,usman.ahmed779@gmail.com,Islamabad,Individual,,False,3531,9,2025-07-06
CU01769,Ahmed Raza,M,2001-07-11,21151-1190340-4,Pakistani,0346-2547559,ahmed.raza634@gmail.com,Karachi,Corporate,,False,943,11,2024-11-02
CU01770,Robia Raza,F,1961-08-08,36993-3665701-1,Pakistani,0312-5570630,robia.raza976@gmail.com,Rawalpindi,Overseas Pakistani,KPK-721211,True,3013,10,2024-05-30
CU01771,Saad Ahmed,M,1971-06-27,75002-8613197-6,Pakistani,0311-7008021,saad.ahmed725@gmail.com,Abbottabad,Individual,SND-259408,True,1852,8,2022-06-04
CU01772,Amna Sheikh,F,1977-09-09,76037-2288982-2,Pakistani,0300-6292494,amna.sheikh790@gmail.com,Islamabad,Individual,,False,3600,10,2022-03-05
CU01773,Sumera Gondal,F,1977-01-02,70510-1381009-1,Pakistani,0321-5713314,sumera.gondal413@gmail.com,Nathiagali,Individual,BLN-977970,True,3251,13,2024-03-24
CU01774,Rabia Javed,F,1966-02-21,N/A,Germany,0300-9273722,rabia.javed111@gmail.com,Gujranwala,Individual,KPK-648316,True,72,12,2026-05-20
CU01775,Saad Ahmed,M,1972-04-21,38338-6003712-4,Pakistani,0300-7815254,saad.ahmed346@gmail.com,Karachi,Corporate,BLN-916123,True,4021,8,2023-08-24
CU01776,Kamran Rizvi,M,1991-02-09,N/A,Saudi,0345-6621269,kamran.rizvi615@gmail.com,Lahore,Individual,ISB-981568,True,4733,10,2024-10-06
CU01777,Waqar Mirza,M,2000-12-20,N/A,France,0321-5602790,waqar.mirza365@gmail.com,Lahore,Corporate,KPK-218037,True,1733,6,2025-06-24
CU01778,Sumera Ansari,F,1995-01-24,31639-4946131-7,Pakistani,0345-4459323,sumera.ansari561@gmail.com,Islamabad,Individual,SND-304946,True,3247,7,2025-02-26
CU01779,Amna Malik,F,2002-09-28,63896-5283829-8,Pakistani,0321-9705392,amna.malik319@gmail.com,Islamabad,Individual,,False,3385,9,2024-05-12
CU01780,Zara Nawaz,F,1979-04-28,40262-9239186-2,Pakistani,0311-1647451,zara.nawaz410@gmail.com,Karachi,Government,PB-210781,True,3746,3,2023-11-13
CU01781,Omar Bajwa,M,1979-11-03,49571-1081719-9,Pakistani,0301-2860729,omar.bajwa768@gmail.com,Lahore,Individual,KPK-365354,True,651,5,2024-01-28
CU01782,Nasir Sheikh,M,1991-09-14,19527-7946964-9,Pakistani,0333-2984119,nasir.sheikh105@gmail.com,Rawalpindi,Individual,,False,2514,15,2024-03-02
CU01783,Amna Qureshi,F,1963-06-01,12901-6584255-6,Pakistani,0321-5523361,amna.qureshi389@gmail.com,Islamabad,Corporate,,False,2872,9,2023-06-13
CU01784,Zubair Nawaz,M,1971-01-26,21731-5478131-1,Pakistani,0312-5866530,zubair.nawaz899@gmail.com,Lahore,Tourist,KPK-762577,True,2578,11,2023-07-30
CU01785,Sumera Siddiqui,F,1990-04-05,10910-2446750-2,Pakistani,0315-7940102,sumera.siddiqui659@gmail.com,Lahore,Individual,PB-259580,True,4067,7,2026-05-08
CU01786,Imran Nawaz,M,1976-11-19,22974-8466209-4,Pakistani,0333-9898248,imran.nawaz238@gmail.com,Peshawar,Individual,,False,4383,9,2024-01-23
CU01787,Ayesha Bajwa,F,1974-07-28,86739-4249389-5,Pakistani,0300-2426628,ayesha.bajwa417@gmail.com,Murree,Corporate,,False,2954,14,2022-03-09
CU01788,Ali Chaudhry,M,1978-06-22,79165-5225804-9,Pakistani,0320-4167864,ali.chaudhry893@gmail.com,Peshawar,Tourist,SND-952441,True,3796,10,2022-03-11
CU01789,Hamza Butt,M,1996-05-09,N/A,UAE,0301-6115053,hamza.butt831@gmail.com,Lahore,Corporate,PB-722767,True,2911,8,2023-06-07
CU01790,Junaid Qureshi,M,1979-03-10,72387-6934577-7,Pakistani,0311-8963316,junaid.qureshi352@gmail.com,Karachi,Individual,,False,1380,9,2024-10-22
CU01791,Muhammad Sheikh,M,1978-08-11,68566-4434189-5,Pakistani,0320-8733579,muhammad.sheikh594@gmail.com,Faisalabad,Tourist,KPK-830980,True,2612,9,2025-04-13
CU01792,Kashif Raja,M,1965-04-09,31273-8089424-5,Pakistani,0346-9160661,kashif.raja736@gmail.com,Murree,Tourist,ISB-820216,True,378,6,2022-04-19
CU01793,Muhammad Bhatti,M,1984-12-12,N/A,France,0320-6668029,muhammad.bhatti460@gmail.com,Faisalabad,Individual,,False,3318,6,2022-06-03
CU01794,Rabia Ali,F,1998-06-01,46941-2507637-5,Pakistani,0311-5114166,rabia.ali321@gmail.com,Rawalpindi,Government,KPK-911459,True,1226,9,2026-06-01
CU01795,Bushra Chaudhry,F,1988-09-14,57081-7801205-8,Pakistani,0315-3092024,bushra.chaudhry676@gmail.com,Islamabad,Individual,,False,1704,9,2022-04-09
CU01796,Mehwish Mirza,F,1976-12-21,20851-6731958-9,Pakistani,0346-3179270,mehwish.mirza905@gmail.com,Rawalpindi,Individual,ISB-976391,True,4298,12,2024-08-17
CU01797,Asma Gondal,F,1972-06-14,85609-3027043-2,Pakistani,0333-3000855,asma.gondal78@gmail.com,Islamabad,Tourist,KPK-520823,True,2111,4,2023-06-06
CU01798,Zain Ahmed,M,1964-08-15,85571-8675182-6,Pakistani,0320-3893430,zain.ahmed750@gmail.com,Quetta,Overseas Pakistani,KPK-613249,True,1743,9,2026-02-07
CU01799,Asma Rizvi,F,1998-06-27,97700-9100924-5,Pakistani,0346-9314402,asma.rizvi470@gmail.com,Karachi,Individual,ISB-159250,True,3840,10,2025-02-21
CU01800,Hassan Rana,M,1966-08-05,95170-1516641-9,Pakistani,0311-3784969,hassan.rana416@gmail.com,Rawalpindi,Individual,SND-699524,True,4796,8,2022-05-04
CU01801,Raza Qureshi,M,1978-06-24,36642-4607231-6,Pakistani,0345-2059939,raza.qureshi420@gmail.com,Karachi,Individual,KPK-522063,True,4338,8,2022-10-01
CU01802,Fatima Khan,F,1968-06-22,87821-1355257-8,Pakistani,0300-5126647,fatima.khan500@gmail.com,Karachi,Tourist,,False,4261,6,2026-05-10
CU01803,Zain Nawaz,M,1993-09-21,86027-4771454-3,Pakistani,0300-9366973,zain.nawaz820@gmail.com,Karachi,Overseas Pakistani,,False,287,9,2025-03-14
CU01804,Asma Iqbal,F,1972-03-30,N/A,USA,0333-9249489,asma.iqbal740@gmail.com,Lahore,Corporate,,False,2494,10,2025-01-12
CU01805,Hamza Raja,M,1967-11-23,98237-5513430-6,Pakistani,0333-6312708,hamza.raja453@gmail.com,Karachi,Individual,,False,1091,11,2024-05-24
CU01806,Shoaib Raja,M,1972-05-21,68556-5554112-8,Pakistani,0345-6872444,shoaib.raja4@gmail.com,Islamabad,Corporate,ISB-303246,True,2517,8,2023-11-15
CU01807,Sana Ali,F,1968-05-03,39591-1978910-4,Pakistani,0311-7525330,sana.ali680@gmail.com,Lahore,Individual,,False,2094,8,2023-12-09
CU01808,Shoaib Bhatti,M,1969-12-27,70482-5327018-1,Pakistani,0333-4810110,shoaib.bhatti344@gmail.com,Islamabad,Corporate,,False,708,9,2024-06-05
CU01809,Usman Rana,M,1966-08-29,26402-6747840-9,Pakistani,0312-9089767,usman.rana779@gmail.com,Rawalpindi,Individual,BLN-722387,True,202,10,2022-05-07
CU01810,Noor Chaudhry,F,1977-12-01,35444-3281751-8,Pakistani,0333-4867956,noor.chaudhry223@gmail.com,Karachi,Tourist,,False,2112,12,2022-09-23
CU01811,Shoaib Javed,M,1977-12-14,28325-4676158-8,Pakistani,0311-4124564,shoaib.javed346@gmail.com,Islamabad,Government,BLN-317996,True,835,4,2022-03-14
CU01812,Imran Javed,M,1981-02-24,86554-6237747-3,Pakistani,0312-5210801,imran.javed959@gmail.com,Murree,Tourist,ISB-314343,True,3651,9,2022-01-23
CU01813,Bilal Iqbal,M,1999-10-13,77454-4532310-9,British Pakistani,0320-7159492,bilal.iqbal409@gmail.com,Peshawar,Corporate,ISB-234094,True,2949,8,2025-08-15
CU01814,Nasir Rana,M,2001-05-09,78650-7235831-2,Pakistani,0345-8062645,nasir.rana586@gmail.com,Islamabad,Individual,SND-666601,True,135,10,2025-08-29
CU01815,Asad Siddiqui,M,1997-11-12,N/A,Germany,0321-9211903,asad.siddiqui682@gmail.com,Karachi,Individual,BLN-930000,True,1822,9,2024-08-07
CU01816,Omar Ansari,M,1972-12-23,69022-4325563-7,Pakistani,0346-9880506,omar.ansari372@gmail.com,Islamabad,Individual,BLN-314096,True,2155,12,2026-01-26
CU01817,Asma Rizvi,F,1969-07-28,90426-8864304-9,Pakistani,0312-4543799,asma.rizvi83@gmail.com,Karachi,Corporate,KPK-123967,True,1949,10,2022-12-04
CU01818,Waqar Siddiqui,M,1993-12-24,20577-1500857-3,Pakistani,0321-1196013,waqar.siddiqui406@gmail.com,Karachi,Corporate,,False,3570,13,2024-06-08
CU01819,Asma Qureshi,F,1988-08-12,49015-9291506-7,Canadian Pakistani,0345-2570688,asma.qureshi892@gmail.com,Karachi,Individual,KPK-969099,True,4655,9,2025-03-27
CU01820,Mehwish Iqbal,F,1966-05-20,10127-4877398-9,Pakistani,0321-4107115,mehwish.iqbal318@gmail.com,Lahore,Individual,PB-998122,True,3847,6,2024-02-20
CU01821,Hassan Mirza,M,1975-10-23,N/A,USA,0312-7956373,hassan.mirza234@gmail.com,Lahore,Individual,BLN-733043,True,2106,7,2025-06-13
CU01822,Sohail Raza,M,1960-04-28,47486-7958486-6,Pakistani,0333-7174035,sohail.raza204@gmail.com,Islamabad,Corporate,,False,610,4,2024-08-20
CU01823,Saad Chaudhry,M,1961-05-28,29198-8847422-4,Pakistani,0333-7308956,saad.chaudhry227@gmail.com,Islamabad,Tourist,PB-467970,True,3199,6,2025-09-07
CU01824,Amna Mehmood,F,1991-08-08,76190-8583596-5,Pakistani,0315-4587423,amna.mehmood613@gmail.com,Murree,Individual,ISB-546782,True,3206,11,2022-01-11
CU01825,Sumera Sheikh,F,1961-06-30,13002-8421655-4,Pakistani,0311-7934867,sumera.sheikh317@gmail.com,Karachi,Individual,KPK-892151,True,3664,8,2026-05-04
CU01826,Sumera Rana,F,1990-12-27,92588-5687439-2,Pakistani,0345-8226710,sumera.rana815@gmail.com,Islamabad,Individual,ISB-925116,True,190,11,2025-05-12
CU01827,Hassan Ansari,M,1973-02-15,N/A,UAE,0346-2802583,hassan.ansari15@gmail.com,Multan,Tourist,KPK-467074,True,4020,12,2023-05-21
CU01828,Mehwish Ansari,F,1985-10-11,40645-8390027-9,Pakistani,0300-6462358,mehwish.ansari134@gmail.com,Murree,Individual,,False,4105,5,2025-03-18
CU01829,Kashif Qureshi,M,1979-08-04,81083-6082538-8,Pakistani,0345-2519527,kashif.qureshi608@gmail.com,Rawalpindi,Government,BLN-890260,True,4421,11,2024-10-26
CU01830,Faisal Hussain,M,1971-01-05,76599-6350444-4,Pakistani,0346-1680765,faisal.hussain405@gmail.com,Murree,Individual,,False,1292,12,2026-03-10
CU01831,Usman Iqbal,M,1962-01-08,61109-5704646-7,Pakistani,0315-3774944,usman.iqbal272@gmail.com,Lahore,Corporate,,False,1821,9,2023-09-03
CU01832,Rabia Siddiqui,F,1971-04-07,34466-2713338-6,Pakistani,0333-1540118,rabia.siddiqui843@gmail.com,Lahore,Corporate,,False,1926,8,2024-10-30
CU01833,Muhammad Nawaz,M,1984-06-27,48107-7404883-7,Pakistani,0300-6027375,muhammad.nawaz602@gmail.com,Islamabad,Individual,ISB-322232,True,3907,4,2024-04-04
CU01834,Tariq Bhatti,M,1979-04-21,N/A,UAE,0301-8147584,tariq.bhatti84@gmail.com,Karachi,Corporate,,False,1525,11,2022-12-30
CU01835,Kashif Ali,M,1993-11-05,N/A,France,0321-6891283,kashif.ali565@gmail.com,Islamabad,Corporate,SND-844657,True,4118,9,2025-12-27
CU01836,Sara Rana,F,1985-04-03,78306-4718013-4,Pakistani,0312-7254661,sara.rana135@gmail.com,Multan,Individual,BLN-536190,True,3285,5,2022-01-03
CU01837,Imran Nawaz,M,1974-01-28,54398-9085281-4,Pakistani,0346-1193973,imran.nawaz109@gmail.com,Rawalpindi,Individual,ISB-171911,True,1510,4,2023-08-26
CU01838,Uzma Sheikh,F,1984-04-23,95730-2520290-5,Pakistani,0315-2945079,uzma.sheikh195@gmail.com,Islamabad,Individual,SND-755855,True,3061,7,2022-03-16
CU01839,Aisha Sheikh,F,1985-10-26,85548-7908592-9,Pakistani,0345-2367073,aisha.sheikh514@gmail.com,Islamabad,Tourist,SND-933569,True,4034,13,2022-06-07
CU01840,Nasir Khan,M,1988-10-18,31356-7134426-1,Pakistani,0345-2701430,nasir.khan615@gmail.com,Rawalpindi,Government,,False,3461,17,2022-06-21
CU01841,Adeel Iqbal,M,1969-04-23,56270-3737930-3,Pakistani,0300-5449090,adeel.iqbal43@gmail.com,Murree,Individual,ISB-967008,True,1746,5,2024-09-05
CU01842,Sara Hashmi,F,1982-04-01,68846-5276287-9,Pakistani,0300-7520630,sara.hashmi410@gmail.com,Rawalpindi,Corporate,ISB-171610,True,1485,4,2024-04-28
CU01843,Sana Mehmood,F,1961-06-21,58575-2231985-7,Pakistani,0321-9227322,sana.mehmood690@gmail.com,Karachi,Overseas Pakistani,ISB-276179,True,902,8,2022-08-30
CU01844,Ahmed Rana,M,1962-11-05,N/A,UK,0312-4718703,ahmed.rana201@gmail.com,Lahore,Overseas Pakistani,,False,485,7,2023-01-08
CU01845,Adeel Mehmood,M,1982-10-14,29745-4710478-2,Pakistani,0320-6718407,adeel.mehmood615@gmail.com,Peshawar,Corporate,SND-681929,True,4136,7,2025-12-06
CU01846,Fahad Sheikh,M,1997-12-09,84805-7787413-9,Pakistani,0300-5835315,fahad.sheikh368@gmail.com,Islamabad,Corporate,ISB-460479,True,1337,6,2022-07-02
CU01847,Arif Ali,M,1997-10-17,45924-2731721-9,Pakistani,0300-5247531,arif.ali262@gmail.com,Islamabad,Individual,SND-980630,True,348,9,2025-01-13
CU01848,Laiba Hashmi,F,2000-09-07,45805-8127835-6,Pakistani,0320-5705832,laiba.hashmi580@gmail.com,Islamabad,Individual,,False,2886,9,2022-03-03
CU01849,Fatima Bajwa,F,1990-07-04,27262-8662717-5,Pakistani,0321-7683619,fatima.bajwa443@gmail.com,Murree,Tourist,BLN-684583,True,1805,4,2025-11-02
CU01850,Nasir Siddiqui,M,1985-08-20,45937-2311542-5,Pakistani,0311-1269713,nasir.siddiqui298@gmail.com,Karachi,Individual,BLN-476529,True,3721,8,2025-08-25
CU01851,Hamza Butt,M,1974-03-08,69524-7815515-7,British Pakistani,0315-2435715,hamza.butt900@gmail.com,Murree,Corporate,BLN-945594,True,2829,5,2023-02-04
CU01852,Zubair Raza,M,1982-03-22,48468-7296906-9,Pakistani,0321-1240319,zubair.raza138@gmail.com,Islamabad,Government,SND-235766,True,4986,9,2024-07-02
CU01853,Sara Sheikh,F,1994-01-10,11032-4181647-5,Pakistani,0315-9759273,sara.sheikh131@gmail.com,Lahore,Individual,KPK-947158,True,3276,8,2025-01-28
CU01854,Zain Raja,M,1978-07-12,30630-9348957-8,Pakistani,0320-1751706,zain.raja162@gmail.com,Lahore,Individual,ISB-481600,True,4073,8,2022-09-28
CU01855,Kamran Malik,M,1974-06-16,54770-7547783-1,Pakistani,0300-9740910,kamran.malik329@gmail.com,Islamabad,Individual,BLN-978377,True,2530,11,2025-05-14
CU01856,Ali Bhatti,M,1968-01-24,29686-1138490-6,Pakistani,0312-6544164,ali.bhatti204@gmail.com,Islamabad,Government,ISB-297570,True,975,5,2024-11-20
CU01857,Hamza Khan,M,1974-10-10,29583-5063448-3,Pakistani,0311-3073320,hamza.khan7@gmail.com,Karachi,Overseas Pakistani,BLN-189335,True,1203,8,2025-03-31
CU01858,Tariq Mehmood,M,1970-02-23,93974-2260050-5,Pakistani,0300-9144961,tariq.mehmood525@gmail.com,Karachi,Tourist,,False,1822,10,2023-06-28
CU01859,Amna Raja,F,1997-10-21,81302-3535547-5,Pakistani,0300-3492884,amna.raja99@gmail.com,Karachi,Overseas Pakistani,ISB-547830,True,4349,8,2022-10-29
CU01860,Bilal Hashmi,M,1987-12-07,24293-1259922-1,Pakistani,0315-7423431,bilal.hashmi155@gmail.com,Faisalabad,Overseas Pakistani,KPK-270524,True,3345,10,2023-12-06
CU01861,Asma Farooq,F,1987-08-28,57398-9454622-8,Pakistani,0345-5735214,asma.farooq795@gmail.com,Peshawar,Individual,KPK-233689,True,3416,5,2023-03-13
CU01862,Maryam Nawaz,F,1983-06-12,29542-6277562-5,Pakistani,0320-4115183,maryam.nawaz132@gmail.com,Faisalabad,Individual,,False,2637,6,2023-02-19
CU01863,Ali Bhatti,M,1983-08-12,16037-5186385-5,Pakistani,0321-7132464,ali.bhatti236@gmail.com,Karachi,Tourist,BLN-871979,True,4319,12,2023-01-18
CU01864,Saad Butt,M,1960-04-26,59658-1742572-9,Pakistani,0311-9307136,saad.butt307@gmail.com,Gujranwala,Individual,KPK-841101,True,4100,9,2024-07-03
CU01865,Raza Malik,M,1962-06-30,38199-7543549-9,Pakistani,0321-4180661,raza.malik106@gmail.com,Karachi,Individual,,False,3042,11,2026-05-11
CU01866,Sana Qureshi,F,1965-10-04,20774-5310479-5,Pakistani,0312-1063630,sana.qureshi651@gmail.com,Islamabad,Corporate,,False,997,8,2022-02-01
CU01867,Sara Hussain,F,2001-05-10,50093-6914425-8,Pakistani,0320-5550332,sara.hussain954@gmail.com,Rawalpindi,Individual,PB-323906,True,566,8,2025-05-03
CU01868,Robia Sheikh,F,1996-05-14,41855-5641038-8,Pakistani,0311-8250039,robia.sheikh863@gmail.com,Islamabad,Overseas Pakistani,BLN-590107,True,233,8,2022-07-08
CU01869,Ahmed Mehmood,M,1969-03-29,88597-9327109-6,Pakistani,0346-6971763,ahmed.mehmood834@gmail.com,Peshawar,Individual,BLN-851767,True,3386,7,2025-07-07
CU01870,Waqar Nawaz,M,1982-09-21,27148-2939506-6,Pakistani,0315-3574403,waqar.nawaz512@gmail.com,Islamabad,Overseas Pakistani,BLN-367520,True,1780,7,2024-07-23
CU01871,Imran Nawaz,M,1965-09-21,37611-4596805-2,Pakistani,0311-3808155,imran.nawaz191@gmail.com,Lahore,Individual,,False,1876,9,2025-05-18
CU01872,Nasir Ali,M,2001-09-08,25421-6237792-9,Pakistani,0312-7649529,nasir.ali569@gmail.com,Abbottabad,Individual,SND-424695,True,3766,7,2024-08-23
CU01873,Robia Hussain,F,1960-04-14,56301-7748076-1,Pakistani,0300-8537680,robia.hussain387@gmail.com,Lahore,Individual,PB-269926,True,4502,7,2022-11-13
CU01874,Omar Raja,M,1988-12-06,75987-7968217-9,Pakistani,0311-9065837,omar.raja569@gmail.com,Lahore,Individual,,False,2142,8,2026-04-11
CU01875,Hamza Hussain,M,1991-10-10,49238-7042367-7,Pakistani,0315-3786691,hamza.hussain679@gmail.com,Peshawar,Corporate,,False,300,5,2024-04-03
CU01876,Zubair Ali,M,1999-10-22,36526-5234141-5,Pakistani,0312-6705121,zubair.ali534@gmail.com,Rawalpindi,Individual,KPK-706368,True,4607,9,2022-07-07
CU01877,Waqar Raja,M,1973-11-15,44260-4041970-2,Pakistani,0300-7522958,waqar.raja768@gmail.com,Gujranwala,Tourist,PB-590400,True,4565,15,2025-10-29
CU01878,Arif Javed,M,1960-11-06,43085-9875603-2,Pakistani,0301-7891572,arif.javed745@gmail.com,Rawalpindi,Tourist,,False,2769,6,2025-04-01
CU01879,Shoaib Mehmood,M,1996-10-17,43817-3800451-2,Pakistani,0315-5139676,shoaib.mehmood512@gmail.com,Lahore,Corporate,BLN-891366,True,1616,8,2022-08-02
CU01880,Fahad Ansari,M,1968-09-04,74076-7706676-8,Pakistani,0333-9718561,fahad.ansari505@gmail.com,Multan,Individual,SND-611826,True,2999,10,2025-03-09
CU01881,Salman Rizvi,M,1979-01-26,43664-2224296-6,Pakistani,0312-1394043,salman.rizvi983@gmail.com,Islamabad,Overseas Pakistani,BLN-784046,True,4459,9,2026-06-26
CU01882,Hamza Hashmi,M,1998-05-08,74226-7812259-2,Pakistani,0321-1462521,hamza.hashmi34@gmail.com,Islamabad,Individual,ISB-178638,True,671,9,2023-04-04
CU01883,Kashif Raza,M,1983-07-31,64093-5212998-8,Pakistani,0315-3622008,kashif.raza777@gmail.com,Faisalabad,Individual,,False,611,10,2023-06-20
CU01884,Laiba Khan,F,1963-11-26,60393-5195801-8,Pakistani,0315-1311186,laiba.khan320@gmail.com,Islamabad,Tourist,BLN-698408,True,733,11,2023-12-03
CU01885,Robia Iqbal,F,1983-10-15,85011-7390274-8,Pakistani,0312-7494535,robia.iqbal463@gmail.com,Karachi,Individual,PB-138345,True,4784,8,2025-10-15
CU01886,Ahmed Butt,M,1994-03-02,32734-1958563-6,Pakistani,0346-7492009,ahmed.butt582@gmail.com,Islamabad,Individual,BLN-560148,True,1296,7,2023-07-01
CU01887,Laiba Hashmi,F,1964-08-23,99394-8447933-4,Pakistani,0311-9202257,laiba.hashmi479@gmail.com,Karachi,Tourist,ISB-224303,True,947,8,2025-10-27
CU01888,Raza Gondal,M,1964-04-19,33971-7940881-1,Pakistani,0315-8113716,raza.gondal521@gmail.com,Murree,Individual,KPK-526037,True,4164,16,2025-02-04
CU01889,Bushra Ansari,F,1993-11-01,89292-8957144-4,Pakistani,0321-9404621,bushra.ansari388@gmail.com,Islamabad,Overseas Pakistani,SND-970269,True,4842,7,2023-08-24
CU01890,Amna Ansari,F,1972-04-13,29710-9220873-7,Pakistani,0345-8118523,amna.ansari907@gmail.com,Rawalpindi,Individual,KPK-723407,True,3225,6,2026-06-24
CU01891,Kashif Nawaz,M,1979-12-08,86463-5447266-8,Pakistani,0301-6853075,kashif.nawaz363@gmail.com,Karachi,Individual,PB-388438,True,3631,8,2023-06-02
CU01892,Ayesha Javed,F,1988-08-22,74900-3846306-1,Pakistani,0346-5578395,ayesha.javed696@gmail.com,Islamabad,Individual,BLN-740828,True,3263,10,2023-10-07
CU01893,Laiba Hussain,F,1974-12-05,14264-9087279-9,Pakistani,0300-7284703,laiba.hussain236@gmail.com,Abbottabad,Individual,BLN-326400,True,1627,8,2026-02-02
CU01894,Zubair Bajwa,M,1968-06-15,59777-6082554-9,Pakistani,0300-5642193,zubair.bajwa831@gmail.com,Islamabad,Corporate,ISB-597778,True,1813,5,2024-07-28
CU01895,Salman Hussain,M,1963-12-02,43759-1491808-6,Pakistani,0301-1769899,salman.hussain822@gmail.com,Rawalpindi,Tourist,PB-527411,True,2957,10,2024-11-23
CU01896,Nasir Bhatti,M,1988-05-01,71247-5716623-7,Pakistani,0320-7611828,nasir.bhatti885@gmail.com,Karachi,Individual,,False,3537,9,2026-03-07
CU01897,Bilal Malik,M,2000-07-10,44662-2869977-6,Pakistani,0315-3460153,bilal.malik802@gmail.com,Lahore,Overseas Pakistani,ISB-843138,True,4715,10,2023-08-04
CU01898,Sara Ali,F,1999-05-06,73299-9947623-2,Pakistani,0315-6501214,sara.ali118@gmail.com,Islamabad,Individual,SND-413555,True,4241,10,2023-06-22
CU01899,Faisal Hashmi,M,1985-05-18,12847-8165820-2,Pakistani,0320-5221334,faisal.hashmi221@gmail.com,Karachi,Individual,,False,2633,3,2024-07-04
CU01900,Noor Hussain,F,1991-08-30,13005-6770327-3,Pakistani,0333-1531910,noor.hussain191@gmail.com,Faisalabad,Corporate,,False,3828,10,2022-03-01
CU01901,Asma Hashmi,F,1974-12-27,81008-3009073-3,Pakistani,0315-4059047,asma.hashmi245@gmail.com,Lahore,Individual,SND-199460,True,1789,8,2025-03-13
CU01902,Bilal Hashmi,M,1980-09-16,49006-2718893-4,Pakistani,0312-9358902,bilal.hashmi422@gmail.com,Rawalpindi,Corporate,BLN-567554,True,73,4,2023-11-16
CU01903,Asma Farooq,F,1960-07-10,63013-7096256-2,Pakistani,0300-8169169,asma.farooq274@gmail.com,Lahore,Individual,ISB-620049,True,293,7,2024-07-20
CU01904,Arif Rizvi,M,1990-07-15,35726-1178342-4,Pakistani,0320-9682957,arif.rizvi862@gmail.com,Karachi,Individual,KPK-584903,True,1745,8,2024-06-05
CU01905,Aisha Raja,F,1972-10-09,91289-3169230-8,Pakistani,0311-9624709,aisha.raja60@gmail.com,Karachi,Individual,,False,81,8,2023-01-23
CU01906,Faisal Rizvi,M,1998-12-26,N/A,UAE,0320-5122237,faisal.rizvi758@gmail.com,Murree,Individual,,False,677,9,2024-05-26
CU01907,Waqar Mirza,M,1993-06-20,15458-6292385-4,Pakistani,0300-4353815,waqar.mirza191@gmail.com,Karachi,Overseas Pakistani,,False,275,11,2024-08-02
CU01908,Shoaib Ansari,M,1960-03-24,91919-1907396-2,Pakistani,0321-3666799,shoaib.ansari212@gmail.com,Murree,Overseas Pakistani,ISB-236659,True,4972,12,2025-05-09
CU01909,Saima Qureshi,F,1968-10-13,56952-7703346-6,Pakistani,0320-1053973,saima.qureshi251@gmail.com,Islamabad,Government,,False,240,8,2024-06-20
CU01910,Adeel Sheikh,M,1996-01-12,99472-8766361-4,Pakistani,0311-1432114,adeel.sheikh121@gmail.com,Rawalpindi,Tourist,,False,1195,9,2025-07-10
CU01911,Bilal Ahmed,M,1985-01-18,36277-2315100-9,Pakistani,0311-1654010,bilal.ahmed777@gmail.com,Gujranwala,Individual,SND-642301,True,1034,12,2022-04-24
CU01912,Fahad Sheikh,M,1995-01-25,55428-5988230-9,Pakistani,0320-8521015,fahad.sheikh223@gmail.com,Karachi,Corporate,,False,4228,9,2024-01-06
CU01913,Rizwan Hashmi,M,1986-11-30,29708-5544868-6,Pakistani,0321-4971203,rizwan.hashmi539@gmail.com,Lahore,Individual,,False,859,8,2024-02-07
CU01914,Bushra Butt,F,1981-10-19,67224-5605141-3,Pakistani,0315-6956512,bushra.butt889@gmail.com,Islamabad,Corporate,,False,806,15,2024-10-30
CU01915,Fahad Siddiqui,M,1976-05-18,96688-2329859-6,Pakistani,0321-1688179,fahad.siddiqui250@gmail.com,Karachi,Corporate,,False,439,10,2024-11-17
CU01916,Hamza Mehmood,M,1992-08-06,75772-8608176-7,Pakistani,0301-6680499,hamza.mehmood16@gmail.com,Nathiagali,Corporate,KPK-637393,True,4541,7,2023-07-31
CU01917,Hassan Javed,M,1997-12-01,43463-5833630-7,Pakistani,0320-1689058,hassan.javed244@gmail.com,Rawalpindi,Individual,KPK-128062,True,3634,11,2024-04-25
CU01918,Shoaib Siddiqui,M,1995-02-28,53599-9527917-9,Pakistani,0301-2040238,shoaib.siddiqui520@gmail.com,Rawalpindi,Corporate,PB-796303,True,1249,12,2024-07-03
CU01919,Kashif Raza,M,1980-01-20,45587-7242867-3,Pakistani,0321-5762579,kashif.raza901@gmail.com,Peshawar,Individual,,False,962,12,2022-09-16
CU01920,Faisal Malik,M,1998-03-13,71595-1646551-1,Pakistani,0345-2042271,faisal.malik728@gmail.com,Rawalpindi,Corporate,KPK-447009,True,2983,10,2025-05-13
CU01921,Bushra Raza,F,1985-07-13,23831-8321189-7,Pakistani,0311-4313130,bushra.raza695@gmail.com,Karachi,Individual,,False,4617,9,2023-11-30
CU01922,Robia Sheikh,F,1966-11-28,32119-8556510-7,Pakistani,0345-5420920,robia.sheikh640@gmail.com,Rawalpindi,Corporate,,False,170,8,2024-02-09
CU01923,Salman Malik,M,2000-11-16,62075-7047294-4,Pakistani,0301-5748401,salman.malik837@gmail.com,Peshawar,Individual,KPK-218673,True,1654,13,2023-07-20
CU01924,Zain Ali,M,1962-07-04,47983-6925581-6,Pakistani,0315-6640699,zain.ali910@gmail.com,Rawalpindi,Government,KPK-556278,True,1534,7,2022-09-09
CU01925,Nasir Raja,M,1969-08-18,N/A,UAE,0333-7958538,nasir.raja522@gmail.com,Islamabad,Tourist,ISB-687717,True,2917,11,2026-04-03
CU01926,Salman Mehmood,M,1986-01-15,20414-8946517-2,Pakistani,0321-6530256,salman.mehmood697@gmail.com,Islamabad,Corporate,SND-686316,True,2630,5,2026-04-18
CU01927,Zain Javed,M,1985-12-22,16058-5069646-2,Pakistani,0333-1604765,zain.javed537@gmail.com,Lahore,Individual,BLN-642798,True,4146,6,2025-01-23
CU01928,Raza Khan,M,1963-12-12,20260-2557506-2,Pakistani,0321-4432773,raza.khan178@gmail.com,Islamabad,Individual,ISB-269621,True,3325,7,2023-08-07
CU01929,Sohail Javed,M,1968-07-07,66810-5076759-8,Pakistani,0315-1714120,sohail.javed190@gmail.com,Karachi,Tourist,,False,19,10,2025-09-25
CU01930,Rabia Rizvi,F,1985-02-21,N/A,Saudi,0301-9930441,rabia.rizvi630@gmail.com,Karachi,Corporate,,False,1730,10,2024-12-17
CU01931,Faisal Nawaz,M,1964-06-15,42566-5579661-3,Pakistani,0300-4902139,faisal.nawaz307@gmail.com,Peshawar,Individual,BLN-833331,True,759,9,2023-01-16
CU01932,Junaid Farooq,M,1978-02-26,64136-6149834-5,Pakistani,0300-5322770,junaid.farooq475@gmail.com,Lahore,Individual,,False,4577,8,2023-02-02
CU01933,Nadia Farooq,F,1982-03-14,95354-6490541-9,Pakistani,0301-8958633,nadia.farooq455@gmail.com,Karachi,Individual,KPK-385869,True,4992,10,2025-03-06
CU01934,Zubair Nawaz,M,1980-01-01,89935-4644458-6,Pakistani,0312-2541011,zubair.nawaz830@gmail.com,Karachi,Individual,KPK-446324,True,3581,14,2024-04-06
CU01935,Usman Chaudhry,M,1987-08-03,86459-1186381-9,British Pakistani,0315-7291982,usman.chaudhry275@gmail.com,Rawalpindi,Government,BLN-507477,True,3198,5,2024-05-06
CU01936,Asma Ahmed,F,2000-04-02,85568-3447696-4,Pakistani,0311-5467599,asma.ahmed393@gmail.com,Islamabad,Government,,False,4589,8,2024-10-01
CU01937,Ahmed Iqbal,M,1980-12-23,16977-7489529-2,Pakistani,0312-9634916,ahmed.iqbal424@gmail.com,Islamabad,Individual,,False,4029,16,2023-09-09
CU01938,Asma Mirza,F,1982-03-28,52973-7459935-6,Pakistani,0345-7700727,asma.mirza668@gmail.com,Lahore,Individual,,False,3046,9,2026-06-29
CU01939,Zubair Rizvi,M,1990-05-14,27270-7637050-8,Pakistani,0333-5381173,zubair.rizvi655@gmail.com,Islamabad,Overseas Pakistani,KPK-730880,True,2162,9,2023-03-16
CU01940,Rabia Butt,F,1980-12-10,56547-4236038-5,Pakistani,0320-3979157,rabia.butt44@gmail.com,Islamabad,Individual,,False,503,11,2023-08-21
CU01941,Raza Nawaz,M,1979-05-07,27994-1850758-4,Pakistani,0321-2389523,raza.nawaz647@gmail.com,Lahore,Individual,,False,4705,8,2022-07-09
CU01942,Waqar Siddiqui,M,1990-01-31,92227-2699225-4,Pakistani,0312-6311647,waqar.siddiqui901@gmail.com,Faisalabad,Individual,BLN-435024,True,406,9,2025-01-17
CU01943,Tariq Chaudhry,M,2000-12-05,72363-8102034-7,Pakistani,0312-4123360,tariq.chaudhry875@gmail.com,Islamabad,Individual,SND-804242,True,4841,9,2025-11-17
CU01944,Zara Malik,F,1969-04-17,76244-2298896-8,Pakistani,0300-1640223,zara.malik373@gmail.com,Islamabad,Individual,PB-233074,True,4940,7,2022-06-16
CU01945,Shoaib Bhatti,M,2000-05-18,63271-7070827-1,Pakistani,0321-3226429,shoaib.bhatti485@gmail.com,Murree,Tourist,ISB-837453,True,1476,8,2023-12-21
CU01946,Hamza Sheikh,M,2002-12-13,76034-4250427-1,Pakistani,0320-1104674,hamza.sheikh643@gmail.com,Islamabad,Individual,,False,3964,8,2024-09-08
CU01947,Noor Sheikh,F,1969-11-27,28341-2824269-7,Pakistani,0346-8646625,noor.sheikh295@gmail.com,Islamabad,Individual,,False,2778,6,2023-02-16
CU01948,Hina Raza,F,1980-01-19,20837-3118273-8,Pakistani,0320-5176029,hina.raza820@gmail.com,Islamabad,Overseas Pakistani,ISB-288340,True,3389,11,2024-05-20
CU01949,Zubair Ali,M,1967-11-15,54532-9559610-1,Pakistani,0333-3441853,zubair.ali257@gmail.com,Islamabad,Individual,,False,3716,11,2023-10-30
CU01950,Usman Ansari,M,1980-06-29,N/A,USA,0345-1963734,usman.ansari148@gmail.com,Faisalabad,Overseas Pakistani,SND-859193,True,2572,7,2022-08-19
CU01951,Shoaib Mehmood,M,1997-12-03,15461-8151555-1,Pakistani,0321-8757119,shoaib.mehmood980@gmail.com,Murree,Corporate,ISB-910131,True,581,9,2022-12-31
CU01952,Waqar Ahmed,M,1998-02-06,33622-5042100-6,Pakistani,0312-4852656,waqar.ahmed779@gmail.com,Lahore,Overseas Pakistani,PB-117509,True,3035,10,2023-07-13
CU01953,Junaid Bajwa,M,1991-06-09,17348-8421587-5,Pakistani,0312-3437397,junaid.bajwa882@gmail.com,Rawalpindi,Individual,ISB-840571,True,4325,10,2023-04-11
CU01954,Tariq Butt,M,1977-10-05,92323-6551876-2,Pakistani,0315-1411877,tariq.butt147@gmail.com,Karachi,Individual,,False,282,6,2023-09-16
CU01955,Arif Rana,M,2000-08-20,51426-2652996-1,Pakistani,0315-4713763,arif.rana195@gmail.com,Islamabad,Tourist,KPK-510360,True,2990,10,2026-01-21
CU01956,Hamza Chaudhry,M,1994-04-08,35363-8809160-1,Pakistani,0300-5727959,hamza.chaudhry123@gmail.com,Islamabad,Individual,,False,3322,6,2026-04-29
CU01957,Rabia Bhatti,F,2001-09-03,70610-1179918-5,Pakistani,0345-2031591,rabia.bhatti114@gmail.com,Lahore,Corporate,PB-457573,True,1389,7,2025-02-04
CU01958,Rabia Chaudhry,F,2001-04-15,94140-7276558-7,Pakistani,0346-2819333,rabia.chaudhry465@gmail.com,Multan,Tourist,SND-734524,True,3640,10,2024-02-07
CU01959,Sohail Sheikh,M,1982-02-20,N/A,Germany,0312-1512151,sohail.sheikh782@gmail.com,Faisalabad,Individual,,False,566,11,2022-04-28
CU01960,Noor Bajwa,F,1963-10-07,95257-2235408-8,Pakistani,0315-4554795,noor.bajwa911@gmail.com,Peshawar,Corporate,SND-401489,True,4092,3,2022-02-27
CU01961,Kamran Hussain,M,1992-06-01,56523-3503866-6,British Pakistani,0315-4399598,kamran.hussain954@gmail.com,Rawalpindi,Individual,KPK-589773,True,175,10,2025-09-21
CU01962,Zubair Siddiqui,M,1960-04-19,94938-6374378-7,Pakistani,0311-4058281,zubair.siddiqui461@gmail.com,Karachi,Individual,ISB-709187,True,1311,10,2024-04-21
CU01963,Usman Rana,M,1989-07-01,67161-9598872-1,Pakistani,0301-1442743,usman.rana621@gmail.com,Lahore,Tourist,PB-557184,True,26,7,2025-04-18
CU01964,Adeel Hussain,M,1997-11-15,16417-1821901-4,Pakistani,0311-9381798,adeel.hussain707@gmail.com,Karachi,Tourist,SND-799160,True,1376,7,2024-12-16
CU01965,Fahad Raja,M,1989-12-01,16521-2419802-5,Pakistani,0315-8787075,fahad.raja138@gmail.com,Karachi,Individual,,False,3159,8,2024-11-03
CU01966,Hassan Sheikh,M,1985-04-05,50096-8281548-1,Pakistani,0345-8543005,hassan.sheikh208@gmail.com,Rawalpindi,Corporate,,False,2604,10,2025-05-02
CU01967,Kamran Bajwa,M,1990-10-06,56412-3015387-4,Pakistani,0321-7732163,kamran.bajwa246@gmail.com,Islamabad,Corporate,BLN-874402,True,3764,6,2026-06-21
CU01968,Waqar Raja,M,1987-05-10,65629-8834550-5,Pakistani,0346-7980418,waqar.raja655@gmail.com,Islamabad,Individual,SND-298324,True,2974,7,2025-01-13
CU01969,Usman Mehmood,M,1965-01-25,46982-9373946-8,Pakistani,0315-5005695,usman.mehmood383@gmail.com,Lahore,Individual,BLN-753211,True,2728,9,2025-09-02
CU01970,Bilal Rizvi,M,1970-07-20,26278-3977012-6,Pakistani,0311-1605599,bilal.rizvi863@gmail.com,Lahore,Corporate,ISB-741344,True,1639,13,2022-05-07
CU01971,Zara Ansari,F,1988-09-22,21671-8050267-4,Pakistani,0312-7200203,zara.ansari245@gmail.com,Karachi,Individual,ISB-323228,True,625,12,2023-05-18
CU01972,Robia Rizvi,F,1969-09-21,72579-7273186-4,Pakistani,0312-6526818,robia.rizvi864@gmail.com,Islamabad,Corporate,KPK-286579,True,3469,11,2025-11-13
CU01973,Usman Gondal,M,1990-04-20,76083-3078530-2,Pakistani,0311-3644820,usman.gondal413@gmail.com,Rawalpindi,Corporate,BLN-996001,True,4827,11,2023-02-08
CU01974,Shoaib Sheikh,M,1980-04-11,38970-2387543-8,Pakistani,0345-9567842,shoaib.sheikh442@gmail.com,Islamabad,Government,KPK-108467,True,2001,7,2025-03-08
CU01975,Uzma Siddiqui,F,1997-07-10,73223-9303860-8,Pakistani,0315-2323346,uzma.siddiqui470@gmail.com,Peshawar,Corporate,KPK-313741,True,607,7,2022-09-15
CU01976,Amna Raza,F,1988-09-27,20025-2152756-6,Pakistani,0345-6900855,amna.raza33@gmail.com,Rawalpindi,Individual,,False,4813,6,2022-10-16
CU01977,Uzma Butt,F,1962-04-01,58910-8561614-6,Pakistani,0333-4128167,uzma.butt904@gmail.com,Karachi,Corporate,BLN-369045,True,1614,8,2023-02-13
CU01978,Hamza Rizvi,M,1976-12-08,80399-6291925-6,Pakistani,0300-7706452,hamza.rizvi587@gmail.com,Abbottabad,Tourist,,False,2230,6,2023-04-12
CU01979,Sumera Rana,F,2001-01-30,18841-1262420-5,Pakistani,0311-9166890,sumera.rana799@gmail.com,Rawalpindi,Tourist,,False,4857,7,2024-08-28
CU01980,Bilal Siddiqui,M,1972-06-27,78756-2191242-9,Pakistani,0346-7973599,bilal.siddiqui626@gmail.com,Murree,Individual,BLN-772662,True,930,9,2023-03-15
CU01981,Sumera Iqbal,F,1976-08-01,75902-2301306-2,Pakistani,0301-6451769,sumera.iqbal734@gmail.com,Lahore,Government,SND-139409,True,1545,9,2023-09-06
CU01982,Zubair Ali,M,1988-11-04,31151-7448293-3,Pakistani,0320-6609009,zubair.ali931@gmail.com,Islamabad,Government,KPK-397619,True,3409,12,2022-11-30
CU01983,Omar Sheikh,M,1997-04-03,32232-3417362-4,Pakistani,0315-5772963,omar.sheikh5@gmail.com,Islamabad,Tourist,SND-977168,True,682,10,2026-03-18
CU01984,Raza Raza,M,1970-04-11,91818-6712992-5,Pakistani,0345-1831937,raza.raza739@gmail.com,Rawalpindi,Individual,,False,414,16,2024-05-04
CU01985,Salman Iqbal,M,2001-07-21,85771-6997357-2,Pakistani,0333-4185755,salman.iqbal346@gmail.com,Karachi,Overseas Pakistani,PB-178180,True,2127,10,2025-07-19
CU01986,Sara Mehmood,F,1967-12-15,73911-6669925-7,Pakistani,0301-7425166,sara.mehmood527@gmail.com,Islamabad,Individual,ISB-736876,True,2764,9,2024-06-12
CU01987,Rizwan Ahmed,M,1983-09-20,38617-4306098-7,Pakistani,0333-7034034,rizwan.ahmed749@gmail.com,Karachi,Overseas Pakistani,ISB-247302,True,4242,14,2023-11-29
CU01988,Laiba Ahmed,F,1974-09-30,67572-2659332-6,Pakistani,0345-3859431,laiba.ahmed580@gmail.com,Multan,Corporate,ISB-838082,True,2696,4,2022-12-30
CU01989,Maryam Bajwa,F,1967-12-30,23453-5750306-3,Pakistani,0315-5535463,maryam.bajwa516@gmail.com,Islamabad,Tourist,ISB-404289,True,902,8,2023-08-06
CU01990,Ali Chaudhry,M,1996-08-01,86163-4180304-2,Pakistani,0320-3825424,ali.chaudhry423@gmail.com,Lahore,Individual,,False,2633,8,2022-11-12
CU01991,Hassan Butt,M,1996-10-25,29942-1866394-9,Pakistani,0320-6154357,hassan.butt447@gmail.com,Karachi,Individual,,False,4122,10,2024-11-17
CU01992,Saima Qureshi,F,1976-04-29,N/A,Germany,0345-4130926,saima.qureshi963@gmail.com,Karachi,Corporate,BLN-230678,True,2025,9,2025-09-17
CU01993,Raza Mirza,M,2002-08-03,45797-3076249-6,Pakistani,0312-3508754,raza.mirza737@gmail.com,Karachi,Individual,ISB-686936,True,208,2,2022-07-14
CU01994,Ahmed Nawaz,M,1974-02-11,79942-3865974-4,Pakistani,0320-4070746,ahmed.nawaz557@gmail.com,Abbottabad,Individual,KPK-850010,True,101,9,2026-01-29
CU01995,Junaid Mehmood,M,2001-04-26,20705-5071765-3,Pakistani,0300-3339374,junaid.mehmood321@gmail.com,Rawalpindi,Individual,PB-975595,True,2073,13,2022-11-22
CU01996,Hamza Bhatti,M,1995-11-17,27644-4320261-9,Pakistani,0345-8157265,hamza.bhatti726@gmail.com,Islamabad,Individual,SND-592585,True,2477,9,2022-04-17
CU01997,Robia Hashmi,F,1998-09-21,N/A,Saudi,0320-1868372,robia.hashmi21@gmail.com,Islamabad,Individual,PB-973002,True,1791,11,2025-12-02
CU01998,Salman Siddiqui,M,1998-04-30,74624-3426671-5,Pakistani,0345-3308027,salman.siddiqui353@gmail.com,Islamabad,Corporate,,False,2265,10,2023-01-10
CU01999,Asad Ahmed,M,1979-08-06,37180-3984361-8,Pakistani,0333-4924753,asad.ahmed595@gmail.com,Karachi,Corporate,BLN-434561,True,1517,7,2023-03-26
CU02000,Hassan Rizvi,M,1967-08-05,94948-4216257-3,Pakistani,0345-8155135,hassan.rizvi529@gmail.com,Peshawar,Corporate,,False,174,10,2024-09-06
