expense_id,fleet_id,expense_month,category,amount_pkr,description,approved_by
EX0000001,FL001,2022-01-01,Staff Salaries,617767.0,Staff Salaries for January 2022,Fleet Manager
EX0000002,FL001,2022-01-01,Driver Salaries,553679.0,Driver Salaries for January 2022,Fleet Manager
EX0000003,FL001,2022-01-01,Office Rent,106178.0,Office Rent for January 2022,Fleet Manager
EX0000004,FL001,2022-01-01,Utilities,23616.0,Utilities for January 2022,Fleet Manager
EX0000005,FL001,2022-01-01,Marketing,45654.0,Marketing for January 2022,Fleet Manager
EX0000006,FL001,2022-01-01,Insurance Premium,66569.0,Insurance Premium for January 2022,Fleet Manager
EX0000007,FL001,2022-01-01,Depreciation,80573.0,Depreciation for January 2022,Fleet Manager
EX0000008,FL001,2022-01-01,Miscellaneous,40495.0,Miscellaneous for January 2022,Fleet Manager
EX0000009,FL001,2022-01-01,Communication,27038.0,Communication for January 2022,Fleet Manager
EX0000010,FL001,2022-01-01,Parking / Garage,62797.0,Parking / Garage for January 2022,Fleet Manager
EX0000011,FL002,2022-01-01,Staff Salaries,510865.0,Staff Salaries for January 2022,Fleet Manager
EX0000012,FL002,2022-01-01,Driver Salaries,826443.0,Driver Salaries for January 2022,Fleet Manager
EX0000013,FL002,2022-01-01,Office Rent,88032.0,Office Rent for January 2022,Fleet Manager
EX0000014,FL002,2022-01-01,Utilities,25184.0,Utilities for January 2022,Fleet Manager
EX0000015,FL002,2022-01-01,Marketing,58628.0,Marketing for January 2022,Fleet Manager
EX0000016,FL002,2022-01-01,Insurance Premium,89512.0,Insurance Premium for January 2022,Fleet Manager
EX0000017,FL002,2022-01-01,Depreciation,122941.0,Depreciation for January 2022,Fleet Manager
EX0000018,FL002,2022-01-01,Miscellaneous,54367.0,Miscellaneous for January 2022,Fleet Manager
EX0000019,FL002,2022-01-01,Communication,29444.0,Communication for January 2022,Fleet Manager
EX0000020,FL002,2022-01-01,Parking / Garage,74548.0,Parking / Garage for January 2022,Fleet Manager
EX0000021,FL003,2022-01-01,Staff Salaries,614648.0,Staff Salaries for January 2022,Fleet Manager
EX0000022,FL003,2022-01-01,Driver Salaries,881971.0,Driver Salaries for January 2022,Fleet Manager
EX0000023,FL003,2022-01-01,Office Rent,123381.0,Office Rent for January 2022,Fleet Manager
EX0000024,FL003,2022-01-01,Utilities,30715.0,Utilities for January 2022,Fleet Manager
EX0000025,FL003,2022-01-01,Marketing,58990.0,Marketing for January 2022,Fleet Manager
EX0000026,FL003,2022-01-01,Insurance Premium,86632.0,Insurance Premium for January 2022,Fleet Manager
EX0000027,FL003,2022-01-01,Depreciation,115461.0,Depreciation for January 2022,Fleet Manager
EX0000028,FL003,2022-01-01,Miscellaneous,65503.0,Miscellaneous for January 2022,Fleet Manager
EX0000029,FL003,2022-01-01,Communication,34358.0,Communication for January 2022,Fleet Manager
EX0000030,FL003,2022-01-01,Parking / Garage,98661.0,Parking / Garage for January 2022,Fleet Manager
EX0000031,FL004,2022-01-01,Staff Salaries,440673.0,Staff Salaries for January 2022,Fleet Manager
EX0000032,FL004,2022-01-01,Driver Salaries,938862.0,Driver Salaries for January 2022,Fleet Manager
EX0000033,FL004,2022-01-01,Office Rent,101958.0,Office Rent for January 2022,Fleet Manager
EX0000034,FL004,2022-01-01,Utilities,32483.0,Utilities for January 2022,Fleet Manager
EX0000035,FL004,2022-01-01,Marketing,58278.0,Marketing for January 2022,Fleet Manager
EX0000036,FL004,2022-01-01,Insurance Premium,73280.0,Insurance Premium for January 2022,Fleet Manager
EX0000037,FL004,2022-01-01,Depreciation,110097.0,Depreciation for January 2022,Fleet Manager
EX0000038,FL004,2022-01-01,Miscellaneous,55768.0,Miscellaneous for January 2022,Fleet Manager
EX0000039,FL004,2022-01-01,Communication,27803.0,Communication for January 2022,Fleet Manager
EX0000040,FL004,2022-01-01,Parking / Garage,86914.0,Parking / Garage for January 2022,Fleet Manager
EX0000041,FL001,2022-02-01,Staff Salaries,622473.0,Staff Salaries for February 2022,Fleet Manager
EX0000042,FL001,2022-02-01,Driver Salaries,521279.0,Driver Salaries for February 2022,Fleet Manager
EX0000043,FL001,2022-02-01,Office Rent,100699.0,Office Rent for February 2022,Fleet Manager
EX0000044,FL001,2022-02-01,Utilities,19517.0,Utilities for February 2022,Fleet Manager
EX0000045,FL001,2022-02-01,Marketing,49177.0,Marketing for February 2022,Fleet Manager
EX0000046,FL001,2022-02-01,Insurance Premium,78542.0,Insurance Premium for February 2022,Fleet Manager
EX0000047,FL001,2022-02-01,Depreciation,84091.0,Depreciation for February 2022,Fleet Manager
EX0000048,FL001,2022-02-01,Miscellaneous,55065.0,Miscellaneous for February 2022,Fleet Manager
EX0000049,FL001,2022-02-01,Communication,27350.0,Communication for February 2022,Fleet Manager
EX0000050,FL001,2022-02-01,Parking / Garage,61459.0,Parking / Garage for February 2022,Fleet Manager
EX0000051,FL002,2022-02-01,Staff Salaries,504132.0,Staff Salaries for February 2022,Fleet Manager
EX0000052,FL002,2022-02-01,Driver Salaries,833528.0,Driver Salaries for February 2022,Fleet Manager
EX0000053,FL002,2022-02-01,Office Rent,124992.0,Office Rent for February 2022,Fleet Manager
EX0000054,FL002,2022-02-01,Utilities,31474.0,Utilities for February 2022,Fleet Manager
EX0000055,FL002,2022-02-01,Marketing,48741.0,Marketing for February 2022,Fleet Manager
EX0000056,FL002,2022-02-01,Insurance Premium,87434.0,Insurance Premium for February 2022,Fleet Manager
EX0000057,FL002,2022-02-01,Depreciation,91417.0,Depreciation for February 2022,Fleet Manager
EX0000058,FL002,2022-02-01,Miscellaneous,54569.0,Miscellaneous for February 2022,Fleet Manager
EX0000059,FL002,2022-02-01,Communication,29274.0,Communication for February 2022,Fleet Manager
EX0000060,FL002,2022-02-01,Parking / Garage,82368.0,Parking / Garage for February 2022,Fleet Manager
EX0000061,FL003,2022-02-01,Staff Salaries,598204.0,Staff Salaries for February 2022,Fleet Manager
EX0000062,FL003,2022-02-01,Driver Salaries,883147.0,Driver Salaries for February 2022,Fleet Manager
EX0000063,FL003,2022-02-01,Office Rent,111625.0,Office Rent for February 2022,Fleet Manager
EX0000064,FL003,2022-02-01,Utilities,31163.0,Utilities for February 2022,Fleet Manager
EX0000065,FL003,2022-02-01,Marketing,62793.0,Marketing for February 2022,Fleet Manager
EX0000066,FL003,2022-02-01,Insurance Premium,96923.0,Insurance Premium for February 2022,Fleet Manager
EX0000067,FL003,2022-02-01,Depreciation,107284.0,Depreciation for February 2022,Fleet Manager
EX0000068,FL003,2022-02-01,Miscellaneous,59311.0,Miscellaneous for February 2022,Fleet Manager
EX0000069,FL003,2022-02-01,Communication,31030.0,Communication for February 2022,Fleet Manager
EX0000070,FL003,2022-02-01,Parking / Garage,92159.0,Parking / Garage for February 2022,Fleet Manager
EX0000071,FL004,2022-02-01,Staff Salaries,438069.0,Staff Salaries for February 2022,Fleet Manager
EX0000072,FL004,2022-02-01,Driver Salaries,908325.0,Driver Salaries for February 2022,Fleet Manager
EX0000073,FL004,2022-02-01,Office Rent,91077.0,Office Rent for February 2022,Fleet Manager
EX0000074,FL004,2022-02-01,Utilities,31473.0,Utilities for February 2022,Fleet Manager
EX0000075,FL004,2022-02-01,Marketing,62469.0,Marketing for February 2022,Fleet Manager
EX0000076,FL004,2022-02-01,Insurance Premium,71545.0,Insurance Premium for February 2022,Fleet Manager
EX0000077,FL004,2022-02-01,Depreciation,100340.0,Depreciation for February 2022,Fleet Manager
EX0000078,FL004,2022-02-01,Miscellaneous,53636.0,Miscellaneous for February 2022,Fleet Manager
EX0000079,FL004,2022-02-01,Communication,27592.0,Communication for February 2022,Fleet Manager
EX0000080,FL004,2022-02-01,Parking / Garage,98460.0,Parking / Garage for February 2022,Fleet Manager
EX0000081,FL001,2022-03-01,Staff Salaries,602511.0,Staff Salaries for March 2022,Fleet Manager
EX0000082,FL001,2022-03-01,Driver Salaries,549337.0,Driver Salaries for March 2022,Fleet Manager
EX0000083,FL001,2022-03-01,Office Rent,98982.0,Office Rent for March 2022,Fleet Manager
EX0000084,FL001,2022-03-01,Utilities,24795.0,Utilities for March 2022,Fleet Manager
EX0000085,FL001,2022-03-01,Marketing,43125.0,Marketing for March 2022,Fleet Manager
EX0000086,FL001,2022-03-01,Insurance Premium,62471.0,Insurance Premium for March 2022,Fleet Manager
EX0000087,FL001,2022-03-01,Depreciation,81659.0,Depreciation for March 2022,Fleet Manager
EX0000088,FL001,2022-03-01,Miscellaneous,43407.0,Miscellaneous for March 2022,Fleet Manager
EX0000089,FL001,2022-03-01,Communication,25827.0,Communication for March 2022,Fleet Manager
EX0000090,FL001,2022-03-01,Parking / Garage,59516.0,Parking / Garage for March 2022,Fleet Manager
EX0000091,FL002,2022-03-01,Staff Salaries,481924.0,Staff Salaries for March 2022,Fleet Manager
EX0000092,FL002,2022-03-01,Driver Salaries,831276.0,Driver Salaries for March 2022,Fleet Manager
EX0000093,FL002,2022-03-01,Office Rent,88622.0,Office Rent for March 2022,Fleet Manager
EX0000094,FL002,2022-03-01,Utilities,30522.0,Utilities for March 2022,Fleet Manager
EX0000095,FL002,2022-03-01,Marketing,60930.0,Marketing for March 2022,Fleet Manager
EX0000096,FL002,2022-03-01,Insurance Premium,85793.0,Insurance Premium for March 2022,Fleet Manager
EX0000097,FL002,2022-03-01,Depreciation,93085.0,Depreciation for March 2022,Fleet Manager
EX0000098,FL002,2022-03-01,Miscellaneous,62492.0,Miscellaneous for March 2022,Fleet Manager
EX0000099,FL002,2022-03-01,Communication,28665.0,Communication for March 2022,Fleet Manager
EX0000100,FL002,2022-03-01,Parking / Garage,77562.0,Parking / Garage for March 2022,Fleet Manager
EX0000101,FL003,2022-03-01,Staff Salaries,650142.0,Staff Salaries for March 2022,Fleet Manager
EX0000102,FL003,2022-03-01,Driver Salaries,885837.0,Driver Salaries for March 2022,Fleet Manager
EX0000103,FL003,2022-03-01,Office Rent,130854.0,Office Rent for March 2022,Fleet Manager
EX0000104,FL003,2022-03-01,Utilities,27463.0,Utilities for March 2022,Fleet Manager
EX0000105,FL003,2022-03-01,Marketing,52511.0,Marketing for March 2022,Fleet Manager
EX0000106,FL003,2022-03-01,Insurance Premium,76071.0,Insurance Premium for March 2022,Fleet Manager
EX0000107,FL003,2022-03-01,Depreciation,116603.0,Depreciation for March 2022,Fleet Manager
EX0000108,FL003,2022-03-01,Miscellaneous,50716.0,Miscellaneous for March 2022,Fleet Manager
EX0000109,FL003,2022-03-01,Communication,32440.0,Communication for March 2022,Fleet Manager
EX0000110,FL003,2022-03-01,Parking / Garage,75053.0,Parking / Garage for March 2022,Fleet Manager
EX0000111,FL004,2022-03-01,Staff Salaries,431620.0,Staff Salaries for March 2022,Fleet Manager
EX0000112,FL004,2022-03-01,Driver Salaries,944446.0,Driver Salaries for March 2022,Fleet Manager
EX0000113,FL004,2022-03-01,Office Rent,133104.0,Office Rent for March 2022,Fleet Manager
EX0000114,FL004,2022-03-01,Utilities,24612.0,Utilities for March 2022,Fleet Manager
EX0000115,FL004,2022-03-01,Marketing,51628.0,Marketing for March 2022,Fleet Manager
EX0000116,FL004,2022-03-01,Insurance Premium,94966.0,Insurance Premium for March 2022,Fleet Manager
EX0000117,FL004,2022-03-01,Depreciation,125140.0,Depreciation for March 2022,Fleet Manager
EX0000118,FL004,2022-03-01,Miscellaneous,52995.0,Miscellaneous for March 2022,Fleet Manager
EX0000119,FL004,2022-03-01,Communication,28729.0,Communication for March 2022,Fleet Manager
EX0000120,FL004,2022-03-01,Parking / Garage,71429.0,Parking / Garage for March 2022,Fleet Manager
EX0000121,FL001,2022-04-01,Staff Salaries,614984.0,Staff Salaries for April 2022,Fleet Manager
EX0000122,FL001,2022-04-01,Driver Salaries,556241.0,Driver Salaries for April 2022,Fleet Manager
EX0000123,FL001,2022-04-01,Office Rent,78032.0,Office Rent for April 2022,Fleet Manager
EX0000124,FL001,2022-04-01,Utilities,18558.0,Utilities for April 2022,Fleet Manager
EX0000125,FL001,2022-04-01,Marketing,48260.0,Marketing for April 2022,Fleet Manager
EX0000126,FL001,2022-04-01,Insurance Premium,66940.0,Insurance Premium for April 2022,Fleet Manager
EX0000127,FL001,2022-04-01,Depreciation,108961.0,Depreciation for April 2022,Fleet Manager
EX0000128,FL001,2022-04-01,Miscellaneous,42896.0,Miscellaneous for April 2022,Fleet Manager
EX0000129,FL001,2022-04-01,Communication,18408.0,Communication for April 2022,Fleet Manager
EX0000130,FL001,2022-04-01,Parking / Garage,56957.0,Parking / Garage for April 2022,Fleet Manager
EX0000131,FL002,2022-04-01,Staff Salaries,504740.0,Staff Salaries for April 2022,Fleet Manager
EX0000132,FL002,2022-04-01,Driver Salaries,844182.0,Driver Salaries for April 2022,Fleet Manager
EX0000133,FL002,2022-04-01,Office Rent,111238.0,Office Rent for April 2022,Fleet Manager
EX0000134,FL002,2022-04-01,Utilities,23325.0,Utilities for April 2022,Fleet Manager
EX0000135,FL002,2022-04-01,Marketing,49183.0,Marketing for April 2022,Fleet Manager
EX0000136,FL002,2022-04-01,Insurance Premium,82029.0,Insurance Premium for April 2022,Fleet Manager
EX0000137,FL002,2022-04-01,Depreciation,98424.0,Depreciation for April 2022,Fleet Manager
EX0000138,FL002,2022-04-01,Miscellaneous,49068.0,Miscellaneous for April 2022,Fleet Manager
EX0000139,FL002,2022-04-01,Communication,31382.0,Communication for April 2022,Fleet Manager
EX0000140,FL002,2022-04-01,Parking / Garage,78181.0,Parking / Garage for April 2022,Fleet Manager
EX0000141,FL003,2022-04-01,Staff Salaries,636792.0,Staff Salaries for April 2022,Fleet Manager
EX0000142,FL003,2022-04-01,Driver Salaries,850667.0,Driver Salaries for April 2022,Fleet Manager
EX0000143,FL003,2022-04-01,Office Rent,138412.0,Office Rent for April 2022,Fleet Manager
EX0000144,FL003,2022-04-01,Utilities,29089.0,Utilities for April 2022,Fleet Manager
EX0000145,FL003,2022-04-01,Marketing,57462.0,Marketing for April 2022,Fleet Manager
EX0000146,FL003,2022-04-01,Insurance Premium,96358.0,Insurance Premium for April 2022,Fleet Manager
EX0000147,FL003,2022-04-01,Depreciation,107059.0,Depreciation for April 2022,Fleet Manager
EX0000148,FL003,2022-04-01,Miscellaneous,52104.0,Miscellaneous for April 2022,Fleet Manager
EX0000149,FL003,2022-04-01,Communication,24090.0,Communication for April 2022,Fleet Manager
EX0000150,FL003,2022-04-01,Parking / Garage,88331.0,Parking / Garage for April 2022,Fleet Manager
EX0000151,FL004,2022-04-01,Staff Salaries,458608.0,Staff Salaries for April 2022,Fleet Manager
EX0000152,FL004,2022-04-01,Driver Salaries,930550.0,Driver Salaries for April 2022,Fleet Manager
EX0000153,FL004,2022-04-01,Office Rent,133999.0,Office Rent for April 2022,Fleet Manager
EX0000154,FL004,2022-04-01,Utilities,29604.0,Utilities for April 2022,Fleet Manager
EX0000155,FL004,2022-04-01,Marketing,56081.0,Marketing for April 2022,Fleet Manager
EX0000156,FL004,2022-04-01,Insurance Premium,97528.0,Insurance Premium for April 2022,Fleet Manager
EX0000157,FL004,2022-04-01,Depreciation,98423.0,Depreciation for April 2022,Fleet Manager
EX0000158,FL004,2022-04-01,Miscellaneous,61577.0,Miscellaneous for April 2022,Fleet Manager
EX0000159,FL004,2022-04-01,Communication,28752.0,Communication for April 2022,Fleet Manager
EX0000160,FL004,2022-04-01,Parking / Garage,97655.0,Parking / Garage for April 2022,Fleet Manager
EX0000161,FL001,2022-05-01,Staff Salaries,621408.0,Staff Salaries for May 2022,Fleet Manager
EX0000162,FL001,2022-05-01,Driver Salaries,549781.0,Driver Salaries for May 2022,Fleet Manager
EX0000163,FL001,2022-05-01,Office Rent,78057.0,Office Rent for May 2022,Fleet Manager
EX0000164,FL001,2022-05-01,Utilities,20006.0,Utilities for May 2022,Fleet Manager
EX0000165,FL001,2022-05-01,Marketing,39260.0,Marketing for May 2022,Fleet Manager
EX0000166,FL001,2022-05-01,Insurance Premium,69013.0,Insurance Premium for May 2022,Fleet Manager
EX0000167,FL001,2022-05-01,Depreciation,82144.0,Depreciation for May 2022,Fleet Manager
EX0000168,FL001,2022-05-01,Miscellaneous,39192.0,Miscellaneous for May 2022,Fleet Manager
EX0000169,FL001,2022-05-01,Communication,23931.0,Communication for May 2022,Fleet Manager
EX0000170,FL001,2022-05-01,Parking / Garage,59630.0,Parking / Garage for May 2022,Fleet Manager
EX0000171,FL002,2022-05-01,Staff Salaries,492744.0,Staff Salaries for May 2022,Fleet Manager
EX0000172,FL002,2022-05-01,Driver Salaries,806028.0,Driver Salaries for May 2022,Fleet Manager
EX0000173,FL002,2022-05-01,Office Rent,123249.0,Office Rent for May 2022,Fleet Manager
EX0000174,FL002,2022-05-01,Utilities,21725.0,Utilities for May 2022,Fleet Manager
EX0000175,FL002,2022-05-01,Marketing,46359.0,Marketing for May 2022,Fleet Manager
EX0000176,FL002,2022-05-01,Insurance Premium,81739.0,Insurance Premium for May 2022,Fleet Manager
EX0000177,FL002,2022-05-01,Depreciation,119838.0,Depreciation for May 2022,Fleet Manager
EX0000178,FL002,2022-05-01,Miscellaneous,58882.0,Miscellaneous for May 2022,Fleet Manager
EX0000179,FL002,2022-05-01,Communication,29758.0,Communication for May 2022,Fleet Manager
EX0000180,FL002,2022-05-01,Parking / Garage,68302.0,Parking / Garage for May 2022,Fleet Manager
EX0000181,FL003,2022-05-01,Staff Salaries,602440.0,Staff Salaries for May 2022,Fleet Manager
EX0000182,FL003,2022-05-01,Driver Salaries,853335.0,Driver Salaries for May 2022,Fleet Manager
EX0000183,FL003,2022-05-01,Office Rent,111536.0,Office Rent for May 2022,Fleet Manager
EX0000184,FL003,2022-05-01,Utilities,29477.0,Utilities for May 2022,Fleet Manager
EX0000185,FL003,2022-05-01,Marketing,55800.0,Marketing for May 2022,Fleet Manager
EX0000186,FL003,2022-05-01,Insurance Premium,105289.0,Insurance Premium for May 2022,Fleet Manager
EX0000187,FL003,2022-05-01,Depreciation,108368.0,Depreciation for May 2022,Fleet Manager
EX0000188,FL003,2022-05-01,Miscellaneous,68381.0,Miscellaneous for May 2022,Fleet Manager
EX0000189,FL003,2022-05-01,Communication,23603.0,Communication for May 2022,Fleet Manager
EX0000190,FL003,2022-05-01,Parking / Garage,96912.0,Parking / Garage for May 2022,Fleet Manager
EX0000191,FL004,2022-05-01,Staff Salaries,449911.0,Staff Salaries for May 2022,Fleet Manager
EX0000192,FL004,2022-05-01,Driver Salaries,975666.0,Driver Salaries for May 2022,Fleet Manager
EX0000193,FL004,2022-05-01,Office Rent,94480.0,Office Rent for May 2022,Fleet Manager
EX0000194,FL004,2022-05-01,Utilities,29309.0,Utilities for May 2022,Fleet Manager
EX0000195,FL004,2022-05-01,Marketing,53512.0,Marketing for May 2022,Fleet Manager
EX0000196,FL004,2022-05-01,Insurance Premium,69438.0,Insurance Premium for May 2022,Fleet Manager
EX0000197,FL004,2022-05-01,Depreciation,118256.0,Depreciation for May 2022,Fleet Manager
EX0000198,FL004,2022-05-01,Miscellaneous,51818.0,Miscellaneous for May 2022,Fleet Manager
EX0000199,FL004,2022-05-01,Communication,32772.0,Communication for May 2022,Fleet Manager
EX0000200,FL004,2022-05-01,Parking / Garage,76390.0,Parking / Garage for May 2022,Fleet Manager
EX0000201,FL001,2022-06-01,Staff Salaries,606083.0,Staff Salaries for June 2022,Fleet Manager
EX0000202,FL001,2022-06-01,Driver Salaries,555187.0,Driver Salaries for June 2022,Fleet Manager
EX0000203,FL001,2022-06-01,Office Rent,108944.0,Office Rent for June 2022,Fleet Manager
EX0000204,FL001,2022-06-01,Utilities,24616.0,Utilities for June 2022,Fleet Manager
EX0000205,FL001,2022-06-01,Marketing,40295.0,Marketing for June 2022,Fleet Manager
EX0000206,FL001,2022-06-01,Insurance Premium,57984.0,Insurance Premium for June 2022,Fleet Manager
EX0000207,FL001,2022-06-01,Depreciation,87913.0,Depreciation for June 2022,Fleet Manager
EX0000208,FL001,2022-06-01,Miscellaneous,40816.0,Miscellaneous for June 2022,Fleet Manager
EX0000209,FL001,2022-06-01,Communication,23459.0,Communication for June 2022,Fleet Manager
EX0000210,FL001,2022-06-01,Parking / Garage,68737.0,Parking / Garage for June 2022,Fleet Manager
EX0000211,FL002,2022-06-01,Staff Salaries,495464.0,Staff Salaries for June 2022,Fleet Manager
EX0000212,FL002,2022-06-01,Driver Salaries,812160.0,Driver Salaries for June 2022,Fleet Manager
EX0000213,FL002,2022-06-01,Office Rent,127365.0,Office Rent for June 2022,Fleet Manager
EX0000214,FL002,2022-06-01,Utilities,28632.0,Utilities for June 2022,Fleet Manager
EX0000215,FL002,2022-06-01,Marketing,57046.0,Marketing for June 2022,Fleet Manager
EX0000216,FL002,2022-06-01,Insurance Premium,88101.0,Insurance Premium for June 2022,Fleet Manager
EX0000217,FL002,2022-06-01,Depreciation,89254.0,Depreciation for June 2022,Fleet Manager
EX0000218,FL002,2022-06-01,Miscellaneous,53919.0,Miscellaneous for June 2022,Fleet Manager
EX0000219,FL002,2022-06-01,Communication,22034.0,Communication for June 2022,Fleet Manager
EX0000220,FL002,2022-06-01,Parking / Garage,77047.0,Parking / Garage for June 2022,Fleet Manager
EX0000221,FL003,2022-06-01,Staff Salaries,635923.0,Staff Salaries for June 2022,Fleet Manager
EX0000222,FL003,2022-06-01,Driver Salaries,873792.0,Driver Salaries for June 2022,Fleet Manager
EX0000223,FL003,2022-06-01,Office Rent,138914.0,Office Rent for June 2022,Fleet Manager
EX0000224,FL003,2022-06-01,Utilities,27280.0,Utilities for June 2022,Fleet Manager
EX0000225,FL003,2022-06-01,Marketing,55216.0,Marketing for June 2022,Fleet Manager
EX0000226,FL003,2022-06-01,Insurance Premium,85006.0,Insurance Premium for June 2022,Fleet Manager
EX0000227,FL003,2022-06-01,Depreciation,135442.0,Depreciation for June 2022,Fleet Manager
EX0000228,FL003,2022-06-01,Miscellaneous,47882.0,Miscellaneous for June 2022,Fleet Manager
EX0000229,FL003,2022-06-01,Communication,25167.0,Communication for June 2022,Fleet Manager
EX0000230,FL003,2022-06-01,Parking / Garage,84540.0,Parking / Garage for June 2022,Fleet Manager
EX0000231,FL004,2022-06-01,Staff Salaries,434670.0,Staff Salaries for June 2022,Fleet Manager
EX0000232,FL004,2022-06-01,Driver Salaries,907055.0,Driver Salaries for June 2022,Fleet Manager
EX0000233,FL004,2022-06-01,Office Rent,122528.0,Office Rent for June 2022,Fleet Manager
EX0000234,FL004,2022-06-01,Utilities,22951.0,Utilities for June 2022,Fleet Manager
EX0000235,FL004,2022-06-01,Marketing,54668.0,Marketing for June 2022,Fleet Manager
EX0000236,FL004,2022-06-01,Insurance Premium,74007.0,Insurance Premium for June 2022,Fleet Manager
EX0000237,FL004,2022-06-01,Depreciation,114389.0,Depreciation for June 2022,Fleet Manager
EX0000238,FL004,2022-06-01,Miscellaneous,56908.0,Miscellaneous for June 2022,Fleet Manager
EX0000239,FL004,2022-06-01,Communication,32138.0,Communication for June 2022,Fleet Manager
EX0000240,FL004,2022-06-01,Parking / Garage,87383.0,Parking / Garage for June 2022,Fleet Manager
EX0000241,FL001,2022-07-01,Staff Salaries,582709.0,Staff Salaries for July 2022,Fleet Manager
EX0000242,FL001,2022-07-01,Driver Salaries,551262.0,Driver Salaries for July 2022,Fleet Manager
EX0000243,FL001,2022-07-01,Office Rent,97233.0,Office Rent for July 2022,Fleet Manager
EX0000244,FL001,2022-07-01,Utilities,20027.0,Utilities for July 2022,Fleet Manager
EX0000245,FL001,2022-07-01,Marketing,52284.0,Marketing for July 2022,Fleet Manager
EX0000246,FL001,2022-07-01,Insurance Premium,60771.0,Insurance Premium for July 2022,Fleet Manager
EX0000247,FL001,2022-07-01,Depreciation,90331.0,Depreciation for July 2022,Fleet Manager
EX0000248,FL001,2022-07-01,Miscellaneous,52207.0,Miscellaneous for July 2022,Fleet Manager
EX0000249,FL001,2022-07-01,Communication,22806.0,Communication for July 2022,Fleet Manager
EX0000250,FL001,2022-07-01,Parking / Garage,66759.0,Parking / Garage for July 2022,Fleet Manager
EX0000251,FL002,2022-07-01,Staff Salaries,497360.0,Staff Salaries for July 2022,Fleet Manager
EX0000252,FL002,2022-07-01,Driver Salaries,857566.0,Driver Salaries for July 2022,Fleet Manager
EX0000253,FL002,2022-07-01,Office Rent,118972.0,Office Rent for July 2022,Fleet Manager
EX0000254,FL002,2022-07-01,Utilities,27519.0,Utilities for July 2022,Fleet Manager
EX0000255,FL002,2022-07-01,Marketing,55851.0,Marketing for July 2022,Fleet Manager
EX0000256,FL002,2022-07-01,Insurance Premium,83578.0,Insurance Premium for July 2022,Fleet Manager
EX0000257,FL002,2022-07-01,Depreciation,126087.0,Depreciation for July 2022,Fleet Manager
EX0000258,FL002,2022-07-01,Miscellaneous,54816.0,Miscellaneous for July 2022,Fleet Manager
EX0000259,FL002,2022-07-01,Communication,22451.0,Communication for July 2022,Fleet Manager
EX0000260,FL002,2022-07-01,Parking / Garage,89190.0,Parking / Garage for July 2022,Fleet Manager
EX0000261,FL003,2022-07-01,Staff Salaries,596843.0,Staff Salaries for July 2022,Fleet Manager
EX0000262,FL003,2022-07-01,Driver Salaries,831914.0,Driver Salaries for July 2022,Fleet Manager
EX0000263,FL003,2022-07-01,Office Rent,119008.0,Office Rent for July 2022,Fleet Manager
EX0000264,FL003,2022-07-01,Utilities,29082.0,Utilities for July 2022,Fleet Manager
EX0000265,FL003,2022-07-01,Marketing,68361.0,Marketing for July 2022,Fleet Manager
EX0000266,FL003,2022-07-01,Insurance Premium,79134.0,Insurance Premium for July 2022,Fleet Manager
EX0000267,FL003,2022-07-01,Depreciation,128338.0,Depreciation for July 2022,Fleet Manager
EX0000268,FL003,2022-07-01,Miscellaneous,59692.0,Miscellaneous for July 2022,Fleet Manager
EX0000269,FL003,2022-07-01,Communication,28734.0,Communication for July 2022,Fleet Manager
EX0000270,FL003,2022-07-01,Parking / Garage,79987.0,Parking / Garage for July 2022,Fleet Manager
EX0000271,FL004,2022-07-01,Staff Salaries,445423.0,Staff Salaries for July 2022,Fleet Manager
EX0000272,FL004,2022-07-01,Driver Salaries,971467.0,Driver Salaries for July 2022,Fleet Manager
EX0000273,FL004,2022-07-01,Office Rent,90091.0,Office Rent for July 2022,Fleet Manager
EX0000274,FL004,2022-07-01,Utilities,30562.0,Utilities for July 2022,Fleet Manager
EX0000275,FL004,2022-07-01,Marketing,59806.0,Marketing for July 2022,Fleet Manager
EX0000276,FL004,2022-07-01,Insurance Premium,77510.0,Insurance Premium for July 2022,Fleet Manager
EX0000277,FL004,2022-07-01,Depreciation,117578.0,Depreciation for July 2022,Fleet Manager
EX0000278,FL004,2022-07-01,Miscellaneous,63349.0,Miscellaneous for July 2022,Fleet Manager
EX0000279,FL004,2022-07-01,Communication,26225.0,Communication for July 2022,Fleet Manager
EX0000280,FL004,2022-07-01,Parking / Garage,95577.0,Parking / Garage for July 2022,Fleet Manager
EX0000281,FL001,2022-08-01,Staff Salaries,618180.0,Staff Salaries for August 2022,Fleet Manager
EX0000282,FL001,2022-08-01,Driver Salaries,543080.0,Driver Salaries for August 2022,Fleet Manager
EX0000283,FL001,2022-08-01,Office Rent,98183.0,Office Rent for August 2022,Fleet Manager
EX0000284,FL001,2022-08-01,Utilities,20435.0,Utilities for August 2022,Fleet Manager
EX0000285,FL001,2022-08-01,Marketing,53823.0,Marketing for August 2022,Fleet Manager
EX0000286,FL001,2022-08-01,Insurance Premium,77968.0,Insurance Premium for August 2022,Fleet Manager
EX0000287,FL001,2022-08-01,Depreciation,108091.0,Depreciation for August 2022,Fleet Manager
EX0000288,FL001,2022-08-01,Miscellaneous,41049.0,Miscellaneous for August 2022,Fleet Manager
EX0000289,FL001,2022-08-01,Communication,21090.0,Communication for August 2022,Fleet Manager
EX0000290,FL001,2022-08-01,Parking / Garage,77575.0,Parking / Garage for August 2022,Fleet Manager
EX0000291,FL002,2022-08-01,Staff Salaries,485660.0,Staff Salaries for August 2022,Fleet Manager
EX0000292,FL002,2022-08-01,Driver Salaries,819803.0,Driver Salaries for August 2022,Fleet Manager
EX0000293,FL002,2022-08-01,Office Rent,115171.0,Office Rent for August 2022,Fleet Manager
EX0000294,FL002,2022-08-01,Utilities,22930.0,Utilities for August 2022,Fleet Manager
EX0000295,FL002,2022-08-01,Marketing,45588.0,Marketing for August 2022,Fleet Manager
EX0000296,FL002,2022-08-01,Insurance Premium,85451.0,Insurance Premium for August 2022,Fleet Manager
EX0000297,FL002,2022-08-01,Depreciation,121476.0,Depreciation for August 2022,Fleet Manager
EX0000298,FL002,2022-08-01,Miscellaneous,46093.0,Miscellaneous for August 2022,Fleet Manager
EX0000299,FL002,2022-08-01,Communication,28015.0,Communication for August 2022,Fleet Manager
EX0000300,FL002,2022-08-01,Parking / Garage,67518.0,Parking / Garage for August 2022,Fleet Manager
EX0000301,FL003,2022-08-01,Staff Salaries,646067.0,Staff Salaries for August 2022,Fleet Manager
EX0000302,FL003,2022-08-01,Driver Salaries,823898.0,Driver Salaries for August 2022,Fleet Manager
EX0000303,FL003,2022-08-01,Office Rent,139886.0,Office Rent for August 2022,Fleet Manager
EX0000304,FL003,2022-08-01,Utilities,24722.0,Utilities for August 2022,Fleet Manager
EX0000305,FL003,2022-08-01,Marketing,54028.0,Marketing for August 2022,Fleet Manager
EX0000306,FL003,2022-08-01,Insurance Premium,72319.0,Insurance Premium for August 2022,Fleet Manager
EX0000307,FL003,2022-08-01,Depreciation,129963.0,Depreciation for August 2022,Fleet Manager
EX0000308,FL003,2022-08-01,Miscellaneous,62137.0,Miscellaneous for August 2022,Fleet Manager
EX0000309,FL003,2022-08-01,Communication,27033.0,Communication for August 2022,Fleet Manager
EX0000310,FL003,2022-08-01,Parking / Garage,90482.0,Parking / Garage for August 2022,Fleet Manager
EX0000311,FL004,2022-08-01,Staff Salaries,467370.0,Staff Salaries for August 2022,Fleet Manager
EX0000312,FL004,2022-08-01,Driver Salaries,982801.0,Driver Salaries for August 2022,Fleet Manager
EX0000313,FL004,2022-08-01,Office Rent,101712.0,Office Rent for August 2022,Fleet Manager
EX0000314,FL004,2022-08-01,Utilities,30755.0,Utilities for August 2022,Fleet Manager
EX0000315,FL004,2022-08-01,Marketing,49613.0,Marketing for August 2022,Fleet Manager
EX0000316,FL004,2022-08-01,Insurance Premium,87347.0,Insurance Premium for August 2022,Fleet Manager
EX0000317,FL004,2022-08-01,Depreciation,133483.0,Depreciation for August 2022,Fleet Manager
EX0000318,FL004,2022-08-01,Miscellaneous,58897.0,Miscellaneous for August 2022,Fleet Manager
EX0000319,FL004,2022-08-01,Communication,23505.0,Communication for August 2022,Fleet Manager
EX0000320,FL004,2022-08-01,Parking / Garage,82750.0,Parking / Garage for August 2022,Fleet Manager
EX0000321,FL001,2022-09-01,Staff Salaries,593852.0,Staff Salaries for September 2022,Fleet Manager
EX0000322,FL001,2022-09-01,Driver Salaries,522088.0,Driver Salaries for September 2022,Fleet Manager
EX0000323,FL001,2022-09-01,Office Rent,81781.0,Office Rent for September 2022,Fleet Manager
EX0000324,FL001,2022-09-01,Utilities,25115.0,Utilities for September 2022,Fleet Manager
EX0000325,FL001,2022-09-01,Marketing,36978.0,Marketing for September 2022,Fleet Manager
EX0000326,FL001,2022-09-01,Insurance Premium,77889.0,Insurance Premium for September 2022,Fleet Manager
EX0000327,FL001,2022-09-01,Depreciation,92526.0,Depreciation for September 2022,Fleet Manager
EX0000328,FL001,2022-09-01,Miscellaneous,39476.0,Miscellaneous for September 2022,Fleet Manager
EX0000329,FL001,2022-09-01,Communication,24774.0,Communication for September 2022,Fleet Manager
EX0000330,FL001,2022-09-01,Parking / Garage,72451.0,Parking / Garage for September 2022,Fleet Manager
EX0000331,FL002,2022-09-01,Staff Salaries,491416.0,Staff Salaries for September 2022,Fleet Manager
EX0000332,FL002,2022-09-01,Driver Salaries,800008.0,Driver Salaries for September 2022,Fleet Manager
EX0000333,FL002,2022-09-01,Office Rent,101267.0,Office Rent for September 2022,Fleet Manager
EX0000334,FL002,2022-09-01,Utilities,27390.0,Utilities for September 2022,Fleet Manager
EX0000335,FL002,2022-09-01,Marketing,45339.0,Marketing for September 2022,Fleet Manager
EX0000336,FL002,2022-09-01,Insurance Premium,77187.0,Insurance Premium for September 2022,Fleet Manager
EX0000337,FL002,2022-09-01,Depreciation,121759.0,Depreciation for September 2022,Fleet Manager
EX0000338,FL002,2022-09-01,Miscellaneous,58539.0,Miscellaneous for September 2022,Fleet Manager
EX0000339,FL002,2022-09-01,Communication,22583.0,Communication for September 2022,Fleet Manager
EX0000340,FL002,2022-09-01,Parking / Garage,79980.0,Parking / Garage for September 2022,Fleet Manager
EX0000341,FL003,2022-09-01,Staff Salaries,647606.0,Staff Salaries for September 2022,Fleet Manager
EX0000342,FL003,2022-09-01,Driver Salaries,852456.0,Driver Salaries for September 2022,Fleet Manager
EX0000343,FL003,2022-09-01,Office Rent,109700.0,Office Rent for September 2022,Fleet Manager
EX0000344,FL003,2022-09-01,Utilities,25006.0,Utilities for September 2022,Fleet Manager
EX0000345,FL003,2022-09-01,Marketing,68184.0,Marketing for September 2022,Fleet Manager
EX0000346,FL003,2022-09-01,Insurance Premium,90254.0,Insurance Premium for September 2022,Fleet Manager
EX0000347,FL003,2022-09-01,Depreciation,105487.0,Depreciation for September 2022,Fleet Manager
EX0000348,FL003,2022-09-01,Miscellaneous,52041.0,Miscellaneous for September 2022,Fleet Manager
EX0000349,FL003,2022-09-01,Communication,33767.0,Communication for September 2022,Fleet Manager
EX0000350,FL003,2022-09-01,Parking / Garage,101314.0,Parking / Garage for September 2022,Fleet Manager
EX0000351,FL004,2022-09-01,Staff Salaries,438347.0,Staff Salaries for September 2022,Fleet Manager
EX0000352,FL004,2022-09-01,Driver Salaries,965389.0,Driver Salaries for September 2022,Fleet Manager
EX0000353,FL004,2022-09-01,Office Rent,111887.0,Office Rent for September 2022,Fleet Manager
EX0000354,FL004,2022-09-01,Utilities,26473.0,Utilities for September 2022,Fleet Manager
EX0000355,FL004,2022-09-01,Marketing,53539.0,Marketing for September 2022,Fleet Manager
EX0000356,FL004,2022-09-01,Insurance Premium,71106.0,Insurance Premium for September 2022,Fleet Manager
EX0000357,FL004,2022-09-01,Depreciation,116884.0,Depreciation for September 2022,Fleet Manager
EX0000358,FL004,2022-09-01,Miscellaneous,46640.0,Miscellaneous for September 2022,Fleet Manager
EX0000359,FL004,2022-09-01,Communication,29643.0,Communication for September 2022,Fleet Manager
EX0000360,FL004,2022-09-01,Parking / Garage,73535.0,Parking / Garage for September 2022,Fleet Manager
EX0000361,FL001,2022-10-01,Staff Salaries,587166.0,Staff Salaries for October 2022,Fleet Manager
EX0000362,FL001,2022-10-01,Driver Salaries,568037.0,Driver Salaries for October 2022,Fleet Manager
EX0000363,FL001,2022-10-01,Office Rent,79421.0,Office Rent for October 2022,Fleet Manager
EX0000364,FL001,2022-10-01,Utilities,21746.0,Utilities for October 2022,Fleet Manager
EX0000365,FL001,2022-10-01,Marketing,44273.0,Marketing for October 2022,Fleet Manager
EX0000366,FL001,2022-10-01,Insurance Premium,64236.0,Insurance Premium for October 2022,Fleet Manager
EX0000367,FL001,2022-10-01,Depreciation,104331.0,Depreciation for October 2022,Fleet Manager
EX0000368,FL001,2022-10-01,Miscellaneous,46444.0,Miscellaneous for October 2022,Fleet Manager
EX0000369,FL001,2022-10-01,Communication,23004.0,Communication for October 2022,Fleet Manager
EX0000370,FL001,2022-10-01,Parking / Garage,71818.0,Parking / Garage for October 2022,Fleet Manager
EX0000371,FL002,2022-10-01,Staff Salaries,508580.0,Staff Salaries for October 2022,Fleet Manager
EX0000372,FL002,2022-10-01,Driver Salaries,865083.0,Driver Salaries for October 2022,Fleet Manager
EX0000373,FL002,2022-10-01,Office Rent,87525.0,Office Rent for October 2022,Fleet Manager
EX0000374,FL002,2022-10-01,Utilities,23096.0,Utilities for October 2022,Fleet Manager
EX0000375,FL002,2022-10-01,Marketing,50161.0,Marketing for October 2022,Fleet Manager
EX0000376,FL002,2022-10-01,Insurance Premium,69082.0,Insurance Premium for October 2022,Fleet Manager
EX0000377,FL002,2022-10-01,Depreciation,104406.0,Depreciation for October 2022,Fleet Manager
EX0000378,FL002,2022-10-01,Miscellaneous,44996.0,Miscellaneous for October 2022,Fleet Manager
EX0000379,FL002,2022-10-01,Communication,29897.0,Communication for October 2022,Fleet Manager
EX0000380,FL002,2022-10-01,Parking / Garage,74479.0,Parking / Garage for October 2022,Fleet Manager
EX0000381,FL003,2022-10-01,Staff Salaries,603220.0,Staff Salaries for October 2022,Fleet Manager
EX0000382,FL003,2022-10-01,Driver Salaries,828256.0,Driver Salaries for October 2022,Fleet Manager
EX0000383,FL003,2022-10-01,Office Rent,119795.0,Office Rent for October 2022,Fleet Manager
EX0000384,FL003,2022-10-01,Utilities,34618.0,Utilities for October 2022,Fleet Manager
EX0000385,FL003,2022-10-01,Marketing,60693.0,Marketing for October 2022,Fleet Manager
EX0000386,FL003,2022-10-01,Insurance Premium,92567.0,Insurance Premium for October 2022,Fleet Manager
EX0000387,FL003,2022-10-01,Depreciation,95658.0,Depreciation for October 2022,Fleet Manager
EX0000388,FL003,2022-10-01,Miscellaneous,61443.0,Miscellaneous for October 2022,Fleet Manager
EX0000389,FL003,2022-10-01,Communication,28981.0,Communication for October 2022,Fleet Manager
EX0000390,FL003,2022-10-01,Parking / Garage,105170.0,Parking / Garage for October 2022,Fleet Manager
EX0000391,FL004,2022-10-01,Staff Salaries,469161.0,Staff Salaries for October 2022,Fleet Manager
EX0000392,FL004,2022-10-01,Driver Salaries,930476.0,Driver Salaries for October 2022,Fleet Manager
EX0000393,FL004,2022-10-01,Office Rent,89960.0,Office Rent for October 2022,Fleet Manager
EX0000394,FL004,2022-10-01,Utilities,31953.0,Utilities for October 2022,Fleet Manager
EX0000395,FL004,2022-10-01,Marketing,65502.0,Marketing for October 2022,Fleet Manager
EX0000396,FL004,2022-10-01,Insurance Premium,79775.0,Insurance Premium for October 2022,Fleet Manager
EX0000397,FL004,2022-10-01,Depreciation,102645.0,Depreciation for October 2022,Fleet Manager
EX0000398,FL004,2022-10-01,Miscellaneous,56340.0,Miscellaneous for October 2022,Fleet Manager
EX0000399,FL004,2022-10-01,Communication,25685.0,Communication for October 2022,Fleet Manager
EX0000400,FL004,2022-10-01,Parking / Garage,91854.0,Parking / Garage for October 2022,Fleet Manager
EX0000401,FL001,2022-11-01,Staff Salaries,600469.0,Staff Salaries for November 2022,Fleet Manager
EX0000402,FL001,2022-11-01,Driver Salaries,562756.0,Driver Salaries for November 2022,Fleet Manager
EX0000403,FL001,2022-11-01,Office Rent,92454.0,Office Rent for November 2022,Fleet Manager
EX0000404,FL001,2022-11-01,Utilities,18735.0,Utilities for November 2022,Fleet Manager
EX0000405,FL001,2022-11-01,Marketing,49965.0,Marketing for November 2022,Fleet Manager
EX0000406,FL001,2022-11-01,Insurance Premium,69273.0,Insurance Premium for November 2022,Fleet Manager
EX0000407,FL001,2022-11-01,Depreciation,83393.0,Depreciation for November 2022,Fleet Manager
EX0000408,FL001,2022-11-01,Miscellaneous,50518.0,Miscellaneous for November 2022,Fleet Manager
EX0000409,FL001,2022-11-01,Communication,26212.0,Communication for November 2022,Fleet Manager
EX0000410,FL001,2022-11-01,Parking / Garage,71783.0,Parking / Garage for November 2022,Fleet Manager
EX0000411,FL002,2022-11-01,Staff Salaries,483660.0,Staff Salaries for November 2022,Fleet Manager
EX0000412,FL002,2022-11-01,Driver Salaries,804290.0,Driver Salaries for November 2022,Fleet Manager
EX0000413,FL002,2022-11-01,Office Rent,107624.0,Office Rent for November 2022,Fleet Manager
EX0000414,FL002,2022-11-01,Utilities,31960.0,Utilities for November 2022,Fleet Manager
EX0000415,FL002,2022-11-01,Marketing,50827.0,Marketing for November 2022,Fleet Manager
EX0000416,FL002,2022-11-01,Insurance Premium,64256.0,Insurance Premium for November 2022,Fleet Manager
EX0000417,FL002,2022-11-01,Depreciation,127225.0,Depreciation for November 2022,Fleet Manager
EX0000418,FL002,2022-11-01,Miscellaneous,61146.0,Miscellaneous for November 2022,Fleet Manager
EX0000419,FL002,2022-11-01,Communication,28428.0,Communication for November 2022,Fleet Manager
EX0000420,FL002,2022-11-01,Parking / Garage,83197.0,Parking / Garage for November 2022,Fleet Manager
EX0000421,FL003,2022-11-01,Staff Salaries,601394.0,Staff Salaries for November 2022,Fleet Manager
EX0000422,FL003,2022-11-01,Driver Salaries,841009.0,Driver Salaries for November 2022,Fleet Manager
EX0000423,FL003,2022-11-01,Office Rent,114266.0,Office Rent for November 2022,Fleet Manager
EX0000424,FL003,2022-11-01,Utilities,34410.0,Utilities for November 2022,Fleet Manager
EX0000425,FL003,2022-11-01,Marketing,62720.0,Marketing for November 2022,Fleet Manager
EX0000426,FL003,2022-11-01,Insurance Premium,74749.0,Insurance Premium for November 2022,Fleet Manager
EX0000427,FL003,2022-11-01,Depreciation,101309.0,Depreciation for November 2022,Fleet Manager
EX0000428,FL003,2022-11-01,Miscellaneous,69302.0,Miscellaneous for November 2022,Fleet Manager
EX0000429,FL003,2022-11-01,Communication,25917.0,Communication for November 2022,Fleet Manager
EX0000430,FL003,2022-11-01,Parking / Garage,76306.0,Parking / Garage for November 2022,Fleet Manager
EX0000431,FL004,2022-11-01,Staff Salaries,450586.0,Staff Salaries for November 2022,Fleet Manager
EX0000432,FL004,2022-11-01,Driver Salaries,935043.0,Driver Salaries for November 2022,Fleet Manager
EX0000433,FL004,2022-11-01,Office Rent,101531.0,Office Rent for November 2022,Fleet Manager
EX0000434,FL004,2022-11-01,Utilities,30886.0,Utilities for November 2022,Fleet Manager
EX0000435,FL004,2022-11-01,Marketing,49633.0,Marketing for November 2022,Fleet Manager
EX0000436,FL004,2022-11-01,Insurance Premium,73491.0,Insurance Premium for November 2022,Fleet Manager
EX0000437,FL004,2022-11-01,Depreciation,109288.0,Depreciation for November 2022,Fleet Manager
EX0000438,FL004,2022-11-01,Miscellaneous,53340.0,Miscellaneous for November 2022,Fleet Manager
EX0000439,FL004,2022-11-01,Communication,23279.0,Communication for November 2022,Fleet Manager
EX0000440,FL004,2022-11-01,Parking / Garage,94643.0,Parking / Garage for November 2022,Fleet Manager
EX0000441,FL001,2022-12-01,Staff Salaries,619053.0,Staff Salaries for December 2022,Fleet Manager
EX0000442,FL001,2022-12-01,Driver Salaries,555415.0,Driver Salaries for December 2022,Fleet Manager
EX0000443,FL001,2022-12-01,Office Rent,108222.0,Office Rent for December 2022,Fleet Manager
EX0000444,FL001,2022-12-01,Utilities,22762.0,Utilities for December 2022,Fleet Manager
EX0000445,FL001,2022-12-01,Marketing,43365.0,Marketing for December 2022,Fleet Manager
EX0000446,FL001,2022-12-01,Insurance Premium,81783.0,Insurance Premium for December 2022,Fleet Manager
EX0000447,FL001,2022-12-01,Depreciation,91415.0,Depreciation for December 2022,Fleet Manager
EX0000448,FL001,2022-12-01,Miscellaneous,37054.0,Miscellaneous for December 2022,Fleet Manager
EX0000449,FL001,2022-12-01,Communication,27066.0,Communication for December 2022,Fleet Manager
EX0000450,FL001,2022-12-01,Parking / Garage,61619.0,Parking / Garage for December 2022,Fleet Manager
EX0000451,FL002,2022-12-01,Staff Salaries,498770.0,Staff Salaries for December 2022,Fleet Manager
EX0000452,FL002,2022-12-01,Driver Salaries,840573.0,Driver Salaries for December 2022,Fleet Manager
EX0000453,FL002,2022-12-01,Office Rent,123829.0,Office Rent for December 2022,Fleet Manager
EX0000454,FL002,2022-12-01,Utilities,21874.0,Utilities for December 2022,Fleet Manager
EX0000455,FL002,2022-12-01,Marketing,63070.0,Marketing for December 2022,Fleet Manager
EX0000456,FL002,2022-12-01,Insurance Premium,80683.0,Insurance Premium for December 2022,Fleet Manager
EX0000457,FL002,2022-12-01,Depreciation,91273.0,Depreciation for December 2022,Fleet Manager
EX0000458,FL002,2022-12-01,Miscellaneous,50681.0,Miscellaneous for December 2022,Fleet Manager
EX0000459,FL002,2022-12-01,Communication,26992.0,Communication for December 2022,Fleet Manager
EX0000460,FL002,2022-12-01,Parking / Garage,87800.0,Parking / Garage for December 2022,Fleet Manager
EX0000461,FL003,2022-12-01,Staff Salaries,607457.0,Staff Salaries for December 2022,Fleet Manager
EX0000462,FL003,2022-12-01,Driver Salaries,840351.0,Driver Salaries for December 2022,Fleet Manager
EX0000463,FL003,2022-12-01,Office Rent,116112.0,Office Rent for December 2022,Fleet Manager
EX0000464,FL003,2022-12-01,Utilities,31595.0,Utilities for December 2022,Fleet Manager
EX0000465,FL003,2022-12-01,Marketing,63700.0,Marketing for December 2022,Fleet Manager
EX0000466,FL003,2022-12-01,Insurance Premium,80872.0,Insurance Premium for December 2022,Fleet Manager
EX0000467,FL003,2022-12-01,Depreciation,126601.0,Depreciation for December 2022,Fleet Manager
EX0000468,FL003,2022-12-01,Miscellaneous,70561.0,Miscellaneous for December 2022,Fleet Manager
EX0000469,FL003,2022-12-01,Communication,26585.0,Communication for December 2022,Fleet Manager
EX0000470,FL003,2022-12-01,Parking / Garage,87980.0,Parking / Garage for December 2022,Fleet Manager
EX0000471,FL004,2022-12-01,Staff Salaries,462026.0,Staff Salaries for December 2022,Fleet Manager
EX0000472,FL004,2022-12-01,Driver Salaries,981963.0,Driver Salaries for December 2022,Fleet Manager
EX0000473,FL004,2022-12-01,Office Rent,105933.0,Office Rent for December 2022,Fleet Manager
EX0000474,FL004,2022-12-01,Utilities,28771.0,Utilities for December 2022,Fleet Manager
EX0000475,FL004,2022-12-01,Marketing,54101.0,Marketing for December 2022,Fleet Manager
EX0000476,FL004,2022-12-01,Insurance Premium,74360.0,Insurance Premium for December 2022,Fleet Manager
EX0000477,FL004,2022-12-01,Depreciation,133562.0,Depreciation for December 2022,Fleet Manager
EX0000478,FL004,2022-12-01,Miscellaneous,48087.0,Miscellaneous for December 2022,Fleet Manager
EX0000479,FL004,2022-12-01,Communication,28049.0,Communication for December 2022,Fleet Manager
EX0000480,FL004,2022-12-01,Parking / Garage,84344.0,Parking / Garage for December 2022,Fleet Manager
EX0000481,FL001,2023-01-01,Staff Salaries,588546.0,Staff Salaries for January 2023,Fleet Manager
EX0000482,FL001,2023-01-01,Driver Salaries,564254.0,Driver Salaries for January 2023,Fleet Manager
EX0000483,FL001,2023-01-01,Office Rent,98421.0,Office Rent for January 2023,Fleet Manager
EX0000484,FL001,2023-01-01,Utilities,23950.0,Utilities for January 2023,Fleet Manager
EX0000485,FL001,2023-01-01,Marketing,44441.0,Marketing for January 2023,Fleet Manager
EX0000486,FL001,2023-01-01,Insurance Premium,56638.0,Insurance Premium for January 2023,Fleet Manager
EX0000487,FL001,2023-01-01,Depreciation,82663.0,Depreciation for January 2023,Fleet Manager
EX0000488,FL001,2023-01-01,Miscellaneous,49620.0,Miscellaneous for January 2023,Fleet Manager
EX0000489,FL001,2023-01-01,Communication,21743.0,Communication for January 2023,Fleet Manager
EX0000490,FL001,2023-01-01,Parking / Garage,80036.0,Parking / Garage for January 2023,Fleet Manager
EX0000491,FL002,2023-01-01,Staff Salaries,482256.0,Staff Salaries for January 2023,Fleet Manager
EX0000492,FL002,2023-01-01,Driver Salaries,824243.0,Driver Salaries for January 2023,Fleet Manager
EX0000493,FL002,2023-01-01,Office Rent,122819.0,Office Rent for January 2023,Fleet Manager
EX0000494,FL002,2023-01-01,Utilities,29838.0,Utilities for January 2023,Fleet Manager
EX0000495,FL002,2023-01-01,Marketing,52971.0,Marketing for January 2023,Fleet Manager
EX0000496,FL002,2023-01-01,Insurance Premium,92180.0,Insurance Premium for January 2023,Fleet Manager
EX0000497,FL002,2023-01-01,Depreciation,94228.0,Depreciation for January 2023,Fleet Manager
EX0000498,FL002,2023-01-01,Miscellaneous,63955.0,Miscellaneous for January 2023,Fleet Manager
EX0000499,FL002,2023-01-01,Communication,22681.0,Communication for January 2023,Fleet Manager
EX0000500,FL002,2023-01-01,Parking / Garage,76793.0,Parking / Garage for January 2023,Fleet Manager
EX0000501,FL003,2023-01-01,Staff Salaries,640489.0,Staff Salaries for January 2023,Fleet Manager
EX0000502,FL003,2023-01-01,Driver Salaries,835595.0,Driver Salaries for January 2023,Fleet Manager
EX0000503,FL003,2023-01-01,Office Rent,125536.0,Office Rent for January 2023,Fleet Manager
EX0000504,FL003,2023-01-01,Utilities,35166.0,Utilities for January 2023,Fleet Manager
EX0000505,FL003,2023-01-01,Marketing,57124.0,Marketing for January 2023,Fleet Manager
EX0000506,FL003,2023-01-01,Insurance Premium,87763.0,Insurance Premium for January 2023,Fleet Manager
EX0000507,FL003,2023-01-01,Depreciation,122800.0,Depreciation for January 2023,Fleet Manager
EX0000508,FL003,2023-01-01,Miscellaneous,62400.0,Miscellaneous for January 2023,Fleet Manager
EX0000509,FL003,2023-01-01,Communication,27556.0,Communication for January 2023,Fleet Manager
EX0000510,FL003,2023-01-01,Parking / Garage,74482.0,Parking / Garage for January 2023,Fleet Manager
EX0000511,FL004,2023-01-01,Staff Salaries,458149.0,Staff Salaries for January 2023,Fleet Manager
EX0000512,FL004,2023-01-01,Driver Salaries,916721.0,Driver Salaries for January 2023,Fleet Manager
EX0000513,FL004,2023-01-01,Office Rent,115862.0,Office Rent for January 2023,Fleet Manager
EX0000514,FL004,2023-01-01,Utilities,28991.0,Utilities for January 2023,Fleet Manager
EX0000515,FL004,2023-01-01,Marketing,60468.0,Marketing for January 2023,Fleet Manager
EX0000516,FL004,2023-01-01,Insurance Premium,100412.0,Insurance Premium for January 2023,Fleet Manager
EX0000517,FL004,2023-01-01,Depreciation,95180.0,Depreciation for January 2023,Fleet Manager
EX0000518,FL004,2023-01-01,Miscellaneous,54969.0,Miscellaneous for January 2023,Fleet Manager
EX0000519,FL004,2023-01-01,Communication,25754.0,Communication for January 2023,Fleet Manager
EX0000520,FL004,2023-01-01,Parking / Garage,72509.0,Parking / Garage for January 2023,Fleet Manager
EX0000521,FL001,2023-02-01,Staff Salaries,608841.0,Staff Salaries for February 2023,Fleet Manager
EX0000522,FL001,2023-02-01,Driver Salaries,539540.0,Driver Salaries for February 2023,Fleet Manager
EX0000523,FL001,2023-02-01,Office Rent,93924.0,Office Rent for February 2023,Fleet Manager
EX0000524,FL001,2023-02-01,Utilities,19425.0,Utilities for February 2023,Fleet Manager
EX0000525,FL001,2023-02-01,Marketing,46368.0,Marketing for February 2023,Fleet Manager
EX0000526,FL001,2023-02-01,Insurance Premium,78915.0,Insurance Premium for February 2023,Fleet Manager
EX0000527,FL001,2023-02-01,Depreciation,104387.0,Depreciation for February 2023,Fleet Manager
EX0000528,FL001,2023-02-01,Miscellaneous,43802.0,Miscellaneous for February 2023,Fleet Manager
EX0000529,FL001,2023-02-01,Communication,21090.0,Communication for February 2023,Fleet Manager
EX0000530,FL001,2023-02-01,Parking / Garage,55949.0,Parking / Garage for February 2023,Fleet Manager
EX0000531,FL002,2023-02-01,Staff Salaries,470833.0,Staff Salaries for February 2023,Fleet Manager
EX0000532,FL002,2023-02-01,Driver Salaries,808224.0,Driver Salaries for February 2023,Fleet Manager
EX0000533,FL002,2023-02-01,Office Rent,121592.0,Office Rent for February 2023,Fleet Manager
EX0000534,FL002,2023-02-01,Utilities,26635.0,Utilities for February 2023,Fleet Manager
EX0000535,FL002,2023-02-01,Marketing,49982.0,Marketing for February 2023,Fleet Manager
EX0000536,FL002,2023-02-01,Insurance Premium,93937.0,Insurance Premium for February 2023,Fleet Manager
EX0000537,FL002,2023-02-01,Depreciation,125638.0,Depreciation for February 2023,Fleet Manager
EX0000538,FL002,2023-02-01,Miscellaneous,60498.0,Miscellaneous for February 2023,Fleet Manager
EX0000539,FL002,2023-02-01,Communication,29647.0,Communication for February 2023,Fleet Manager
EX0000540,FL002,2023-02-01,Parking / Garage,85235.0,Parking / Garage for February 2023,Fleet Manager
EX0000541,FL003,2023-02-01,Staff Salaries,616328.0,Staff Salaries for February 2023,Fleet Manager
EX0000542,FL003,2023-02-01,Driver Salaries,853201.0,Driver Salaries for February 2023,Fleet Manager
EX0000543,FL003,2023-02-01,Office Rent,103886.0,Office Rent for February 2023,Fleet Manager
EX0000544,FL003,2023-02-01,Utilities,29548.0,Utilities for February 2023,Fleet Manager
EX0000545,FL003,2023-02-01,Marketing,57643.0,Marketing for February 2023,Fleet Manager
EX0000546,FL003,2023-02-01,Insurance Premium,96311.0,Insurance Premium for February 2023,Fleet Manager
EX0000547,FL003,2023-02-01,Depreciation,99035.0,Depreciation for February 2023,Fleet Manager
EX0000548,FL003,2023-02-01,Miscellaneous,63364.0,Miscellaneous for February 2023,Fleet Manager
EX0000549,FL003,2023-02-01,Communication,29632.0,Communication for February 2023,Fleet Manager
EX0000550,FL003,2023-02-01,Parking / Garage,106074.0,Parking / Garage for February 2023,Fleet Manager
EX0000551,FL004,2023-02-01,Staff Salaries,443696.0,Staff Salaries for February 2023,Fleet Manager
EX0000552,FL004,2023-02-01,Driver Salaries,997538.0,Driver Salaries for February 2023,Fleet Manager
EX0000553,FL004,2023-02-01,Office Rent,89692.0,Office Rent for February 2023,Fleet Manager
EX0000554,FL004,2023-02-01,Utilities,23193.0,Utilities for February 2023,Fleet Manager
EX0000555,FL004,2023-02-01,Marketing,53935.0,Marketing for February 2023,Fleet Manager
EX0000556,FL004,2023-02-01,Insurance Premium,68942.0,Insurance Premium for February 2023,Fleet Manager
EX0000557,FL004,2023-02-01,Depreciation,97670.0,Depreciation for February 2023,Fleet Manager
EX0000558,FL004,2023-02-01,Miscellaneous,63221.0,Miscellaneous for February 2023,Fleet Manager
EX0000559,FL004,2023-02-01,Communication,29056.0,Communication for February 2023,Fleet Manager
EX0000560,FL004,2023-02-01,Parking / Garage,94250.0,Parking / Garage for February 2023,Fleet Manager
EX0000561,FL001,2023-03-01,Staff Salaries,600870.0,Staff Salaries for March 2023,Fleet Manager
EX0000562,FL001,2023-03-01,Driver Salaries,560492.0,Driver Salaries for March 2023,Fleet Manager
EX0000563,FL001,2023-03-01,Office Rent,99133.0,Office Rent for March 2023,Fleet Manager
EX0000564,FL001,2023-03-01,Utilities,25299.0,Utilities for March 2023,Fleet Manager
EX0000565,FL001,2023-03-01,Marketing,53550.0,Marketing for March 2023,Fleet Manager
EX0000566,FL001,2023-03-01,Insurance Premium,63950.0,Insurance Premium for March 2023,Fleet Manager
EX0000567,FL001,2023-03-01,Depreciation,81929.0,Depreciation for March 2023,Fleet Manager
EX0000568,FL001,2023-03-01,Miscellaneous,45378.0,Miscellaneous for March 2023,Fleet Manager
EX0000569,FL001,2023-03-01,Communication,25220.0,Communication for March 2023,Fleet Manager
EX0000570,FL001,2023-03-01,Parking / Garage,62608.0,Parking / Garage for March 2023,Fleet Manager
EX0000571,FL002,2023-03-01,Staff Salaries,508864.0,Staff Salaries for March 2023,Fleet Manager
EX0000572,FL002,2023-03-01,Driver Salaries,841148.0,Driver Salaries for March 2023,Fleet Manager
EX0000573,FL002,2023-03-01,Office Rent,121401.0,Office Rent for March 2023,Fleet Manager
EX0000574,FL002,2023-03-01,Utilities,29354.0,Utilities for March 2023,Fleet Manager
EX0000575,FL002,2023-03-01,Marketing,60653.0,Marketing for March 2023,Fleet Manager
EX0000576,FL002,2023-03-01,Insurance Premium,95380.0,Insurance Premium for March 2023,Fleet Manager
EX0000577,FL002,2023-03-01,Depreciation,104696.0,Depreciation for March 2023,Fleet Manager
EX0000578,FL002,2023-03-01,Miscellaneous,48673.0,Miscellaneous for March 2023,Fleet Manager
EX0000579,FL002,2023-03-01,Communication,23853.0,Communication for March 2023,Fleet Manager
EX0000580,FL002,2023-03-01,Parking / Garage,90285.0,Parking / Garage for March 2023,Fleet Manager
EX0000581,FL003,2023-03-01,Staff Salaries,593972.0,Staff Salaries for March 2023,Fleet Manager
EX0000582,FL003,2023-03-01,Driver Salaries,861290.0,Driver Salaries for March 2023,Fleet Manager
EX0000583,FL003,2023-03-01,Office Rent,97519.0,Office Rent for March 2023,Fleet Manager
EX0000584,FL003,2023-03-01,Utilities,26308.0,Utilities for March 2023,Fleet Manager
EX0000585,FL003,2023-03-01,Marketing,68854.0,Marketing for March 2023,Fleet Manager
EX0000586,FL003,2023-03-01,Insurance Premium,79972.0,Insurance Premium for March 2023,Fleet Manager
EX0000587,FL003,2023-03-01,Depreciation,141015.0,Depreciation for March 2023,Fleet Manager
EX0000588,FL003,2023-03-01,Miscellaneous,69007.0,Miscellaneous for March 2023,Fleet Manager
EX0000589,FL003,2023-03-01,Communication,31509.0,Communication for March 2023,Fleet Manager
EX0000590,FL003,2023-03-01,Parking / Garage,77928.0,Parking / Garage for March 2023,Fleet Manager
EX0000591,FL004,2023-03-01,Staff Salaries,469642.0,Staff Salaries for March 2023,Fleet Manager
EX0000592,FL004,2023-03-01,Driver Salaries,996135.0,Driver Salaries for March 2023,Fleet Manager
EX0000593,FL004,2023-03-01,Office Rent,129874.0,Office Rent for March 2023,Fleet Manager
EX0000594,FL004,2023-03-01,Utilities,30828.0,Utilities for March 2023,Fleet Manager
EX0000595,FL004,2023-03-01,Marketing,61969.0,Marketing for March 2023,Fleet Manager
EX0000596,FL004,2023-03-01,Insurance Premium,99736.0,Insurance Premium for March 2023,Fleet Manager
EX0000597,FL004,2023-03-01,Depreciation,114375.0,Depreciation for March 2023,Fleet Manager
EX0000598,FL004,2023-03-01,Miscellaneous,56209.0,Miscellaneous for March 2023,Fleet Manager
EX0000599,FL004,2023-03-01,Communication,32884.0,Communication for March 2023,Fleet Manager
EX0000600,FL004,2023-03-01,Parking / Garage,67886.0,Parking / Garage for March 2023,Fleet Manager
EX0000601,FL001,2023-04-01,Staff Salaries,630018.0,Staff Salaries for April 2023,Fleet Manager
EX0000602,FL001,2023-04-01,Driver Salaries,556287.0,Driver Salaries for April 2023,Fleet Manager
EX0000603,FL001,2023-04-01,Office Rent,74470.0,Office Rent for April 2023,Fleet Manager
EX0000604,FL001,2023-04-01,Utilities,23133.0,Utilities for April 2023,Fleet Manager
EX0000605,FL001,2023-04-01,Marketing,45655.0,Marketing for April 2023,Fleet Manager
EX0000606,FL001,2023-04-01,Insurance Premium,60705.0,Insurance Premium for April 2023,Fleet Manager
EX0000607,FL001,2023-04-01,Depreciation,105701.0,Depreciation for April 2023,Fleet Manager
EX0000608,FL001,2023-04-01,Miscellaneous,48973.0,Miscellaneous for April 2023,Fleet Manager
EX0000609,FL001,2023-04-01,Communication,23494.0,Communication for April 2023,Fleet Manager
EX0000610,FL001,2023-04-01,Parking / Garage,72354.0,Parking / Garage for April 2023,Fleet Manager
EX0000611,FL002,2023-04-01,Staff Salaries,502827.0,Staff Salaries for April 2023,Fleet Manager
EX0000612,FL002,2023-04-01,Driver Salaries,865822.0,Driver Salaries for April 2023,Fleet Manager
EX0000613,FL002,2023-04-01,Office Rent,123035.0,Office Rent for April 2023,Fleet Manager
EX0000614,FL002,2023-04-01,Utilities,29234.0,Utilities for April 2023,Fleet Manager
EX0000615,FL002,2023-04-01,Marketing,46497.0,Marketing for April 2023,Fleet Manager
EX0000616,FL002,2023-04-01,Insurance Premium,72639.0,Insurance Premium for April 2023,Fleet Manager
EX0000617,FL002,2023-04-01,Depreciation,86353.0,Depreciation for April 2023,Fleet Manager
EX0000618,FL002,2023-04-01,Miscellaneous,48892.0,Miscellaneous for April 2023,Fleet Manager
EX0000619,FL002,2023-04-01,Communication,27749.0,Communication for April 2023,Fleet Manager
EX0000620,FL002,2023-04-01,Parking / Garage,78226.0,Parking / Garage for April 2023,Fleet Manager
EX0000621,FL003,2023-04-01,Staff Salaries,629606.0,Staff Salaries for April 2023,Fleet Manager
EX0000622,FL003,2023-04-01,Driver Salaries,870714.0,Driver Salaries for April 2023,Fleet Manager
EX0000623,FL003,2023-04-01,Office Rent,127003.0,Office Rent for April 2023,Fleet Manager
EX0000624,FL003,2023-04-01,Utilities,28137.0,Utilities for April 2023,Fleet Manager
EX0000625,FL003,2023-04-01,Marketing,53381.0,Marketing for April 2023,Fleet Manager
EX0000626,FL003,2023-04-01,Insurance Premium,78140.0,Insurance Premium for April 2023,Fleet Manager
EX0000627,FL003,2023-04-01,Depreciation,113244.0,Depreciation for April 2023,Fleet Manager
EX0000628,FL003,2023-04-01,Miscellaneous,49084.0,Miscellaneous for April 2023,Fleet Manager
EX0000629,FL003,2023-04-01,Communication,27757.0,Communication for April 2023,Fleet Manager
EX0000630,FL003,2023-04-01,Parking / Garage,86271.0,Parking / Garage for April 2023,Fleet Manager
EX0000631,FL004,2023-04-01,Staff Salaries,449282.0,Staff Salaries for April 2023,Fleet Manager
EX0000632,FL004,2023-04-01,Driver Salaries,988659.0,Driver Salaries for April 2023,Fleet Manager
EX0000633,FL004,2023-04-01,Office Rent,120321.0,Office Rent for April 2023,Fleet Manager
EX0000634,FL004,2023-04-01,Utilities,28990.0,Utilities for April 2023,Fleet Manager
EX0000635,FL004,2023-04-01,Marketing,50097.0,Marketing for April 2023,Fleet Manager
EX0000636,FL004,2023-04-01,Insurance Premium,84885.0,Insurance Premium for April 2023,Fleet Manager
EX0000637,FL004,2023-04-01,Depreciation,90072.0,Depreciation for April 2023,Fleet Manager
EX0000638,FL004,2023-04-01,Miscellaneous,61193.0,Miscellaneous for April 2023,Fleet Manager
EX0000639,FL004,2023-04-01,Communication,26664.0,Communication for April 2023,Fleet Manager
EX0000640,FL004,2023-04-01,Parking / Garage,70799.0,Parking / Garage for April 2023,Fleet Manager
EX0000641,FL001,2023-05-01,Staff Salaries,595218.0,Staff Salaries for May 2023,Fleet Manager
EX0000642,FL001,2023-05-01,Driver Salaries,562945.0,Driver Salaries for May 2023,Fleet Manager
EX0000643,FL001,2023-05-01,Office Rent,81231.0,Office Rent for May 2023,Fleet Manager
EX0000644,FL001,2023-05-01,Utilities,19415.0,Utilities for May 2023,Fleet Manager
EX0000645,FL001,2023-05-01,Marketing,44319.0,Marketing for May 2023,Fleet Manager
EX0000646,FL001,2023-05-01,Insurance Premium,68351.0,Insurance Premium for May 2023,Fleet Manager
EX0000647,FL001,2023-05-01,Depreciation,105320.0,Depreciation for May 2023,Fleet Manager
EX0000648,FL001,2023-05-01,Miscellaneous,38244.0,Miscellaneous for May 2023,Fleet Manager
EX0000649,FL001,2023-05-01,Communication,23458.0,Communication for May 2023,Fleet Manager
EX0000650,FL001,2023-05-01,Parking / Garage,72380.0,Parking / Garage for May 2023,Fleet Manager
EX0000651,FL002,2023-05-01,Staff Salaries,510590.0,Staff Salaries for May 2023,Fleet Manager
EX0000652,FL002,2023-05-01,Driver Salaries,867097.0,Driver Salaries for May 2023,Fleet Manager
EX0000653,FL002,2023-05-01,Office Rent,101249.0,Office Rent for May 2023,Fleet Manager
EX0000654,FL002,2023-05-01,Utilities,31009.0,Utilities for May 2023,Fleet Manager
EX0000655,FL002,2023-05-01,Marketing,50441.0,Marketing for May 2023,Fleet Manager
EX0000656,FL002,2023-05-01,Insurance Premium,77864.0,Insurance Premium for May 2023,Fleet Manager
EX0000657,FL002,2023-05-01,Depreciation,109718.0,Depreciation for May 2023,Fleet Manager
EX0000658,FL002,2023-05-01,Miscellaneous,46078.0,Miscellaneous for May 2023,Fleet Manager
EX0000659,FL002,2023-05-01,Communication,27808.0,Communication for May 2023,Fleet Manager
EX0000660,FL002,2023-05-01,Parking / Garage,91343.0,Parking / Garage for May 2023,Fleet Manager
EX0000661,FL003,2023-05-01,Staff Salaries,617901.0,Staff Salaries for May 2023,Fleet Manager
EX0000662,FL003,2023-05-01,Driver Salaries,886345.0,Driver Salaries for May 2023,Fleet Manager
EX0000663,FL003,2023-05-01,Office Rent,132211.0,Office Rent for May 2023,Fleet Manager
EX0000664,FL003,2023-05-01,Utilities,33835.0,Utilities for May 2023,Fleet Manager
EX0000665,FL003,2023-05-01,Marketing,56865.0,Marketing for May 2023,Fleet Manager
EX0000666,FL003,2023-05-01,Insurance Premium,105409.0,Insurance Premium for May 2023,Fleet Manager
EX0000667,FL003,2023-05-01,Depreciation,136646.0,Depreciation for May 2023,Fleet Manager
EX0000668,FL003,2023-05-01,Miscellaneous,70104.0,Miscellaneous for May 2023,Fleet Manager
EX0000669,FL003,2023-05-01,Communication,31383.0,Communication for May 2023,Fleet Manager
EX0000670,FL003,2023-05-01,Parking / Garage,99525.0,Parking / Garage for May 2023,Fleet Manager
EX0000671,FL004,2023-05-01,Staff Salaries,461006.0,Staff Salaries for May 2023,Fleet Manager
EX0000672,FL004,2023-05-01,Driver Salaries,921246.0,Driver Salaries for May 2023,Fleet Manager
EX0000673,FL004,2023-05-01,Office Rent,125892.0,Office Rent for May 2023,Fleet Manager
EX0000674,FL004,2023-05-01,Utilities,26014.0,Utilities for May 2023,Fleet Manager
EX0000675,FL004,2023-05-01,Marketing,47513.0,Marketing for May 2023,Fleet Manager
EX0000676,FL004,2023-05-01,Insurance Premium,68912.0,Insurance Premium for May 2023,Fleet Manager
EX0000677,FL004,2023-05-01,Depreciation,127648.0,Depreciation for May 2023,Fleet Manager
EX0000678,FL004,2023-05-01,Miscellaneous,52496.0,Miscellaneous for May 2023,Fleet Manager
EX0000679,FL004,2023-05-01,Communication,27950.0,Communication for May 2023,Fleet Manager
EX0000680,FL004,2023-05-01,Parking / Garage,99325.0,Parking / Garage for May 2023,Fleet Manager
EX0000681,FL001,2023-06-01,Staff Salaries,605943.0,Staff Salaries for June 2023,Fleet Manager
EX0000682,FL001,2023-06-01,Driver Salaries,552663.0,Driver Salaries for June 2023,Fleet Manager
EX0000683,FL001,2023-06-01,Office Rent,101641.0,Office Rent for June 2023,Fleet Manager
EX0000684,FL001,2023-06-01,Utilities,21657.0,Utilities for June 2023,Fleet Manager
EX0000685,FL001,2023-06-01,Marketing,53989.0,Marketing for June 2023,Fleet Manager
EX0000686,FL001,2023-06-01,Insurance Premium,67846.0,Insurance Premium for June 2023,Fleet Manager
EX0000687,FL001,2023-06-01,Depreciation,108240.0,Depreciation for June 2023,Fleet Manager
EX0000688,FL001,2023-06-01,Miscellaneous,41670.0,Miscellaneous for June 2023,Fleet Manager
EX0000689,FL001,2023-06-01,Communication,22447.0,Communication for June 2023,Fleet Manager
EX0000690,FL001,2023-06-01,Parking / Garage,75859.0,Parking / Garage for June 2023,Fleet Manager
EX0000691,FL002,2023-06-01,Staff Salaries,477515.0,Staff Salaries for June 2023,Fleet Manager
EX0000692,FL002,2023-06-01,Driver Salaries,840255.0,Driver Salaries for June 2023,Fleet Manager
EX0000693,FL002,2023-06-01,Office Rent,108189.0,Office Rent for June 2023,Fleet Manager
EX0000694,FL002,2023-06-01,Utilities,22797.0,Utilities for June 2023,Fleet Manager
EX0000695,FL002,2023-06-01,Marketing,49012.0,Marketing for June 2023,Fleet Manager
EX0000696,FL002,2023-06-01,Insurance Premium,79904.0,Insurance Premium for June 2023,Fleet Manager
EX0000697,FL002,2023-06-01,Depreciation,103325.0,Depreciation for June 2023,Fleet Manager
EX0000698,FL002,2023-06-01,Miscellaneous,54554.0,Miscellaneous for June 2023,Fleet Manager
EX0000699,FL002,2023-06-01,Communication,25385.0,Communication for June 2023,Fleet Manager
EX0000700,FL002,2023-06-01,Parking / Garage,86049.0,Parking / Garage for June 2023,Fleet Manager
EX0000701,FL003,2023-06-01,Staff Salaries,627464.0,Staff Salaries for June 2023,Fleet Manager
EX0000702,FL003,2023-06-01,Driver Salaries,867866.0,Driver Salaries for June 2023,Fleet Manager
EX0000703,FL003,2023-06-01,Office Rent,120689.0,Office Rent for June 2023,Fleet Manager
EX0000704,FL003,2023-06-01,Utilities,23709.0,Utilities for June 2023,Fleet Manager
EX0000705,FL003,2023-06-01,Marketing,67353.0,Marketing for June 2023,Fleet Manager
EX0000706,FL003,2023-06-01,Insurance Premium,75107.0,Insurance Premium for June 2023,Fleet Manager
EX0000707,FL003,2023-06-01,Depreciation,136929.0,Depreciation for June 2023,Fleet Manager
EX0000708,FL003,2023-06-01,Miscellaneous,70063.0,Miscellaneous for June 2023,Fleet Manager
EX0000709,FL003,2023-06-01,Communication,24884.0,Communication for June 2023,Fleet Manager
EX0000710,FL003,2023-06-01,Parking / Garage,72348.0,Parking / Garage for June 2023,Fleet Manager
EX0000711,FL004,2023-06-01,Staff Salaries,464658.0,Staff Salaries for June 2023,Fleet Manager
EX0000712,FL004,2023-06-01,Driver Salaries,986247.0,Driver Salaries for June 2023,Fleet Manager
EX0000713,FL004,2023-06-01,Office Rent,103070.0,Office Rent for June 2023,Fleet Manager
EX0000714,FL004,2023-06-01,Utilities,26695.0,Utilities for June 2023,Fleet Manager
EX0000715,FL004,2023-06-01,Marketing,63958.0,Marketing for June 2023,Fleet Manager
EX0000716,FL004,2023-06-01,Insurance Premium,89479.0,Insurance Premium for June 2023,Fleet Manager
EX0000717,FL004,2023-06-01,Depreciation,113728.0,Depreciation for June 2023,Fleet Manager
EX0000718,FL004,2023-06-01,Miscellaneous,49141.0,Miscellaneous for June 2023,Fleet Manager
EX0000719,FL004,2023-06-01,Communication,30477.0,Communication for June 2023,Fleet Manager
EX0000720,FL004,2023-06-01,Parking / Garage,97813.0,Parking / Garage for June 2023,Fleet Manager
EX0000721,FL001,2023-07-01,Staff Salaries,578877.0,Staff Salaries for July 2023,Fleet Manager
EX0000722,FL001,2023-07-01,Driver Salaries,569776.0,Driver Salaries for July 2023,Fleet Manager
EX0000723,FL001,2023-07-01,Office Rent,105505.0,Office Rent for July 2023,Fleet Manager
EX0000724,FL001,2023-07-01,Utilities,21293.0,Utilities for July 2023,Fleet Manager
EX0000725,FL001,2023-07-01,Marketing,38936.0,Marketing for July 2023,Fleet Manager
EX0000726,FL001,2023-07-01,Insurance Premium,58704.0,Insurance Premium for July 2023,Fleet Manager
EX0000727,FL001,2023-07-01,Depreciation,79580.0,Depreciation for July 2023,Fleet Manager
EX0000728,FL001,2023-07-01,Miscellaneous,39304.0,Miscellaneous for July 2023,Fleet Manager
EX0000729,FL001,2023-07-01,Communication,23615.0,Communication for July 2023,Fleet Manager
EX0000730,FL001,2023-07-01,Parking / Garage,56732.0,Parking / Garage for July 2023,Fleet Manager
EX0000731,FL002,2023-07-01,Staff Salaries,512902.0,Staff Salaries for July 2023,Fleet Manager
EX0000732,FL002,2023-07-01,Driver Salaries,840526.0,Driver Salaries for July 2023,Fleet Manager
EX0000733,FL002,2023-07-01,Office Rent,92942.0,Office Rent for July 2023,Fleet Manager
EX0000734,FL002,2023-07-01,Utilities,21446.0,Utilities for July 2023,Fleet Manager
EX0000735,FL002,2023-07-01,Marketing,50141.0,Marketing for July 2023,Fleet Manager
EX0000736,FL002,2023-07-01,Insurance Premium,83279.0,Insurance Premium for July 2023,Fleet Manager
EX0000737,FL002,2023-07-01,Depreciation,85831.0,Depreciation for July 2023,Fleet Manager
EX0000738,FL002,2023-07-01,Miscellaneous,61731.0,Miscellaneous for July 2023,Fleet Manager
EX0000739,FL002,2023-07-01,Communication,25003.0,Communication for July 2023,Fleet Manager
EX0000740,FL002,2023-07-01,Parking / Garage,95805.0,Parking / Garage for July 2023,Fleet Manager
EX0000741,FL003,2023-07-01,Staff Salaries,600374.0,Staff Salaries for July 2023,Fleet Manager
EX0000742,FL003,2023-07-01,Driver Salaries,885829.0,Driver Salaries for July 2023,Fleet Manager
EX0000743,FL003,2023-07-01,Office Rent,106647.0,Office Rent for July 2023,Fleet Manager
EX0000744,FL003,2023-07-01,Utilities,34580.0,Utilities for July 2023,Fleet Manager
EX0000745,FL003,2023-07-01,Marketing,66647.0,Marketing for July 2023,Fleet Manager
EX0000746,FL003,2023-07-01,Insurance Premium,72904.0,Insurance Premium for July 2023,Fleet Manager
EX0000747,FL003,2023-07-01,Depreciation,113320.0,Depreciation for July 2023,Fleet Manager
EX0000748,FL003,2023-07-01,Miscellaneous,49823.0,Miscellaneous for July 2023,Fleet Manager
EX0000749,FL003,2023-07-01,Communication,27898.0,Communication for July 2023,Fleet Manager
EX0000750,FL003,2023-07-01,Parking / Garage,93637.0,Parking / Garage for July 2023,Fleet Manager
EX0000751,FL004,2023-07-01,Staff Salaries,466786.0,Staff Salaries for July 2023,Fleet Manager
EX0000752,FL004,2023-07-01,Driver Salaries,911498.0,Driver Salaries for July 2023,Fleet Manager
EX0000753,FL004,2023-07-01,Office Rent,107737.0,Office Rent for July 2023,Fleet Manager
EX0000754,FL004,2023-07-01,Utilities,24357.0,Utilities for July 2023,Fleet Manager
EX0000755,FL004,2023-07-01,Marketing,48668.0,Marketing for July 2023,Fleet Manager
EX0000756,FL004,2023-07-01,Insurance Premium,97206.0,Insurance Premium for July 2023,Fleet Manager
EX0000757,FL004,2023-07-01,Depreciation,121469.0,Depreciation for July 2023,Fleet Manager
EX0000758,FL004,2023-07-01,Miscellaneous,54128.0,Miscellaneous for July 2023,Fleet Manager
EX0000759,FL004,2023-07-01,Communication,25907.0,Communication for July 2023,Fleet Manager
EX0000760,FL004,2023-07-01,Parking / Garage,71880.0,Parking / Garage for July 2023,Fleet Manager
EX0000761,FL001,2023-08-01,Staff Salaries,582248.0,Staff Salaries for August 2023,Fleet Manager
EX0000762,FL001,2023-08-01,Driver Salaries,520820.0,Driver Salaries for August 2023,Fleet Manager
EX0000763,FL001,2023-08-01,Office Rent,104909.0,Office Rent for August 2023,Fleet Manager
EX0000764,FL001,2023-08-01,Utilities,21019.0,Utilities for August 2023,Fleet Manager
EX0000765,FL001,2023-08-01,Marketing,55004.0,Marketing for August 2023,Fleet Manager
EX0000766,FL001,2023-08-01,Insurance Premium,75179.0,Insurance Premium for August 2023,Fleet Manager
EX0000767,FL001,2023-08-01,Depreciation,90831.0,Depreciation for August 2023,Fleet Manager
EX0000768,FL001,2023-08-01,Miscellaneous,38702.0,Miscellaneous for August 2023,Fleet Manager
EX0000769,FL001,2023-08-01,Communication,19864.0,Communication for August 2023,Fleet Manager
EX0000770,FL001,2023-08-01,Parking / Garage,63155.0,Parking / Garage for August 2023,Fleet Manager
EX0000771,FL002,2023-08-01,Staff Salaries,516203.0,Staff Salaries for August 2023,Fleet Manager
EX0000772,FL002,2023-08-01,Driver Salaries,825198.0,Driver Salaries for August 2023,Fleet Manager
EX0000773,FL002,2023-08-01,Office Rent,125679.0,Office Rent for August 2023,Fleet Manager
EX0000774,FL002,2023-08-01,Utilities,28541.0,Utilities for August 2023,Fleet Manager
EX0000775,FL002,2023-08-01,Marketing,45703.0,Marketing for August 2023,Fleet Manager
EX0000776,FL002,2023-08-01,Insurance Premium,92002.0,Insurance Premium for August 2023,Fleet Manager
EX0000777,FL002,2023-08-01,Depreciation,111926.0,Depreciation for August 2023,Fleet Manager
EX0000778,FL002,2023-08-01,Miscellaneous,51805.0,Miscellaneous for August 2023,Fleet Manager
EX0000779,FL002,2023-08-01,Communication,21663.0,Communication for August 2023,Fleet Manager
EX0000780,FL002,2023-08-01,Parking / Garage,93960.0,Parking / Garage for August 2023,Fleet Manager
EX0000781,FL003,2023-08-01,Staff Salaries,634837.0,Staff Salaries for August 2023,Fleet Manager
EX0000782,FL003,2023-08-01,Driver Salaries,810936.0,Driver Salaries for August 2023,Fleet Manager
EX0000783,FL003,2023-08-01,Office Rent,113068.0,Office Rent for August 2023,Fleet Manager
EX0000784,FL003,2023-08-01,Utilities,30821.0,Utilities for August 2023,Fleet Manager
EX0000785,FL003,2023-08-01,Marketing,69328.0,Marketing for August 2023,Fleet Manager
EX0000786,FL003,2023-08-01,Insurance Premium,105713.0,Insurance Premium for August 2023,Fleet Manager
EX0000787,FL003,2023-08-01,Depreciation,141313.0,Depreciation for August 2023,Fleet Manager
EX0000788,FL003,2023-08-01,Miscellaneous,67806.0,Miscellaneous for August 2023,Fleet Manager
EX0000789,FL003,2023-08-01,Communication,32437.0,Communication for August 2023,Fleet Manager
EX0000790,FL003,2023-08-01,Parking / Garage,103217.0,Parking / Garage for August 2023,Fleet Manager
EX0000791,FL004,2023-08-01,Staff Salaries,426277.0,Staff Salaries for August 2023,Fleet Manager
EX0000792,FL004,2023-08-01,Driver Salaries,945936.0,Driver Salaries for August 2023,Fleet Manager
EX0000793,FL004,2023-08-01,Office Rent,113282.0,Office Rent for August 2023,Fleet Manager
EX0000794,FL004,2023-08-01,Utilities,30565.0,Utilities for August 2023,Fleet Manager
EX0000795,FL004,2023-08-01,Marketing,54521.0,Marketing for August 2023,Fleet Manager
EX0000796,FL004,2023-08-01,Insurance Premium,73911.0,Insurance Premium for August 2023,Fleet Manager
EX0000797,FL004,2023-08-01,Depreciation,101790.0,Depreciation for August 2023,Fleet Manager
EX0000798,FL004,2023-08-01,Miscellaneous,63771.0,Miscellaneous for August 2023,Fleet Manager
EX0000799,FL004,2023-08-01,Communication,26517.0,Communication for August 2023,Fleet Manager
EX0000800,FL004,2023-08-01,Parking / Garage,73049.0,Parking / Garage for August 2023,Fleet Manager
EX0000801,FL001,2023-09-01,Staff Salaries,611701.0,Staff Salaries for September 2023,Fleet Manager
EX0000802,FL001,2023-09-01,Driver Salaries,554980.0,Driver Salaries for September 2023,Fleet Manager
EX0000803,FL001,2023-09-01,Office Rent,103387.0,Office Rent for September 2023,Fleet Manager
EX0000804,FL001,2023-09-01,Utilities,26675.0,Utilities for September 2023,Fleet Manager
EX0000805,FL001,2023-09-01,Marketing,45190.0,Marketing for September 2023,Fleet Manager
EX0000806,FL001,2023-09-01,Insurance Premium,74562.0,Insurance Premium for September 2023,Fleet Manager
EX0000807,FL001,2023-09-01,Depreciation,98897.0,Depreciation for September 2023,Fleet Manager
EX0000808,FL001,2023-09-01,Miscellaneous,39921.0,Miscellaneous for September 2023,Fleet Manager
EX0000809,FL001,2023-09-01,Communication,20247.0,Communication for September 2023,Fleet Manager
EX0000810,FL001,2023-09-01,Parking / Garage,82584.0,Parking / Garage for September 2023,Fleet Manager
EX0000811,FL002,2023-09-01,Staff Salaries,502472.0,Staff Salaries for September 2023,Fleet Manager
EX0000812,FL002,2023-09-01,Driver Salaries,825450.0,Driver Salaries for September 2023,Fleet Manager
EX0000813,FL002,2023-09-01,Office Rent,123364.0,Office Rent for September 2023,Fleet Manager
EX0000814,FL002,2023-09-01,Utilities,25168.0,Utilities for September 2023,Fleet Manager
EX0000815,FL002,2023-09-01,Marketing,44597.0,Marketing for September 2023,Fleet Manager
EX0000816,FL002,2023-09-01,Insurance Premium,73943.0,Insurance Premium for September 2023,Fleet Manager
EX0000817,FL002,2023-09-01,Depreciation,103388.0,Depreciation for September 2023,Fleet Manager
EX0000818,FL002,2023-09-01,Miscellaneous,44301.0,Miscellaneous for September 2023,Fleet Manager
EX0000819,FL002,2023-09-01,Communication,28409.0,Communication for September 2023,Fleet Manager
EX0000820,FL002,2023-09-01,Parking / Garage,84967.0,Parking / Garage for September 2023,Fleet Manager
EX0000821,FL003,2023-09-01,Staff Salaries,614681.0,Staff Salaries for September 2023,Fleet Manager
EX0000822,FL003,2023-09-01,Driver Salaries,821186.0,Driver Salaries for September 2023,Fleet Manager
EX0000823,FL003,2023-09-01,Office Rent,134354.0,Office Rent for September 2023,Fleet Manager
EX0000824,FL003,2023-09-01,Utilities,30781.0,Utilities for September 2023,Fleet Manager
EX0000825,FL003,2023-09-01,Marketing,66062.0,Marketing for September 2023,Fleet Manager
EX0000826,FL003,2023-09-01,Insurance Premium,72212.0,Insurance Premium for September 2023,Fleet Manager
EX0000827,FL003,2023-09-01,Depreciation,121190.0,Depreciation for September 2023,Fleet Manager
EX0000828,FL003,2023-09-01,Miscellaneous,53485.0,Miscellaneous for September 2023,Fleet Manager
EX0000829,FL003,2023-09-01,Communication,24200.0,Communication for September 2023,Fleet Manager
EX0000830,FL003,2023-09-01,Parking / Garage,88268.0,Parking / Garage for September 2023,Fleet Manager
EX0000831,FL004,2023-09-01,Staff Salaries,459290.0,Staff Salaries for September 2023,Fleet Manager
EX0000832,FL004,2023-09-01,Driver Salaries,963212.0,Driver Salaries for September 2023,Fleet Manager
EX0000833,FL004,2023-09-01,Office Rent,128794.0,Office Rent for September 2023,Fleet Manager
EX0000834,FL004,2023-09-01,Utilities,29800.0,Utilities for September 2023,Fleet Manager
EX0000835,FL004,2023-09-01,Marketing,45852.0,Marketing for September 2023,Fleet Manager
EX0000836,FL004,2023-09-01,Insurance Premium,89513.0,Insurance Premium for September 2023,Fleet Manager
EX0000837,FL004,2023-09-01,Depreciation,123129.0,Depreciation for September 2023,Fleet Manager
EX0000838,FL004,2023-09-01,Miscellaneous,63970.0,Miscellaneous for September 2023,Fleet Manager
EX0000839,FL004,2023-09-01,Communication,23274.0,Communication for September 2023,Fleet Manager
EX0000840,FL004,2023-09-01,Parking / Garage,74290.0,Parking / Garage for September 2023,Fleet Manager
EX0000841,FL001,2023-10-01,Staff Salaries,596480.0,Staff Salaries for October 2023,Fleet Manager
EX0000842,FL001,2023-10-01,Driver Salaries,520082.0,Driver Salaries for October 2023,Fleet Manager
EX0000843,FL001,2023-10-01,Office Rent,105084.0,Office Rent for October 2023,Fleet Manager
EX0000844,FL001,2023-10-01,Utilities,25470.0,Utilities for October 2023,Fleet Manager
EX0000845,FL001,2023-10-01,Marketing,45560.0,Marketing for October 2023,Fleet Manager
EX0000846,FL001,2023-10-01,Insurance Premium,56616.0,Insurance Premium for October 2023,Fleet Manager
EX0000847,FL001,2023-10-01,Depreciation,96486.0,Depreciation for October 2023,Fleet Manager
EX0000848,FL001,2023-10-01,Miscellaneous,45925.0,Miscellaneous for October 2023,Fleet Manager
EX0000849,FL001,2023-10-01,Communication,24376.0,Communication for October 2023,Fleet Manager
EX0000850,FL001,2023-10-01,Parking / Garage,61251.0,Parking / Garage for October 2023,Fleet Manager
EX0000851,FL002,2023-10-01,Staff Salaries,493818.0,Staff Salaries for October 2023,Fleet Manager
EX0000852,FL002,2023-10-01,Driver Salaries,876558.0,Driver Salaries for October 2023,Fleet Manager
EX0000853,FL002,2023-10-01,Office Rent,118613.0,Office Rent for October 2023,Fleet Manager
EX0000854,FL002,2023-10-01,Utilities,25281.0,Utilities for October 2023,Fleet Manager
EX0000855,FL002,2023-10-01,Marketing,52354.0,Marketing for October 2023,Fleet Manager
EX0000856,FL002,2023-10-01,Insurance Premium,75963.0,Insurance Premium for October 2023,Fleet Manager
EX0000857,FL002,2023-10-01,Depreciation,117733.0,Depreciation for October 2023,Fleet Manager
EX0000858,FL002,2023-10-01,Miscellaneous,53065.0,Miscellaneous for October 2023,Fleet Manager
EX0000859,FL002,2023-10-01,Communication,26914.0,Communication for October 2023,Fleet Manager
EX0000860,FL002,2023-10-01,Parking / Garage,90134.0,Parking / Garage for October 2023,Fleet Manager
EX0000861,FL003,2023-10-01,Staff Salaries,638597.0,Staff Salaries for October 2023,Fleet Manager
EX0000862,FL003,2023-10-01,Driver Salaries,840647.0,Driver Salaries for October 2023,Fleet Manager
EX0000863,FL003,2023-10-01,Office Rent,96444.0,Office Rent for October 2023,Fleet Manager
EX0000864,FL003,2023-10-01,Utilities,25515.0,Utilities for October 2023,Fleet Manager
EX0000865,FL003,2023-10-01,Marketing,63777.0,Marketing for October 2023,Fleet Manager
EX0000866,FL003,2023-10-01,Insurance Premium,73502.0,Insurance Premium for October 2023,Fleet Manager
EX0000867,FL003,2023-10-01,Depreciation,104573.0,Depreciation for October 2023,Fleet Manager
EX0000868,FL003,2023-10-01,Miscellaneous,52435.0,Miscellaneous for October 2023,Fleet Manager
EX0000869,FL003,2023-10-01,Communication,26100.0,Communication for October 2023,Fleet Manager
EX0000870,FL003,2023-10-01,Parking / Garage,93777.0,Parking / Garage for October 2023,Fleet Manager
EX0000871,FL004,2023-10-01,Staff Salaries,440173.0,Staff Salaries for October 2023,Fleet Manager
EX0000872,FL004,2023-10-01,Driver Salaries,934272.0,Driver Salaries for October 2023,Fleet Manager
EX0000873,FL004,2023-10-01,Office Rent,120313.0,Office Rent for October 2023,Fleet Manager
EX0000874,FL004,2023-10-01,Utilities,32509.0,Utilities for October 2023,Fleet Manager
EX0000875,FL004,2023-10-01,Marketing,52788.0,Marketing for October 2023,Fleet Manager
EX0000876,FL004,2023-10-01,Insurance Premium,84773.0,Insurance Premium for October 2023,Fleet Manager
EX0000877,FL004,2023-10-01,Depreciation,124549.0,Depreciation for October 2023,Fleet Manager
EX0000878,FL004,2023-10-01,Miscellaneous,58157.0,Miscellaneous for October 2023,Fleet Manager
EX0000879,FL004,2023-10-01,Communication,23311.0,Communication for October 2023,Fleet Manager
EX0000880,FL004,2023-10-01,Parking / Garage,82496.0,Parking / Garage for October 2023,Fleet Manager
EX0000881,FL001,2023-11-01,Staff Salaries,586073.0,Staff Salaries for November 2023,Fleet Manager
EX0000882,FL001,2023-11-01,Driver Salaries,558064.0,Driver Salaries for November 2023,Fleet Manager
EX0000883,FL001,2023-11-01,Office Rent,102596.0,Office Rent for November 2023,Fleet Manager
EX0000884,FL001,2023-11-01,Utilities,27501.0,Utilities for November 2023,Fleet Manager
EX0000885,FL001,2023-11-01,Marketing,43414.0,Marketing for November 2023,Fleet Manager
EX0000886,FL001,2023-11-01,Insurance Premium,68618.0,Insurance Premium for November 2023,Fleet Manager
EX0000887,FL001,2023-11-01,Depreciation,108780.0,Depreciation for November 2023,Fleet Manager
EX0000888,FL001,2023-11-01,Miscellaneous,41565.0,Miscellaneous for November 2023,Fleet Manager
EX0000889,FL001,2023-11-01,Communication,23864.0,Communication for November 2023,Fleet Manager
EX0000890,FL001,2023-11-01,Parking / Garage,55304.0,Parking / Garage for November 2023,Fleet Manager
EX0000891,FL002,2023-11-01,Staff Salaries,490421.0,Staff Salaries for November 2023,Fleet Manager
EX0000892,FL002,2023-11-01,Driver Salaries,879062.0,Driver Salaries for November 2023,Fleet Manager
EX0000893,FL002,2023-11-01,Office Rent,98197.0,Office Rent for November 2023,Fleet Manager
EX0000894,FL002,2023-11-01,Utilities,23429.0,Utilities for November 2023,Fleet Manager
EX0000895,FL002,2023-11-01,Marketing,44441.0,Marketing for November 2023,Fleet Manager
EX0000896,FL002,2023-11-01,Insurance Premium,83652.0,Insurance Premium for November 2023,Fleet Manager
EX0000897,FL002,2023-11-01,Depreciation,92567.0,Depreciation for November 2023,Fleet Manager
EX0000898,FL002,2023-11-01,Miscellaneous,42939.0,Miscellaneous for November 2023,Fleet Manager
EX0000899,FL002,2023-11-01,Communication,30378.0,Communication for November 2023,Fleet Manager
EX0000900,FL002,2023-11-01,Parking / Garage,69947.0,Parking / Garage for November 2023,Fleet Manager
EX0000901,FL003,2023-11-01,Staff Salaries,622451.0,Staff Salaries for November 2023,Fleet Manager
EX0000902,FL003,2023-11-01,Driver Salaries,875238.0,Driver Salaries for November 2023,Fleet Manager
EX0000903,FL003,2023-11-01,Office Rent,105611.0,Office Rent for November 2023,Fleet Manager
EX0000904,FL003,2023-11-01,Utilities,26554.0,Utilities for November 2023,Fleet Manager
EX0000905,FL003,2023-11-01,Marketing,47916.0,Marketing for November 2023,Fleet Manager
EX0000906,FL003,2023-11-01,Insurance Premium,87920.0,Insurance Premium for November 2023,Fleet Manager
EX0000907,FL003,2023-11-01,Depreciation,130668.0,Depreciation for November 2023,Fleet Manager
EX0000908,FL003,2023-11-01,Miscellaneous,52544.0,Miscellaneous for November 2023,Fleet Manager
EX0000909,FL003,2023-11-01,Communication,32564.0,Communication for November 2023,Fleet Manager
EX0000910,FL003,2023-11-01,Parking / Garage,99549.0,Parking / Garage for November 2023,Fleet Manager
EX0000911,FL004,2023-11-01,Staff Salaries,432660.0,Staff Salaries for November 2023,Fleet Manager
EX0000912,FL004,2023-11-01,Driver Salaries,907346.0,Driver Salaries for November 2023,Fleet Manager
EX0000913,FL004,2023-11-01,Office Rent,108399.0,Office Rent for November 2023,Fleet Manager
EX0000914,FL004,2023-11-01,Utilities,29301.0,Utilities for November 2023,Fleet Manager
EX0000915,FL004,2023-11-01,Marketing,47860.0,Marketing for November 2023,Fleet Manager
EX0000916,FL004,2023-11-01,Insurance Premium,86194.0,Insurance Premium for November 2023,Fleet Manager
EX0000917,FL004,2023-11-01,Depreciation,126122.0,Depreciation for November 2023,Fleet Manager
EX0000918,FL004,2023-11-01,Miscellaneous,62749.0,Miscellaneous for November 2023,Fleet Manager
EX0000919,FL004,2023-11-01,Communication,30774.0,Communication for November 2023,Fleet Manager
EX0000920,FL004,2023-11-01,Parking / Garage,86315.0,Parking / Garage for November 2023,Fleet Manager
EX0000921,FL001,2023-12-01,Staff Salaries,603391.0,Staff Salaries for December 2023,Fleet Manager
EX0000922,FL001,2023-12-01,Driver Salaries,572953.0,Driver Salaries for December 2023,Fleet Manager
EX0000923,FL001,2023-12-01,Office Rent,81550.0,Office Rent for December 2023,Fleet Manager
EX0000924,FL001,2023-12-01,Utilities,20390.0,Utilities for December 2023,Fleet Manager
EX0000925,FL001,2023-12-01,Marketing,49222.0,Marketing for December 2023,Fleet Manager
EX0000926,FL001,2023-12-01,Insurance Premium,65288.0,Insurance Premium for December 2023,Fleet Manager
EX0000927,FL001,2023-12-01,Depreciation,88525.0,Depreciation for December 2023,Fleet Manager
EX0000928,FL001,2023-12-01,Miscellaneous,44181.0,Miscellaneous for December 2023,Fleet Manager
EX0000929,FL001,2023-12-01,Communication,20651.0,Communication for December 2023,Fleet Manager
EX0000930,FL001,2023-12-01,Parking / Garage,77793.0,Parking / Garage for December 2023,Fleet Manager
EX0000931,FL002,2023-12-01,Staff Salaries,495301.0,Staff Salaries for December 2023,Fleet Manager
EX0000932,FL002,2023-12-01,Driver Salaries,797622.0,Driver Salaries for December 2023,Fleet Manager
EX0000933,FL002,2023-12-01,Office Rent,86192.0,Office Rent for December 2023,Fleet Manager
EX0000934,FL002,2023-12-01,Utilities,26759.0,Utilities for December 2023,Fleet Manager
EX0000935,FL002,2023-12-01,Marketing,52469.0,Marketing for December 2023,Fleet Manager
EX0000936,FL002,2023-12-01,Insurance Premium,85981.0,Insurance Premium for December 2023,Fleet Manager
EX0000937,FL002,2023-12-01,Depreciation,123580.0,Depreciation for December 2023,Fleet Manager
EX0000938,FL002,2023-12-01,Miscellaneous,62826.0,Miscellaneous for December 2023,Fleet Manager
EX0000939,FL002,2023-12-01,Communication,27338.0,Communication for December 2023,Fleet Manager
EX0000940,FL002,2023-12-01,Parking / Garage,79988.0,Parking / Garage for December 2023,Fleet Manager
EX0000941,FL003,2023-12-01,Staff Salaries,640345.0,Staff Salaries for December 2023,Fleet Manager
EX0000942,FL003,2023-12-01,Driver Salaries,845804.0,Driver Salaries for December 2023,Fleet Manager
EX0000943,FL003,2023-12-01,Office Rent,124272.0,Office Rent for December 2023,Fleet Manager
EX0000944,FL003,2023-12-01,Utilities,29448.0,Utilities for December 2023,Fleet Manager
EX0000945,FL003,2023-12-01,Marketing,49960.0,Marketing for December 2023,Fleet Manager
EX0000946,FL003,2023-12-01,Insurance Premium,73789.0,Insurance Premium for December 2023,Fleet Manager
EX0000947,FL003,2023-12-01,Depreciation,135199.0,Depreciation for December 2023,Fleet Manager
EX0000948,FL003,2023-12-01,Miscellaneous,62176.0,Miscellaneous for December 2023,Fleet Manager
EX0000949,FL003,2023-12-01,Communication,30861.0,Communication for December 2023,Fleet Manager
EX0000950,FL003,2023-12-01,Parking / Garage,99322.0,Parking / Garage for December 2023,Fleet Manager
EX0000951,FL004,2023-12-01,Staff Salaries,435105.0,Staff Salaries for December 2023,Fleet Manager
EX0000952,FL004,2023-12-01,Driver Salaries,993042.0,Driver Salaries for December 2023,Fleet Manager
EX0000953,FL004,2023-12-01,Office Rent,100504.0,Office Rent for December 2023,Fleet Manager
EX0000954,FL004,2023-12-01,Utilities,32035.0,Utilities for December 2023,Fleet Manager
EX0000955,FL004,2023-12-01,Marketing,57569.0,Marketing for December 2023,Fleet Manager
EX0000956,FL004,2023-12-01,Insurance Premium,83411.0,Insurance Premium for December 2023,Fleet Manager
EX0000957,FL004,2023-12-01,Depreciation,93188.0,Depreciation for December 2023,Fleet Manager
EX0000958,FL004,2023-12-01,Miscellaneous,51896.0,Miscellaneous for December 2023,Fleet Manager
EX0000959,FL004,2023-12-01,Communication,30631.0,Communication for December 2023,Fleet Manager
EX0000960,FL004,2023-12-01,Parking / Garage,86118.0,Parking / Garage for December 2023,Fleet Manager
EX0000961,FL001,2024-01-01,Staff Salaries,629639.0,Staff Salaries for January 2024,Fleet Manager
EX0000962,FL001,2024-01-01,Driver Salaries,531734.0,Driver Salaries for January 2024,Fleet Manager
EX0000963,FL001,2024-01-01,Office Rent,109672.0,Office Rent for January 2024,Fleet Manager
EX0000964,FL001,2024-01-01,Utilities,20284.0,Utilities for January 2024,Fleet Manager
EX0000965,FL001,2024-01-01,Marketing,54791.0,Marketing for January 2024,Fleet Manager
EX0000966,FL001,2024-01-01,Insurance Premium,57952.0,Insurance Premium for January 2024,Fleet Manager
EX0000967,FL001,2024-01-01,Depreciation,78537.0,Depreciation for January 2024,Fleet Manager
EX0000968,FL001,2024-01-01,Miscellaneous,52984.0,Miscellaneous for January 2024,Fleet Manager
EX0000969,FL001,2024-01-01,Communication,25385.0,Communication for January 2024,Fleet Manager
EX0000970,FL001,2024-01-01,Parking / Garage,82358.0,Parking / Garage for January 2024,Fleet Manager
EX0000971,FL002,2024-01-01,Staff Salaries,503983.0,Staff Salaries for January 2024,Fleet Manager
EX0000972,FL002,2024-01-01,Driver Salaries,860670.0,Driver Salaries for January 2024,Fleet Manager
EX0000973,FL002,2024-01-01,Office Rent,96450.0,Office Rent for January 2024,Fleet Manager
EX0000974,FL002,2024-01-01,Utilities,22702.0,Utilities for January 2024,Fleet Manager
EX0000975,FL002,2024-01-01,Marketing,62854.0,Marketing for January 2024,Fleet Manager
EX0000976,FL002,2024-01-01,Insurance Premium,83996.0,Insurance Premium for January 2024,Fleet Manager
EX0000977,FL002,2024-01-01,Depreciation,94040.0,Depreciation for January 2024,Fleet Manager
EX0000978,FL002,2024-01-01,Miscellaneous,50409.0,Miscellaneous for January 2024,Fleet Manager
EX0000979,FL002,2024-01-01,Communication,31769.0,Communication for January 2024,Fleet Manager
EX0000980,FL002,2024-01-01,Parking / Garage,90693.0,Parking / Garage for January 2024,Fleet Manager
EX0000981,FL003,2024-01-01,Staff Salaries,631702.0,Staff Salaries for January 2024,Fleet Manager
EX0000982,FL003,2024-01-01,Driver Salaries,848175.0,Driver Salaries for January 2024,Fleet Manager
EX0000983,FL003,2024-01-01,Office Rent,99724.0,Office Rent for January 2024,Fleet Manager
EX0000984,FL003,2024-01-01,Utilities,31627.0,Utilities for January 2024,Fleet Manager
EX0000985,FL003,2024-01-01,Marketing,58134.0,Marketing for January 2024,Fleet Manager
EX0000986,FL003,2024-01-01,Insurance Premium,105651.0,Insurance Premium for January 2024,Fleet Manager
EX0000987,FL003,2024-01-01,Depreciation,114016.0,Depreciation for January 2024,Fleet Manager
EX0000988,FL003,2024-01-01,Miscellaneous,62581.0,Miscellaneous for January 2024,Fleet Manager
EX0000989,FL003,2024-01-01,Communication,32112.0,Communication for January 2024,Fleet Manager
EX0000990,FL003,2024-01-01,Parking / Garage,103517.0,Parking / Garage for January 2024,Fleet Manager
EX0000991,FL004,2024-01-01,Staff Salaries,439915.0,Staff Salaries for January 2024,Fleet Manager
EX0000992,FL004,2024-01-01,Driver Salaries,907092.0,Driver Salaries for January 2024,Fleet Manager
EX0000993,FL004,2024-01-01,Office Rent,98689.0,Office Rent for January 2024,Fleet Manager
EX0000994,FL004,2024-01-01,Utilities,27390.0,Utilities for January 2024,Fleet Manager
EX0000995,FL004,2024-01-01,Marketing,57498.0,Marketing for January 2024,Fleet Manager
EX0000996,FL004,2024-01-01,Insurance Premium,87911.0,Insurance Premium for January 2024,Fleet Manager
EX0000997,FL004,2024-01-01,Depreciation,117950.0,Depreciation for January 2024,Fleet Manager
EX0000998,FL004,2024-01-01,Miscellaneous,49607.0,Miscellaneous for January 2024,Fleet Manager
EX0000999,FL004,2024-01-01,Communication,28482.0,Communication for January 2024,Fleet Manager
EX0001000,FL004,2024-01-01,Parking / Garage,91417.0,Parking / Garage for January 2024,Fleet Manager
EX0001001,FL001,2024-02-01,Staff Salaries,615406.0,Staff Salaries for February 2024,Fleet Manager
EX0001002,FL001,2024-02-01,Driver Salaries,572610.0,Driver Salaries for February 2024,Fleet Manager
EX0001003,FL001,2024-02-01,Office Rent,89948.0,Office Rent for February 2024,Fleet Manager
EX0001004,FL001,2024-02-01,Utilities,21514.0,Utilities for February 2024,Fleet Manager
EX0001005,FL001,2024-02-01,Marketing,47465.0,Marketing for February 2024,Fleet Manager
EX0001006,FL001,2024-02-01,Insurance Premium,61247.0,Insurance Premium for February 2024,Fleet Manager
EX0001007,FL001,2024-02-01,Depreciation,107071.0,Depreciation for February 2024,Fleet Manager
EX0001008,FL001,2024-02-01,Miscellaneous,54997.0,Miscellaneous for February 2024,Fleet Manager
EX0001009,FL001,2024-02-01,Communication,27509.0,Communication for February 2024,Fleet Manager
EX0001010,FL001,2024-02-01,Parking / Garage,56381.0,Parking / Garage for February 2024,Fleet Manager
EX0001011,FL002,2024-02-01,Staff Salaries,496740.0,Staff Salaries for February 2024,Fleet Manager
EX0001012,FL002,2024-02-01,Driver Salaries,873824.0,Driver Salaries for February 2024,Fleet Manager
EX0001013,FL002,2024-02-01,Office Rent,108707.0,Office Rent for February 2024,Fleet Manager
EX0001014,FL002,2024-02-01,Utilities,30488.0,Utilities for February 2024,Fleet Manager
EX0001015,FL002,2024-02-01,Marketing,53418.0,Marketing for February 2024,Fleet Manager
EX0001016,FL002,2024-02-01,Insurance Premium,67998.0,Insurance Premium for February 2024,Fleet Manager
EX0001017,FL002,2024-02-01,Depreciation,124607.0,Depreciation for February 2024,Fleet Manager
EX0001018,FL002,2024-02-01,Miscellaneous,60171.0,Miscellaneous for February 2024,Fleet Manager
EX0001019,FL002,2024-02-01,Communication,23248.0,Communication for February 2024,Fleet Manager
EX0001020,FL002,2024-02-01,Parking / Garage,91461.0,Parking / Garage for February 2024,Fleet Manager
EX0001021,FL003,2024-02-01,Staff Salaries,626676.0,Staff Salaries for February 2024,Fleet Manager
EX0001022,FL003,2024-02-01,Driver Salaries,886021.0,Driver Salaries for February 2024,Fleet Manager
EX0001023,FL003,2024-02-01,Office Rent,101494.0,Office Rent for February 2024,Fleet Manager
EX0001024,FL003,2024-02-01,Utilities,25174.0,Utilities for February 2024,Fleet Manager
EX0001025,FL003,2024-02-01,Marketing,52751.0,Marketing for February 2024,Fleet Manager
EX0001026,FL003,2024-02-01,Insurance Premium,79636.0,Insurance Premium for February 2024,Fleet Manager
EX0001027,FL003,2024-02-01,Depreciation,127636.0,Depreciation for February 2024,Fleet Manager
EX0001028,FL003,2024-02-01,Miscellaneous,66755.0,Miscellaneous for February 2024,Fleet Manager
EX0001029,FL003,2024-02-01,Communication,28748.0,Communication for February 2024,Fleet Manager
EX0001030,FL003,2024-02-01,Parking / Garage,91575.0,Parking / Garage for February 2024,Fleet Manager
EX0001031,FL004,2024-02-01,Staff Salaries,464551.0,Staff Salaries for February 2024,Fleet Manager
EX0001032,FL004,2024-02-01,Driver Salaries,918068.0,Driver Salaries for February 2024,Fleet Manager
EX0001033,FL004,2024-02-01,Office Rent,130443.0,Office Rent for February 2024,Fleet Manager
EX0001034,FL004,2024-02-01,Utilities,23495.0,Utilities for February 2024,Fleet Manager
EX0001035,FL004,2024-02-01,Marketing,55209.0,Marketing for February 2024,Fleet Manager
EX0001036,FL004,2024-02-01,Insurance Premium,85389.0,Insurance Premium for February 2024,Fleet Manager
EX0001037,FL004,2024-02-01,Depreciation,107393.0,Depreciation for February 2024,Fleet Manager
EX0001038,FL004,2024-02-01,Miscellaneous,61390.0,Miscellaneous for February 2024,Fleet Manager
EX0001039,FL004,2024-02-01,Communication,25465.0,Communication for February 2024,Fleet Manager
EX0001040,FL004,2024-02-01,Parking / Garage,74859.0,Parking / Garage for February 2024,Fleet Manager
EX0001041,FL001,2024-03-01,Staff Salaries,602749.0,Staff Salaries for March 2024,Fleet Manager
EX0001042,FL001,2024-03-01,Driver Salaries,573037.0,Driver Salaries for March 2024,Fleet Manager
EX0001043,FL001,2024-03-01,Office Rent,97411.0,Office Rent for March 2024,Fleet Manager
EX0001044,FL001,2024-03-01,Utilities,22048.0,Utilities for March 2024,Fleet Manager
EX0001045,FL001,2024-03-01,Marketing,44146.0,Marketing for March 2024,Fleet Manager
EX0001046,FL001,2024-03-01,Insurance Premium,79883.0,Insurance Premium for March 2024,Fleet Manager
EX0001047,FL001,2024-03-01,Depreciation,101409.0,Depreciation for March 2024,Fleet Manager
EX0001048,FL001,2024-03-01,Miscellaneous,41304.0,Miscellaneous for March 2024,Fleet Manager
EX0001049,FL001,2024-03-01,Communication,19746.0,Communication for March 2024,Fleet Manager
EX0001050,FL001,2024-03-01,Parking / Garage,60138.0,Parking / Garage for March 2024,Fleet Manager
EX0001051,FL002,2024-03-01,Staff Salaries,477077.0,Staff Salaries for March 2024,Fleet Manager
EX0001052,FL002,2024-03-01,Driver Salaries,829866.0,Driver Salaries for March 2024,Fleet Manager
EX0001053,FL002,2024-03-01,Office Rent,111864.0,Office Rent for March 2024,Fleet Manager
EX0001054,FL002,2024-03-01,Utilities,29279.0,Utilities for March 2024,Fleet Manager
EX0001055,FL002,2024-03-01,Marketing,55893.0,Marketing for March 2024,Fleet Manager
EX0001056,FL002,2024-03-01,Insurance Premium,88160.0,Insurance Premium for March 2024,Fleet Manager
EX0001057,FL002,2024-03-01,Depreciation,109123.0,Depreciation for March 2024,Fleet Manager
EX0001058,FL002,2024-03-01,Miscellaneous,58930.0,Miscellaneous for March 2024,Fleet Manager
EX0001059,FL002,2024-03-01,Communication,22094.0,Communication for March 2024,Fleet Manager
EX0001060,FL002,2024-03-01,Parking / Garage,73810.0,Parking / Garage for March 2024,Fleet Manager
EX0001061,FL003,2024-03-01,Staff Salaries,627416.0,Staff Salaries for March 2024,Fleet Manager
EX0001062,FL003,2024-03-01,Driver Salaries,844117.0,Driver Salaries for March 2024,Fleet Manager
EX0001063,FL003,2024-03-01,Office Rent,98152.0,Office Rent for March 2024,Fleet Manager
EX0001064,FL003,2024-03-01,Utilities,29545.0,Utilities for March 2024,Fleet Manager
EX0001065,FL003,2024-03-01,Marketing,55791.0,Marketing for March 2024,Fleet Manager
EX0001066,FL003,2024-03-01,Insurance Premium,88328.0,Insurance Premium for March 2024,Fleet Manager
EX0001067,FL003,2024-03-01,Depreciation,104688.0,Depreciation for March 2024,Fleet Manager
EX0001068,FL003,2024-03-01,Miscellaneous,58007.0,Miscellaneous for March 2024,Fleet Manager
EX0001069,FL003,2024-03-01,Communication,31044.0,Communication for March 2024,Fleet Manager
EX0001070,FL003,2024-03-01,Parking / Garage,73230.0,Parking / Garage for March 2024,Fleet Manager
EX0001071,FL004,2024-03-01,Staff Salaries,439984.0,Staff Salaries for March 2024,Fleet Manager
EX0001072,FL004,2024-03-01,Driver Salaries,951254.0,Driver Salaries for March 2024,Fleet Manager
EX0001073,FL004,2024-03-01,Office Rent,125566.0,Office Rent for March 2024,Fleet Manager
EX0001074,FL004,2024-03-01,Utilities,31121.0,Utilities for March 2024,Fleet Manager
EX0001075,FL004,2024-03-01,Marketing,60735.0,Marketing for March 2024,Fleet Manager
EX0001076,FL004,2024-03-01,Insurance Premium,74381.0,Insurance Premium for March 2024,Fleet Manager
EX0001077,FL004,2024-03-01,Depreciation,126446.0,Depreciation for March 2024,Fleet Manager
EX0001078,FL004,2024-03-01,Miscellaneous,51952.0,Miscellaneous for March 2024,Fleet Manager
EX0001079,FL004,2024-03-01,Communication,32359.0,Communication for March 2024,Fleet Manager
EX0001080,FL004,2024-03-01,Parking / Garage,74033.0,Parking / Garage for March 2024,Fleet Manager
EX0001081,FL001,2024-04-01,Staff Salaries,614607.0,Staff Salaries for April 2024,Fleet Manager
EX0001082,FL001,2024-04-01,Driver Salaries,537866.0,Driver Salaries for April 2024,Fleet Manager
EX0001083,FL001,2024-04-01,Office Rent,79085.0,Office Rent for April 2024,Fleet Manager
EX0001084,FL001,2024-04-01,Utilities,26619.0,Utilities for April 2024,Fleet Manager
EX0001085,FL001,2024-04-01,Marketing,51311.0,Marketing for April 2024,Fleet Manager
EX0001086,FL001,2024-04-01,Insurance Premium,69035.0,Insurance Premium for April 2024,Fleet Manager
EX0001087,FL001,2024-04-01,Depreciation,95036.0,Depreciation for April 2024,Fleet Manager
EX0001088,FL001,2024-04-01,Miscellaneous,40389.0,Miscellaneous for April 2024,Fleet Manager
EX0001089,FL001,2024-04-01,Communication,21157.0,Communication for April 2024,Fleet Manager
EX0001090,FL001,2024-04-01,Parking / Garage,72579.0,Parking / Garage for April 2024,Fleet Manager
EX0001091,FL002,2024-04-01,Staff Salaries,498307.0,Staff Salaries for April 2024,Fleet Manager
EX0001092,FL002,2024-04-01,Driver Salaries,820044.0,Driver Salaries for April 2024,Fleet Manager
EX0001093,FL002,2024-04-01,Office Rent,125822.0,Office Rent for April 2024,Fleet Manager
EX0001094,FL002,2024-04-01,Utilities,30890.0,Utilities for April 2024,Fleet Manager
EX0001095,FL002,2024-04-01,Marketing,62627.0,Marketing for April 2024,Fleet Manager
EX0001096,FL002,2024-04-01,Insurance Premium,81593.0,Insurance Premium for April 2024,Fleet Manager
EX0001097,FL002,2024-04-01,Depreciation,120802.0,Depreciation for April 2024,Fleet Manager
EX0001098,FL002,2024-04-01,Miscellaneous,61625.0,Miscellaneous for April 2024,Fleet Manager
EX0001099,FL002,2024-04-01,Communication,26810.0,Communication for April 2024,Fleet Manager
EX0001100,FL002,2024-04-01,Parking / Garage,91300.0,Parking / Garage for April 2024,Fleet Manager
EX0001101,FL003,2024-04-01,Staff Salaries,593295.0,Staff Salaries for April 2024,Fleet Manager
EX0001102,FL003,2024-04-01,Driver Salaries,817567.0,Driver Salaries for April 2024,Fleet Manager
EX0001103,FL003,2024-04-01,Office Rent,139894.0,Office Rent for April 2024,Fleet Manager
EX0001104,FL003,2024-04-01,Utilities,29469.0,Utilities for April 2024,Fleet Manager
EX0001105,FL003,2024-04-01,Marketing,58817.0,Marketing for April 2024,Fleet Manager
EX0001106,FL003,2024-04-01,Insurance Premium,101405.0,Insurance Premium for April 2024,Fleet Manager
EX0001107,FL003,2024-04-01,Depreciation,117194.0,Depreciation for April 2024,Fleet Manager
EX0001108,FL003,2024-04-01,Miscellaneous,56866.0,Miscellaneous for April 2024,Fleet Manager
EX0001109,FL003,2024-04-01,Communication,28266.0,Communication for April 2024,Fleet Manager
EX0001110,FL003,2024-04-01,Parking / Garage,89447.0,Parking / Garage for April 2024,Fleet Manager
EX0001111,FL004,2024-04-01,Staff Salaries,451024.0,Staff Salaries for April 2024,Fleet Manager
EX0001112,FL004,2024-04-01,Driver Salaries,966851.0,Driver Salaries for April 2024,Fleet Manager
EX0001113,FL004,2024-04-01,Office Rent,130411.0,Office Rent for April 2024,Fleet Manager
EX0001114,FL004,2024-04-01,Utilities,25611.0,Utilities for April 2024,Fleet Manager
EX0001115,FL004,2024-04-01,Marketing,63406.0,Marketing for April 2024,Fleet Manager
EX0001116,FL004,2024-04-01,Insurance Premium,75949.0,Insurance Premium for April 2024,Fleet Manager
EX0001117,FL004,2024-04-01,Depreciation,103007.0,Depreciation for April 2024,Fleet Manager
EX0001118,FL004,2024-04-01,Miscellaneous,56081.0,Miscellaneous for April 2024,Fleet Manager
EX0001119,FL004,2024-04-01,Communication,28407.0,Communication for April 2024,Fleet Manager
EX0001120,FL004,2024-04-01,Parking / Garage,91453.0,Parking / Garage for April 2024,Fleet Manager
EX0001121,FL001,2024-05-01,Staff Salaries,589006.0,Staff Salaries for May 2024,Fleet Manager
EX0001122,FL001,2024-05-01,Driver Salaries,542503.0,Driver Salaries for May 2024,Fleet Manager
EX0001123,FL001,2024-05-01,Office Rent,85461.0,Office Rent for May 2024,Fleet Manager
EX0001124,FL001,2024-05-01,Utilities,20895.0,Utilities for May 2024,Fleet Manager
EX0001125,FL001,2024-05-01,Marketing,42362.0,Marketing for May 2024,Fleet Manager
EX0001126,FL001,2024-05-01,Insurance Premium,79310.0,Insurance Premium for May 2024,Fleet Manager
EX0001127,FL001,2024-05-01,Depreciation,104405.0,Depreciation for May 2024,Fleet Manager
EX0001128,FL001,2024-05-01,Miscellaneous,49702.0,Miscellaneous for May 2024,Fleet Manager
EX0001129,FL001,2024-05-01,Communication,18503.0,Communication for May 2024,Fleet Manager
EX0001130,FL001,2024-05-01,Parking / Garage,76284.0,Parking / Garage for May 2024,Fleet Manager
EX0001131,FL002,2024-05-01,Staff Salaries,518092.0,Staff Salaries for May 2024,Fleet Manager
EX0001132,FL002,2024-05-01,Driver Salaries,836023.0,Driver Salaries for May 2024,Fleet Manager
EX0001133,FL002,2024-05-01,Office Rent,109318.0,Office Rent for May 2024,Fleet Manager
EX0001134,FL002,2024-05-01,Utilities,28360.0,Utilities for May 2024,Fleet Manager
EX0001135,FL002,2024-05-01,Marketing,45245.0,Marketing for May 2024,Fleet Manager
EX0001136,FL002,2024-05-01,Insurance Premium,71342.0,Insurance Premium for May 2024,Fleet Manager
EX0001137,FL002,2024-05-01,Depreciation,122774.0,Depreciation for May 2024,Fleet Manager
EX0001138,FL002,2024-05-01,Miscellaneous,43559.0,Miscellaneous for May 2024,Fleet Manager
EX0001139,FL002,2024-05-01,Communication,23791.0,Communication for May 2024,Fleet Manager
EX0001140,FL002,2024-05-01,Parking / Garage,71781.0,Parking / Garage for May 2024,Fleet Manager
EX0001141,FL003,2024-05-01,Staff Salaries,609705.0,Staff Salaries for May 2024,Fleet Manager
EX0001142,FL003,2024-05-01,Driver Salaries,830198.0,Driver Salaries for May 2024,Fleet Manager
EX0001143,FL003,2024-05-01,Office Rent,139302.0,Office Rent for May 2024,Fleet Manager
EX0001144,FL003,2024-05-01,Utilities,30425.0,Utilities for May 2024,Fleet Manager
EX0001145,FL003,2024-05-01,Marketing,48664.0,Marketing for May 2024,Fleet Manager
EX0001146,FL003,2024-05-01,Insurance Premium,86827.0,Insurance Premium for May 2024,Fleet Manager
EX0001147,FL003,2024-05-01,Depreciation,120251.0,Depreciation for May 2024,Fleet Manager
EX0001148,FL003,2024-05-01,Miscellaneous,55872.0,Miscellaneous for May 2024,Fleet Manager
EX0001149,FL003,2024-05-01,Communication,34244.0,Communication for May 2024,Fleet Manager
EX0001150,FL003,2024-05-01,Parking / Garage,94607.0,Parking / Garage for May 2024,Fleet Manager
EX0001151,FL004,2024-05-01,Staff Salaries,456557.0,Staff Salaries for May 2024,Fleet Manager
EX0001152,FL004,2024-05-01,Driver Salaries,999318.0,Driver Salaries for May 2024,Fleet Manager
EX0001153,FL004,2024-05-01,Office Rent,99219.0,Office Rent for May 2024,Fleet Manager
EX0001154,FL004,2024-05-01,Utilities,32431.0,Utilities for May 2024,Fleet Manager
EX0001155,FL004,2024-05-01,Marketing,65148.0,Marketing for May 2024,Fleet Manager
EX0001156,FL004,2024-05-01,Insurance Premium,69492.0,Insurance Premium for May 2024,Fleet Manager
EX0001157,FL004,2024-05-01,Depreciation,99362.0,Depreciation for May 2024,Fleet Manager
EX0001158,FL004,2024-05-01,Miscellaneous,62031.0,Miscellaneous for May 2024,Fleet Manager
EX0001159,FL004,2024-05-01,Communication,24129.0,Communication for May 2024,Fleet Manager
EX0001160,FL004,2024-05-01,Parking / Garage,95536.0,Parking / Garage for May 2024,Fleet Manager
EX0001161,FL001,2024-06-01,Staff Salaries,613685.0,Staff Salaries for June 2024,Fleet Manager
EX0001162,FL001,2024-06-01,Driver Salaries,532062.0,Driver Salaries for June 2024,Fleet Manager
EX0001163,FL001,2024-06-01,Office Rent,79602.0,Office Rent for June 2024,Fleet Manager
EX0001164,FL001,2024-06-01,Utilities,22461.0,Utilities for June 2024,Fleet Manager
EX0001165,FL001,2024-06-01,Marketing,46073.0,Marketing for June 2024,Fleet Manager
EX0001166,FL001,2024-06-01,Insurance Premium,74380.0,Insurance Premium for June 2024,Fleet Manager
EX0001167,FL001,2024-06-01,Depreciation,84271.0,Depreciation for June 2024,Fleet Manager
EX0001168,FL001,2024-06-01,Miscellaneous,54212.0,Miscellaneous for June 2024,Fleet Manager
EX0001169,FL001,2024-06-01,Communication,20169.0,Communication for June 2024,Fleet Manager
EX0001170,FL001,2024-06-01,Parking / Garage,58387.0,Parking / Garage for June 2024,Fleet Manager
EX0001171,FL002,2024-06-01,Staff Salaries,497485.0,Staff Salaries for June 2024,Fleet Manager
EX0001172,FL002,2024-06-01,Driver Salaries,821060.0,Driver Salaries for June 2024,Fleet Manager
EX0001173,FL002,2024-06-01,Office Rent,88696.0,Office Rent for June 2024,Fleet Manager
EX0001174,FL002,2024-06-01,Utilities,27825.0,Utilities for June 2024,Fleet Manager
EX0001175,FL002,2024-06-01,Marketing,61465.0,Marketing for June 2024,Fleet Manager
EX0001176,FL002,2024-06-01,Insurance Premium,73274.0,Insurance Premium for June 2024,Fleet Manager
EX0001177,FL002,2024-06-01,Depreciation,114343.0,Depreciation for June 2024,Fleet Manager
EX0001178,FL002,2024-06-01,Miscellaneous,44698.0,Miscellaneous for June 2024,Fleet Manager
EX0001179,FL002,2024-06-01,Communication,30999.0,Communication for June 2024,Fleet Manager
EX0001180,FL002,2024-06-01,Parking / Garage,64442.0,Parking / Garage for June 2024,Fleet Manager
EX0001181,FL003,2024-06-01,Staff Salaries,647579.0,Staff Salaries for June 2024,Fleet Manager
EX0001182,FL003,2024-06-01,Driver Salaries,881110.0,Driver Salaries for June 2024,Fleet Manager
EX0001183,FL003,2024-06-01,Office Rent,139884.0,Office Rent for June 2024,Fleet Manager
EX0001184,FL003,2024-06-01,Utilities,25673.0,Utilities for June 2024,Fleet Manager
EX0001185,FL003,2024-06-01,Marketing,59857.0,Marketing for June 2024,Fleet Manager
EX0001186,FL003,2024-06-01,Insurance Premium,76666.0,Insurance Premium for June 2024,Fleet Manager
EX0001187,FL003,2024-06-01,Depreciation,105282.0,Depreciation for June 2024,Fleet Manager
EX0001188,FL003,2024-06-01,Miscellaneous,52831.0,Miscellaneous for June 2024,Fleet Manager
EX0001189,FL003,2024-06-01,Communication,31581.0,Communication for June 2024,Fleet Manager
EX0001190,FL003,2024-06-01,Parking / Garage,87494.0,Parking / Garage for June 2024,Fleet Manager
EX0001191,FL004,2024-06-01,Staff Salaries,467685.0,Staff Salaries for June 2024,Fleet Manager
EX0001192,FL004,2024-06-01,Driver Salaries,933030.0,Driver Salaries for June 2024,Fleet Manager
EX0001193,FL004,2024-06-01,Office Rent,117980.0,Office Rent for June 2024,Fleet Manager
EX0001194,FL004,2024-06-01,Utilities,29060.0,Utilities for June 2024,Fleet Manager
EX0001195,FL004,2024-06-01,Marketing,63525.0,Marketing for June 2024,Fleet Manager
EX0001196,FL004,2024-06-01,Insurance Premium,95080.0,Insurance Premium for June 2024,Fleet Manager
EX0001197,FL004,2024-06-01,Depreciation,91782.0,Depreciation for June 2024,Fleet Manager
EX0001198,FL004,2024-06-01,Miscellaneous,58112.0,Miscellaneous for June 2024,Fleet Manager
EX0001199,FL004,2024-06-01,Communication,27139.0,Communication for June 2024,Fleet Manager
EX0001200,FL004,2024-06-01,Parking / Garage,79031.0,Parking / Garage for June 2024,Fleet Manager
EX0001201,FL001,2024-07-01,Staff Salaries,612070.0,Staff Salaries for July 2024,Fleet Manager
EX0001202,FL001,2024-07-01,Driver Salaries,572915.0,Driver Salaries for July 2024,Fleet Manager
EX0001203,FL001,2024-07-01,Office Rent,85125.0,Office Rent for July 2024,Fleet Manager
EX0001204,FL001,2024-07-01,Utilities,19400.0,Utilities for July 2024,Fleet Manager
EX0001205,FL001,2024-07-01,Marketing,46279.0,Marketing for July 2024,Fleet Manager
EX0001206,FL001,2024-07-01,Insurance Premium,76876.0,Insurance Premium for July 2024,Fleet Manager
EX0001207,FL001,2024-07-01,Depreciation,97886.0,Depreciation for July 2024,Fleet Manager
EX0001208,FL001,2024-07-01,Miscellaneous,40738.0,Miscellaneous for July 2024,Fleet Manager
EX0001209,FL001,2024-07-01,Communication,23124.0,Communication for July 2024,Fleet Manager
EX0001210,FL001,2024-07-01,Parking / Garage,66448.0,Parking / Garage for July 2024,Fleet Manager
EX0001211,FL002,2024-07-01,Staff Salaries,507743.0,Staff Salaries for July 2024,Fleet Manager
EX0001212,FL002,2024-07-01,Driver Salaries,856041.0,Driver Salaries for July 2024,Fleet Manager
EX0001213,FL002,2024-07-01,Office Rent,123655.0,Office Rent for July 2024,Fleet Manager
EX0001214,FL002,2024-07-01,Utilities,21383.0,Utilities for July 2024,Fleet Manager
EX0001215,FL002,2024-07-01,Marketing,58522.0,Marketing for July 2024,Fleet Manager
EX0001216,FL002,2024-07-01,Insurance Premium,85365.0,Insurance Premium for July 2024,Fleet Manager
EX0001217,FL002,2024-07-01,Depreciation,92451.0,Depreciation for July 2024,Fleet Manager
EX0001218,FL002,2024-07-01,Miscellaneous,49185.0,Miscellaneous for July 2024,Fleet Manager
EX0001219,FL002,2024-07-01,Communication,29482.0,Communication for July 2024,Fleet Manager
EX0001220,FL002,2024-07-01,Parking / Garage,67213.0,Parking / Garage for July 2024,Fleet Manager
EX0001221,FL003,2024-07-01,Staff Salaries,603929.0,Staff Salaries for July 2024,Fleet Manager
EX0001222,FL003,2024-07-01,Driver Salaries,808766.0,Driver Salaries for July 2024,Fleet Manager
EX0001223,FL003,2024-07-01,Office Rent,96924.0,Office Rent for July 2024,Fleet Manager
EX0001224,FL003,2024-07-01,Utilities,27612.0,Utilities for July 2024,Fleet Manager
EX0001225,FL003,2024-07-01,Marketing,63015.0,Marketing for July 2024,Fleet Manager
EX0001226,FL003,2024-07-01,Insurance Premium,91278.0,Insurance Premium for July 2024,Fleet Manager
EX0001227,FL003,2024-07-01,Depreciation,132359.0,Depreciation for July 2024,Fleet Manager
EX0001228,FL003,2024-07-01,Miscellaneous,66657.0,Miscellaneous for July 2024,Fleet Manager
EX0001229,FL003,2024-07-01,Communication,31093.0,Communication for July 2024,Fleet Manager
EX0001230,FL003,2024-07-01,Parking / Garage,96236.0,Parking / Garage for July 2024,Fleet Manager
EX0001231,FL004,2024-07-01,Staff Salaries,437691.0,Staff Salaries for July 2024,Fleet Manager
EX0001232,FL004,2024-07-01,Driver Salaries,926082.0,Driver Salaries for July 2024,Fleet Manager
EX0001233,FL004,2024-07-01,Office Rent,115991.0,Office Rent for July 2024,Fleet Manager
EX0001234,FL004,2024-07-01,Utilities,25280.0,Utilities for July 2024,Fleet Manager
EX0001235,FL004,2024-07-01,Marketing,47045.0,Marketing for July 2024,Fleet Manager
EX0001236,FL004,2024-07-01,Insurance Premium,87754.0,Insurance Premium for July 2024,Fleet Manager
EX0001237,FL004,2024-07-01,Depreciation,111125.0,Depreciation for July 2024,Fleet Manager
EX0001238,FL004,2024-07-01,Miscellaneous,50760.0,Miscellaneous for July 2024,Fleet Manager
EX0001239,FL004,2024-07-01,Communication,28455.0,Communication for July 2024,Fleet Manager
EX0001240,FL004,2024-07-01,Parking / Garage,74502.0,Parking / Garage for July 2024,Fleet Manager
EX0001241,FL001,2024-08-01,Staff Salaries,583334.0,Staff Salaries for August 2024,Fleet Manager
EX0001242,FL001,2024-08-01,Driver Salaries,571471.0,Driver Salaries for August 2024,Fleet Manager
EX0001243,FL001,2024-08-01,Office Rent,99936.0,Office Rent for August 2024,Fleet Manager
EX0001244,FL001,2024-08-01,Utilities,25281.0,Utilities for August 2024,Fleet Manager
EX0001245,FL001,2024-08-01,Marketing,39391.0,Marketing for August 2024,Fleet Manager
EX0001246,FL001,2024-08-01,Insurance Premium,81689.0,Insurance Premium for August 2024,Fleet Manager
EX0001247,FL001,2024-08-01,Depreciation,79123.0,Depreciation for August 2024,Fleet Manager
EX0001248,FL001,2024-08-01,Miscellaneous,48277.0,Miscellaneous for August 2024,Fleet Manager
EX0001249,FL001,2024-08-01,Communication,22222.0,Communication for August 2024,Fleet Manager
EX0001250,FL001,2024-08-01,Parking / Garage,78706.0,Parking / Garage for August 2024,Fleet Manager
EX0001251,FL002,2024-08-01,Staff Salaries,514565.0,Staff Salaries for August 2024,Fleet Manager
EX0001252,FL002,2024-08-01,Driver Salaries,811148.0,Driver Salaries for August 2024,Fleet Manager
EX0001253,FL002,2024-08-01,Office Rent,102077.0,Office Rent for August 2024,Fleet Manager
EX0001254,FL002,2024-08-01,Utilities,31671.0,Utilities for August 2024,Fleet Manager
EX0001255,FL002,2024-08-01,Marketing,61761.0,Marketing for August 2024,Fleet Manager
EX0001256,FL002,2024-08-01,Insurance Premium,89177.0,Insurance Premium for August 2024,Fleet Manager
EX0001257,FL002,2024-08-01,Depreciation,105502.0,Depreciation for August 2024,Fleet Manager
EX0001258,FL002,2024-08-01,Miscellaneous,59673.0,Miscellaneous for August 2024,Fleet Manager
EX0001259,FL002,2024-08-01,Communication,22645.0,Communication for August 2024,Fleet Manager
EX0001260,FL002,2024-08-01,Parking / Garage,67513.0,Parking / Garage for August 2024,Fleet Manager
EX0001261,FL003,2024-08-01,Staff Salaries,629921.0,Staff Salaries for August 2024,Fleet Manager
EX0001262,FL003,2024-08-01,Driver Salaries,842779.0,Driver Salaries for August 2024,Fleet Manager
EX0001263,FL003,2024-08-01,Office Rent,106980.0,Office Rent for August 2024,Fleet Manager
EX0001264,FL003,2024-08-01,Utilities,29094.0,Utilities for August 2024,Fleet Manager
EX0001265,FL003,2024-08-01,Marketing,64044.0,Marketing for August 2024,Fleet Manager
EX0001266,FL003,2024-08-01,Insurance Premium,81680.0,Insurance Premium for August 2024,Fleet Manager
EX0001267,FL003,2024-08-01,Depreciation,118539.0,Depreciation for August 2024,Fleet Manager
EX0001268,FL003,2024-08-01,Miscellaneous,70706.0,Miscellaneous for August 2024,Fleet Manager
EX0001269,FL003,2024-08-01,Communication,29483.0,Communication for August 2024,Fleet Manager
EX0001270,FL003,2024-08-01,Parking / Garage,83584.0,Parking / Garage for August 2024,Fleet Manager
EX0001271,FL004,2024-08-01,Staff Salaries,456666.0,Staff Salaries for August 2024,Fleet Manager
EX0001272,FL004,2024-08-01,Driver Salaries,945576.0,Driver Salaries for August 2024,Fleet Manager
EX0001273,FL004,2024-08-01,Office Rent,113207.0,Office Rent for August 2024,Fleet Manager
EX0001274,FL004,2024-08-01,Utilities,29988.0,Utilities for August 2024,Fleet Manager
EX0001275,FL004,2024-08-01,Marketing,52274.0,Marketing for August 2024,Fleet Manager
EX0001276,FL004,2024-08-01,Insurance Premium,92315.0,Insurance Premium for August 2024,Fleet Manager
EX0001277,FL004,2024-08-01,Depreciation,92349.0,Depreciation for August 2024,Fleet Manager
EX0001278,FL004,2024-08-01,Miscellaneous,54989.0,Miscellaneous for August 2024,Fleet Manager
EX0001279,FL004,2024-08-01,Communication,23762.0,Communication for August 2024,Fleet Manager
EX0001280,FL004,2024-08-01,Parking / Garage,88762.0,Parking / Garage for August 2024,Fleet Manager
EX0001281,FL001,2024-09-01,Staff Salaries,591250.0,Staff Salaries for September 2024,Fleet Manager
EX0001282,FL001,2024-09-01,Driver Salaries,542549.0,Driver Salaries for September 2024,Fleet Manager
EX0001283,FL001,2024-09-01,Office Rent,85832.0,Office Rent for September 2024,Fleet Manager
EX0001284,FL001,2024-09-01,Utilities,19154.0,Utilities for September 2024,Fleet Manager
EX0001285,FL001,2024-09-01,Marketing,50179.0,Marketing for September 2024,Fleet Manager
EX0001286,FL001,2024-09-01,Insurance Premium,74657.0,Insurance Premium for September 2024,Fleet Manager
EX0001287,FL001,2024-09-01,Depreciation,108660.0,Depreciation for September 2024,Fleet Manager
EX0001288,FL001,2024-09-01,Miscellaneous,41768.0,Miscellaneous for September 2024,Fleet Manager
EX0001289,FL001,2024-09-01,Communication,19296.0,Communication for September 2024,Fleet Manager
EX0001290,FL001,2024-09-01,Parking / Garage,70784.0,Parking / Garage for September 2024,Fleet Manager
EX0001291,FL002,2024-09-01,Staff Salaries,508158.0,Staff Salaries for September 2024,Fleet Manager
EX0001292,FL002,2024-09-01,Driver Salaries,837456.0,Driver Salaries for September 2024,Fleet Manager
EX0001293,FL002,2024-09-01,Office Rent,118481.0,Office Rent for September 2024,Fleet Manager
EX0001294,FL002,2024-09-01,Utilities,30813.0,Utilities for September 2024,Fleet Manager
EX0001295,FL002,2024-09-01,Marketing,44905.0,Marketing for September 2024,Fleet Manager
EX0001296,FL002,2024-09-01,Insurance Premium,81019.0,Insurance Premium for September 2024,Fleet Manager
EX0001297,FL002,2024-09-01,Depreciation,124239.0,Depreciation for September 2024,Fleet Manager
EX0001298,FL002,2024-09-01,Miscellaneous,63536.0,Miscellaneous for September 2024,Fleet Manager
EX0001299,FL002,2024-09-01,Communication,23505.0,Communication for September 2024,Fleet Manager
EX0001300,FL002,2024-09-01,Parking / Garage,83082.0,Parking / Garage for September 2024,Fleet Manager
EX0001301,FL003,2024-09-01,Staff Salaries,648442.0,Staff Salaries for September 2024,Fleet Manager
EX0001302,FL003,2024-09-01,Driver Salaries,858929.0,Driver Salaries for September 2024,Fleet Manager
EX0001303,FL003,2024-09-01,Office Rent,136880.0,Office Rent for September 2024,Fleet Manager
EX0001304,FL003,2024-09-01,Utilities,31420.0,Utilities for September 2024,Fleet Manager
EX0001305,FL003,2024-09-01,Marketing,61391.0,Marketing for September 2024,Fleet Manager
EX0001306,FL003,2024-09-01,Insurance Premium,98004.0,Insurance Premium for September 2024,Fleet Manager
EX0001307,FL003,2024-09-01,Depreciation,105184.0,Depreciation for September 2024,Fleet Manager
EX0001308,FL003,2024-09-01,Miscellaneous,60330.0,Miscellaneous for September 2024,Fleet Manager
EX0001309,FL003,2024-09-01,Communication,32183.0,Communication for September 2024,Fleet Manager
EX0001310,FL003,2024-09-01,Parking / Garage,88153.0,Parking / Garage for September 2024,Fleet Manager
EX0001311,FL004,2024-09-01,Staff Salaries,436309.0,Staff Salaries for September 2024,Fleet Manager
EX0001312,FL004,2024-09-01,Driver Salaries,927581.0,Driver Salaries for September 2024,Fleet Manager
EX0001313,FL004,2024-09-01,Office Rent,97702.0,Office Rent for September 2024,Fleet Manager
EX0001314,FL004,2024-09-01,Utilities,23743.0,Utilities for September 2024,Fleet Manager
EX0001315,FL004,2024-09-01,Marketing,46336.0,Marketing for September 2024,Fleet Manager
EX0001316,FL004,2024-09-01,Insurance Premium,90180.0,Insurance Premium for September 2024,Fleet Manager
EX0001317,FL004,2024-09-01,Depreciation,124871.0,Depreciation for September 2024,Fleet Manager
EX0001318,FL004,2024-09-01,Miscellaneous,51883.0,Miscellaneous for September 2024,Fleet Manager
EX0001319,FL004,2024-09-01,Communication,31485.0,Communication for September 2024,Fleet Manager
EX0001320,FL004,2024-09-01,Parking / Garage,69738.0,Parking / Garage for September 2024,Fleet Manager
EX0001321,FL001,2024-10-01,Staff Salaries,588263.0,Staff Salaries for October 2024,Fleet Manager
EX0001322,FL001,2024-10-01,Driver Salaries,563871.0,Driver Salaries for October 2024,Fleet Manager
EX0001323,FL001,2024-10-01,Office Rent,81722.0,Office Rent for October 2024,Fleet Manager
EX0001324,FL001,2024-10-01,Utilities,25102.0,Utilities for October 2024,Fleet Manager
EX0001325,FL001,2024-10-01,Marketing,46048.0,Marketing for October 2024,Fleet Manager
EX0001326,FL001,2024-10-01,Insurance Premium,58733.0,Insurance Premium for October 2024,Fleet Manager
EX0001327,FL001,2024-10-01,Depreciation,83901.0,Depreciation for October 2024,Fleet Manager
EX0001328,FL001,2024-10-01,Miscellaneous,44033.0,Miscellaneous for October 2024,Fleet Manager
EX0001329,FL001,2024-10-01,Communication,21727.0,Communication for October 2024,Fleet Manager
EX0001330,FL001,2024-10-01,Parking / Garage,78644.0,Parking / Garage for October 2024,Fleet Manager
EX0001331,FL002,2024-10-01,Staff Salaries,507564.0,Staff Salaries for October 2024,Fleet Manager
EX0001332,FL002,2024-10-01,Driver Salaries,862513.0,Driver Salaries for October 2024,Fleet Manager
EX0001333,FL002,2024-10-01,Office Rent,98508.0,Office Rent for October 2024,Fleet Manager
EX0001334,FL002,2024-10-01,Utilities,27142.0,Utilities for October 2024,Fleet Manager
EX0001335,FL002,2024-10-01,Marketing,43052.0,Marketing for October 2024,Fleet Manager
EX0001336,FL002,2024-10-01,Insurance Premium,71773.0,Insurance Premium for October 2024,Fleet Manager
EX0001337,FL002,2024-10-01,Depreciation,97606.0,Depreciation for October 2024,Fleet Manager
EX0001338,FL002,2024-10-01,Miscellaneous,58566.0,Miscellaneous for October 2024,Fleet Manager
EX0001339,FL002,2024-10-01,Communication,26716.0,Communication for October 2024,Fleet Manager
EX0001340,FL002,2024-10-01,Parking / Garage,69823.0,Parking / Garage for October 2024,Fleet Manager
EX0001341,FL003,2024-10-01,Staff Salaries,602743.0,Staff Salaries for October 2024,Fleet Manager
EX0001342,FL003,2024-10-01,Driver Salaries,824044.0,Driver Salaries for October 2024,Fleet Manager
EX0001343,FL003,2024-10-01,Office Rent,137761.0,Office Rent for October 2024,Fleet Manager
EX0001344,FL003,2024-10-01,Utilities,31283.0,Utilities for October 2024,Fleet Manager
EX0001345,FL003,2024-10-01,Marketing,59717.0,Marketing for October 2024,Fleet Manager
EX0001346,FL003,2024-10-01,Insurance Premium,74019.0,Insurance Premium for October 2024,Fleet Manager
EX0001347,FL003,2024-10-01,Depreciation,103215.0,Depreciation for October 2024,Fleet Manager
EX0001348,FL003,2024-10-01,Miscellaneous,67508.0,Miscellaneous for October 2024,Fleet Manager
EX0001349,FL003,2024-10-01,Communication,25059.0,Communication for October 2024,Fleet Manager
EX0001350,FL003,2024-10-01,Parking / Garage,93522.0,Parking / Garage for October 2024,Fleet Manager
EX0001351,FL004,2024-10-01,Staff Salaries,459605.0,Staff Salaries for October 2024,Fleet Manager
EX0001352,FL004,2024-10-01,Driver Salaries,960278.0,Driver Salaries for October 2024,Fleet Manager
EX0001353,FL004,2024-10-01,Office Rent,93052.0,Office Rent for October 2024,Fleet Manager
EX0001354,FL004,2024-10-01,Utilities,25497.0,Utilities for October 2024,Fleet Manager
EX0001355,FL004,2024-10-01,Marketing,62465.0,Marketing for October 2024,Fleet Manager
EX0001356,FL004,2024-10-01,Insurance Premium,78949.0,Insurance Premium for October 2024,Fleet Manager
EX0001357,FL004,2024-10-01,Depreciation,107056.0,Depreciation for October 2024,Fleet Manager
EX0001358,FL004,2024-10-01,Miscellaneous,49921.0,Miscellaneous for October 2024,Fleet Manager
EX0001359,FL004,2024-10-01,Communication,32105.0,Communication for October 2024,Fleet Manager
EX0001360,FL004,2024-10-01,Parking / Garage,78588.0,Parking / Garage for October 2024,Fleet Manager
EX0001361,FL001,2024-11-01,Staff Salaries,620248.0,Staff Salaries for November 2024,Fleet Manager
EX0001362,FL001,2024-11-01,Driver Salaries,537249.0,Driver Salaries for November 2024,Fleet Manager
EX0001363,FL001,2024-11-01,Office Rent,101444.0,Office Rent for November 2024,Fleet Manager
EX0001364,FL001,2024-11-01,Utilities,27297.0,Utilities for November 2024,Fleet Manager
EX0001365,FL001,2024-11-01,Marketing,53715.0,Marketing for November 2024,Fleet Manager
EX0001366,FL001,2024-11-01,Insurance Premium,71561.0,Insurance Premium for November 2024,Fleet Manager
EX0001367,FL001,2024-11-01,Depreciation,96536.0,Depreciation for November 2024,Fleet Manager
EX0001368,FL001,2024-11-01,Miscellaneous,53073.0,Miscellaneous for November 2024,Fleet Manager
EX0001369,FL001,2024-11-01,Communication,21926.0,Communication for November 2024,Fleet Manager
EX0001370,FL001,2024-11-01,Parking / Garage,67375.0,Parking / Garage for November 2024,Fleet Manager
EX0001371,FL002,2024-11-01,Staff Salaries,492075.0,Staff Salaries for November 2024,Fleet Manager
EX0001372,FL002,2024-11-01,Driver Salaries,846237.0,Driver Salaries for November 2024,Fleet Manager
EX0001373,FL002,2024-11-01,Office Rent,95827.0,Office Rent for November 2024,Fleet Manager
EX0001374,FL002,2024-11-01,Utilities,23833.0,Utilities for November 2024,Fleet Manager
EX0001375,FL002,2024-11-01,Marketing,58115.0,Marketing for November 2024,Fleet Manager
EX0001376,FL002,2024-11-01,Insurance Premium,78885.0,Insurance Premium for November 2024,Fleet Manager
EX0001377,FL002,2024-11-01,Depreciation,118338.0,Depreciation for November 2024,Fleet Manager
EX0001378,FL002,2024-11-01,Miscellaneous,47819.0,Miscellaneous for November 2024,Fleet Manager
EX0001379,FL002,2024-11-01,Communication,31388.0,Communication for November 2024,Fleet Manager
EX0001380,FL002,2024-11-01,Parking / Garage,86940.0,Parking / Garage for November 2024,Fleet Manager
EX0001381,FL003,2024-11-01,Staff Salaries,605324.0,Staff Salaries for November 2024,Fleet Manager
EX0001382,FL003,2024-11-01,Driver Salaries,888956.0,Driver Salaries for November 2024,Fleet Manager
EX0001383,FL003,2024-11-01,Office Rent,102001.0,Office Rent for November 2024,Fleet Manager
EX0001384,FL003,2024-11-01,Utilities,28459.0,Utilities for November 2024,Fleet Manager
EX0001385,FL003,2024-11-01,Marketing,64207.0,Marketing for November 2024,Fleet Manager
EX0001386,FL003,2024-11-01,Insurance Premium,90086.0,Insurance Premium for November 2024,Fleet Manager
EX0001387,FL003,2024-11-01,Depreciation,98665.0,Depreciation for November 2024,Fleet Manager
EX0001388,FL003,2024-11-01,Miscellaneous,47642.0,Miscellaneous for November 2024,Fleet Manager
EX0001389,FL003,2024-11-01,Communication,32884.0,Communication for November 2024,Fleet Manager
EX0001390,FL003,2024-11-01,Parking / Garage,98463.0,Parking / Garage for November 2024,Fleet Manager
EX0001391,FL004,2024-11-01,Staff Salaries,443006.0,Staff Salaries for November 2024,Fleet Manager
EX0001392,FL004,2024-11-01,Driver Salaries,922715.0,Driver Salaries for November 2024,Fleet Manager
EX0001393,FL004,2024-11-01,Office Rent,97619.0,Office Rent for November 2024,Fleet Manager
EX0001394,FL004,2024-11-01,Utilities,23393.0,Utilities for November 2024,Fleet Manager
EX0001395,FL004,2024-11-01,Marketing,66708.0,Marketing for November 2024,Fleet Manager
EX0001396,FL004,2024-11-01,Insurance Premium,93886.0,Insurance Premium for November 2024,Fleet Manager
EX0001397,FL004,2024-11-01,Depreciation,126689.0,Depreciation for November 2024,Fleet Manager
EX0001398,FL004,2024-11-01,Miscellaneous,45284.0,Miscellaneous for November 2024,Fleet Manager
EX0001399,FL004,2024-11-01,Communication,25589.0,Communication for November 2024,Fleet Manager
EX0001400,FL004,2024-11-01,Parking / Garage,82929.0,Parking / Garage for November 2024,Fleet Manager
EX0001401,FL001,2024-12-01,Staff Salaries,626958.0,Staff Salaries for December 2024,Fleet Manager
EX0001402,FL001,2024-12-01,Driver Salaries,545816.0,Driver Salaries for December 2024,Fleet Manager
EX0001403,FL001,2024-12-01,Office Rent,98644.0,Office Rent for December 2024,Fleet Manager
EX0001404,FL001,2024-12-01,Utilities,26853.0,Utilities for December 2024,Fleet Manager
EX0001405,FL001,2024-12-01,Marketing,45487.0,Marketing for December 2024,Fleet Manager
EX0001406,FL001,2024-12-01,Insurance Premium,59761.0,Insurance Premium for December 2024,Fleet Manager
EX0001407,FL001,2024-12-01,Depreciation,93681.0,Depreciation for December 2024,Fleet Manager
EX0001408,FL001,2024-12-01,Miscellaneous,41456.0,Miscellaneous for December 2024,Fleet Manager
EX0001409,FL001,2024-12-01,Communication,23395.0,Communication for December 2024,Fleet Manager
EX0001410,FL001,2024-12-01,Parking / Garage,78593.0,Parking / Garage for December 2024,Fleet Manager
EX0001411,FL002,2024-12-01,Staff Salaries,498576.0,Staff Salaries for December 2024,Fleet Manager
EX0001412,FL002,2024-12-01,Driver Salaries,879745.0,Driver Salaries for December 2024,Fleet Manager
EX0001413,FL002,2024-12-01,Office Rent,123871.0,Office Rent for December 2024,Fleet Manager
EX0001414,FL002,2024-12-01,Utilities,25295.0,Utilities for December 2024,Fleet Manager
EX0001415,FL002,2024-12-01,Marketing,43116.0,Marketing for December 2024,Fleet Manager
EX0001416,FL002,2024-12-01,Insurance Premium,64349.0,Insurance Premium for December 2024,Fleet Manager
EX0001417,FL002,2024-12-01,Depreciation,95198.0,Depreciation for December 2024,Fleet Manager
EX0001418,FL002,2024-12-01,Miscellaneous,47402.0,Miscellaneous for December 2024,Fleet Manager
EX0001419,FL002,2024-12-01,Communication,26659.0,Communication for December 2024,Fleet Manager
EX0001420,FL002,2024-12-01,Parking / Garage,80722.0,Parking / Garage for December 2024,Fleet Manager
EX0001421,FL003,2024-12-01,Staff Salaries,635366.0,Staff Salaries for December 2024,Fleet Manager
EX0001422,FL003,2024-12-01,Driver Salaries,864910.0,Driver Salaries for December 2024,Fleet Manager
EX0001423,FL003,2024-12-01,Office Rent,115584.0,Office Rent for December 2024,Fleet Manager
EX0001424,FL003,2024-12-01,Utilities,27052.0,Utilities for December 2024,Fleet Manager
EX0001425,FL003,2024-12-01,Marketing,68630.0,Marketing for December 2024,Fleet Manager
EX0001426,FL003,2024-12-01,Insurance Premium,103963.0,Insurance Premium for December 2024,Fleet Manager
EX0001427,FL003,2024-12-01,Depreciation,127499.0,Depreciation for December 2024,Fleet Manager
EX0001428,FL003,2024-12-01,Miscellaneous,70361.0,Miscellaneous for December 2024,Fleet Manager
EX0001429,FL003,2024-12-01,Communication,30176.0,Communication for December 2024,Fleet Manager
EX0001430,FL003,2024-12-01,Parking / Garage,88170.0,Parking / Garage for December 2024,Fleet Manager
EX0001431,FL004,2024-12-01,Staff Salaries,446461.0,Staff Salaries for December 2024,Fleet Manager
EX0001432,FL004,2024-12-01,Driver Salaries,959457.0,Driver Salaries for December 2024,Fleet Manager
EX0001433,FL004,2024-12-01,Office Rent,91139.0,Office Rent for December 2024,Fleet Manager
EX0001434,FL004,2024-12-01,Utilities,23312.0,Utilities for December 2024,Fleet Manager
EX0001435,FL004,2024-12-01,Marketing,52469.0,Marketing for December 2024,Fleet Manager
EX0001436,FL004,2024-12-01,Insurance Premium,81659.0,Insurance Premium for December 2024,Fleet Manager
EX0001437,FL004,2024-12-01,Depreciation,125837.0,Depreciation for December 2024,Fleet Manager
EX0001438,FL004,2024-12-01,Miscellaneous,45171.0,Miscellaneous for December 2024,Fleet Manager
EX0001439,FL004,2024-12-01,Communication,28438.0,Communication for December 2024,Fleet Manager
EX0001440,FL004,2024-12-01,Parking / Garage,79684.0,Parking / Garage for December 2024,Fleet Manager
EX0001441,FL001,2025-01-01,Staff Salaries,604272.0,Staff Salaries for January 2025,Fleet Manager
EX0001442,FL001,2025-01-01,Driver Salaries,557022.0,Driver Salaries for January 2025,Fleet Manager
EX0001443,FL001,2025-01-01,Office Rent,99176.0,Office Rent for January 2025,Fleet Manager
EX0001444,FL001,2025-01-01,Utilities,19927.0,Utilities for January 2025,Fleet Manager
EX0001445,FL001,2025-01-01,Marketing,38357.0,Marketing for January 2025,Fleet Manager
EX0001446,FL001,2025-01-01,Insurance Premium,68203.0,Insurance Premium for January 2025,Fleet Manager
EX0001447,FL001,2025-01-01,Depreciation,108904.0,Depreciation for January 2025,Fleet Manager
EX0001448,FL001,2025-01-01,Miscellaneous,38189.0,Miscellaneous for January 2025,Fleet Manager
EX0001449,FL001,2025-01-01,Communication,25054.0,Communication for January 2025,Fleet Manager
EX0001450,FL001,2025-01-01,Parking / Garage,78131.0,Parking / Garage for January 2025,Fleet Manager
EX0001451,FL002,2025-01-01,Staff Salaries,479617.0,Staff Salaries for January 2025,Fleet Manager
EX0001452,FL002,2025-01-01,Driver Salaries,823685.0,Driver Salaries for January 2025,Fleet Manager
EX0001453,FL002,2025-01-01,Office Rent,103546.0,Office Rent for January 2025,Fleet Manager
EX0001454,FL002,2025-01-01,Utilities,28225.0,Utilities for January 2025,Fleet Manager
EX0001455,FL002,2025-01-01,Marketing,55758.0,Marketing for January 2025,Fleet Manager
EX0001456,FL002,2025-01-01,Insurance Premium,73578.0,Insurance Premium for January 2025,Fleet Manager
EX0001457,FL002,2025-01-01,Depreciation,107097.0,Depreciation for January 2025,Fleet Manager
EX0001458,FL002,2025-01-01,Miscellaneous,50150.0,Miscellaneous for January 2025,Fleet Manager
EX0001459,FL002,2025-01-01,Communication,31707.0,Communication for January 2025,Fleet Manager
EX0001460,FL002,2025-01-01,Parking / Garage,93013.0,Parking / Garage for January 2025,Fleet Manager
EX0001461,FL003,2025-01-01,Staff Salaries,632960.0,Staff Salaries for January 2025,Fleet Manager
EX0001462,FL003,2025-01-01,Driver Salaries,822960.0,Driver Salaries for January 2025,Fleet Manager
EX0001463,FL003,2025-01-01,Office Rent,97625.0,Office Rent for January 2025,Fleet Manager
EX0001464,FL003,2025-01-01,Utilities,23636.0,Utilities for January 2025,Fleet Manager
EX0001465,FL003,2025-01-01,Marketing,54339.0,Marketing for January 2025,Fleet Manager
EX0001466,FL003,2025-01-01,Insurance Premium,90767.0,Insurance Premium for January 2025,Fleet Manager
EX0001467,FL003,2025-01-01,Depreciation,109019.0,Depreciation for January 2025,Fleet Manager
EX0001468,FL003,2025-01-01,Miscellaneous,54168.0,Miscellaneous for January 2025,Fleet Manager
EX0001469,FL003,2025-01-01,Communication,34656.0,Communication for January 2025,Fleet Manager
EX0001470,FL003,2025-01-01,Parking / Garage,73416.0,Parking / Garage for January 2025,Fleet Manager
EX0001471,FL004,2025-01-01,Staff Salaries,453159.0,Staff Salaries for January 2025,Fleet Manager
EX0001472,FL004,2025-01-01,Driver Salaries,968749.0,Driver Salaries for January 2025,Fleet Manager
EX0001473,FL004,2025-01-01,Office Rent,95844.0,Office Rent for January 2025,Fleet Manager
EX0001474,FL004,2025-01-01,Utilities,31443.0,Utilities for January 2025,Fleet Manager
EX0001475,FL004,2025-01-01,Marketing,58391.0,Marketing for January 2025,Fleet Manager
EX0001476,FL004,2025-01-01,Insurance Premium,81877.0,Insurance Premium for January 2025,Fleet Manager
EX0001477,FL004,2025-01-01,Depreciation,97183.0,Depreciation for January 2025,Fleet Manager
EX0001478,FL004,2025-01-01,Miscellaneous,57614.0,Miscellaneous for January 2025,Fleet Manager
EX0001479,FL004,2025-01-01,Communication,26076.0,Communication for January 2025,Fleet Manager
EX0001480,FL004,2025-01-01,Parking / Garage,81580.0,Parking / Garage for January 2025,Fleet Manager
EX0001481,FL001,2025-02-01,Staff Salaries,615193.0,Staff Salaries for February 2025,Fleet Manager
EX0001482,FL001,2025-02-01,Driver Salaries,522397.0,Driver Salaries for February 2025,Fleet Manager
EX0001483,FL001,2025-02-01,Office Rent,97315.0,Office Rent for February 2025,Fleet Manager
EX0001484,FL001,2025-02-01,Utilities,19358.0,Utilities for February 2025,Fleet Manager
EX0001485,FL001,2025-02-01,Marketing,41103.0,Marketing for February 2025,Fleet Manager
EX0001486,FL001,2025-02-01,Insurance Premium,58610.0,Insurance Premium for February 2025,Fleet Manager
EX0001487,FL001,2025-02-01,Depreciation,104734.0,Depreciation for February 2025,Fleet Manager
EX0001488,FL001,2025-02-01,Miscellaneous,47102.0,Miscellaneous for February 2025,Fleet Manager
EX0001489,FL001,2025-02-01,Communication,18611.0,Communication for February 2025,Fleet Manager
EX0001490,FL001,2025-02-01,Parking / Garage,58291.0,Parking / Garage for February 2025,Fleet Manager
EX0001491,FL002,2025-02-01,Staff Salaries,469144.0,Staff Salaries for February 2025,Fleet Manager
EX0001492,FL002,2025-02-01,Driver Salaries,837839.0,Driver Salaries for February 2025,Fleet Manager
EX0001493,FL002,2025-02-01,Office Rent,109056.0,Office Rent for February 2025,Fleet Manager
EX0001494,FL002,2025-02-01,Utilities,28833.0,Utilities for February 2025,Fleet Manager
EX0001495,FL002,2025-02-01,Marketing,59165.0,Marketing for February 2025,Fleet Manager
EX0001496,FL002,2025-02-01,Insurance Premium,74733.0,Insurance Premium for February 2025,Fleet Manager
EX0001497,FL002,2025-02-01,Depreciation,119824.0,Depreciation for February 2025,Fleet Manager
EX0001498,FL002,2025-02-01,Miscellaneous,46096.0,Miscellaneous for February 2025,Fleet Manager
EX0001499,FL002,2025-02-01,Communication,28053.0,Communication for February 2025,Fleet Manager
EX0001500,FL002,2025-02-01,Parking / Garage,81314.0,Parking / Garage for February 2025,Fleet Manager
EX0001501,FL003,2025-02-01,Staff Salaries,593444.0,Staff Salaries for February 2025,Fleet Manager
EX0001502,FL003,2025-02-01,Driver Salaries,859231.0,Driver Salaries for February 2025,Fleet Manager
EX0001503,FL003,2025-02-01,Office Rent,118461.0,Office Rent for February 2025,Fleet Manager
EX0001504,FL003,2025-02-01,Utilities,29774.0,Utilities for February 2025,Fleet Manager
EX0001505,FL003,2025-02-01,Marketing,68683.0,Marketing for February 2025,Fleet Manager
EX0001506,FL003,2025-02-01,Insurance Premium,86238.0,Insurance Premium for February 2025,Fleet Manager
EX0001507,FL003,2025-02-01,Depreciation,123990.0,Depreciation for February 2025,Fleet Manager
EX0001508,FL003,2025-02-01,Miscellaneous,57804.0,Miscellaneous for February 2025,Fleet Manager
EX0001509,FL003,2025-02-01,Communication,29393.0,Communication for February 2025,Fleet Manager
EX0001510,FL003,2025-02-01,Parking / Garage,87659.0,Parking / Garage for February 2025,Fleet Manager
EX0001511,FL004,2025-02-01,Staff Salaries,440912.0,Staff Salaries for February 2025,Fleet Manager
EX0001512,FL004,2025-02-01,Driver Salaries,908062.0,Driver Salaries for February 2025,Fleet Manager
EX0001513,FL004,2025-02-01,Office Rent,118664.0,Office Rent for February 2025,Fleet Manager
EX0001514,FL004,2025-02-01,Utilities,23140.0,Utilities for February 2025,Fleet Manager
EX0001515,FL004,2025-02-01,Marketing,56623.0,Marketing for February 2025,Fleet Manager
EX0001516,FL004,2025-02-01,Insurance Premium,95635.0,Insurance Premium for February 2025,Fleet Manager
EX0001517,FL004,2025-02-01,Depreciation,134200.0,Depreciation for February 2025,Fleet Manager
EX0001518,FL004,2025-02-01,Miscellaneous,54917.0,Miscellaneous for February 2025,Fleet Manager
EX0001519,FL004,2025-02-01,Communication,22975.0,Communication for February 2025,Fleet Manager
EX0001520,FL004,2025-02-01,Parking / Garage,85565.0,Parking / Garage for February 2025,Fleet Manager
EX0001521,FL001,2025-03-01,Staff Salaries,595923.0,Staff Salaries for March 2025,Fleet Manager
EX0001522,FL001,2025-03-01,Driver Salaries,539819.0,Driver Salaries for March 2025,Fleet Manager
EX0001523,FL001,2025-03-01,Office Rent,98548.0,Office Rent for March 2025,Fleet Manager
EX0001524,FL001,2025-03-01,Utilities,26011.0,Utilities for March 2025,Fleet Manager
EX0001525,FL001,2025-03-01,Marketing,48513.0,Marketing for March 2025,Fleet Manager
EX0001526,FL001,2025-03-01,Insurance Premium,59714.0,Insurance Premium for March 2025,Fleet Manager
EX0001527,FL001,2025-03-01,Depreciation,95698.0,Depreciation for March 2025,Fleet Manager
EX0001528,FL001,2025-03-01,Miscellaneous,48893.0,Miscellaneous for March 2025,Fleet Manager
EX0001529,FL001,2025-03-01,Communication,21344.0,Communication for March 2025,Fleet Manager
EX0001530,FL001,2025-03-01,Parking / Garage,74148.0,Parking / Garage for March 2025,Fleet Manager
EX0001531,FL002,2025-03-01,Staff Salaries,504211.0,Staff Salaries for March 2025,Fleet Manager
EX0001532,FL002,2025-03-01,Driver Salaries,847718.0,Driver Salaries for March 2025,Fleet Manager
EX0001533,FL002,2025-03-01,Office Rent,93785.0,Office Rent for March 2025,Fleet Manager
EX0001534,FL002,2025-03-01,Utilities,31172.0,Utilities for March 2025,Fleet Manager
EX0001535,FL002,2025-03-01,Marketing,56278.0,Marketing for March 2025,Fleet Manager
EX0001536,FL002,2025-03-01,Insurance Premium,93646.0,Insurance Premium for March 2025,Fleet Manager
EX0001537,FL002,2025-03-01,Depreciation,122933.0,Depreciation for March 2025,Fleet Manager
EX0001538,FL002,2025-03-01,Miscellaneous,58296.0,Miscellaneous for March 2025,Fleet Manager
EX0001539,FL002,2025-03-01,Communication,23024.0,Communication for March 2025,Fleet Manager
EX0001540,FL002,2025-03-01,Parking / Garage,92319.0,Parking / Garage for March 2025,Fleet Manager
EX0001541,FL003,2025-03-01,Staff Salaries,606277.0,Staff Salaries for March 2025,Fleet Manager
EX0001542,FL003,2025-03-01,Driver Salaries,883925.0,Driver Salaries for March 2025,Fleet Manager
EX0001543,FL003,2025-03-01,Office Rent,136461.0,Office Rent for March 2025,Fleet Manager
EX0001544,FL003,2025-03-01,Utilities,26308.0,Utilities for March 2025,Fleet Manager
EX0001545,FL003,2025-03-01,Marketing,60761.0,Marketing for March 2025,Fleet Manager
EX0001546,FL003,2025-03-01,Insurance Premium,83906.0,Insurance Premium for March 2025,Fleet Manager
EX0001547,FL003,2025-03-01,Depreciation,122529.0,Depreciation for March 2025,Fleet Manager
EX0001548,FL003,2025-03-01,Miscellaneous,60046.0,Miscellaneous for March 2025,Fleet Manager
EX0001549,FL003,2025-03-01,Communication,26671.0,Communication for March 2025,Fleet Manager
EX0001550,FL003,2025-03-01,Parking / Garage,94419.0,Parking / Garage for March 2025,Fleet Manager
EX0001551,FL004,2025-03-01,Staff Salaries,441564.0,Staff Salaries for March 2025,Fleet Manager
EX0001552,FL004,2025-03-01,Driver Salaries,969294.0,Driver Salaries for March 2025,Fleet Manager
EX0001553,FL004,2025-03-01,Office Rent,116608.0,Office Rent for March 2025,Fleet Manager
EX0001554,FL004,2025-03-01,Utilities,23375.0,Utilities for March 2025,Fleet Manager
EX0001555,FL004,2025-03-01,Marketing,54657.0,Marketing for March 2025,Fleet Manager
EX0001556,FL004,2025-03-01,Insurance Premium,90869.0,Insurance Premium for March 2025,Fleet Manager
EX0001557,FL004,2025-03-01,Depreciation,121003.0,Depreciation for March 2025,Fleet Manager
EX0001558,FL004,2025-03-01,Miscellaneous,47321.0,Miscellaneous for March 2025,Fleet Manager
EX0001559,FL004,2025-03-01,Communication,26444.0,Communication for March 2025,Fleet Manager
EX0001560,FL004,2025-03-01,Parking / Garage,74034.0,Parking / Garage for March 2025,Fleet Manager
EX0001561,FL001,2025-04-01,Staff Salaries,580604.0,Staff Salaries for April 2025,Fleet Manager
EX0001562,FL001,2025-04-01,Driver Salaries,525646.0,Driver Salaries for April 2025,Fleet Manager
EX0001563,FL001,2025-04-01,Office Rent,101095.0,Office Rent for April 2025,Fleet Manager
EX0001564,FL001,2025-04-01,Utilities,19753.0,Utilities for April 2025,Fleet Manager
EX0001565,FL001,2025-04-01,Marketing,52014.0,Marketing for April 2025,Fleet Manager
EX0001566,FL001,2025-04-01,Insurance Premium,72930.0,Insurance Premium for April 2025,Fleet Manager
EX0001567,FL001,2025-04-01,Depreciation,96659.0,Depreciation for April 2025,Fleet Manager
EX0001568,FL001,2025-04-01,Miscellaneous,37160.0,Miscellaneous for April 2025,Fleet Manager
EX0001569,FL001,2025-04-01,Communication,26888.0,Communication for April 2025,Fleet Manager
EX0001570,FL001,2025-04-01,Parking / Garage,72781.0,Parking / Garage for April 2025,Fleet Manager
EX0001571,FL002,2025-04-01,Staff Salaries,479029.0,Staff Salaries for April 2025,Fleet Manager
EX0001572,FL002,2025-04-01,Driver Salaries,856517.0,Driver Salaries for April 2025,Fleet Manager
EX0001573,FL002,2025-04-01,Office Rent,124919.0,Office Rent for April 2025,Fleet Manager
EX0001574,FL002,2025-04-01,Utilities,29821.0,Utilities for April 2025,Fleet Manager
EX0001575,FL002,2025-04-01,Marketing,54632.0,Marketing for April 2025,Fleet Manager
EX0001576,FL002,2025-04-01,Insurance Premium,82589.0,Insurance Premium for April 2025,Fleet Manager
EX0001577,FL002,2025-04-01,Depreciation,93420.0,Depreciation for April 2025,Fleet Manager
EX0001578,FL002,2025-04-01,Miscellaneous,53408.0,Miscellaneous for April 2025,Fleet Manager
EX0001579,FL002,2025-04-01,Communication,26406.0,Communication for April 2025,Fleet Manager
EX0001580,FL002,2025-04-01,Parking / Garage,94741.0,Parking / Garage for April 2025,Fleet Manager
EX0001581,FL003,2025-04-01,Staff Salaries,606198.0,Staff Salaries for April 2025,Fleet Manager
EX0001582,FL003,2025-04-01,Driver Salaries,865710.0,Driver Salaries for April 2025,Fleet Manager
EX0001583,FL003,2025-04-01,Office Rent,105649.0,Office Rent for April 2025,Fleet Manager
EX0001584,FL003,2025-04-01,Utilities,30305.0,Utilities for April 2025,Fleet Manager
EX0001585,FL003,2025-04-01,Marketing,63915.0,Marketing for April 2025,Fleet Manager
EX0001586,FL003,2025-04-01,Insurance Premium,88280.0,Insurance Premium for April 2025,Fleet Manager
EX0001587,FL003,2025-04-01,Depreciation,96430.0,Depreciation for April 2025,Fleet Manager
EX0001588,FL003,2025-04-01,Miscellaneous,52982.0,Miscellaneous for April 2025,Fleet Manager
EX0001589,FL003,2025-04-01,Communication,34575.0,Communication for April 2025,Fleet Manager
EX0001590,FL003,2025-04-01,Parking / Garage,85269.0,Parking / Garage for April 2025,Fleet Manager
EX0001591,FL004,2025-04-01,Staff Salaries,445755.0,Staff Salaries for April 2025,Fleet Manager
EX0001592,FL004,2025-04-01,Driver Salaries,930778.0,Driver Salaries for April 2025,Fleet Manager
EX0001593,FL004,2025-04-01,Office Rent,111030.0,Office Rent for April 2025,Fleet Manager
EX0001594,FL004,2025-04-01,Utilities,27350.0,Utilities for April 2025,Fleet Manager
EX0001595,FL004,2025-04-01,Marketing,48171.0,Marketing for April 2025,Fleet Manager
EX0001596,FL004,2025-04-01,Insurance Premium,94727.0,Insurance Premium for April 2025,Fleet Manager
EX0001597,FL004,2025-04-01,Depreciation,107346.0,Depreciation for April 2025,Fleet Manager
EX0001598,FL004,2025-04-01,Miscellaneous,60027.0,Miscellaneous for April 2025,Fleet Manager
EX0001599,FL004,2025-04-01,Communication,27414.0,Communication for April 2025,Fleet Manager
EX0001600,FL004,2025-04-01,Parking / Garage,87259.0,Parking / Garage for April 2025,Fleet Manager
EX0001601,FL001,2025-05-01,Staff Salaries,588441.0,Staff Salaries for May 2025,Fleet Manager
EX0001602,FL001,2025-05-01,Driver Salaries,573620.0,Driver Salaries for May 2025,Fleet Manager
EX0001603,FL001,2025-05-01,Office Rent,83997.0,Office Rent for May 2025,Fleet Manager
EX0001604,FL001,2025-05-01,Utilities,21452.0,Utilities for May 2025,Fleet Manager
EX0001605,FL001,2025-05-01,Marketing,52604.0,Marketing for May 2025,Fleet Manager
EX0001606,FL001,2025-05-01,Insurance Premium,79624.0,Insurance Premium for May 2025,Fleet Manager
EX0001607,FL001,2025-05-01,Depreciation,89484.0,Depreciation for May 2025,Fleet Manager
EX0001608,FL001,2025-05-01,Miscellaneous,48606.0,Miscellaneous for May 2025,Fleet Manager
EX0001609,FL001,2025-05-01,Communication,19639.0,Communication for May 2025,Fleet Manager
EX0001610,FL001,2025-05-01,Parking / Garage,62363.0,Parking / Garage for May 2025,Fleet Manager
EX0001611,FL002,2025-05-01,Staff Salaries,473424.0,Staff Salaries for May 2025,Fleet Manager
EX0001612,FL002,2025-05-01,Driver Salaries,827965.0,Driver Salaries for May 2025,Fleet Manager
EX0001613,FL002,2025-05-01,Office Rent,116219.0,Office Rent for May 2025,Fleet Manager
EX0001614,FL002,2025-05-01,Utilities,22071.0,Utilities for May 2025,Fleet Manager
EX0001615,FL002,2025-05-01,Marketing,45203.0,Marketing for May 2025,Fleet Manager
EX0001616,FL002,2025-05-01,Insurance Premium,91789.0,Insurance Premium for May 2025,Fleet Manager
EX0001617,FL002,2025-05-01,Depreciation,117132.0,Depreciation for May 2025,Fleet Manager
EX0001618,FL002,2025-05-01,Miscellaneous,46368.0,Miscellaneous for May 2025,Fleet Manager
EX0001619,FL002,2025-05-01,Communication,27656.0,Communication for May 2025,Fleet Manager
EX0001620,FL002,2025-05-01,Parking / Garage,78974.0,Parking / Garage for May 2025,Fleet Manager
EX0001621,FL003,2025-05-01,Staff Salaries,617084.0,Staff Salaries for May 2025,Fleet Manager
EX0001622,FL003,2025-05-01,Driver Salaries,819054.0,Driver Salaries for May 2025,Fleet Manager
EX0001623,FL003,2025-05-01,Office Rent,102025.0,Office Rent for May 2025,Fleet Manager
EX0001624,FL003,2025-05-01,Utilities,24714.0,Utilities for May 2025,Fleet Manager
EX0001625,FL003,2025-05-01,Marketing,70277.0,Marketing for May 2025,Fleet Manager
EX0001626,FL003,2025-05-01,Insurance Premium,80087.0,Insurance Premium for May 2025,Fleet Manager
EX0001627,FL003,2025-05-01,Depreciation,119397.0,Depreciation for May 2025,Fleet Manager
EX0001628,FL003,2025-05-01,Miscellaneous,59544.0,Miscellaneous for May 2025,Fleet Manager
EX0001629,FL003,2025-05-01,Communication,33163.0,Communication for May 2025,Fleet Manager
EX0001630,FL003,2025-05-01,Parking / Garage,89440.0,Parking / Garage for May 2025,Fleet Manager
EX0001631,FL004,2025-05-01,Staff Salaries,438619.0,Staff Salaries for May 2025,Fleet Manager
EX0001632,FL004,2025-05-01,Driver Salaries,966601.0,Driver Salaries for May 2025,Fleet Manager
EX0001633,FL004,2025-05-01,Office Rent,128816.0,Office Rent for May 2025,Fleet Manager
EX0001634,FL004,2025-05-01,Utilities,30912.0,Utilities for May 2025,Fleet Manager
EX0001635,FL004,2025-05-01,Marketing,54193.0,Marketing for May 2025,Fleet Manager
EX0001636,FL004,2025-05-01,Insurance Premium,77099.0,Insurance Premium for May 2025,Fleet Manager
EX0001637,FL004,2025-05-01,Depreciation,119868.0,Depreciation for May 2025,Fleet Manager
EX0001638,FL004,2025-05-01,Miscellaneous,55693.0,Miscellaneous for May 2025,Fleet Manager
EX0001639,FL004,2025-05-01,Communication,32601.0,Communication for May 2025,Fleet Manager
EX0001640,FL004,2025-05-01,Parking / Garage,94562.0,Parking / Garage for May 2025,Fleet Manager
EX0001641,FL001,2025-06-01,Staff Salaries,605138.0,Staff Salaries for June 2025,Fleet Manager
EX0001642,FL001,2025-06-01,Driver Salaries,538394.0,Driver Salaries for June 2025,Fleet Manager
EX0001643,FL001,2025-06-01,Office Rent,106409.0,Office Rent for June 2025,Fleet Manager
EX0001644,FL001,2025-06-01,Utilities,20639.0,Utilities for June 2025,Fleet Manager
EX0001645,FL001,2025-06-01,Marketing,36883.0,Marketing for June 2025,Fleet Manager
EX0001646,FL001,2025-06-01,Insurance Premium,69926.0,Insurance Premium for June 2025,Fleet Manager
EX0001647,FL001,2025-06-01,Depreciation,81082.0,Depreciation for June 2025,Fleet Manager
EX0001648,FL001,2025-06-01,Miscellaneous,44777.0,Miscellaneous for June 2025,Fleet Manager
EX0001649,FL001,2025-06-01,Communication,26298.0,Communication for June 2025,Fleet Manager
EX0001650,FL001,2025-06-01,Parking / Garage,69417.0,Parking / Garage for June 2025,Fleet Manager
EX0001651,FL002,2025-06-01,Staff Salaries,517043.0,Staff Salaries for June 2025,Fleet Manager
EX0001652,FL002,2025-06-01,Driver Salaries,861124.0,Driver Salaries for June 2025,Fleet Manager
EX0001653,FL002,2025-06-01,Office Rent,93540.0,Office Rent for June 2025,Fleet Manager
EX0001654,FL002,2025-06-01,Utilities,23339.0,Utilities for June 2025,Fleet Manager
EX0001655,FL002,2025-06-01,Marketing,51510.0,Marketing for June 2025,Fleet Manager
EX0001656,FL002,2025-06-01,Insurance Premium,77344.0,Insurance Premium for June 2025,Fleet Manager
EX0001657,FL002,2025-06-01,Depreciation,91568.0,Depreciation for June 2025,Fleet Manager
EX0001658,FL002,2025-06-01,Miscellaneous,63647.0,Miscellaneous for June 2025,Fleet Manager
EX0001659,FL002,2025-06-01,Communication,27107.0,Communication for June 2025,Fleet Manager
EX0001660,FL002,2025-06-01,Parking / Garage,80623.0,Parking / Garage for June 2025,Fleet Manager
EX0001661,FL003,2025-06-01,Staff Salaries,640872.0,Staff Salaries for June 2025,Fleet Manager
EX0001662,FL003,2025-06-01,Driver Salaries,836720.0,Driver Salaries for June 2025,Fleet Manager
EX0001663,FL003,2025-06-01,Office Rent,99766.0,Office Rent for June 2025,Fleet Manager
EX0001664,FL003,2025-06-01,Utilities,27145.0,Utilities for June 2025,Fleet Manager
EX0001665,FL003,2025-06-01,Marketing,54949.0,Marketing for June 2025,Fleet Manager
EX0001666,FL003,2025-06-01,Insurance Premium,86803.0,Insurance Premium for June 2025,Fleet Manager
EX0001667,FL003,2025-06-01,Depreciation,137574.0,Depreciation for June 2025,Fleet Manager
EX0001668,FL003,2025-06-01,Miscellaneous,64326.0,Miscellaneous for June 2025,Fleet Manager
EX0001669,FL003,2025-06-01,Communication,30816.0,Communication for June 2025,Fleet Manager
EX0001670,FL003,2025-06-01,Parking / Garage,95464.0,Parking / Garage for June 2025,Fleet Manager
EX0001671,FL004,2025-06-01,Staff Salaries,431970.0,Staff Salaries for June 2025,Fleet Manager
EX0001672,FL004,2025-06-01,Driver Salaries,920638.0,Driver Salaries for June 2025,Fleet Manager
EX0001673,FL004,2025-06-01,Office Rent,111145.0,Office Rent for June 2025,Fleet Manager
EX0001674,FL004,2025-06-01,Utilities,22928.0,Utilities for June 2025,Fleet Manager
EX0001675,FL004,2025-06-01,Marketing,56259.0,Marketing for June 2025,Fleet Manager
EX0001676,FL004,2025-06-01,Insurance Premium,77058.0,Insurance Premium for June 2025,Fleet Manager
EX0001677,FL004,2025-06-01,Depreciation,128449.0,Depreciation for June 2025,Fleet Manager
EX0001678,FL004,2025-06-01,Miscellaneous,58157.0,Miscellaneous for June 2025,Fleet Manager
EX0001679,FL004,2025-06-01,Communication,23860.0,Communication for June 2025,Fleet Manager
EX0001680,FL004,2025-06-01,Parking / Garage,72717.0,Parking / Garage for June 2025,Fleet Manager
EX0001681,FL001,2025-07-01,Staff Salaries,619230.0,Staff Salaries for July 2025,Fleet Manager
EX0001682,FL001,2025-07-01,Driver Salaries,528050.0,Driver Salaries for July 2025,Fleet Manager
EX0001683,FL001,2025-07-01,Office Rent,86730.0,Office Rent for July 2025,Fleet Manager
EX0001684,FL001,2025-07-01,Utilities,21221.0,Utilities for July 2025,Fleet Manager
EX0001685,FL001,2025-07-01,Marketing,55181.0,Marketing for July 2025,Fleet Manager
EX0001686,FL001,2025-07-01,Insurance Premium,65076.0,Insurance Premium for July 2025,Fleet Manager
EX0001687,FL001,2025-07-01,Depreciation,108882.0,Depreciation for July 2025,Fleet Manager
EX0001688,FL001,2025-07-01,Miscellaneous,52918.0,Miscellaneous for July 2025,Fleet Manager
EX0001689,FL001,2025-07-01,Communication,22040.0,Communication for July 2025,Fleet Manager
EX0001690,FL001,2025-07-01,Parking / Garage,66150.0,Parking / Garage for July 2025,Fleet Manager
EX0001691,FL002,2025-07-01,Staff Salaries,501293.0,Staff Salaries for July 2025,Fleet Manager
EX0001692,FL002,2025-07-01,Driver Salaries,803075.0,Driver Salaries for July 2025,Fleet Manager
EX0001693,FL002,2025-07-01,Office Rent,89303.0,Office Rent for July 2025,Fleet Manager
EX0001694,FL002,2025-07-01,Utilities,30583.0,Utilities for July 2025,Fleet Manager
EX0001695,FL002,2025-07-01,Marketing,62079.0,Marketing for July 2025,Fleet Manager
EX0001696,FL002,2025-07-01,Insurance Premium,90564.0,Insurance Premium for July 2025,Fleet Manager
EX0001697,FL002,2025-07-01,Depreciation,119429.0,Depreciation for July 2025,Fleet Manager
EX0001698,FL002,2025-07-01,Miscellaneous,48362.0,Miscellaneous for July 2025,Fleet Manager
EX0001699,FL002,2025-07-01,Communication,29237.0,Communication for July 2025,Fleet Manager
EX0001700,FL002,2025-07-01,Parking / Garage,77919.0,Parking / Garage for July 2025,Fleet Manager
EX0001701,FL003,2025-07-01,Staff Salaries,624901.0,Staff Salaries for July 2025,Fleet Manager
EX0001702,FL003,2025-07-01,Driver Salaries,870431.0,Driver Salaries for July 2025,Fleet Manager
EX0001703,FL003,2025-07-01,Office Rent,141513.0,Office Rent for July 2025,Fleet Manager
EX0001704,FL003,2025-07-01,Utilities,33644.0,Utilities for July 2025,Fleet Manager
EX0001705,FL003,2025-07-01,Marketing,59039.0,Marketing for July 2025,Fleet Manager
EX0001706,FL003,2025-07-01,Insurance Premium,91923.0,Insurance Premium for July 2025,Fleet Manager
EX0001707,FL003,2025-07-01,Depreciation,99974.0,Depreciation for July 2025,Fleet Manager
EX0001708,FL003,2025-07-01,Miscellaneous,50872.0,Miscellaneous for July 2025,Fleet Manager
EX0001709,FL003,2025-07-01,Communication,26155.0,Communication for July 2025,Fleet Manager
EX0001710,FL003,2025-07-01,Parking / Garage,91978.0,Parking / Garage for July 2025,Fleet Manager
EX0001711,FL004,2025-07-01,Staff Salaries,463273.0,Staff Salaries for July 2025,Fleet Manager
EX0001712,FL004,2025-07-01,Driver Salaries,942794.0,Driver Salaries for July 2025,Fleet Manager
EX0001713,FL004,2025-07-01,Office Rent,103371.0,Office Rent for July 2025,Fleet Manager
EX0001714,FL004,2025-07-01,Utilities,29642.0,Utilities for July 2025,Fleet Manager
EX0001715,FL004,2025-07-01,Marketing,64317.0,Marketing for July 2025,Fleet Manager
EX0001716,FL004,2025-07-01,Insurance Premium,67930.0,Insurance Premium for July 2025,Fleet Manager
EX0001717,FL004,2025-07-01,Depreciation,97481.0,Depreciation for July 2025,Fleet Manager
EX0001718,FL004,2025-07-01,Miscellaneous,53455.0,Miscellaneous for July 2025,Fleet Manager
EX0001719,FL004,2025-07-01,Communication,29801.0,Communication for July 2025,Fleet Manager
EX0001720,FL004,2025-07-01,Parking / Garage,86864.0,Parking / Garage for July 2025,Fleet Manager
EX0001721,FL001,2025-08-01,Staff Salaries,628721.0,Staff Salaries for August 2025,Fleet Manager
EX0001722,FL001,2025-08-01,Driver Salaries,541563.0,Driver Salaries for August 2025,Fleet Manager
EX0001723,FL001,2025-08-01,Office Rent,110164.0,Office Rent for August 2025,Fleet Manager
EX0001724,FL001,2025-08-01,Utilities,19909.0,Utilities for August 2025,Fleet Manager
EX0001725,FL001,2025-08-01,Marketing,43875.0,Marketing for August 2025,Fleet Manager
EX0001726,FL001,2025-08-01,Insurance Premium,79503.0,Insurance Premium for August 2025,Fleet Manager
EX0001727,FL001,2025-08-01,Depreciation,107751.0,Depreciation for August 2025,Fleet Manager
EX0001728,FL001,2025-08-01,Miscellaneous,54295.0,Miscellaneous for August 2025,Fleet Manager
EX0001729,FL001,2025-08-01,Communication,22144.0,Communication for August 2025,Fleet Manager
EX0001730,FL001,2025-08-01,Parking / Garage,67142.0,Parking / Garage for August 2025,Fleet Manager
EX0001731,FL002,2025-08-01,Staff Salaries,474656.0,Staff Salaries for August 2025,Fleet Manager
EX0001732,FL002,2025-08-01,Driver Salaries,820910.0,Driver Salaries for August 2025,Fleet Manager
EX0001733,FL002,2025-08-01,Office Rent,96400.0,Office Rent for August 2025,Fleet Manager
EX0001734,FL002,2025-08-01,Utilities,28900.0,Utilities for August 2025,Fleet Manager
EX0001735,FL002,2025-08-01,Marketing,59653.0,Marketing for August 2025,Fleet Manager
EX0001736,FL002,2025-08-01,Insurance Premium,82547.0,Insurance Premium for August 2025,Fleet Manager
EX0001737,FL002,2025-08-01,Depreciation,116252.0,Depreciation for August 2025,Fleet Manager
EX0001738,FL002,2025-08-01,Miscellaneous,45207.0,Miscellaneous for August 2025,Fleet Manager
EX0001739,FL002,2025-08-01,Communication,29021.0,Communication for August 2025,Fleet Manager
EX0001740,FL002,2025-08-01,Parking / Garage,85368.0,Parking / Garage for August 2025,Fleet Manager
EX0001741,FL003,2025-08-01,Staff Salaries,645235.0,Staff Salaries for August 2025,Fleet Manager
EX0001742,FL003,2025-08-01,Driver Salaries,831855.0,Driver Salaries for August 2025,Fleet Manager
EX0001743,FL003,2025-08-01,Office Rent,113014.0,Office Rent for August 2025,Fleet Manager
EX0001744,FL003,2025-08-01,Utilities,24491.0,Utilities for August 2025,Fleet Manager
EX0001745,FL003,2025-08-01,Marketing,63949.0,Marketing for August 2025,Fleet Manager
EX0001746,FL003,2025-08-01,Insurance Premium,78670.0,Insurance Premium for August 2025,Fleet Manager
EX0001747,FL003,2025-08-01,Depreciation,115517.0,Depreciation for August 2025,Fleet Manager
EX0001748,FL003,2025-08-01,Miscellaneous,49795.0,Miscellaneous for August 2025,Fleet Manager
EX0001749,FL003,2025-08-01,Communication,30849.0,Communication for August 2025,Fleet Manager
EX0001750,FL003,2025-08-01,Parking / Garage,102318.0,Parking / Garage for August 2025,Fleet Manager
EX0001751,FL004,2025-08-01,Staff Salaries,435691.0,Staff Salaries for August 2025,Fleet Manager
EX0001752,FL004,2025-08-01,Driver Salaries,931264.0,Driver Salaries for August 2025,Fleet Manager
EX0001753,FL004,2025-08-01,Office Rent,131250.0,Office Rent for August 2025,Fleet Manager
EX0001754,FL004,2025-08-01,Utilities,33414.0,Utilities for August 2025,Fleet Manager
EX0001755,FL004,2025-08-01,Marketing,55150.0,Marketing for August 2025,Fleet Manager
EX0001756,FL004,2025-08-01,Insurance Premium,96133.0,Insurance Premium for August 2025,Fleet Manager
EX0001757,FL004,2025-08-01,Depreciation,114987.0,Depreciation for August 2025,Fleet Manager
EX0001758,FL004,2025-08-01,Miscellaneous,59181.0,Miscellaneous for August 2025,Fleet Manager
EX0001759,FL004,2025-08-01,Communication,29544.0,Communication for August 2025,Fleet Manager
EX0001760,FL004,2025-08-01,Parking / Garage,76795.0,Parking / Garage for August 2025,Fleet Manager
EX0001761,FL001,2025-09-01,Staff Salaries,591190.0,Staff Salaries for September 2025,Fleet Manager
EX0001762,FL001,2025-09-01,Driver Salaries,548976.0,Driver Salaries for September 2025,Fleet Manager
EX0001763,FL001,2025-09-01,Office Rent,74232.0,Office Rent for September 2025,Fleet Manager
EX0001764,FL001,2025-09-01,Utilities,21002.0,Utilities for September 2025,Fleet Manager
EX0001765,FL001,2025-09-01,Marketing,37682.0,Marketing for September 2025,Fleet Manager
EX0001766,FL001,2025-09-01,Insurance Premium,59005.0,Insurance Premium for September 2025,Fleet Manager
EX0001767,FL001,2025-09-01,Depreciation,96999.0,Depreciation for September 2025,Fleet Manager
EX0001768,FL001,2025-09-01,Miscellaneous,49143.0,Miscellaneous for September 2025,Fleet Manager
EX0001769,FL001,2025-09-01,Communication,19072.0,Communication for September 2025,Fleet Manager
EX0001770,FL001,2025-09-01,Parking / Garage,78467.0,Parking / Garage for September 2025,Fleet Manager
EX0001771,FL002,2025-09-01,Staff Salaries,502816.0,Staff Salaries for September 2025,Fleet Manager
EX0001772,FL002,2025-09-01,Driver Salaries,871030.0,Driver Salaries for September 2025,Fleet Manager
EX0001773,FL002,2025-09-01,Office Rent,95855.0,Office Rent for September 2025,Fleet Manager
EX0001774,FL002,2025-09-01,Utilities,25160.0,Utilities for September 2025,Fleet Manager
EX0001775,FL002,2025-09-01,Marketing,54108.0,Marketing for September 2025,Fleet Manager
EX0001776,FL002,2025-09-01,Insurance Premium,87199.0,Insurance Premium for September 2025,Fleet Manager
EX0001777,FL002,2025-09-01,Depreciation,117917.0,Depreciation for September 2025,Fleet Manager
EX0001778,FL002,2025-09-01,Miscellaneous,56144.0,Miscellaneous for September 2025,Fleet Manager
EX0001779,FL002,2025-09-01,Communication,25775.0,Communication for September 2025,Fleet Manager
EX0001780,FL002,2025-09-01,Parking / Garage,75651.0,Parking / Garage for September 2025,Fleet Manager
EX0001781,FL003,2025-09-01,Staff Salaries,609582.0,Staff Salaries for September 2025,Fleet Manager
EX0001782,FL003,2025-09-01,Driver Salaries,820855.0,Driver Salaries for September 2025,Fleet Manager
EX0001783,FL003,2025-09-01,Office Rent,107119.0,Office Rent for September 2025,Fleet Manager
EX0001784,FL003,2025-09-01,Utilities,26387.0,Utilities for September 2025,Fleet Manager
EX0001785,FL003,2025-09-01,Marketing,68887.0,Marketing for September 2025,Fleet Manager
EX0001786,FL003,2025-09-01,Insurance Premium,105769.0,Insurance Premium for September 2025,Fleet Manager
EX0001787,FL003,2025-09-01,Depreciation,111998.0,Depreciation for September 2025,Fleet Manager
EX0001788,FL003,2025-09-01,Miscellaneous,68375.0,Miscellaneous for September 2025,Fleet Manager
EX0001789,FL003,2025-09-01,Communication,31888.0,Communication for September 2025,Fleet Manager
EX0001790,FL003,2025-09-01,Parking / Garage,98554.0,Parking / Garage for September 2025,Fleet Manager
EX0001791,FL004,2025-09-01,Staff Salaries,445359.0,Staff Salaries for September 2025,Fleet Manager
EX0001792,FL004,2025-09-01,Driver Salaries,936905.0,Driver Salaries for September 2025,Fleet Manager
EX0001793,FL004,2025-09-01,Office Rent,118728.0,Office Rent for September 2025,Fleet Manager
EX0001794,FL004,2025-09-01,Utilities,26232.0,Utilities for September 2025,Fleet Manager
EX0001795,FL004,2025-09-01,Marketing,51752.0,Marketing for September 2025,Fleet Manager
EX0001796,FL004,2025-09-01,Insurance Premium,72698.0,Insurance Premium for September 2025,Fleet Manager
EX0001797,FL004,2025-09-01,Depreciation,120083.0,Depreciation for September 2025,Fleet Manager
EX0001798,FL004,2025-09-01,Miscellaneous,58112.0,Miscellaneous for September 2025,Fleet Manager
EX0001799,FL004,2025-09-01,Communication,25667.0,Communication for September 2025,Fleet Manager
EX0001800,FL004,2025-09-01,Parking / Garage,78545.0,Parking / Garage for September 2025,Fleet Manager
EX0001801,FL001,2025-10-01,Staff Salaries,576146.0,Staff Salaries for October 2025,Fleet Manager
EX0001802,FL001,2025-10-01,Driver Salaries,543210.0,Driver Salaries for October 2025,Fleet Manager
EX0001803,FL001,2025-10-01,Office Rent,86960.0,Office Rent for October 2025,Fleet Manager
EX0001804,FL001,2025-10-01,Utilities,24372.0,Utilities for October 2025,Fleet Manager
EX0001805,FL001,2025-10-01,Marketing,37184.0,Marketing for October 2025,Fleet Manager
EX0001806,FL001,2025-10-01,Insurance Premium,62382.0,Insurance Premium for October 2025,Fleet Manager
EX0001807,FL001,2025-10-01,Depreciation,110046.0,Depreciation for October 2025,Fleet Manager
EX0001808,FL001,2025-10-01,Miscellaneous,44464.0,Miscellaneous for October 2025,Fleet Manager
EX0001809,FL001,2025-10-01,Communication,25438.0,Communication for October 2025,Fleet Manager
EX0001810,FL001,2025-10-01,Parking / Garage,65347.0,Parking / Garage for October 2025,Fleet Manager
EX0001811,FL002,2025-10-01,Staff Salaries,516200.0,Staff Salaries for October 2025,Fleet Manager
EX0001812,FL002,2025-10-01,Driver Salaries,829485.0,Driver Salaries for October 2025,Fleet Manager
EX0001813,FL002,2025-10-01,Office Rent,101174.0,Office Rent for October 2025,Fleet Manager
EX0001814,FL002,2025-10-01,Utilities,21940.0,Utilities for October 2025,Fleet Manager
EX0001815,FL002,2025-10-01,Marketing,59309.0,Marketing for October 2025,Fleet Manager
EX0001816,FL002,2025-10-01,Insurance Premium,67099.0,Insurance Premium for October 2025,Fleet Manager
EX0001817,FL002,2025-10-01,Depreciation,107212.0,Depreciation for October 2025,Fleet Manager
EX0001818,FL002,2025-10-01,Miscellaneous,47536.0,Miscellaneous for October 2025,Fleet Manager
EX0001819,FL002,2025-10-01,Communication,29272.0,Communication for October 2025,Fleet Manager
EX0001820,FL002,2025-10-01,Parking / Garage,82557.0,Parking / Garage for October 2025,Fleet Manager
EX0001821,FL003,2025-10-01,Staff Salaries,612939.0,Staff Salaries for October 2025,Fleet Manager
EX0001822,FL003,2025-10-01,Driver Salaries,847302.0,Driver Salaries for October 2025,Fleet Manager
EX0001823,FL003,2025-10-01,Office Rent,95810.0,Office Rent for October 2025,Fleet Manager
EX0001824,FL003,2025-10-01,Utilities,24335.0,Utilities for October 2025,Fleet Manager
EX0001825,FL003,2025-10-01,Marketing,53174.0,Marketing for October 2025,Fleet Manager
EX0001826,FL003,2025-10-01,Insurance Premium,87325.0,Insurance Premium for October 2025,Fleet Manager
EX0001827,FL003,2025-10-01,Depreciation,120300.0,Depreciation for October 2025,Fleet Manager
EX0001828,FL003,2025-10-01,Miscellaneous,52209.0,Miscellaneous for October 2025,Fleet Manager
EX0001829,FL003,2025-10-01,Communication,31922.0,Communication for October 2025,Fleet Manager
EX0001830,FL003,2025-10-01,Parking / Garage,95582.0,Parking / Garage for October 2025,Fleet Manager
EX0001831,FL004,2025-10-01,Staff Salaries,451948.0,Staff Salaries for October 2025,Fleet Manager
EX0001832,FL004,2025-10-01,Driver Salaries,921231.0,Driver Salaries for October 2025,Fleet Manager
EX0001833,FL004,2025-10-01,Office Rent,106379.0,Office Rent for October 2025,Fleet Manager
EX0001834,FL004,2025-10-01,Utilities,31521.0,Utilities for October 2025,Fleet Manager
EX0001835,FL004,2025-10-01,Marketing,60746.0,Marketing for October 2025,Fleet Manager
EX0001836,FL004,2025-10-01,Insurance Premium,84785.0,Insurance Premium for October 2025,Fleet Manager
EX0001837,FL004,2025-10-01,Depreciation,120073.0,Depreciation for October 2025,Fleet Manager
EX0001838,FL004,2025-10-01,Miscellaneous,61244.0,Miscellaneous for October 2025,Fleet Manager
EX0001839,FL004,2025-10-01,Communication,29782.0,Communication for October 2025,Fleet Manager
EX0001840,FL004,2025-10-01,Parking / Garage,80800.0,Parking / Garage for October 2025,Fleet Manager
EX0001841,FL001,2025-11-01,Staff Salaries,620876.0,Staff Salaries for November 2025,Fleet Manager
EX0001842,FL001,2025-11-01,Driver Salaries,530075.0,Driver Salaries for November 2025,Fleet Manager
EX0001843,FL001,2025-11-01,Office Rent,87884.0,Office Rent for November 2025,Fleet Manager
EX0001844,FL001,2025-11-01,Utilities,23453.0,Utilities for November 2025,Fleet Manager
EX0001845,FL001,2025-11-01,Marketing,48272.0,Marketing for November 2025,Fleet Manager
EX0001846,FL001,2025-11-01,Insurance Premium,68731.0,Insurance Premium for November 2025,Fleet Manager
EX0001847,FL001,2025-11-01,Depreciation,75684.0,Depreciation for November 2025,Fleet Manager
EX0001848,FL001,2025-11-01,Miscellaneous,39773.0,Miscellaneous for November 2025,Fleet Manager
EX0001849,FL001,2025-11-01,Communication,20023.0,Communication for November 2025,Fleet Manager
EX0001850,FL001,2025-11-01,Parking / Garage,65380.0,Parking / Garage for November 2025,Fleet Manager
EX0001851,FL002,2025-11-01,Staff Salaries,485434.0,Staff Salaries for November 2025,Fleet Manager
EX0001852,FL002,2025-11-01,Driver Salaries,861946.0,Driver Salaries for November 2025,Fleet Manager
EX0001853,FL002,2025-11-01,Office Rent,110476.0,Office Rent for November 2025,Fleet Manager
EX0001854,FL002,2025-11-01,Utilities,31924.0,Utilities for November 2025,Fleet Manager
EX0001855,FL002,2025-11-01,Marketing,47819.0,Marketing for November 2025,Fleet Manager
EX0001856,FL002,2025-11-01,Insurance Premium,88878.0,Insurance Premium for November 2025,Fleet Manager
EX0001857,FL002,2025-11-01,Depreciation,115990.0,Depreciation for November 2025,Fleet Manager
EX0001858,FL002,2025-11-01,Miscellaneous,63186.0,Miscellaneous for November 2025,Fleet Manager
EX0001859,FL002,2025-11-01,Communication,30004.0,Communication for November 2025,Fleet Manager
EX0001860,FL002,2025-11-01,Parking / Garage,76797.0,Parking / Garage for November 2025,Fleet Manager
EX0001861,FL003,2025-11-01,Staff Salaries,623885.0,Staff Salaries for November 2025,Fleet Manager
EX0001862,FL003,2025-11-01,Driver Salaries,832292.0,Driver Salaries for November 2025,Fleet Manager
EX0001863,FL003,2025-11-01,Office Rent,119570.0,Office Rent for November 2025,Fleet Manager
EX0001864,FL003,2025-11-01,Utilities,26743.0,Utilities for November 2025,Fleet Manager
EX0001865,FL003,2025-11-01,Marketing,54999.0,Marketing for November 2025,Fleet Manager
EX0001866,FL003,2025-11-01,Insurance Premium,94550.0,Insurance Premium for November 2025,Fleet Manager
EX0001867,FL003,2025-11-01,Depreciation,136242.0,Depreciation for November 2025,Fleet Manager
EX0001868,FL003,2025-11-01,Miscellaneous,60579.0,Miscellaneous for November 2025,Fleet Manager
EX0001869,FL003,2025-11-01,Communication,26429.0,Communication for November 2025,Fleet Manager
EX0001870,FL003,2025-11-01,Parking / Garage,71786.0,Parking / Garage for November 2025,Fleet Manager
EX0001871,FL004,2025-11-01,Staff Salaries,448293.0,Staff Salaries for November 2025,Fleet Manager
EX0001872,FL004,2025-11-01,Driver Salaries,952471.0,Driver Salaries for November 2025,Fleet Manager
EX0001873,FL004,2025-11-01,Office Rent,115740.0,Office Rent for November 2025,Fleet Manager
EX0001874,FL004,2025-11-01,Utilities,24401.0,Utilities for November 2025,Fleet Manager
EX0001875,FL004,2025-11-01,Marketing,53523.0,Marketing for November 2025,Fleet Manager
EX0001876,FL004,2025-11-01,Insurance Premium,90208.0,Insurance Premium for November 2025,Fleet Manager
EX0001877,FL004,2025-11-01,Depreciation,96787.0,Depreciation for November 2025,Fleet Manager
EX0001878,FL004,2025-11-01,Miscellaneous,61829.0,Miscellaneous for November 2025,Fleet Manager
EX0001879,FL004,2025-11-01,Communication,23174.0,Communication for November 2025,Fleet Manager
EX0001880,FL004,2025-11-01,Parking / Garage,76711.0,Parking / Garage for November 2025,Fleet Manager
EX0001881,FL001,2025-12-01,Staff Salaries,626917.0,Staff Salaries for December 2025,Fleet Manager
EX0001882,FL001,2025-12-01,Driver Salaries,563358.0,Driver Salaries for December 2025,Fleet Manager
EX0001883,FL001,2025-12-01,Office Rent,81513.0,Office Rent for December 2025,Fleet Manager
EX0001884,FL001,2025-12-01,Utilities,23427.0,Utilities for December 2025,Fleet Manager
EX0001885,FL001,2025-12-01,Marketing,42924.0,Marketing for December 2025,Fleet Manager
EX0001886,FL001,2025-12-01,Insurance Premium,65966.0,Insurance Premium for December 2025,Fleet Manager
EX0001887,FL001,2025-12-01,Depreciation,75750.0,Depreciation for December 2025,Fleet Manager
EX0001888,FL001,2025-12-01,Miscellaneous,43889.0,Miscellaneous for December 2025,Fleet Manager
EX0001889,FL001,2025-12-01,Communication,24820.0,Communication for December 2025,Fleet Manager
EX0001890,FL001,2025-12-01,Parking / Garage,56859.0,Parking / Garage for December 2025,Fleet Manager
EX0001891,FL002,2025-12-01,Staff Salaries,477634.0,Staff Salaries for December 2025,Fleet Manager
EX0001892,FL002,2025-12-01,Driver Salaries,863200.0,Driver Salaries for December 2025,Fleet Manager
EX0001893,FL002,2025-12-01,Office Rent,87175.0,Office Rent for December 2025,Fleet Manager
EX0001894,FL002,2025-12-01,Utilities,25507.0,Utilities for December 2025,Fleet Manager
EX0001895,FL002,2025-12-01,Marketing,51678.0,Marketing for December 2025,Fleet Manager
EX0001896,FL002,2025-12-01,Insurance Premium,89015.0,Insurance Premium for December 2025,Fleet Manager
EX0001897,FL002,2025-12-01,Depreciation,92998.0,Depreciation for December 2025,Fleet Manager
EX0001898,FL002,2025-12-01,Miscellaneous,60381.0,Miscellaneous for December 2025,Fleet Manager
EX0001899,FL002,2025-12-01,Communication,25835.0,Communication for December 2025,Fleet Manager
EX0001900,FL002,2025-12-01,Parking / Garage,90325.0,Parking / Garage for December 2025,Fleet Manager
EX0001901,FL003,2025-12-01,Staff Salaries,644048.0,Staff Salaries for December 2025,Fleet Manager
EX0001902,FL003,2025-12-01,Driver Salaries,877012.0,Driver Salaries for December 2025,Fleet Manager
EX0001903,FL003,2025-12-01,Office Rent,100218.0,Office Rent for December 2025,Fleet Manager
EX0001904,FL003,2025-12-01,Utilities,32596.0,Utilities for December 2025,Fleet Manager
EX0001905,FL003,2025-12-01,Marketing,60878.0,Marketing for December 2025,Fleet Manager
EX0001906,FL003,2025-12-01,Insurance Premium,97837.0,Insurance Premium for December 2025,Fleet Manager
EX0001907,FL003,2025-12-01,Depreciation,96444.0,Depreciation for December 2025,Fleet Manager
EX0001908,FL003,2025-12-01,Miscellaneous,70286.0,Miscellaneous for December 2025,Fleet Manager
EX0001909,FL003,2025-12-01,Communication,24339.0,Communication for December 2025,Fleet Manager
EX0001910,FL003,2025-12-01,Parking / Garage,77405.0,Parking / Garage for December 2025,Fleet Manager
EX0001911,FL004,2025-12-01,Staff Salaries,461135.0,Staff Salaries for December 2025,Fleet Manager
EX0001912,FL004,2025-12-01,Driver Salaries,931160.0,Driver Salaries for December 2025,Fleet Manager
EX0001913,FL004,2025-12-01,Office Rent,91604.0,Office Rent for December 2025,Fleet Manager
EX0001914,FL004,2025-12-01,Utilities,24603.0,Utilities for December 2025,Fleet Manager
EX0001915,FL004,2025-12-01,Marketing,53760.0,Marketing for December 2025,Fleet Manager
EX0001916,FL004,2025-12-01,Insurance Premium,78425.0,Insurance Premium for December 2025,Fleet Manager
EX0001917,FL004,2025-12-01,Depreciation,111830.0,Depreciation for December 2025,Fleet Manager
EX0001918,FL004,2025-12-01,Miscellaneous,58861.0,Miscellaneous for December 2025,Fleet Manager
EX0001919,FL004,2025-12-01,Communication,26539.0,Communication for December 2025,Fleet Manager
EX0001920,FL004,2025-12-01,Parking / Garage,71383.0,Parking / Garage for December 2025,Fleet Manager
EX0001921,FL001,2026-01-01,Staff Salaries,633156.0,Staff Salaries for January 2026,Fleet Manager
EX0001922,FL001,2026-01-01,Driver Salaries,573182.0,Driver Salaries for January 2026,Fleet Manager
EX0001923,FL001,2026-01-01,Office Rent,109122.0,Office Rent for January 2026,Fleet Manager
EX0001924,FL001,2026-01-01,Utilities,18964.0,Utilities for January 2026,Fleet Manager
EX0001925,FL001,2026-01-01,Marketing,37524.0,Marketing for January 2026,Fleet Manager
EX0001926,FL001,2026-01-01,Insurance Premium,55352.0,Insurance Premium for January 2026,Fleet Manager
EX0001927,FL001,2026-01-01,Depreciation,98272.0,Depreciation for January 2026,Fleet Manager
EX0001928,FL001,2026-01-01,Miscellaneous,45466.0,Miscellaneous for January 2026,Fleet Manager
EX0001929,FL001,2026-01-01,Communication,20237.0,Communication for January 2026,Fleet Manager
EX0001930,FL001,2026-01-01,Parking / Garage,59202.0,Parking / Garage for January 2026,Fleet Manager
EX0001931,FL002,2026-01-01,Staff Salaries,469901.0,Staff Salaries for January 2026,Fleet Manager
EX0001932,FL002,2026-01-01,Driver Salaries,870703.0,Driver Salaries for January 2026,Fleet Manager
EX0001933,FL002,2026-01-01,Office Rent,104967.0,Office Rent for January 2026,Fleet Manager
EX0001934,FL002,2026-01-01,Utilities,27964.0,Utilities for January 2026,Fleet Manager
EX0001935,FL002,2026-01-01,Marketing,58291.0,Marketing for January 2026,Fleet Manager
EX0001936,FL002,2026-01-01,Insurance Premium,65640.0,Insurance Premium for January 2026,Fleet Manager
EX0001937,FL002,2026-01-01,Depreciation,88253.0,Depreciation for January 2026,Fleet Manager
EX0001938,FL002,2026-01-01,Miscellaneous,57514.0,Miscellaneous for January 2026,Fleet Manager
EX0001939,FL002,2026-01-01,Communication,26879.0,Communication for January 2026,Fleet Manager
EX0001940,FL002,2026-01-01,Parking / Garage,73952.0,Parking / Garage for January 2026,Fleet Manager
EX0001941,FL003,2026-01-01,Staff Salaries,618311.0,Staff Salaries for January 2026,Fleet Manager
EX0001942,FL003,2026-01-01,Driver Salaries,862120.0,Driver Salaries for January 2026,Fleet Manager
EX0001943,FL003,2026-01-01,Office Rent,108572.0,Office Rent for January 2026,Fleet Manager
EX0001944,FL003,2026-01-01,Utilities,24800.0,Utilities for January 2026,Fleet Manager
EX0001945,FL003,2026-01-01,Marketing,66043.0,Marketing for January 2026,Fleet Manager
EX0001946,FL003,2026-01-01,Insurance Premium,101340.0,Insurance Premium for January 2026,Fleet Manager
EX0001947,FL003,2026-01-01,Depreciation,117018.0,Depreciation for January 2026,Fleet Manager
EX0001948,FL003,2026-01-01,Miscellaneous,67929.0,Miscellaneous for January 2026,Fleet Manager
EX0001949,FL003,2026-01-01,Communication,31304.0,Communication for January 2026,Fleet Manager
EX0001950,FL003,2026-01-01,Parking / Garage,100199.0,Parking / Garage for January 2026,Fleet Manager
EX0001951,FL004,2026-01-01,Staff Salaries,438891.0,Staff Salaries for January 2026,Fleet Manager
EX0001952,FL004,2026-01-01,Driver Salaries,975015.0,Driver Salaries for January 2026,Fleet Manager
EX0001953,FL004,2026-01-01,Office Rent,121252.0,Office Rent for January 2026,Fleet Manager
EX0001954,FL004,2026-01-01,Utilities,30543.0,Utilities for January 2026,Fleet Manager
EX0001955,FL004,2026-01-01,Marketing,57417.0,Marketing for January 2026,Fleet Manager
EX0001956,FL004,2026-01-01,Insurance Premium,75468.0,Insurance Premium for January 2026,Fleet Manager
EX0001957,FL004,2026-01-01,Depreciation,106359.0,Depreciation for January 2026,Fleet Manager
EX0001958,FL004,2026-01-01,Miscellaneous,48193.0,Miscellaneous for January 2026,Fleet Manager
EX0001959,FL004,2026-01-01,Communication,23949.0,Communication for January 2026,Fleet Manager
EX0001960,FL004,2026-01-01,Parking / Garage,76247.0,Parking / Garage for January 2026,Fleet Manager
EX0001961,FL001,2026-02-01,Staff Salaries,606322.0,Staff Salaries for February 2026,Fleet Manager
EX0001962,FL001,2026-02-01,Driver Salaries,573542.0,Driver Salaries for February 2026,Fleet Manager
EX0001963,FL001,2026-02-01,Office Rent,84920.0,Office Rent for February 2026,Fleet Manager
EX0001964,FL001,2026-02-01,Utilities,24302.0,Utilities for February 2026,Fleet Manager
EX0001965,FL001,2026-02-01,Marketing,44978.0,Marketing for February 2026,Fleet Manager
EX0001966,FL001,2026-02-01,Insurance Premium,64616.0,Insurance Premium for February 2026,Fleet Manager
EX0001967,FL001,2026-02-01,Depreciation,86784.0,Depreciation for February 2026,Fleet Manager
EX0001968,FL001,2026-02-01,Miscellaneous,48637.0,Miscellaneous for February 2026,Fleet Manager
EX0001969,FL001,2026-02-01,Communication,24772.0,Communication for February 2026,Fleet Manager
EX0001970,FL001,2026-02-01,Parking / Garage,63976.0,Parking / Garage for February 2026,Fleet Manager
EX0001971,FL002,2026-02-01,Staff Salaries,481073.0,Staff Salaries for February 2026,Fleet Manager
EX0001972,FL002,2026-02-01,Driver Salaries,844409.0,Driver Salaries for February 2026,Fleet Manager
EX0001973,FL002,2026-02-01,Office Rent,103810.0,Office Rent for February 2026,Fleet Manager
EX0001974,FL002,2026-02-01,Utilities,21400.0,Utilities for February 2026,Fleet Manager
EX0001975,FL002,2026-02-01,Marketing,48284.0,Marketing for February 2026,Fleet Manager
EX0001976,FL002,2026-02-01,Insurance Premium,76955.0,Insurance Premium for February 2026,Fleet Manager
EX0001977,FL002,2026-02-01,Depreciation,122243.0,Depreciation for February 2026,Fleet Manager
EX0001978,FL002,2026-02-01,Miscellaneous,44576.0,Miscellaneous for February 2026,Fleet Manager
EX0001979,FL002,2026-02-01,Communication,27374.0,Communication for February 2026,Fleet Manager
EX0001980,FL002,2026-02-01,Parking / Garage,82260.0,Parking / Garage for February 2026,Fleet Manager
EX0001981,FL003,2026-02-01,Staff Salaries,635469.0,Staff Salaries for February 2026,Fleet Manager
EX0001982,FL003,2026-02-01,Driver Salaries,873155.0,Driver Salaries for February 2026,Fleet Manager
EX0001983,FL003,2026-02-01,Office Rent,119738.0,Office Rent for February 2026,Fleet Manager
EX0001984,FL003,2026-02-01,Utilities,24607.0,Utilities for February 2026,Fleet Manager
EX0001985,FL003,2026-02-01,Marketing,47257.0,Marketing for February 2026,Fleet Manager
EX0001986,FL003,2026-02-01,Insurance Premium,102391.0,Insurance Premium for February 2026,Fleet Manager
EX0001987,FL003,2026-02-01,Depreciation,121965.0,Depreciation for February 2026,Fleet Manager
EX0001988,FL003,2026-02-01,Miscellaneous,49099.0,Miscellaneous for February 2026,Fleet Manager
EX0001989,FL003,2026-02-01,Communication,29315.0,Communication for February 2026,Fleet Manager
EX0001990,FL003,2026-02-01,Parking / Garage,98388.0,Parking / Garage for February 2026,Fleet Manager
EX0001991,FL004,2026-02-01,Staff Salaries,454040.0,Staff Salaries for February 2026,Fleet Manager
EX0001992,FL004,2026-02-01,Driver Salaries,909275.0,Driver Salaries for February 2026,Fleet Manager
EX0001993,FL004,2026-02-01,Office Rent,119195.0,Office Rent for February 2026,Fleet Manager
EX0001994,FL004,2026-02-01,Utilities,22980.0,Utilities for February 2026,Fleet Manager
EX0001995,FL004,2026-02-01,Marketing,47635.0,Marketing for February 2026,Fleet Manager
EX0001996,FL004,2026-02-01,Insurance Premium,82748.0,Insurance Premium for February 2026,Fleet Manager
EX0001997,FL004,2026-02-01,Depreciation,96373.0,Depreciation for February 2026,Fleet Manager
EX0001998,FL004,2026-02-01,Miscellaneous,56569.0,Miscellaneous for February 2026,Fleet Manager
EX0001999,FL004,2026-02-01,Communication,23998.0,Communication for February 2026,Fleet Manager
EX0002000,FL004,2026-02-01,Parking / Garage,87274.0,Parking / Garage for February 2026,Fleet Manager
EX0002001,FL001,2026-03-01,Staff Salaries,583007.0,Staff Salaries for March 2026,Fleet Manager
EX0002002,FL001,2026-03-01,Driver Salaries,529815.0,Driver Salaries for March 2026,Fleet Manager
EX0002003,FL001,2026-03-01,Office Rent,98110.0,Office Rent for March 2026,Fleet Manager
EX0002004,FL001,2026-03-01,Utilities,19721.0,Utilities for March 2026,Fleet Manager
EX0002005,FL001,2026-03-01,Marketing,47145.0,Marketing for March 2026,Fleet Manager
EX0002006,FL001,2026-03-01,Insurance Premium,55846.0,Insurance Premium for March 2026,Fleet Manager
EX0002007,FL001,2026-03-01,Depreciation,99664.0,Depreciation for March 2026,Fleet Manager
EX0002008,FL001,2026-03-01,Miscellaneous,39866.0,Miscellaneous for March 2026,Fleet Manager
EX0002009,FL001,2026-03-01,Communication,26711.0,Communication for March 2026,Fleet Manager
EX0002010,FL001,2026-03-01,Parking / Garage,74013.0,Parking / Garage for March 2026,Fleet Manager
EX0002011,FL002,2026-03-01,Staff Salaries,511008.0,Staff Salaries for March 2026,Fleet Manager
EX0002012,FL002,2026-03-01,Driver Salaries,804765.0,Driver Salaries for March 2026,Fleet Manager
EX0002013,FL002,2026-03-01,Office Rent,110023.0,Office Rent for March 2026,Fleet Manager
EX0002014,FL002,2026-03-01,Utilities,31262.0,Utilities for March 2026,Fleet Manager
EX0002015,FL002,2026-03-01,Marketing,63226.0,Marketing for March 2026,Fleet Manager
EX0002016,FL002,2026-03-01,Insurance Premium,85234.0,Insurance Premium for March 2026,Fleet Manager
EX0002017,FL002,2026-03-01,Depreciation,119832.0,Depreciation for March 2026,Fleet Manager
EX0002018,FL002,2026-03-01,Miscellaneous,44981.0,Miscellaneous for March 2026,Fleet Manager
EX0002019,FL002,2026-03-01,Communication,31248.0,Communication for March 2026,Fleet Manager
EX0002020,FL002,2026-03-01,Parking / Garage,90798.0,Parking / Garage for March 2026,Fleet Manager
EX0002021,FL003,2026-03-01,Staff Salaries,599002.0,Staff Salaries for March 2026,Fleet Manager
EX0002022,FL003,2026-03-01,Driver Salaries,842616.0,Driver Salaries for March 2026,Fleet Manager
EX0002023,FL003,2026-03-01,Office Rent,125195.0,Office Rent for March 2026,Fleet Manager
EX0002024,FL003,2026-03-01,Utilities,27303.0,Utilities for March 2026,Fleet Manager
EX0002025,FL003,2026-03-01,Marketing,58088.0,Marketing for March 2026,Fleet Manager
EX0002026,FL003,2026-03-01,Insurance Premium,71709.0,Insurance Premium for March 2026,Fleet Manager
EX0002027,FL003,2026-03-01,Depreciation,128794.0,Depreciation for March 2026,Fleet Manager
EX0002028,FL003,2026-03-01,Miscellaneous,50556.0,Miscellaneous for March 2026,Fleet Manager
EX0002029,FL003,2026-03-01,Communication,28956.0,Communication for March 2026,Fleet Manager
EX0002030,FL003,2026-03-01,Parking / Garage,78552.0,Parking / Garage for March 2026,Fleet Manager
EX0002031,FL004,2026-03-01,Staff Salaries,461828.0,Staff Salaries for March 2026,Fleet Manager
EX0002032,FL004,2026-03-01,Driver Salaries,921106.0,Driver Salaries for March 2026,Fleet Manager
EX0002033,FL004,2026-03-01,Office Rent,103723.0,Office Rent for March 2026,Fleet Manager
EX0002034,FL004,2026-03-01,Utilities,23795.0,Utilities for March 2026,Fleet Manager
EX0002035,FL004,2026-03-01,Marketing,51750.0,Marketing for March 2026,Fleet Manager
EX0002036,FL004,2026-03-01,Insurance Premium,83745.0,Insurance Premium for March 2026,Fleet Manager
EX0002037,FL004,2026-03-01,Depreciation,116432.0,Depreciation for March 2026,Fleet Manager
EX0002038,FL004,2026-03-01,Miscellaneous,64487.0,Miscellaneous for March 2026,Fleet Manager
EX0002039,FL004,2026-03-01,Communication,26396.0,Communication for March 2026,Fleet Manager
EX0002040,FL004,2026-03-01,Parking / Garage,86718.0,Parking / Garage for March 2026,Fleet Manager
EX0002041,FL001,2026-04-01,Staff Salaries,611237.0,Staff Salaries for April 2026,Fleet Manager
EX0002042,FL001,2026-04-01,Driver Salaries,572948.0,Driver Salaries for April 2026,Fleet Manager
EX0002043,FL001,2026-04-01,Office Rent,80170.0,Office Rent for April 2026,Fleet Manager
EX0002044,FL001,2026-04-01,Utilities,24965.0,Utilities for April 2026,Fleet Manager
EX0002045,FL001,2026-04-01,Marketing,50401.0,Marketing for April 2026,Fleet Manager
EX0002046,FL001,2026-04-01,Insurance Premium,56081.0,Insurance Premium for April 2026,Fleet Manager
EX0002047,FL001,2026-04-01,Depreciation,96307.0,Depreciation for April 2026,Fleet Manager
EX0002048,FL001,2026-04-01,Miscellaneous,54052.0,Miscellaneous for April 2026,Fleet Manager
EX0002049,FL001,2026-04-01,Communication,25065.0,Communication for April 2026,Fleet Manager
EX0002050,FL001,2026-04-01,Parking / Garage,58030.0,Parking / Garage for April 2026,Fleet Manager
EX0002051,FL002,2026-04-01,Staff Salaries,502451.0,Staff Salaries for April 2026,Fleet Manager
EX0002052,FL002,2026-04-01,Driver Salaries,852587.0,Driver Salaries for April 2026,Fleet Manager
EX0002053,FL002,2026-04-01,Office Rent,105538.0,Office Rent for April 2026,Fleet Manager
EX0002054,FL002,2026-04-01,Utilities,31919.0,Utilities for April 2026,Fleet Manager
EX0002055,FL002,2026-04-01,Marketing,62495.0,Marketing for April 2026,Fleet Manager
EX0002056,FL002,2026-04-01,Insurance Premium,72300.0,Insurance Premium for April 2026,Fleet Manager
EX0002057,FL002,2026-04-01,Depreciation,118066.0,Depreciation for April 2026,Fleet Manager
EX0002058,FL002,2026-04-01,Miscellaneous,56092.0,Miscellaneous for April 2026,Fleet Manager
EX0002059,FL002,2026-04-01,Communication,30958.0,Communication for April 2026,Fleet Manager
EX0002060,FL002,2026-04-01,Parking / Garage,76941.0,Parking / Garage for April 2026,Fleet Manager
EX0002061,FL003,2026-04-01,Staff Salaries,621717.0,Staff Salaries for April 2026,Fleet Manager
EX0002062,FL003,2026-04-01,Driver Salaries,882259.0,Driver Salaries for April 2026,Fleet Manager
EX0002063,FL003,2026-04-01,Office Rent,134956.0,Office Rent for April 2026,Fleet Manager
EX0002064,FL003,2026-04-01,Utilities,25188.0,Utilities for April 2026,Fleet Manager
EX0002065,FL003,2026-04-01,Marketing,55248.0,Marketing for April 2026,Fleet Manager
EX0002066,FL003,2026-04-01,Insurance Premium,99772.0,Insurance Premium for April 2026,Fleet Manager
EX0002067,FL003,2026-04-01,Depreciation,113515.0,Depreciation for April 2026,Fleet Manager
EX0002068,FL003,2026-04-01,Miscellaneous,63203.0,Miscellaneous for April 2026,Fleet Manager
EX0002069,FL003,2026-04-01,Communication,24987.0,Communication for April 2026,Fleet Manager
EX0002070,FL003,2026-04-01,Parking / Garage,90992.0,Parking / Garage for April 2026,Fleet Manager
EX0002071,FL004,2026-04-01,Staff Salaries,465562.0,Staff Salaries for April 2026,Fleet Manager
EX0002072,FL004,2026-04-01,Driver Salaries,925674.0,Driver Salaries for April 2026,Fleet Manager
EX0002073,FL004,2026-04-01,Office Rent,121267.0,Office Rent for April 2026,Fleet Manager
EX0002074,FL004,2026-04-01,Utilities,33508.0,Utilities for April 2026,Fleet Manager
EX0002075,FL004,2026-04-01,Marketing,52134.0,Marketing for April 2026,Fleet Manager
EX0002076,FL004,2026-04-01,Insurance Premium,94228.0,Insurance Premium for April 2026,Fleet Manager
EX0002077,FL004,2026-04-01,Depreciation,114346.0,Depreciation for April 2026,Fleet Manager
EX0002078,FL004,2026-04-01,Miscellaneous,48438.0,Miscellaneous for April 2026,Fleet Manager
EX0002079,FL004,2026-04-01,Communication,26914.0,Communication for April 2026,Fleet Manager
EX0002080,FL004,2026-04-01,Parking / Garage,85803.0,Parking / Garage for April 2026,Fleet Manager
EX0002081,FL001,2026-05-01,Staff Salaries,622881.0,Staff Salaries for May 2026,Fleet Manager
EX0002082,FL001,2026-05-01,Driver Salaries,529002.0,Driver Salaries for May 2026,Fleet Manager
EX0002083,FL001,2026-05-01,Office Rent,84053.0,Office Rent for May 2026,Fleet Manager
EX0002084,FL001,2026-05-01,Utilities,26700.0,Utilities for May 2026,Fleet Manager
EX0002085,FL001,2026-05-01,Marketing,43327.0,Marketing for May 2026,Fleet Manager
EX0002086,FL001,2026-05-01,Insurance Premium,77378.0,Insurance Premium for May 2026,Fleet Manager
EX0002087,FL001,2026-05-01,Depreciation,106820.0,Depreciation for May 2026,Fleet Manager
EX0002088,FL001,2026-05-01,Miscellaneous,54648.0,Miscellaneous for May 2026,Fleet Manager
EX0002089,FL001,2026-05-01,Communication,19978.0,Communication for May 2026,Fleet Manager
EX0002090,FL001,2026-05-01,Parking / Garage,80395.0,Parking / Garage for May 2026,Fleet Manager
EX0002091,FL002,2026-05-01,Staff Salaries,475006.0,Staff Salaries for May 2026,Fleet Manager
EX0002092,FL002,2026-05-01,Driver Salaries,801337.0,Driver Salaries for May 2026,Fleet Manager
EX0002093,FL002,2026-05-01,Office Rent,92265.0,Office Rent for May 2026,Fleet Manager
EX0002094,FL002,2026-05-01,Utilities,23121.0,Utilities for May 2026,Fleet Manager
EX0002095,FL002,2026-05-01,Marketing,48838.0,Marketing for May 2026,Fleet Manager
EX0002096,FL002,2026-05-01,Insurance Premium,89249.0,Insurance Premium for May 2026,Fleet Manager
EX0002097,FL002,2026-05-01,Depreciation,96594.0,Depreciation for May 2026,Fleet Manager
EX0002098,FL002,2026-05-01,Miscellaneous,63328.0,Miscellaneous for May 2026,Fleet Manager
EX0002099,FL002,2026-05-01,Communication,23494.0,Communication for May 2026,Fleet Manager
EX0002100,FL002,2026-05-01,Parking / Garage,71025.0,Parking / Garage for May 2026,Fleet Manager
EX0002101,FL003,2026-05-01,Staff Salaries,628322.0,Staff Salaries for May 2026,Fleet Manager
EX0002102,FL003,2026-05-01,Driver Salaries,845939.0,Driver Salaries for May 2026,Fleet Manager
EX0002103,FL003,2026-05-01,Office Rent,136498.0,Office Rent for May 2026,Fleet Manager
EX0002104,FL003,2026-05-01,Utilities,26854.0,Utilities for May 2026,Fleet Manager
EX0002105,FL003,2026-05-01,Marketing,57605.0,Marketing for May 2026,Fleet Manager
EX0002106,FL003,2026-05-01,Insurance Premium,79485.0,Insurance Premium for May 2026,Fleet Manager
EX0002107,FL003,2026-05-01,Depreciation,125064.0,Depreciation for May 2026,Fleet Manager
EX0002108,FL003,2026-05-01,Miscellaneous,58160.0,Miscellaneous for May 2026,Fleet Manager
EX0002109,FL003,2026-05-01,Communication,29381.0,Communication for May 2026,Fleet Manager
EX0002110,FL003,2026-05-01,Parking / Garage,93224.0,Parking / Garage for May 2026,Fleet Manager
EX0002111,FL004,2026-05-01,Staff Salaries,448635.0,Staff Salaries for May 2026,Fleet Manager
EX0002112,FL004,2026-05-01,Driver Salaries,943530.0,Driver Salaries for May 2026,Fleet Manager
EX0002113,FL004,2026-05-01,Office Rent,130592.0,Office Rent for May 2026,Fleet Manager
EX0002114,FL004,2026-05-01,Utilities,33168.0,Utilities for May 2026,Fleet Manager
EX0002115,FL004,2026-05-01,Marketing,46422.0,Marketing for May 2026,Fleet Manager
EX0002116,FL004,2026-05-01,Insurance Premium,78140.0,Insurance Premium for May 2026,Fleet Manager
EX0002117,FL004,2026-05-01,Depreciation,127006.0,Depreciation for May 2026,Fleet Manager
EX0002118,FL004,2026-05-01,Miscellaneous,65162.0,Miscellaneous for May 2026,Fleet Manager
EX0002119,FL004,2026-05-01,Communication,27724.0,Communication for May 2026,Fleet Manager
EX0002120,FL004,2026-05-01,Parking / Garage,85993.0,Parking / Garage for May 2026,Fleet Manager
EX0002121,FL001,2026-06-01,Staff Salaries,620697.0,Staff Salaries for June 2026,Fleet Manager
EX0002122,FL001,2026-06-01,Driver Salaries,522735.0,Driver Salaries for June 2026,Fleet Manager
EX0002123,FL001,2026-06-01,Office Rent,91640.0,Office Rent for June 2026,Fleet Manager
EX0002124,FL001,2026-06-01,Utilities,23237.0,Utilities for June 2026,Fleet Manager
EX0002125,FL001,2026-06-01,Marketing,44036.0,Marketing for June 2026,Fleet Manager
EX0002126,FL001,2026-06-01,Insurance Premium,59446.0,Insurance Premium for June 2026,Fleet Manager
EX0002127,FL001,2026-06-01,Depreciation,92431.0,Depreciation for June 2026,Fleet Manager
EX0002128,FL001,2026-06-01,Miscellaneous,45863.0,Miscellaneous for June 2026,Fleet Manager
EX0002129,FL001,2026-06-01,Communication,23324.0,Communication for June 2026,Fleet Manager
EX0002130,FL001,2026-06-01,Parking / Garage,60399.0,Parking / Garage for June 2026,Fleet Manager
EX0002131,FL002,2026-06-01,Staff Salaries,508009.0,Staff Salaries for June 2026,Fleet Manager
EX0002132,FL002,2026-06-01,Driver Salaries,851857.0,Driver Salaries for June 2026,Fleet Manager
EX0002133,FL002,2026-06-01,Office Rent,110027.0,Office Rent for June 2026,Fleet Manager
EX0002134,FL002,2026-06-01,Utilities,22402.0,Utilities for June 2026,Fleet Manager
EX0002135,FL002,2026-06-01,Marketing,51709.0,Marketing for June 2026,Fleet Manager
EX0002136,FL002,2026-06-01,Insurance Premium,65949.0,Insurance Premium for June 2026,Fleet Manager
EX0002137,FL002,2026-06-01,Depreciation,114713.0,Depreciation for June 2026,Fleet Manager
EX0002138,FL002,2026-06-01,Miscellaneous,51908.0,Miscellaneous for June 2026,Fleet Manager
EX0002139,FL002,2026-06-01,Communication,24831.0,Communication for June 2026,Fleet Manager
EX0002140,FL002,2026-06-01,Parking / Garage,86375.0,Parking / Garage for June 2026,Fleet Manager
EX0002141,FL003,2026-06-01,Staff Salaries,602210.0,Staff Salaries for June 2026,Fleet Manager
EX0002142,FL003,2026-06-01,Driver Salaries,833240.0,Driver Salaries for June 2026,Fleet Manager
EX0002143,FL003,2026-06-01,Office Rent,111910.0,Office Rent for June 2026,Fleet Manager
EX0002144,FL003,2026-06-01,Utilities,24614.0,Utilities for June 2026,Fleet Manager
EX0002145,FL003,2026-06-01,Marketing,52554.0,Marketing for June 2026,Fleet Manager
EX0002146,FL003,2026-06-01,Insurance Premium,78601.0,Insurance Premium for June 2026,Fleet Manager
EX0002147,FL003,2026-06-01,Depreciation,107462.0,Depreciation for June 2026,Fleet Manager
EX0002148,FL003,2026-06-01,Miscellaneous,48035.0,Miscellaneous for June 2026,Fleet Manager
EX0002149,FL003,2026-06-01,Communication,30093.0,Communication for June 2026,Fleet Manager
EX0002150,FL003,2026-06-01,Parking / Garage,98855.0,Parking / Garage for June 2026,Fleet Manager
EX0002151,FL004,2026-06-01,Staff Salaries,426792.0,Staff Salaries for June 2026,Fleet Manager
EX0002152,FL004,2026-06-01,Driver Salaries,965659.0,Driver Salaries for June 2026,Fleet Manager
EX0002153,FL004,2026-06-01,Office Rent,133783.0,Office Rent for June 2026,Fleet Manager
EX0002154,FL004,2026-06-01,Utilities,25963.0,Utilities for June 2026,Fleet Manager
EX0002155,FL004,2026-06-01,Marketing,57274.0,Marketing for June 2026,Fleet Manager
EX0002156,FL004,2026-06-01,Insurance Premium,78874.0,Insurance Premium for June 2026,Fleet Manager
EX0002157,FL004,2026-06-01,Depreciation,120954.0,Depreciation for June 2026,Fleet Manager
EX0002158,FL004,2026-06-01,Miscellaneous,66348.0,Miscellaneous for June 2026,Fleet Manager
EX0002159,FL004,2026-06-01,Communication,29372.0,Communication for June 2026,Fleet Manager
EX0002160,FL004,2026-06-01,Parking / Garage,76641.0,Parking / Garage for June 2026,Fleet Manager
