telem_id,trip_id,driver_id,vehicle_id,trip_date,distance_km,duration_hours,avg_speed_kmh,max_speed_kmh,harsh_brake_events,harsh_accel_events,idle_time_minutes,speeding_km,safety_score,accident_occurred,customer_rating,complaint_filed
TL000001,TR000001,DR0008,VH00102,2022-11-09,67.4,22.32,3.3,119,1,1,277,8.3,81.2,False,3.6,False
TL000006,TR000006,DR0033,VH00004,2022-09-02,39.7,8.4,5.2,152,0,0,62,3.4,95.9,False,3.7,False
TL000007,TR000007,DR0027,VH00015,2024-04-22,37.7,68.16,0.6,175,0,0,341,2.2,82.3,False,4.8,False
TL000008,TR000008,DR0007,VH00051,2024-08-14,1397.9,55.44,27.5,136,121,99,1153,545.8,0.0,False,3.4,False
TL000010,TR000010,DR0019,VH00080,2023-08-22,27.6,22.32,1.3,86,0,0,358,4.4,80.8,False,4.7,False
TL000011,TR000011,DR0055,VH00112,2024-05-24,960.3,36.72,28.5,101,19,19,583,156.7,0.0,False,5.0,False
TL000012,TR000012,DR0051,VH00089,2022-10-04,122.3,9.12,14.6,135,2,2,74,14.2,87.0,False,4.9,False
TL000016,TR000016,DR0003,VH00091,2025-04-09,356.6,22.08,17.6,123,18,23,303,88.9,8.2,False,4.2,False
TL000023,TR000023,DR0016,VH00094,2023-06-13,36.0,66.96,0.6,161,0,0,435,1.9,77.7,False,4.2,False
TL000024,TR000024,DR0058,VH00036,2022-04-26,53.6,767.76,0.1,143,1,0,10158,9.9,0.0,False,4.9,False
TL000027,TR000027,DR0017,VH00025,2023-12-15,1290.9,6.96,202.3,178,20,24,110,214.5,0.0,False,4.5,False
TL000032,TR000032,DR0037,VH00018,2025-04-06,323.1,5.28,66.8,164,7,8,65,37.3,67.1,False,4.5,False
TL000033,TR000033,DR0012,VH00058,2024-05-20,26.5,13.92,2.1,100,1,0,227,3.8,86.0,False,4.6,False
TL000034,TR000034,DR0046,VH00040,2024-12-08,386.7,36.96,11.4,86,34,28,1088,98.9,0.0,False,3.0,False
TL000038,TR000038,DR0009,VH00084,2025-10-10,498.6,41.28,13.2,153,1,2,78,18.2,87.1,False,3.1,False
TL000039,TR000039,DR0054,VH00054,2024-01-14,65.1,8.64,8.2,129,0,0,68,5.6,94.9,False,3.5,False
TL000041,TR000041,DR0018,VH00062,2026-03-23,123.6,52.56,2.6,91,1,0,169,5.7,88.3,False,5.0,False
TL000046,TR000046,DR0025,VH00005,2023-10-27,386.8,9.12,46.3,148,6,5,61,43.0,70.0,False,4.8,False
TL000047,TR000047,DR0002,VH00019,2026-01-28,1415.5,61.92,24.9,96,47,45,1237,509.1,0.0,False,3.9,False
TL000048,TR000048,DR0034,VH00081,2024-06-22,14.1,107.04,0.1,135,0,0,1313,2.3,33.7,False,4.3,False
TL000052,TR000052,DR0032,VH00119,2023-12-18,70.2,7.92,9.7,95,0,0,42,5.2,96.3,False,4.0,False
TL000054,TR000054,DR0028,VH00053,2022-12-28,1218.7,19.44,68.4,170,14,13,148,121.9,22.0,False,4.2,False
TL000056,TR000056,DR0017,VH00073,2025-06-22,42.1,52.56,0.9,130,1,0,460,5.7,73.8,False,3.6,False
TL000057,TR000057,DR0042,VH00071,2025-03-17,43.4,154.32,0.3,121,0,0,1210,3.9,38.3,False,4.0,False
TL000058,TR000058,DR0056,VH00062,2026-06-20,71.4,38.16,2.0,175,0,0,333,5.5,81.7,False,5.0,False
TL000059,TR000059,DR0019,VH00117,2026-04-20,557.6,33.84,18.0,109,28,21,468,181.2,0.0,False,3.9,False
TL000060,TR000060,DR0044,VH00104,2023-08-21,164.2,23.52,7.6,80,2,2,321,16.8,73.9,False,4.5,False
TL000068,TR000068,DR0041,VH00019,2025-11-06,1367.5,20.64,72.3,105,10,16,93,88.8,37.7,False,4.0,False
TL000070,TR000070,DR0007,VH00062,2024-02-27,386.7,10.08,41.9,141,21,17,195,128.6,3.2,False,4.3,False
TL000073,TR000073,DR0009,VH00084,2024-07-28,365.4,222.24,1.8,123,1,1,503,13.0,68.4,False,5.0,False
TL000074,TR000074,DR0041,VH00036,2024-04-05,900.7,36.72,26.8,94,7,9,176,46.5,57.8,False,4.0,False
TL000075,TR000075,DR0018,VH00011,2022-04-02,58.1,13.44,4.7,105,0,0,54,3.4,96.3,False,3.4,True
TL000076,TR000076,DR0059,VH00028,2025-12-18,39.8,45.84,0.9,132,0,0,648,6.5,65.6,False,4.1,False
TL000080,TR000080,DR0003,VH00052,2025-05-16,51.1,116.4,0.5,109,3,2,3108,26.9,0.0,False,4.6,False
TL000081,TR000081,DR0023,VH00056,2026-06-14,393.1,2.64,162.4,128,2,3,14,32.0,83.7,False,4.8,False
TL000086,TR000086,DR0038,VH00040,2023-12-27,337.8,15.6,23.6,140,7,7,238,29.8,61.7,False,3.8,False
TL000087,TR000087,DR0017,VH00019,2024-05-07,15.1,39.6,0.4,126,0,0,618,1.3,68.7,False,3.9,False
TL000089,TR000089,DR0005,VH00024,2023-04-15,364.6,148.32,2.7,159,2,4,1134,22.0,29.7,False,4.1,False
TL000090,TR000090,DR0024,VH00058,2026-03-11,15.1,38.16,0.4,143,0,0,309,1.1,84.2,False,4.1,False
TL000095,TR000095,DR0041,VH00041,2024-09-18,1534.7,169.44,9.9,86,14,12,861,106.9,0.0,False,3.8,False
TL000096,TR000096,DR0049,VH00034,2023-07-04,114.1,48.0,2.6,174,0,0,264,5.6,85.1,False,3.4,False
TL000097,TR000097,DR0051,VH00016,2024-09-05,323.1,144.72,2.4,144,6,7,1881,52.5,0.0,False,5.0,False
TL000098,TR000098,DR0007,VH00064,2025-08-13,383.1,69.12,6.0,165,21,25,1612,186.5,0.0,False,5.0,False
TL000099,TR000099,DR0029,VH00034,2022-06-19,365.8,143.28,2.8,157,5,8,1737,71.1,0.0,False,4.9,False
TL000100,TR000100,DR0058,VH00019,2025-09-28,364.6,95.04,4.2,152,7,8,1426,79.7,0.0,False,3.8,False
TL000101,TR000101,DR0008,VH00078,2024-07-25,1395.5,2.64,576.7,80,28,28,42,196.4,0.0,False,3.5,True
TL000102,TR000102,DR0031,VH00118,2022-03-07,34.3,4.8,7.8,142,0,0,69,5.6,94.9,False,3.7,False
TL000106,TR000106,DR0026,VH00007,2023-08-12,21.6,22.32,1.1,155,0,0,420,6.7,77.0,False,4.1,False
TL000107,TR000107,DR0041,VH00111,2025-09-13,24.1,25.92,1.0,107,0,0,204,1.6,89.3,False,3.8,False
TL000108,TR000108,DR0028,VH00025,2026-06-07,34.4,45.6,0.8,140,0,0,362,1.5,81.5,False,4.6,False
TL000110,TR000110,DR0015,VH00080,2025-05-17,23.3,100.56,0.3,175,0,0,1301,2.1,34.3,False,4.0,False
TL000112,TR000112,DR0051,VH00036,2026-05-07,40.0,42.96,1.0,106,0,0,406,7.1,77.6,False,4.0,False
TL000114,TR000114,DR0046,VH00092,2025-06-04,1227.7,61.2,21.9,151,105,60,1245,348.2,0.0,False,3.2,False
TL000115,TR000115,DR0053,VH00078,2022-10-29,543.0,5.76,102.8,90,4,6,47,53.8,69.5,False,3.8,True
TL000116,TR000116,DR0054,VH00026,2025-06-27,47.8,118.32,0.4,167,0,0,566,3.0,70.8,False,4.5,False
TL000119,TR000119,DR0048,VH00099,2026-03-17,51.4,11.76,4.8,93,0,0,35,1.7,97.7,False,4.9,False
TL000123,TR000123,DR0025,VH00081,2025-02-28,61.6,20.88,3.2,110,1,1,164,10.2,86.2,False,4.1,False
TL000124,TR000124,DR0047,VH00111,2023-10-18,15.5,9.6,1.8,161,0,0,154,2.4,91.6,False,4.3,False
TL000128,TR000128,DR0054,VH00008,2024-12-05,366.7,5.28,75.8,158,3,3,28,19.7,85.2,False,4.3,False
TL000136,TR000136,DR0017,VH00021,2023-09-24,888.3,197.76,4.9,156,13,21,1313,180.2,0.0,False,4.7,False
TL000137,TR000137,DR0020,VH00031,2026-03-07,65.5,39.36,1.8,125,1,1,381,9.8,75.5,False,4.5,False
TL000138,TR000138,DR0051,VH00040,2025-06-14,1446.6,21.84,72.3,101,21,35,213,194.8,0.0,False,4.2,False
TL000139,TR000139,DR0051,VH00043,2022-03-22,14.5,18.96,0.8,178,0,0,121,1.4,93.5,False,4.1,False
TL000140,TR000140,DR0018,VH00038,2023-04-09,323.1,21.6,16.3,146,3,2,180,16.7,79.5,False,4.3,False
TL000144,TR000144,DR0037,VH00007,2023-04-05,257.2,10.8,26.0,151,3,5,90,49.2,71.2,False,4.2,False
TL000146,TR000146,DR0007,VH00015,2026-06-27,11.5,108.96,0.1,137,0,0,1809,4.3,8.3,False,5.0,False
TL000149,TR000149,DR0021,VH00087,2022-05-10,1397.9,60.24,25.3,98,34,32,876,109.7,0.0,False,5.0,False
TL000152,TR000152,DR0037,VH00112,2026-06-26,78.1,203.52,0.4,177,1,1,1392,10.4,24.8,False,4.0,False
TL000154,TR000154,DR0018,VH00040,2023-07-25,1468.7,18.24,87.8,159,11,15,106,100.3,33.1,False,4.7,False
TL000157,TR000157,DR0047,VH00095,2022-04-06,1413.2,6.24,247.1,133,36,29,86,151.6,0.0,False,3.9,False
TL000158,TR000158,DR0041,VH00040,2023-08-13,16.0,769.92,0.0,171,0,0,2934,0.6,0.0,False,5.0,True
TL000159,TR000159,DR0004,VH00102,2024-06-03,1443.3,29.28,53.8,114,31,26,377,303.1,0.0,False,3.5,False
TL000160,TR000160,DR0059,VH00119,2025-12-12,386.7,45.36,9.3,112,5,8,534,63.8,38.7,False,5.0,False
TL000161,TR000161,DR0055,VH00013,2025-08-27,39.6,21.36,2.0,129,0,0,150,7.5,90.2,False,2.5,False
TL000162,TR000162,DR0048,VH00013,2025-06-16,1391.2,23.52,64.5,103,7,5,83,60.1,62.3,False,3.5,False
TL000164,TR000164,DR0046,VH00022,2025-11-24,62.5,53.04,1.3,171,4,3,889,27.3,38.4,False,5.0,False
TL000167,TR000167,DR0018,VH00024,2023-11-01,40.7,102.72,0.4,132,0,0,802,3.1,59.0,False,3.5,False
TL000172,TR000172,DR0047,VH00091,2026-05-12,15.1,9.6,1.7,111,0,0,92,3.2,94.4,False,4.6,False
TL000174,TR000174,DR0015,VH00031,2024-04-18,398.3,7.92,54.9,123,9,9,109,75.5,49.4,False,4.5,False
TL000175,TR000175,DR0057,VH00020,2026-04-25,15.1,55.2,0.3,129,0,0,123,0.4,93.7,False,5.0,False
TL000176,TR000176,DR0052,VH00088,2022-05-26,1487.2,37.92,42.8,170,4,4,162,49.6,67.0,False,3.9,False
TL000183,TR000183,DR0027,VH00013,2025-02-01,387.8,8.88,47.6,118,2,2,70,22.7,84.7,False,3.4,False
TL000185,TR000185,DR0031,VH00073,2026-01-09,10.7,164.4,0.1,89,0,0,1779,1.5,10.6,False,2.9,True
TL000186,TR000186,DR0027,VH00025,2022-02-08,79.7,8.16,10.7,131,0,0,45,3.5,96.7,False,3.9,False
TL000187,TR000187,DR0046,VH00005,2025-08-26,42.6,754.08,0.1,115,3,2,9407,15.8,0.0,False,4.4,False
TL000188,TR000188,DR0054,VH00091,2024-01-09,51.7,11.52,4.9,108,0,0,74,5.0,94.8,False,4.5,False
TL000190,TR000190,DR0026,VH00114,2025-10-24,75.1,11.52,7.1,149,3,3,162,16.3,79.5,False,4.9,False
TL000193,TR000193,DR0009,VH00031,2026-01-11,245.1,765.12,0.3,111,0,0,2388,3.8,0.0,False,5.0,False
TL000198,TR000198,DR0027,VH00065,2022-04-10,65.1,50.4,1.4,153,0,0,397,6.1,78.3,False,4.2,False
TL000200,TR000200,DR0049,VH00107,2024-04-19,1406.6,4.32,355.2,135,11,17,18,67.5,45.3,False,4.0,False
TL000201,TR000201,DR0043,VH00004,2024-06-02,404.3,54.48,8.1,126,3,3,425,42.4,58.5,False,4.3,False
TL000204,TR000204,DR0010,VH00026,2024-08-11,67.1,9.6,7.6,107,0,0,34,2.9,97.4,False,3.6,False
TL000208,TR000208,DR0024,VH00015,2022-09-04,321.4,71.28,4.9,135,4,3,580,21.8,55.5,False,4.7,False
TL000210,TR000210,DR0036,VH00051,2024-08-02,78.4,153.36,0.6,99,1,1,1161,14.8,35.0,False,4.9,False
TL000211,TR000211,DR0059,VH00019,2023-03-07,1482.9,13.68,118.3,91,23,28,91,325.9,0.0,False,3.3,False
TL000213,TR000213,DR0019,VH00117,2022-12-05,23.1,8.88,2.8,147,0,0,219,4.5,87.7,False,5.0,False
TL000214,TR000214,DR0052,VH00071,2023-09-08,174.5,15.36,12.4,125,0,0,45,7.8,95.4,False,3.5,False
TL000215,TR000215,DR0033,VH00073,2024-11-09,323.1,61.2,5.8,101,5,4,495,37.2,52.6,False,4.8,False
TL000216,TR000216,DR0054,VH00024,2026-06-04,323.1,56.16,6.3,174,4,3,492,23.0,59.5,False,4.8,False
TL000218,TR000218,DR0058,VH00004,2026-01-15,386.7,54.24,7.8,168,6,5,399,44.7,52.6,False,4.4,False
TL000222,TR000222,DR0005,VH00069,2026-01-27,370.7,6.48,62.4,136,3,4,30,38.1,78.6,False,5.0,False
TL000224,TR000224,DR0059,VH00118,2025-10-07,43.0,114.24,0.4,128,0,0,930,5.1,52.0,False,3.6,False
TL000227,TR000227,DR0019,VH00071,2025-06-14,960.3,68.4,15.3,135,39,33,1081,313.7,0.0,False,4.2,False
TL000228,TR000228,DR0058,VH00037,2024-01-28,78.7,47.04,1.8,161,1,1,384,9.2,75.5,False,3.8,False
TL000230,TR000230,DR0052,VH00018,2023-11-25,57.1,22.8,2.7,100,0,0,101,2.3,94.3,False,3.7,False
TL000232,TR000232,DR0022,VH00065,2025-05-16,76.1,36.24,2.3,102,1,1,509,9.6,69.2,False,4.4,False
TL000235,TR000235,DR0058,VH00087,2026-01-09,75.8,28.56,2.9,117,1,1,201,12.2,83.8,False,4.4,False
TL000236,TR000236,DR0005,VH00084,2026-03-13,339.6,38.64,9.6,85,3,2,133,15.7,82.1,False,3.9,False
TL000237,TR000237,DR0033,VH00008,2025-03-16,73.2,68.16,1.2,165,1,1,601,7.9,65.1,False,4.1,False
TL000238,TR000238,DR0038,VH00057,2024-02-08,386.7,71.52,5.9,94,7,9,897,30.8,26.4,False,3.5,False
TL000244,TR000244,DR0040,VH00051,2025-07-04,386.7,63.6,6.6,121,6,7,720,78.3,24.5,False,4.2,False
TL000247,TR000247,DR0016,VH00065,2026-02-04,133.7,797.28,0.2,154,1,1,6076,7.9,0.0,False,4.1,False
TL000250,TR000250,DR0009,VH00114,2025-01-18,588.3,142.32,4.5,149,1,1,215,15.7,82.0,False,5.0,False
TL000251,TR000251,DR0035,VH00112,2026-06-29,71.9,136.56,0.6,140,3,2,3031,10.0,0.0,False,3.7,False
TL000253,TR000253,DR0033,VH00044,2024-01-06,15.7,7.2,2.4,139,0,0,53,1.5,96.9,False,3.6,False
TL000254,TR000254,DR0059,VH00048,2026-06-23,67.7,28.32,2.6,134,0,1,451,5.8,74.7,False,4.2,False
TL000256,TR000256,DR0016,VH00078,2024-02-19,1440.2,66.96,23.5,115,16,12,590,148.7,0.0,False,4.2,False
TL000257,TR000257,DR0020,VH00021,2025-08-01,15.1,19.44,0.8,129,0,0,275,2.6,85.5,False,3.4,False
TL000259,TR000259,DR0057,VH00088,2022-06-17,42.2,7.2,6.4,153,0,0,29,1.3,98.2,False,4.4,True
TL000261,TR000261,DR0009,VH00052,2024-06-18,404.3,59.28,7.4,161,1,2,196,13.1,82.8,False,3.8,False
TL000263,TR000263,DR0011,VH00064,2026-02-15,364.6,18.0,22.1,136,4,3,55,15.7,83.5,False,4.0,False
TL000264,TR000264,DR0033,VH00032,2022-08-14,543.0,9.84,60.2,147,8,8,110,101.9,43.9,False,5.0,False
TL000267,TR000267,DR0049,VH00018,2023-11-26,75.1,32.64,2.5,179,0,0,178,4.7,89.7,False,5.0,False
TL000268,TR000268,DR0003,VH00020,2022-01-27,39.4,36.24,1.2,97,2,2,961,14.4,42.6,False,3.3,False
TL000269,TR000269,DR0041,VH00068,2025-07-22,1468.7,14.16,113.2,120,14,13,96,109.1,28.5,False,5.0,False
TL000272,TR000272,DR0007,VH00078,2026-05-15,18.9,34.08,0.6,178,1,1,393,10.7,74.6,False,3.0,False
TL000276,TR000276,DR0057,VH00064,2022-06-25,70.1,19.68,3.9,104,0,0,66,2.4,96.0,False,4.4,False
TL000277,TR000277,DR0043,VH00107,2026-03-16,71.6,49.2,1.6,143,0,0,308,6.2,82.7,False,3.5,False
TL000278,TR000278,DR0007,VH00118,2026-02-03,1534.7,63.12,26.5,101,84,108,1725,789.4,0.0,False,3.7,False
TL000281,TR000281,DR0032,VH00013,2026-02-12,17.4,7.68,2.5,131,0,0,26,1.1,98.4,False,5.0,False
TL000282,TR000282,DR0051,VH00046,2024-04-01,63.9,26.16,2.7,141,1,0,180,11.0,86.2,False,4.2,False
TL000285,TR000285,DR0049,VH00111,2025-06-02,398.2,3.6,120.7,158,4,3,11,26.8,82.4,False,4.6,False
TL000289,TR000289,DR0037,VH00008,2022-08-21,900.7,10.56,93.0,161,22,15,155,125.5,6.6,False,4.8,False
TL000291,TR000291,DR0060,VH00037,2024-05-21,75.7,11.52,7.2,159,0,0,50,4.0,96.3,False,4.6,False
TL000292,TR000292,DR0027,VH00099,2026-03-28,370.2,35.28,11.4,179,3,4,206,28.6,72.6,False,4.4,False
TL000294,TR000294,DR0022,VH00069,2024-11-25,36.5,22.32,1.8,137,0,0,166,6.7,89.7,False,4.3,False
TL000295,TR000295,DR0055,VH00019,2023-06-13,325.8,7.68,46.3,179,5,5,119,61.0,63.2,False,5.0,False
TL000297,TR000297,DR0005,VH00017,2024-10-22,120.8,56.88,2.3,147,1,1,183,7.5,86.1,False,3.3,False
TL000300,TR000300,DR0010,VH00104,2026-04-20,66.8,735.12,0.1,109,0,0,5351,5.6,0.0,False,3.6,False
TL000301,TR000301,DR0011,VH00024,2023-03-03,386.7,9.6,43.9,128,3,3,30,20.6,84.8,False,4.5,False
TL000304,TR000304,DR0024,VH00025,2023-11-09,14.7,23.28,0.7,123,0,0,162,1.3,91.5,False,4.8,False
TL000305,TR000305,DR0049,VH00046,2023-12-10,375.6,8.64,47.4,155,4,3,36,29.1,80.5,False,3.6,False
TL000308,TR000308,DR0057,VH00110,2022-01-09,30.7,14.88,2.3,154,0,0,55,0.6,97.1,False,4.1,False
TL000309,TR000309,DR0016,VH00047,2022-12-05,66.8,14.4,5.1,83,0,0,46,6.0,95.9,False,5.0,False
TL000310,TR000310,DR0057,VH00016,2024-06-15,32.6,7.2,4.9,103,0,0,12,0.9,99.1,False,3.4,False
TL000311,TR000311,DR0044,VH00016,2025-12-20,768.9,50.64,16.6,154,19,17,794,76.5,0.0,False,4.3,False
TL000312,TR000312,DR0025,VH00069,2022-06-19,76.4,29.76,2.8,123,1,1,393,14.5,73.5,False,4.2,False
TL000314,TR000314,DR0054,VH00114,2025-08-26,66.9,65.76,1.1,124,0,0,580,5.9,69.2,False,4.3,False
TL000315,TR000315,DR0046,VH00102,2026-04-26,1552.0,38.64,43.8,171,86,86,1003,451.1,0.0,False,4.2,False
TL000317,TR000317,DR0022,VH00010,2025-05-23,24.3,44.64,0.6,121,0,0,406,2.3,79.0,False,4.2,False
TL000318,TR000318,DR0053,VH00032,2022-01-25,25.7,4.08,6.9,93,0,0,24,2.7,98.0,False,4.9,False
TL000319,TR000319,DR0038,VH00095,2026-01-26,12.4,11.52,1.2,152,0,0,166,1.1,91.4,False,3.8,False
TL000320,TR000320,DR0018,VH00071,2026-06-01,44.3,24.24,2.0,92,0,0,214,3.3,88.3,False,4.1,False
TL000322,TR000322,DR0038,VH00092,2023-06-17,51.1,29.04,1.9,108,0,1,233,8.5,84.8,False,4.3,False
TL000328,TR000328,DR0002,VH00037,2023-11-07,14.4,13.44,1.2,149,0,0,291,3.9,84.3,False,4.3,False
TL000329,TR000329,DR0020,VH00041,2022-08-08,1236.0,38.16,35.3,93,22,30,212,169.3,0.0,False,4.7,False
TL000330,TR000330,DR0012,VH00051,2022-11-13,62.4,6.96,9.8,146,1,2,174,15.3,83.2,False,4.4,False
TL000335,TR000335,DR0038,VH00047,2026-04-05,77.5,4.32,19.6,157,1,1,67,17.4,88.9,False,4.7,False
TL000338,TR000338,DR0035,VH00046,2025-04-09,936.4,41.28,24.7,111,46,32,1026,321.2,0.0,False,4.1,False
TL000340,TR000340,DR0038,VH00059,2025-04-25,375.9,6.24,65.7,118,5,6,83,51.3,67.0,False,3.7,False
TL000341,TR000341,DR0037,VH00118,2026-06-02,332.9,16.08,22.6,147,8,5,136,42.7,63.4,False,5.0,False
TL000347,TR000347,DR0009,VH00084,2025-10-23,51.4,17.52,3.2,114,0,0,38,1.3,97.7,False,3.3,False
TL000349,TR000349,DR0053,VH00094,2025-03-05,44.8,60.96,0.8,109,0,0,263,4.7,85.4,False,4.3,False
TL000353,TR000353,DR0021,VH00056,2024-08-05,25.4,39.84,0.7,93,0,0,519,4.0,72.8,False,4.2,False
TL000355,TR000355,DR0010,VH00023,2025-01-21,1420.5,49.44,31.3,92,17,14,162,60.1,34.4,False,4.3,False
TL000356,TR000356,DR0029,VH00073,2026-05-27,30.2,93.6,0.4,83,0,0,1123,4.7,42.4,False,3.5,False
TL000358,TR000358,DR0054,VH00008,2023-02-14,525.5,7.68,74.6,90,5,5,55,50.8,69.5,False,3.7,False
TL000364,TR000364,DR0009,VH00062,2024-12-16,53.2,28.56,2.0,118,0,0,76,1.2,95.8,False,3.5,True
TL000366,TR000366,DR0052,VH00062,2024-04-26,52.8,38.64,1.5,89,0,0,78,1.5,95.6,False,4.1,False
TL000369,TR000369,DR0047,VH00087,2024-10-14,190.7,18.0,11.6,163,4,4,258,28.8,68.5,False,4.6,False
TL000371,TR000371,DR0013,VH00018,2025-04-09,13.1,5.52,2.6,178,0,0,45,1.2,97.4,False,4.2,True
TL000374,TR000374,DR0052,VH00042,2023-08-22,381.5,9.84,42.3,179,1,1,16,7.3,94.5,False,4.0,False
TL000376,TR000376,DR0025,VH00092,2022-03-06,337.8,775.44,0.5,146,5,7,8486,42.4,0.0,False,4.1,False
TL000380,TR000380,DR0037,VH00087,2024-07-15,60.9,167.04,0.4,83,1,1,1595,9.5,14.9,False,4.3,False
TL000381,TR000381,DR0020,VH00024,2024-08-28,30.0,7.92,4.1,138,0,0,126,3.5,92.7,False,4.0,False
TL000384,TR000384,DR0043,VH00037,2023-05-15,58.8,14.16,4.5,169,0,0,75,5.1,94.7,False,4.0,False
TL000387,TR000387,DR0060,VH00039,2023-09-06,543.0,70.32,8.4,132,4,6,462,38.6,53.3,False,4.6,False
TL000388,TR000388,DR0029,VH00034,2025-04-01,66.3,163.68,0.4,91,1,1,1051,12.1,41.3,False,4.7,False
TL000396,TR000396,DR0016,VH00018,2022-08-20,68.8,111.84,0.7,98,0,0,468,3.3,75.6,False,3.8,False
TL000398,TR000398,DR0053,VH00112,2023-01-16,386.7,57.84,7.3,83,4,3,301,25.5,68.3,False,5.0,False
TL000401,TR000401,DR0056,VH00007,2024-08-18,69.1,736.08,0.1,161,0,0,2783,5.7,0.0,False,3.4,False
TL000406,TR000406,DR0060,VH00015,2022-08-15,52.4,8.4,6.8,82,0,0,40,4.0,96.8,False,4.9,False
TL000407,TR000407,DR0043,VH00004,2023-06-23,72.2,156.24,0.5,89,0,0,726,7.4,61.5,False,4.3,False
TL000408,TR000408,DR0026,VH00036,2022-06-25,60.4,3.6,18.3,94,2,1,77,15.7,87.4,False,4.3,False
TL000409,TR000409,DR0031,VH00053,2022-06-09,1285.0,36.72,38.2,98,28,25,396,110.7,0.0,False,4.1,False
TL000412,TR000412,DR0054,VH00037,2023-01-19,56.4,46.56,1.3,86,0,0,332,2.5,82.7,False,3.8,False
TL000414,TR000414,DR0008,VH00057,2025-08-02,26.8,742.32,0.0,141,0,0,12020,3.6,0.0,False,4.3,False
TL000416,TR000416,DR0041,VH00106,2026-05-27,24.8,228.0,0.1,158,0,0,1553,2.5,21.6,False,3.9,False
TL000418,TR000418,DR0016,VH00053,2023-08-06,48.9,59.76,0.9,121,0,0,485,4.4,74.4,False,4.2,False
TL000419,TR000419,DR0008,VH00028,2026-01-06,66.2,21.12,3.4,156,1,1,299,9.0,79.8,False,5.0,True
TL000422,TR000422,DR0018,VH00102,2024-02-10,1440.2,56.4,27.9,136,13,12,418,111.2,14.2,False,3.8,False
TL000423,TR000423,DR0028,VH00007,2025-10-16,53.5,158.16,0.4,96,0,0,1278,3.2,35.1,False,4.9,False
TL000424,TR000424,DR0016,VH00026,2024-08-21,245.1,16.8,15.9,85,1,2,111,15.3,86.4,False,4.7,False
TL000425,TR000425,DR0047,VH00071,2023-07-08,24.6,34.08,0.8,98,0,0,461,4.5,75.6,False,4.3,True
TL000427,TR000427,DR0026,VH00063,2025-04-07,20.5,10.32,2.2,168,0,0,239,6.6,86.1,False,3.8,False
TL000429,TR000429,DR0028,VH00063,2026-06-14,337.8,54.0,6.8,148,2,2,446,30.3,63.6,False,2.9,False
TL000430,TR000430,DR0042,VH00091,2026-03-11,376.1,11.52,35.6,81,3,4,87,35.7,76.4,False,3.9,False
TL000433,TR000433,DR0053,VH00088,2025-06-28,396.1,5.28,81.8,160,3,3,30,40.9,78.7,False,3.7,False
TL000434,TR000434,DR0003,VH00080,2024-08-15,64.4,23.28,3.0,92,3,3,651,34.0,49.8,False,3.5,False
TL000435,TR000435,DR0048,VH00063,2025-05-03,364.6,25.2,15.8,81,1,1,49,9.0,92.3,False,3.8,False
TL000437,TR000437,DR0028,VH00019,2023-08-25,79.5,199.92,0.4,114,0,0,707,7.4,62.4,False,3.5,False
TL000441,TR000441,DR0017,VH00041,2024-08-23,342.9,210.96,1.8,164,6,5,1326,71.7,0.0,False,4.7,False
TL000445,TR000445,DR0002,VH00036,2025-07-17,900.7,12.0,81.9,105,42,38,166,228.3,0.0,False,3.8,False
TL000450,TR000450,DR0019,VH00087,2025-02-19,1488.8,34.56,47.0,144,52,47,518,249.3,0.0,False,5.0,False
TL000452,TR000452,DR0026,VH00074,2026-05-24,245.1,12.96,20.6,98,7,6,152,64.4,56.6,False,5.0,False
TL000453,TR000453,DR0055,VH00015,2024-03-21,15.6,29.28,0.6,118,0,0,224,1.8,88.3,False,4.5,False
TL000454,TR000454,DR0048,VH00063,2024-09-11,38.0,9.36,4.4,124,0,0,40,1.4,97.6,False,3.9,False
TL000458,TR000458,DR0022,VH00068,2023-06-07,14.8,67.44,0.2,162,0,0,742,1.2,62.5,False,4.2,False
TL000459,TR000459,DR0021,VH00081,2024-08-02,404.3,36.48,12.1,94,7,9,506,74.9,32.7,False,3.6,False
TL000460,TR000460,DR0058,VH00080,2024-10-09,43.3,40.56,1.2,82,0,0,366,4.6,80.3,False,4.5,False
TL000461,TR000461,DR0005,VH00092,2023-05-04,77.6,41.04,2.1,131,0,0,202,7.7,87.6,False,4.5,False
TL000462,TR000462,DR0028,VH00007,2023-01-02,60.7,11.04,6.0,84,0,0,48,2.8,96.8,False,3.2,False
TL000464,TR000464,DR0041,VH00023,2024-04-03,76.3,7.68,10.8,139,0,0,28,7.8,96.3,False,3.2,False
TL000469,TR000469,DR0044,VH00114,2022-04-19,10.7,52.56,0.2,176,0,0,539,1.1,72.7,False,2.8,False
TL000471,TR000471,DR0027,VH00013,2024-04-03,74.0,92.88,0.9,81,0,0,767,4.8,60.2,False,4.3,False
TL000472,TR000472,DR0028,VH00056,2025-07-28,51.2,168.72,0.3,81,0,0,651,5.4,65.8,False,3.8,False
TL000473,TR000473,DR0035,VH00016,2022-03-08,369.7,62.16,6.5,153,13,14,1047,71.9,0.0,False,4.6,False
TL000476,TR000476,DR0009,VH00104,2022-10-14,361.2,23.28,16.9,175,1,1,79,9.8,90.6,False,3.6,False
TL000485,TR000485,DR0059,VH00065,2026-02-07,57.8,17.52,3.6,145,1,1,241,7.9,83.1,False,3.9,False
TL000486,TR000486,DR0058,VH00107,2025-04-07,1552.0,28.56,59.3,146,26,28,168,271.3,0.0,False,2.8,False
TL000487,TR000487,DR0010,VH00118,2023-06-23,398.2,4.56,95.3,126,4,3,38,29.3,80.3,False,5.0,True
TL000490,TR000490,DR0053,VH00118,2023-04-28,368.9,178.56,2.3,134,2,2,631,14.0,59.2,False,4.0,False
TL000494,TR000494,DR0044,VH00004,2024-01-20,36.3,7.92,5.0,83,0,0,123,7.3,91.7,False,4.3,False
TL000495,TR000495,DR0041,VH00053,2024-03-18,34.2,12.24,3.0,168,0,0,44,2.7,97.0,False,4.1,False
TL000496,TR000496,DR0034,VH00092,2023-07-01,69.7,10.08,7.5,147,1,1,135,11.8,87.2,False,4.6,False
TL000497,TR000497,DR0060,VH00080,2026-01-03,20.9,109.92,0.2,163,0,0,610,2.1,68.9,False,3.8,False
TL000501,TR000501,DR0009,VH00005,2025-09-08,65.9,50.4,1.4,179,0,0,102,1.4,94.5,False,4.7,False
TL000502,TR000502,DR0042,VH00068,2023-11-16,366.0,688.08,0.6,149,3,4,4534,31.5,0.0,False,2.7,False
TL000504,TR000504,DR0021,VH00119,2024-04-20,1401.1,175.92,8.7,91,30,24,2090,162.4,0.0,False,4.9,False
TL000507,TR000507,DR0044,VH00088,2025-03-04,64.4,74.88,0.9,104,1,0,615,7.4,65.5,False,4.3,False
TL000508,TR000508,DR0002,VH00071,2024-07-19,387.2,129.84,3.3,165,17,11,2122,79.9,0.0,False,4.6,False
TL000510,TR000510,DR0025,VH00020,2024-06-19,1438.7,29.04,54.0,179,24,21,170,134.7,0.0,False,3.7,False
TL000513,TR000513,DR0026,VH00080,2026-05-09,363.1,770.16,0.5,132,12,10,7863,121.3,0.0,False,4.7,False
TL000518,TR000518,DR0021,VH00025,2022-06-09,1469.6,185.28,8.7,128,21,33,2527,159.8,0.0,False,3.9,False
TL000521,TR000521,DR0005,VH00114,2022-08-24,47.5,76.8,0.7,97,0,0,382,2.0,80.3,False,5.0,False
TL000522,TR000522,DR0013,VH00024,2022-04-12,386.7,38.16,11.1,157,4,3,165,15.6,78.1,False,4.4,False
TL000523,TR000523,DR0055,VH00107,2025-03-13,63.0,52.32,1.3,157,1,1,840,8.2,53.0,False,4.1,False
TL000525,TR000525,DR0044,VH00111,2023-04-09,48.4,19.68,2.7,144,0,1,184,6.2,87.9,False,3.3,False
TL000531,TR000531,DR0027,VH00068,2025-08-16,323.1,46.08,7.6,80,3,2,205,21.6,76.8,False,5.0,False
TL000534,TR000534,DR0046,VH00110,2023-09-23,1436.7,62.16,25.2,97,123,75,1916,661.4,0.0,False,4.5,False
TL000535,TR000535,DR0016,VH00074,2025-06-09,543.0,15.84,37.4,176,6,6,87,52.0,65.1,False,3.6,False
TL000539,TR000539,DR0007,VH00011,2026-05-01,337.8,91.2,4.0,93,17,25,1639,171.9,0.0,False,4.0,False
TL000544,TR000544,DR0002,VH00021,2024-12-11,17.7,18.24,1.1,163,0,0,267,4.7,85.2,False,4.0,False
TL000545,TR000545,DR0046,VH00005,2023-11-08,23.7,22.8,1.1,142,1,1,571,9.0,66.2,False,3.4,False
TL000546,TR000546,DR0019,VH00047,2022-11-04,72.4,40.8,1.9,108,2,1,636,14.6,59.8,False,3.5,False
TL000547,TR000547,DR0015,VH00118,2026-06-19,52.8,803.52,0.1,80,1,1,8074,10.0,0.0,False,3.4,False
TL000548,TR000548,DR0057,VH00053,2024-07-05,1552.0,29.04,58.3,173,6,4,124,29.3,72.0,False,4.1,False
TL000549,TR000549,DR0049,VH00034,2025-07-23,1186.3,11.28,114.7,136,10,8,80,46.7,59.0,False,4.1,False
TL000555,TR000555,DR0056,VH00023,2025-10-21,15.6,8.16,2.1,131,0,0,25,0.8,98.5,False,4.8,False
TL000557,TR000557,DR0005,VH00089,2024-10-02,1479.6,4.32,373.6,109,14,12,25,102.7,34.9,False,4.2,False
TL000562,TR000562,DR0035,VH00039,2024-12-28,1429.9,12.96,120.4,152,40,44,321,404.9,0.0,False,3.7,False
TL000563,TR000563,DR0048,VH00047,2024-05-13,382.2,166.08,2.5,102,1,1,371,16.4,74.0,False,4.2,False
TL000564,TR000564,DR0046,VH00028,2024-06-06,323.1,36.0,9.8,140,26,15,434,126.7,0.0,False,4.6,False
TL000570,TR000570,DR0055,VH00056,2023-02-12,1238.9,8.4,160.9,178,31,26,85,111.1,0.0,False,4.0,False
TL000572,TR000572,DR0060,VH00024,2024-12-20,42.5,10.8,4.3,137,0,0,67,4.2,95.4,False,5.0,False
TL000575,TR000575,DR0051,VH00119,2022-10-01,396.3,48.48,8.9,172,5,7,506,43.0,47.3,False,4.2,False
TL000576,TR000576,DR0044,VH00111,2022-03-05,1440.2,147.36,10.7,150,20,25,1197,159.9,0.0,False,5.0,False
TL000580,TR000580,DR0021,VH00010,2026-03-25,134.3,5.04,29.1,86,1,3,76,23.0,84.8,False,4.1,False
TL000582,TR000582,DR0051,VH00115,2025-04-05,383.5,57.84,7.2,119,9,6,356,72.7,40.9,False,4.2,False
TL000583,TR000583,DR0046,VH00068,2022-12-07,72.9,130.32,0.6,85,4,4,3991,41.4,0.0,False,4.5,False
TL000585,TR000585,DR0039,VH00053,2022-02-02,15.4,6.0,2.8,159,0,0,59,2.0,96.5,False,5.0,False
TL000586,TR000586,DR0047,VH00112,2022-10-27,48.4,11.76,4.5,105,0,1,147,9.1,88.9,False,3.8,False
TL000587,TR000587,DR0060,VH00041,2022-02-15,257.2,37.92,7.4,132,2,2,252,26.5,74.5,False,3.8,False
TL000589,TR000589,DR0007,VH00074,2024-08-04,900.7,44.64,22.0,143,78,47,773,540.2,0.0,False,4.8,False
TL000590,TR000590,DR0023,VH00015,2026-01-01,29.6,13.44,2.4,129,0,0,84,2.8,95.0,False,3.4,False
TL000592,TR000592,DR0037,VH00068,2022-05-09,54.7,17.52,3.4,143,0,1,129,5.8,90.8,False,5.0,False
TL000593,TR000593,DR0031,VH00111,2022-08-11,15.7,41.04,0.4,119,0,0,429,1.6,78.1,False,4.0,False
TL000595,TR000595,DR0021,VH00044,2026-05-06,17.1,37.44,0.5,105,0,0,473,3.8,75.2,False,3.7,False
TL000596,TR000596,DR0057,VH00069,2022-09-06,15.2,18.0,0.9,176,0,0,63,0.6,96.7,False,3.3,False
TL000597,TR000597,DR0055,VH00046,2024-09-05,23.7,17.76,1.5,148,0,0,276,3.3,85.2,False,4.1,False
TL000604,TR000604,DR0033,VH00074,2026-04-02,72.8,51.84,1.5,170,1,1,695,7.3,60.6,False,3.6,False
TL000606,TR000606,DR0043,VH00039,2023-05-11,27.7,16.8,1.8,153,0,0,64,2.3,96.1,False,5.0,False
TL000607,TR000607,DR0023,VH00015,2025-03-17,1264.4,50.4,27.4,155,12,10,335,118.8,19.6,False,3.9,False
TL000610,TR000610,DR0052,VH00054,2024-10-07,15.0,7.2,2.3,121,0,0,28,0.5,98.4,False,4.4,False
TL000611,TR000611,DR0010,VH00031,2025-08-13,1484.6,4.8,337.4,115,18,18,35,59.9,35.3,False,4.9,False
TL000615,TR000615,DR0040,VH00071,2024-01-20,11.0,19.44,0.6,173,0,0,262,1.6,86.4,False,4.0,False
TL000616,TR000616,DR0059,VH00110,2023-11-08,1488.4,76.32,21.3,99,24,34,612,275.9,0.0,False,3.8,False
TL000617,TR000617,DR0016,VH00046,2025-10-11,46.9,62.16,0.8,95,0,0,488,3.7,74.5,False,4.0,False
TL000618,TR000618,DR0052,VH00118,2022-03-17,257.2,52.08,5.4,138,0,0,175,11.5,87.8,False,4.4,False
TL000621,TR000621,DR0043,VH00117,2023-10-22,15.6,38.4,0.4,95,0,0,199,0.6,89.9,False,4.6,False
TL000630,TR000630,DR0049,VH00074,2022-11-11,1534.7,21.12,79.3,104,19,17,134,82.9,22.9,False,4.4,False
TL000631,TR000631,DR0044,VH00025,2025-03-24,53.0,68.88,0.8,121,0,1,443,5.1,75.3,False,3.8,False
TL000633,TR000633,DR0021,VH00062,2022-05-04,17.1,16.8,1.1,175,0,0,146,2.7,91.9,False,5.0,False
TL000634,TR000634,DR0018,VH00088,2023-06-26,31.4,702.96,0.0,102,0,0,5917,3.2,0.0,False,4.8,False
TL000636,TR000636,DR0004,VH00017,2024-10-13,74.9,52.56,1.6,83,1,1,621,7.2,64.3,False,5.0,False
TL000641,TR000641,DR0053,VH00078,2025-07-22,323.1,6.24,56.5,133,4,3,37,31.1,79.8,False,5.0,False
TL000642,TR000642,DR0007,VH00010,2026-06-13,53.1,11.04,5.2,134,2,3,285,24.7,72.3,False,3.8,False
TL000643,TR000643,DR0051,VH00092,2024-10-19,73.5,29.04,2.8,142,1,1,387,9.5,75.3,False,3.5,False
TL000645,TR000645,DR0043,VH00025,2025-05-22,900.7,34.32,28.6,113,9,8,222,77.3,44.2,False,3.5,False
TL000647,TR000647,DR0021,VH00074,2025-06-25,498.6,226.8,2.4,154,10,8,1567,106.9,0.0,False,4.9,False
TL000648,TR000648,DR0025,VH00095,2026-03-03,900.7,5.52,178.0,100,16,19,74,95.3,24.7,False,3.7,False
TL000649,TR000649,DR0043,VH00038,2024-01-18,24.4,14.4,1.8,144,0,0,125,1.5,93.3,False,5.0,False
TL000652,TR000652,DR0046,VH00111,2023-09-13,62.2,46.8,1.4,150,4,2,1330,36.2,14.6,False,5.0,False
TL000654,TR000654,DR0002,VH00091,2022-01-03,13.9,757.44,0.0,178,0,0,13690,3.0,0.0,False,4.7,False
TL000656,TR000656,DR0012,VH00092,2023-06-05,76.1,82.32,1.0,148,3,3,1287,15.2,23.6,False,4.4,False
TL000657,TR000657,DR0033,VH00016,2026-03-01,16.8,74.16,0.2,172,0,0,544,2.1,72.2,False,3.3,False
TL000658,TR000658,DR0035,VH00046,2023-03-29,79.9,12.72,6.9,95,3,1,296,21.9,73.1,False,3.9,False
TL000660,TR000660,DR0048,VH00026,2023-02-04,75.3,19.44,4.2,166,0,0,43,2.0,97.2,False,3.5,False
TL000661,TR000661,DR0036,VH00034,2024-09-15,38.1,233.04,0.2,90,0,0,1721,6.2,12.1,False,4.5,False
TL000662,TR000662,DR0028,VH00058,2026-06-20,68.9,38.4,2.0,82,0,0,145,2.8,91.9,False,4.7,False
TL000664,TR000664,DR0003,VH00091,2024-04-22,50.1,829.2,0.1,124,3,2,8895,26.0,0.0,False,3.9,False
TL000666,TR000666,DR0007,VH00115,2022-08-01,337.8,23.28,15.8,87,17,17,502,70.0,11.4,False,4.0,True
TL000667,TR000667,DR0038,VH00044,2025-03-05,49.3,58.08,0.9,130,1,0,833,5.2,55.3,False,3.6,False
TL000668,TR000668,DR0038,VH00104,2022-07-20,257.2,24.72,11.4,131,5,4,370,24.5,62.6,False,4.1,False
TL000669,TR000669,DR0017,VH00065,2024-09-27,12.7,39.36,0.4,179,0,0,294,2.3,84.6,False,4.3,False
TL000675,TR000675,DR0004,VH00053,2022-12-05,334.4,16.56,22.0,115,8,6,215,70.8,50.0,False,4.1,False
TL000677,TR000677,DR0026,VH00089,2022-10-22,498.6,2.64,206.0,92,15,20,50,112.7,21.2,False,4.4,False
TL000679,TR000679,DR0021,VH00087,2022-03-14,41.5,40.32,1.1,98,0,0,570,3.7,70.4,False,2.9,False
TL000682,TR000682,DR0023,VH00013,2026-03-16,15.3,6.96,2.4,96,0,0,28,0.8,98.4,False,3.7,False
TL000683,TR000683,DR0052,VH00036,2022-05-25,119.1,47.28,2.7,104,0,0,95,1.9,94.7,False,3.8,False
TL000684,TR000684,DR0052,VH00016,2023-07-07,34.2,75.36,0.5,96,0,0,223,1.3,88.5,False,4.7,False
TL000685,TR000685,DR0025,VH00119,2023-08-28,1410.2,61.92,24.8,140,22,20,337,243.0,0.0,False,4.0,True
TL000686,TR000686,DR0028,VH00114,2022-03-18,60.3,10.32,6.4,154,0,0,79,2.6,95.3,False,3.8,False
TL000687,TR000687,DR0021,VH00069,2022-09-25,960.3,44.4,23.6,164,20,14,389,207.4,0.0,False,4.6,False
TL000689,TR000689,DR0044,VH00069,2024-02-10,18.0,16.08,1.2,130,0,0,107,1.9,94.1,False,3.7,False
TL000691,TR000691,DR0047,VH00119,2025-01-20,15.1,139.2,0.1,88,0,0,825,1.2,58.4,False,4.3,True
TL000692,TR000692,DR0003,VH00106,2023-09-07,386.7,60.48,7.0,146,28,16,1837,120.4,0.0,False,4.8,False
TL000693,TR000693,DR0056,VH00015,2024-06-09,396.1,6.72,64.3,87,3,5,45,20.5,82.1,False,4.6,False
TL000694,TR000694,DR0003,VH00112,2026-06-04,404.3,28.8,15.3,97,32,17,455,187.3,0.0,False,3.6,False
TL000699,TR000699,DR0016,VH00116,2026-02-11,75.3,829.68,0.1,155,0,0,3236,6.3,0.0,False,5.0,False
TL000701,TR000701,DR0022,VH00117,2023-09-26,15.1,16.32,1.0,135,0,0,152,2.2,91.7,False,4.2,False
TL000704,TR000704,DR0004,VH00102,2023-07-03,68.9,29.52,2.5,156,1,1,187,7.2,86.0,False,4.6,False
TL000705,TR000705,DR0039,VH00037,2026-02-24,543.0,4.56,129.9,125,10,12,40,58.1,53.6,False,3.9,False
TL000706,TR000706,DR0023,VH00106,2024-03-22,64.5,64.08,1.1,160,0,0,461,3.1,76.0,False,3.8,False
TL000707,TR000707,DR0022,VH00059,2023-07-07,34.6,11.04,3.4,179,0,0,166,6.4,89.8,False,4.9,False
TL000709,TR000709,DR0037,VH00059,2026-01-17,35.4,193.44,0.2,144,0,0,1910,5.1,3.0,False,4.0,False
TL000710,TR000710,DR0023,VH00110,2023-10-22,404.3,11.04,40.0,84,4,4,63,19.9,80.9,False,4.2,False
TL000711,TR000711,DR0036,VH00116,2023-12-21,67.4,47.76,1.5,128,1,1,540,10.6,67.3,False,3.9,False
TL000714,TR000714,DR0053,VH00078,2023-01-05,71.4,7.92,9.8,172,0,0,55,7.2,95.1,False,5.0,False
TL000718,TR000718,DR0047,VH00042,2025-09-23,79.6,123.6,0.7,128,1,1,1291,17.2,27.8,False,4.0,False
TL000719,TR000719,DR0022,VH00059,2025-12-26,376.4,6.48,63.4,95,6,9,56,79.4,55.4,False,3.8,False
TL000720,TR000720,DR0032,VH00091,2025-10-26,19.1,28.56,0.7,99,0,0,140,1.6,92.5,False,4.3,False
TL000721,TR000721,DR0025,VH00092,2025-08-17,375.7,9.36,43.8,160,8,8,90,52.8,59.7,False,3.3,False
TL000724,TR000724,DR0039,VH00058,2023-02-16,177.8,8.64,22.4,173,2,3,47,30.3,82.6,False,4.4,False
TL000728,TR000728,DR0004,VH00114,2024-07-25,55.3,12.96,4.7,176,1,0,101,10.2,90.4,False,5.0,False
TL000729,TR000729,DR0033,VH00048,2023-06-14,1552.0,41.52,40.8,155,26,40,449,232.5,0.0,False,5.0,False
TL000730,TR000730,DR0013,VH00106,2022-09-15,39.9,16.32,2.7,173,0,0,54,2.7,96.5,False,4.8,False
TL000731,TR000731,DR0057,VH00036,2023-04-12,498.6,9.36,58.1,145,1,1,39,18.5,90.0,False,4.6,True
TL000732,TR000732,DR0021,VH00026,2023-08-02,366.7,65.04,6.2,160,8,8,541,77.0,29.9,False,3.2,False
TL000734,TR000734,DR0034,VH00024,2024-02-03,44.6,4.08,11.9,103,0,0,29,8.2,96.1,False,3.5,False
TL000736,TR000736,DR0043,VH00058,2022-11-20,78.4,18.72,4.6,178,0,0,110,3.8,93.4,False,4.2,False
TL000739,TR000739,DR0003,VH00011,2024-11-10,63.9,56.88,1.2,157,2,4,741,24.9,48.5,False,3.7,False
TL000742,TR000742,DR0007,VH00007,2023-11-12,30.4,11.76,2.8,83,1,2,286,12.3,78.5,False,4.7,False
TL000746,TR000746,DR0020,VH00073,2026-03-11,53.3,45.84,1.3,132,0,0,467,11.1,73.3,False,4.3,True
TL000747,TR000747,DR0021,VH00016,2026-01-15,56.7,17.52,3.5,126,1,0,109,12.3,89.4,False,4.7,True
TL000755,TR000755,DR0041,VH00102,2025-09-14,11.4,8.16,1.5,171,0,0,47,0.4,97.5,False,3.9,False
TL000756,TR000756,DR0055,VH00081,2023-01-16,337.8,2.4,153.5,100,5,5,21,55.0,70.0,False,3.2,False
TL000757,TR000757,DR0034,VH00099,2023-01-11,165.0,7.92,22.7,142,3,2,85,16.7,84.2,False,2.9,False
TL000758,TR000758,DR0048,VH00010,2026-04-07,74.7,782.16,0.1,110,0,0,3287,2.4,0.0,False,3.7,False
TL000760,TR000760,DR0024,VH00039,2026-04-20,40.3,22.32,2.0,121,0,0,74,3.5,95.2,False,4.1,False
TL000764,TR000764,DR0010,VH00112,2022-11-18,25.2,17.04,1.6,112,0,0,111,2.3,93.8,False,4.1,False
TL000765,TR000765,DR0028,VH00112,2026-04-12,337.8,4.08,90.3,157,2,2,24,12.4,90.1,False,3.8,False
TL000766,TR000766,DR0036,VH00089,2022-07-23,30.3,22.56,1.5,142,0,0,305,6.8,82.7,False,4.3,False
TL000768,TR000768,DR0049,VH00037,2023-08-23,87.2,840.0,0.1,82,0,0,4876,3.8,0.0,False,4.0,True
TL000771,TR000771,DR0056,VH00104,2024-08-09,1552.2,13.92,121.6,84,17,17,56,131.1,15.4,False,4.3,False
TL000774,TR000774,DR0053,VH00018,2024-11-23,257.2,5.28,53.1,176,3,1,21,19.6,87.6,False,3.1,False
TL000775,TR000775,DR0025,VH00069,2024-06-10,169.3,24.96,7.4,146,2,3,168,20.6,79.4,False,2.7,False
TL000776,TR000776,DR0025,VH00095,2023-11-16,768.9,47.76,17.6,164,11,17,264,75.0,30.8,False,4.0,False
TL000778,TR000778,DR0055,VH00062,2024-02-09,900.7,38.16,25.7,143,12,22,359,104.1,10.8,False,5.0,False
TL000782,TR000782,DR0007,VH00047,2023-02-24,1534.7,69.6,24.1,141,109,81,1883,826.6,0.0,False,4.2,False
TL000783,TR000783,DR0055,VH00054,2022-07-02,35.1,228.0,0.2,179,0,0,2357,3.6,0.0,False,3.8,False
TL000784,TR000784,DR0004,VH00044,2023-12-24,66.9,52.8,1.4,142,1,1,444,10.4,72.2,False,4.3,False
TL000785,TR000785,DR0047,VH00005,2024-12-04,42.5,12.0,3.9,111,0,1,91,3.8,93.3,False,4.4,False
TL000791,TR000791,DR0002,VH00116,2022-08-03,337.8,12.0,30.7,157,14,9,296,125.2,17.6,False,3.5,False
TL000793,TR000793,DR0015,VH00118,2025-02-24,332.6,11.04,32.9,85,7,8,84,57.4,60.1,False,5.0,False
TL000794,TR000794,DR0043,VH00040,2026-05-07,15.0,5.76,2.8,157,0,0,39,0.6,97.9,False,4.9,False
TL000795,TR000795,DR0048,VH00119,2025-09-25,34.4,23.28,1.6,151,0,0,61,0.7,96.7,False,4.8,False
TL000800,TR000800,DR0058,VH00111,2026-04-28,15.0,5.28,3.1,160,0,0,70,2.6,95.7,False,4.1,False
TL000803,TR000803,DR0053,VH00023,2023-02-22,396.3,14.4,30.0,160,4,4,112,32.0,74.8,False,3.2,False
TL000804,TR000804,DR0041,VH00005,2023-05-22,1178.8,179.76,7.2,81,8,9,1049,102.8,0.0,False,5.0,False
TL000805,TR000805,DR0031,VH00065,2023-06-23,768.9,55.2,15.2,174,13,18,796,150.0,0.0,False,4.2,True
TL000810,TR000810,DR0057,VH00044,2022-01-17,22.3,129.12,0.2,164,0,0,211,0.7,89.2,False,3.8,False
TL000812,TR000812,DR0034,VH00048,2023-09-10,395.8,91.2,4.7,134,8,9,1362,66.4,0.0,False,3.6,False
TL000818,TR000818,DR0044,VH00114,2026-05-03,72.8,119.76,0.7,108,1,1,1388,10.7,24.9,False,3.4,False
TL000819,TR000819,DR0033,VH00005,2023-08-10,1188.6,5.76,225.1,132,27,29,71,158.3,0.0,False,4.0,False
TL000822,TR000822,DR0056,VH00011,2024-09-01,71.7,20.16,3.9,167,0,0,92,2.8,94.6,False,5.0,False
TL000825,TR000825,DR0033,VH00092,2022-04-07,372.5,5.76,70.5,158,8,8,42,36.2,67.0,False,4.5,False
TL000826,TR000826,DR0005,VH00036,2026-01-18,27.8,91.92,0.3,145,0,0,569,2.0,71.0,False,3.3,False
TL000829,TR000829,DR0029,VH00059,2026-01-20,59.1,8.88,7.3,91,0,1,54,12.7,92.5,False,4.8,False
TL000830,TR000830,DR0025,VH00005,2022-09-15,379.6,9.12,45.4,179,9,7,81,35.1,64.9,False,4.1,False
TL000836,TR000836,DR0005,VH00062,2026-05-19,26.1,805.68,0.0,87,0,0,6272,1.8,0.0,False,3.7,False
TL000839,TR000839,DR0023,VH00119,2025-03-18,12.3,47.76,0.3,134,0,0,294,0.8,85.1,False,4.2,False
TL000840,TR000840,DR0031,VH00069,2023-07-13,72.8,13.2,6.0,118,1,1,187,6.2,86.3,False,2.7,False
TL000841,TR000841,DR0021,VH00092,2023-11-09,1197.7,35.04,37.3,119,25,28,352,202.4,0.0,False,4.4,False
TL000843,TR000843,DR0032,VH00043,2022-09-10,124.5,9.12,14.9,125,1,1,48,10.4,92.0,False,4.6,False
TL000845,TR000845,DR0028,VH00069,2023-06-05,375.7,756.48,0.5,133,4,4,5831,27.2,0.0,False,3.7,False
TL000850,TR000850,DR0040,VH00036,2022-08-27,64.7,20.16,3.5,119,1,1,274,13.1,79.9,False,3.7,False
TL000851,TR000851,DR0026,VH00015,2024-06-26,398.2,11.76,36.9,178,15,14,183,52.5,38.6,False,5.0,False
TL000856,TR000856,DR0053,VH00013,2025-09-06,53.3,46.8,1.2,117,0,0,356,4.4,80.9,False,4.2,False
TL000862,TR000862,DR0008,VH00064,2022-04-03,343.9,60.96,6.2,146,6,8,808,61.9,24.0,False,3.6,False
TL000865,TR000865,DR0018,VH00062,2023-11-09,32.1,188.16,0.2,156,0,0,1302,2.4,34.2,False,3.5,False
TL000866,TR000866,DR0032,VH00008,2022-11-24,58.3,23.76,2.7,133,0,0,82,5.2,94.3,False,3.3,True
TL000868,TR000868,DR0042,VH00118,2022-12-10,960.3,56.16,18.7,139,10,11,416,74.4,30.9,False,3.4,False
TL000870,TR000870,DR0038,VH00018,2026-05-04,498.6,4.56,119.3,141,7,12,50,102.5,44.2,False,4.2,False
TL000871,TR000871,DR0054,VH00115,2024-01-09,66.2,37.92,1.9,117,0,0,331,6.3,81.6,False,4.1,False
TL000872,TR000872,DR0016,VH00071,2024-09-28,60.8,17.04,3.9,94,0,0,135,3.7,92.1,False,4.1,False
TL000873,TR000873,DR0040,VH00056,2023-04-08,339.8,40.8,9.1,150,8,8,597,51.1,34.8,False,4.8,False
TL000874,TR000874,DR0002,VH00053,2026-05-19,1467.7,3.84,417.0,101,47,54,44,189.7,0.0,False,2.9,True
TL000878,TR000878,DR0034,VH00005,2026-04-22,1233.3,4.8,280.3,144,28,22,70,143.2,0.0,False,3.9,False
TL000881,TR000881,DR0029,VH00061,2025-09-24,73.5,66.48,1.2,157,1,1,823,9.7,53.4,False,4.7,False
TL000882,TR000882,DR0020,VH00058,2024-08-02,70.1,40.8,1.9,134,1,1,642,9.0,62.7,False,4.5,False
TL000884,TR000884,DR0035,VH00061,2024-12-29,1194.1,55.44,23.5,144,42,32,663,368.8,0.0,False,4.3,False
TL000886,TR000886,DR0032,VH00071,2025-05-19,1438.1,5.76,272.4,85,11,17,30,74.4,42.7,False,3.2,False
TL000887,TR000887,DR0028,VH00057,2024-02-06,28.8,4.8,6.5,129,0,0,41,2.3,97.3,False,4.3,False
TL000891,TR000891,DR0011,VH00088,2025-12-11,73.9,22.32,3.6,156,0,0,117,5.8,92.4,False,4.2,False
TL000892,TR000892,DR0031,VH00069,2026-01-03,25.7,120.0,0.2,131,0,0,1498,5.6,23.4,False,4.9,False
TL000897,TR000897,DR0053,VH00114,2023-11-04,69.6,8.64,8.8,152,0,0,69,5.5,94.9,False,4.9,False
TL000898,TR000898,DR0016,VH00115,2024-05-12,74.5,8.16,10.0,87,0,0,42,3.4,96.9,False,5.0,False
TL000900,TR000900,DR0048,VH00052,2026-01-06,36.0,32.16,1.2,167,0,0,79,0.8,95.8,False,4.4,False
TL000901,TR000901,DR0008,VH00068,2023-02-27,76.5,15.36,5.4,136,1,1,226,7.1,84.1,False,4.6,False
TL000904,TR000904,DR0034,VH00114,2025-01-25,50.3,17.52,3.1,146,1,0,279,8.8,81.9,False,3.5,False
TL000908,TR000908,DR0058,VH00069,2023-01-06,24.2,26.88,1.0,130,0,0,160,1.8,91.5,False,4.2,False
TL000914,TR000914,DR0040,VH00053,2026-02-16,57.6,163.44,0.4,148,1,1,1158,6.0,37.8,False,4.5,False
TL000917,TR000917,DR0041,VH00039,2024-05-01,371.5,7.44,54.5,151,4,4,52,14.8,83.0,False,4.5,True
TL000918,TR000918,DR0018,VH00026,2025-12-27,62.3,25.44,2.7,152,0,0,213,5.1,87.8,False,3.9,False
TL000920,TR000920,DR0035,VH00078,2022-02-13,337.8,755.04,0.5,112,12,11,11126,121.2,0.0,False,4.0,False
TL000923,TR000923,DR0008,VH00007,2022-09-14,48.4,108.48,0.5,114,0,0,1050,10.0,44.5,False,3.7,False
TL000924,TR000924,DR0015,VH00074,2026-01-28,22.1,721.44,0.0,121,0,0,4219,2.3,0.0,False,4.3,False
TL000925,TR000925,DR0028,VH00051,2022-02-24,69.1,4.8,15.7,80,0,0,21,6.1,97.1,False,3.9,False
TL000929,TR000929,DR0015,VH00017,2026-04-08,1440.2,38.88,40.4,175,24,35,623,218.6,0.0,False,3.8,False
TL000930,TR000930,DR0024,VH00018,2023-07-20,63.0,21.84,3.1,130,0,0,170,3.9,90.3,False,4.5,False
TL000931,TR000931,DR0058,VH00095,2026-06-22,1552.0,139.92,12.1,156,31,37,1300,159.0,0.0,False,4.6,False
TL000932,TR000932,DR0010,VH00007,2025-09-06,163.0,71.76,2.5,167,1,1,435,11.9,72.2,False,4.1,False
TL000933,TR000933,DR0054,VH00057,2025-03-10,64.8,808.32,0.1,163,0,0,6612,5.7,0.0,False,3.7,False
TL000936,TR000936,DR0060,VH00092,2024-02-21,44.8,93.12,0.5,146,0,0,499,4.6,73.7,False,4.8,False
TL000941,TR000941,DR0058,VH00057,2023-11-09,369.2,20.88,19.3,87,6,7,260,58.7,53.4,False,4.5,True
TL000942,TR000942,DR0022,VH00048,2025-04-07,1473.7,3.36,478.5,127,27,30,22,292.2,0.0,False,4.6,False
TL000944,TR000944,DR0057,VH00005,2022-06-03,123.1,8.4,16.0,114,0,0,12,4.3,98.1,False,4.1,False
TL000945,TR000945,DR0002,VH00024,2026-06-05,385.8,5.28,79.7,136,13,16,71,92.4,33.2,False,3.2,False
TL000951,TR000951,DR0035,VH00041,2022-01-22,15.0,19.44,0.8,83,0,0,265,2.5,86.0,False,3.0,False
TL000955,TR000955,DR0007,VH00092,2026-03-26,404.3,3.12,141.4,95,29,29,42,95.9,0.0,False,3.9,False
TL000959,TR000959,DR0057,VH00010,2026-05-22,1440.2,20.88,75.2,100,4,6,33,31.8,76.8,False,5.0,False
TL000961,TR000961,DR0007,VH00119,2023-04-21,1254.2,10.08,135.7,95,98,80,214,623.3,0.0,False,3.6,False
TL000963,TR000963,DR0016,VH00037,2025-01-18,1468.7,12.0,133.5,103,14,10,88,131.7,25.1,False,3.3,False
TL000964,TR000964,DR0019,VH00037,2025-11-12,337.8,7.44,49.5,133,13,14,86,106.0,30.4,False,4.1,False
TL000966,TR000966,DR0018,VH00088,2025-08-20,53.1,67.68,0.9,104,0,0,531,2.8,72.6,False,3.6,True
TL000967,TR000967,DR0056,VH00099,2023-01-07,1482.7,11.04,146.5,98,19,13,82,54.0,38.2,False,4.1,False
TL000968,TR000968,DR0037,VH00069,2022-02-12,13.2,18.96,0.8,93,0,0,249,2.4,86.8,False,4.4,False
TL000970,TR000970,DR0033,VH00034,2022-12-23,364.6,45.12,8.8,137,8,6,530,59.7,37.6,False,4.2,False
TL000975,TR000975,DR0013,VH00088,2026-01-26,61.7,148.8,0.5,109,0,0,918,6.0,52.3,False,3.8,False
TL000979,TR000979,DR0029,VH00107,2025-12-08,67.6,19.2,3.8,162,1,0,171,9.9,87.0,False,4.7,False
TL000980,TR000980,DR0041,VH00017,2024-11-27,404.3,38.64,11.4,93,4,4,313,35.4,63.7,False,2.9,False
TL000981,TR000981,DR0015,VH00074,2024-06-14,768.9,54.24,15.5,86,14,14,666,138.7,0.0,False,3.8,False
TL000983,TR000983,DR0024,VH00091,2022-06-14,65.8,35.52,2.0,175,0,0,168,6.1,89.8,False,4.7,False
TL000984,TR000984,DR0029,VH00078,2025-05-10,28.9,64.56,0.5,133,0,0,363,4.9,80.4,False,4.0,False
TL000985,TR000985,DR0005,VH00026,2023-07-02,374.9,8.4,48.7,84,3,3,55,22.2,83.1,False,3.4,False
TL000987,TR000987,DR0033,VH00115,2024-04-20,71.7,25.2,3.1,123,1,1,153,16.1,85.0,False,4.3,False
TL000990,TR000990,DR0025,VH00034,2025-06-25,392.3,2.64,162.1,162,6,9,19,81.9,56.5,False,3.0,False
TL000992,TR000992,DR0038,VH00051,2025-01-04,323.1,7.68,45.9,116,7,7,58,32.4,69.9,False,3.9,False
TL000994,TR000994,DR0025,VH00094,2022-03-23,78.9,60.72,1.4,161,1,1,391,15.4,73.3,False,5.0,False
TL000995,TR000995,DR0010,VH00084,2026-02-07,33.8,24.0,1.5,148,0,0,184,1.4,90.4,False,4.9,False
TL000997,TR000997,DR0031,VH00026,2022-06-07,1440.2,12.0,130.9,163,33,29,183,176.0,0.0,False,4.5,False
TL000999,TR000999,DR0017,VH00057,2025-10-21,15.5,9.36,1.8,105,0,0,75,2.9,95.4,False,3.7,False
TL001000,TR001000,DR0032,VH00028,2022-09-26,22.9,18.96,1.3,102,0,0,107,2.0,94.1,False,3.7,False
TL001001,TR001001,DR0033,VH00089,2022-07-13,1552.0,60.72,27.9,169,23,37,636,265.2,0.0,False,4.3,True
TL001002,TR001002,DR0013,VH00112,2025-03-01,37.9,18.96,2.2,156,0,0,61,1.6,96.5,False,4.7,False
TL001004,TR001004,DR0044,VH00054,2024-12-13,43.0,27.36,1.7,114,0,0,398,8.7,77.5,False,4.9,False
TL001009,TR001009,DR0058,VH00102,2026-02-04,1272.5,11.04,125.7,137,18,19,119,200.7,0.0,False,4.5,False
TL001010,TR001010,DR0060,VH00119,2024-09-28,900.7,44.16,22.3,158,8,8,227,48.8,54.0,False,5.0,False
TL001020,TR001020,DR0031,VH00117,2024-06-26,69.3,22.32,3.4,144,1,1,191,7.5,85.7,False,4.4,False
TL001024,TR001024,DR0010,VH00026,2024-05-01,257.2,47.28,5.9,95,3,2,226,20.1,76.2,False,3.8,False
TL001026,TR001026,DR0023,VH00068,2022-08-02,11.2,12.96,0.9,135,0,0,86,0.4,95.6,False,3.9,True
TL001027,TR001027,DR0025,VH00053,2026-02-14,323.1,53.28,6.6,84,5,6,451,25.5,56.3,False,4.1,False
TL001029,TR001029,DR0020,VH00007,2026-02-17,48.6,212.4,0.2,92,1,1,2273,6.2,0.0,False,5.0,False
TL001032,TR001032,DR0042,VH00059,2023-11-24,23.8,36.24,0.7,121,0,0,179,1.2,90.7,False,4.4,False
TL001033,TR001033,DR0008,VH00084,2023-01-17,15.3,782.4,0.0,161,0,0,4733,1.2,0.0,False,4.0,False
TL001036,TR001036,DR0023,VH00056,2023-07-11,1552.0,91.44,18.5,140,12,12,675,132.7,0.0,False,4.2,False
TL001042,TR001042,DR0003,VH00056,2026-03-14,164.2,5.52,32.5,136,11,7,131,50.1,54.9,False,3.3,False
TL001054,TR001054,DR0022,VH00026,2023-04-16,386.7,37.44,11.3,131,7,6,265,55.5,53.6,False,4.0,False
TL001055,TR001055,DR0039,VH00052,2024-12-16,27.2,14.64,2.0,159,0,0,232,2.8,87.6,False,3.8,False
TL001059,TR001059,DR0043,VH00116,2025-03-16,367.4,75.84,5.3,150,3,4,561,14.9,59.0,False,4.1,False
TL001060,TR001060,DR0054,VH00034,2023-11-14,396.1,21.84,19.8,125,3,3,114,27.7,78.5,False,3.9,False
TL001061,TR001061,DR0051,VH00022,2023-04-20,63.8,8.16,8.5,136,0,1,59,7.0,94.0,False,5.0,False
TL001062,TR001062,DR0016,VH00020,2023-09-27,170.6,68.16,2.7,108,1,1,465,16.1,69.4,False,3.9,False
TL001063,TR001063,DR0017,VH00046,2023-10-08,190.7,118.08,1.8,164,4,2,1779,26.9,0.0,False,4.0,False
TL001064,TR001064,DR0033,VH00099,2025-08-26,323.1,4.56,77.3,147,7,4,72,30.5,72.8,False,5.0,False
TL001065,TR001065,DR0029,VH00080,2022-11-28,1534.7,53.04,31.6,91,27,33,349,132.1,0.0,False,4.7,False
TL001070,TR001070,DR0023,VH00078,2023-10-08,936.4,70.32,14.5,89,11,7,386,85.1,31.7,False,4.8,False
TL001075,TR001075,DR0051,VH00074,2023-06-09,49.5,78.0,0.7,100,0,0,455,7.8,74.9,False,4.0,False
TL001076,TR001076,DR0009,VH00023,2024-09-15,70.4,6.72,11.4,176,0,0,12,1.6,98.9,False,3.8,False
TL001077,TR001077,DR0016,VH00061,2022-08-11,1376.3,42.24,35.5,83,17,13,269,49.9,33.1,False,4.7,False
TL001080,TR001080,DR0029,VH00034,2025-03-02,68.4,15.6,4.8,135,1,1,129,9.1,88.3,False,4.9,False
TL001082,TR001082,DR0057,VH00040,2026-02-04,22.5,113.76,0.2,154,0,0,344,0.6,82.6,False,4.6,False
TL001088,TR001088,DR0011,VH00022,2024-12-19,1185.0,27.36,47.2,90,15,10,112,60.1,43.9,False,3.5,False
TL001093,TR001093,DR0051,VH00059,2022-02-28,337.8,805.92,0.5,104,6,8,8551,54.1,0.0,False,3.1,False
TL001094,TR001094,DR0044,VH00081,2022-03-23,1387.8,677.04,2.2,146,23,20,3656,287.8,0.0,False,4.0,False
TL001097,TR001097,DR0007,VH00043,2025-12-18,366.0,11.52,34.7,137,20,23,240,109.8,2.1,False,5.0,False
TL001100,TR001100,DR0053,VH00031,2023-09-10,20.0,107.28,0.2,139,0,0,456,0.7,77.0,False,3.3,False
TL001101,TR001101,DR0029,VH00068,2023-08-16,35.6,31.92,1.2,92,0,0,465,5.1,75.2,False,3.6,False
TL001102,TR001102,DR0028,VH00115,2024-10-11,26.5,22.56,1.3,146,0,0,200,0.9,89.7,False,4.3,False
TL001103,TR001103,DR0036,VH00015,2026-01-25,1468.7,53.76,29.8,100,23,28,351,189.2,0.0,False,3.2,False
TL001107,TR001107,DR0002,VH00107,2024-07-06,20.6,19.44,1.2,107,0,0,348,5.5,80.9,False,4.3,False
TL001108,TR001108,DR0011,VH00013,2024-10-06,52.9,87.84,0.7,131,0,0,632,5.2,66.8,False,3.8,False
TL001109,TR001109,DR0056,VH00054,2025-08-10,20.0,19.2,1.1,86,0,0,104,1.5,94.3,False,4.8,False
TL001110,TR001110,DR0013,VH00104,2026-06-12,392.9,64.32,6.7,115,3,3,568,27.0,56.0,False,4.6,False
TL001115,TR001115,DR0015,VH00013,2026-02-27,364.6,41.28,9.6,157,5,6,355,30.8,59.5,False,3.9,True
TL001116,TR001116,DR0032,VH00017,2026-03-08,135.1,58.56,2.5,170,1,0,480,10.5,71.3,False,4.3,False
TL001118,TR001118,DR0007,VH00018,2022-06-28,337.8,104.64,3.5,176,18,17,1687,141.2,0.0,False,3.3,False
TL001119,TR001119,DR0019,VH00024,2026-01-23,54.6,109.68,0.5,143,1,1,2584,6.9,0.0,False,3.9,False
TL001122,TR001122,DR0005,VH00013,2026-06-18,20.9,85.2,0.3,124,0,0,649,1.5,67.1,False,4.9,False
TL001124,TR001124,DR0044,VH00046,2025-04-10,325.9,6.24,57.0,126,8,5,79,71.9,57.5,False,4.4,False
TL001127,TR001127,DR0027,VH00028,2025-12-02,14.5,17.04,0.9,122,0,0,106,0.6,94.5,False,4.6,False
TL001131,TR001131,DR0022,VH00039,2025-06-03,1420.5,9.6,161.4,161,29,25,111,127.5,0.0,False,5.0,False
TL001133,TR001133,DR0058,VH00104,2026-04-03,118.0,5.28,24.4,98,2,2,82,15.5,86.2,False,4.1,False
TL001134,TR001134,DR0029,VH00081,2023-11-14,257.2,22.8,12.3,116,3,3,132,52.2,70.2,False,4.8,False
TL001135,TR001135,DR0016,VH00117,2025-06-23,19.9,185.52,0.1,153,0,0,1600,2.0,19.4,False,5.0,False
TL001137,TR001137,DR0026,VH00084,2024-10-05,15.4,52.8,0.3,132,0,0,621,4.7,67.5,False,4.9,False
TL001145,TR001145,DR0036,VH00011,2022-05-17,323.1,3.84,91.8,173,5,5,26,31.3,76.8,False,4.3,False
TL001147,TR001147,DR0043,VH00051,2026-03-25,66.9,60.48,1.2,110,0,0,402,4.8,78.5,False,4.4,False
TL001149,TR001149,DR0042,VH00052,2022-10-04,1355.9,83.04,17.8,170,15,12,382,87.2,20.2,False,3.7,False
TL001158,TR001158,DR0013,VH00028,2024-01-01,1243.0,8.4,161.4,112,13,9,33,92.1,42.2,False,4.2,False
TL001160,TR001160,DR0054,VH00004,2024-07-02,1198.6,11.28,115.9,146,12,10,47,79.4,45.8,False,4.9,False
TL001161,TR001161,DR0019,VH00008,2024-06-13,15.0,18.48,0.9,158,0,0,239,4.4,86.7,False,4.0,False
TL001163,TR001163,DR0036,VH00008,2025-10-19,367.9,3.36,119.4,97,6,9,18,35.8,70.4,False,3.8,False
TL001167,TR001167,DR0034,VH00057,2023-07-24,381.8,19.92,20.9,118,8,7,113,49.2,60.6,False,4.5,False
TL001172,TR001172,DR0038,VH00024,2026-02-15,378.0,36.0,11.5,89,6,7,329,40.8,55.3,False,3.9,False
TL001174,TR001174,DR0013,VH00042,2024-09-14,337.8,96.0,3.8,160,3,3,530,23.7,58.9,False,3.7,False
TL001177,TR001177,DR0048,VH00074,2025-12-16,365.4,11.04,36.1,172,1,1,21,7.3,94.3,False,3.2,True
TL001179,TR001179,DR0024,VH00034,2023-09-23,20.3,51.84,0.4,125,0,0,181,1.2,90.6,False,3.7,False
TL001184,TR001184,DR0051,VH00032,2024-10-15,73.1,135.84,0.6,143,1,1,2140,16.3,0.0,False,4.1,False
TL001186,TR001186,DR0035,VH00094,2022-09-21,543.0,7.68,77.1,100,17,24,136,198.3,0.0,False,4.9,False
TL001188,TR001188,DR0003,VH00013,2022-11-01,46.6,75.36,0.7,111,3,3,1394,15.9,18.0,False,4.3,False
TL001190,TR001190,DR0010,VH00026,2022-10-05,10.6,16.56,0.7,180,0,0,116,0.5,94.0,False,5.0,False
TL001192,TR001192,DR0024,VH00081,2024-03-16,14.4,129.84,0.1,146,0,0,843,0.7,57.6,False,3.2,False
TL001193,TR001193,DR0058,VH00052,2025-06-23,768.9,64.08,13.1,168,12,19,937,82.8,0.0,False,2.4,False
TL001195,TR001195,DR0027,VH00005,2026-02-15,543.0,19.2,30.9,148,6,6,68,55.2,65.0,False,4.7,False
TL001199,TR001199,DR0025,VH00074,2023-09-13,386.7,33.6,12.6,123,8,6,268,59.7,50.7,False,3.3,False
TL001201,TR001201,DR0028,VH00008,2025-08-10,14.8,59.52,0.3,129,0,0,314,1.3,83.9,False,4.2,False
TL001202,TR001202,DR0012,VH00095,2025-12-06,190.7,14.4,14.4,106,7,7,292,70.9,46.6,False,4.5,False
TL001204,TR001204,DR0054,VH00106,2022-02-04,337.8,24.24,15.2,177,3,4,125,17.6,80.0,False,3.7,False
TL001210,TR001210,DR0026,VH00068,2022-11-02,14.0,6.96,2.2,171,0,0,122,5.0,92.4,False,5.0,False
TL001211,TR001211,DR0058,VH00107,2023-08-18,62.3,14.4,4.7,93,1,1,186,8.1,85.8,False,4.4,False
TL001214,TR001214,DR0023,VH00104,2024-03-27,50.9,750.24,0.1,166,0,0,4629,4.8,0.0,False,4.2,False
TL001217,TR001217,DR0008,VH00018,2022-06-17,370.8,150.96,2.7,155,7,6,1080,52.7,13.7,False,3.8,False
TL001221,TR001221,DR0047,VH00037,2024-05-18,30.7,128.88,0.3,88,0,0,888,6.9,53.5,False,5.0,False
TL001222,TR001222,DR0019,VH00084,2022-07-07,46.0,45.84,1.1,147,1,1,700,13.0,58.6,False,3.5,False
TL001223,TR001223,DR0048,VH00038,2022-11-20,404.3,58.08,7.6,103,1,1,116,12.3,88.0,False,5.0,False
TL001224,TR001224,DR0042,VH00011,2022-02-03,22.7,78.0,0.3,95,0,0,544,1.2,72.4,False,3.4,False
TL001226,TR001226,DR0051,VH00008,2026-05-02,22.8,22.08,1.1,121,0,0,173,1.7,90.8,False,3.8,False
TL001227,TR001227,DR0049,VH00025,2025-02-06,1408.2,11.28,136.2,165,13,11,78,88.2,39.1,False,3.3,False
TL001229,TR001229,DR0007,VH00069,2024-03-25,1468.7,23.52,68.1,87,89,108,564,403.6,0.0,False,4.3,False
TL001239,TR001239,DR0033,VH00106,2025-12-11,48.6,28.8,1.8,120,0,0,373,7.6,79.1,False,4.3,False
TL001243,TR001243,DR0016,VH00025,2026-01-14,75.1,25.44,3.2,121,0,0,84,6.5,93.8,False,4.0,False
TL001252,TR001252,DR0051,VH00008,2026-04-21,45.8,14.88,3.4,147,0,1,207,5.3,87.1,False,4.2,False
TL001253,TR001253,DR0056,VH00051,2023-08-16,52.5,17.04,3.4,92,0,0,60,5.3,95.4,False,4.3,False
TL001254,TR001254,DR0044,VH00042,2024-04-01,337.8,46.56,7.9,148,8,7,520,39.6,43.1,False,5.0,False
TL001256,TR001256,DR0057,VH00069,2024-04-24,376.6,65.52,6.3,167,1,1,165,10.1,86.2,False,4.5,False
TL001257,TR001257,DR0005,VH00043,2026-05-09,1168.8,3.36,379.5,99,8,13,23,72.5,52.1,False,3.8,False
TL001259,TR001259,DR0035,VH00104,2026-04-02,20.1,20.4,1.1,154,0,0,243,7.0,85.8,False,4.1,False
TL001265,TR001265,DR0018,VH00042,2026-01-16,383.3,20.4,20.5,87,4,4,178,16.2,76.2,False,3.8,False
TL001267,TR001267,DR0013,VH00102,2024-06-21,15.3,7.92,2.1,140,0,0,48,1.6,97.1,False,5.0,False
TL001270,TR001270,DR0012,VH00052,2024-01-16,39.0,36.48,1.2,136,1,1,834,8.2,53.3,False,4.2,False
TL001271,TR001271,DR0034,VH00020,2024-11-18,168.0,18.24,10.0,148,3,3,154,31.8,75.3,False,4.6,False
TL001273,TR001273,DR0002,VH00056,2023-07-22,60.9,173.04,0.4,110,2,1,3287,10.1,0.0,False,4.3,False
TL001274,TR001274,DR0012,VH00111,2023-05-25,67.9,69.6,1.1,144,3,2,1128,24.0,29.9,False,5.0,False
TL001277,TR001277,DR0007,VH00010,2026-03-21,77.1,71.52,1.2,125,3,4,2216,21.2,0.0,False,4.1,False
TL001279,TR001279,DR0052,VH00020,2024-05-21,1181.2,60.48,21.3,85,4,5,115,41.9,70.7,False,4.0,False
TL001280,TR001280,DR0043,VH00119,2024-03-20,381.7,66.24,6.3,155,4,3,529,34.5,54.2,False,4.2,False
TL001282,TR001282,DR0046,VH00110,2022-12-06,26.3,11.04,2.6,167,2,1,138,8.2,86.6,False,3.6,False
TL001283,TR001283,DR0054,VH00117,2026-05-13,67.2,2.64,27.8,130,0,0,21,2.5,98.2,False,3.9,False
TL001284,TR001284,DR0004,VH00062,2025-02-20,386.7,5.52,76.4,116,7,7,66,56.0,62.4,False,5.0,False
TL001285,TR001285,DR0040,VH00112,2024-06-16,131.2,6.96,20.6,81,3,2,82,18.7,83.8,False,4.4,False
TL001287,TR001287,DR0041,VH00016,2023-01-26,366.7,10.08,39.7,94,3,2,32,27.0,83.8,False,4.7,False
TL001289,TR001289,DR0023,VH00008,2024-10-04,386.7,12.72,33.2,89,4,3,67,25.1,80.1,False,4.3,False
TL001290,TR001290,DR0031,VH00025,2022-12-12,364.6,65.28,6.1,138,8,5,658,45.0,36.6,False,3.3,False
TL001292,TR001292,DR0060,VH00013,2024-11-23,498.6,121.92,4.5,109,4,5,628,22.1,51.0,False,4.6,False
TL001294,TR001294,DR0029,VH00061,2026-06-17,404.3,70.08,6.3,113,7,9,939,90.6,6.4,False,3.7,False
TL001295,TR001295,DR0051,VH00106,2024-07-11,323.1,6.24,56.5,173,8,5,67,26.9,71.6,False,4.0,False
TL001296,TR001296,DR0007,VH00080,2026-02-13,364.6,11.04,36.0,124,19,20,336,136.1,0.0,False,4.1,False
TL001298,TR001298,DR0037,VH00040,2025-03-24,1370.7,8.16,183.2,156,30,24,91,272.3,0.0,False,3.4,False
TL001299,TR001299,DR0002,VH00091,2025-07-08,43.8,9.36,5.1,120,1,1,98,6.9,90.5,False,5.0,False
TL001300,TR001300,DR0040,VH00074,2024-07-03,30.1,13.92,2.4,158,0,0,83,3.5,94.8,False,3.6,False
TL001302,TR001302,DR0040,VH00111,2026-04-16,22.8,11.76,2.1,97,0,0,64,1.8,96.3,False,3.7,False
TL001305,TR001305,DR0058,VH00080,2024-08-06,378.1,36.24,11.4,121,8,7,528,46.3,40.7,False,3.9,False
TL001309,TR001309,DR0031,VH00020,2022-04-25,11.8,36.24,0.4,87,0,0,285,1.2,85.4,False,4.2,False
TL001310,TR001310,DR0052,VH00025,2022-09-09,1468.7,740.64,2.2,120,6,4,2164,30.3,0.0,False,3.3,False
TL001311,TR001311,DR0051,VH00111,2025-11-26,15.0,6.0,2.7,81,0,0,32,1.5,98.0,False,4.1,False
TL001316,TR001316,DR0023,VH00039,2024-01-21,18.2,7.2,2.8,132,0,0,60,1.8,96.5,False,3.8,False
TL001318,TR001318,DR0058,VH00023,2023-04-22,74.4,10.8,7.5,150,1,1,73,11.1,90.5,False,4.2,False
TL001320,TR001320,DR0010,VH00118,2026-05-22,68.2,9.36,7.9,155,0,0,58,6.8,95.1,False,5.0,False
TL001322,TR001322,DR0021,VH00111,2023-11-21,78.1,83.76,1.0,111,1,1,847,6.3,53.3,False,4.6,False
TL001324,TR001324,DR0009,VH00080,2026-01-03,46.2,12.96,3.9,171,0,0,35,1.1,97.9,False,4.2,False
TL001326,TR001326,DR0054,VH00094,2023-01-23,41.7,22.32,2.0,108,0,0,189,2.4,89.8,False,4.8,False
TL001327,TR001327,DR0002,VH00025,2022-08-01,64.7,2.4,29.4,163,2,2,28,17.7,88.3,False,4.5,False
TL001331,TR001331,DR0010,VH00061,2025-05-02,386.7,50.16,8.4,114,3,3,354,32.4,65.1,False,5.0,True
TL001333,TR001333,DR0017,VH00019,2026-02-06,114.9,63.6,2.0,141,2,2,442,17.4,67.7,False,5.0,False
TL001334,TR001334,DR0008,VH00037,2023-04-04,134.8,59.28,2.5,127,2,3,863,29.8,41.9,False,2.8,False
TL001337,TR001337,DR0052,VH00022,2023-02-21,1385.8,10.8,140.0,170,6,5,41,37.0,72.9,False,3.8,False
TL001339,TR001339,DR0060,VH00107,2024-09-06,936.4,24.72,41.3,159,7,11,101,59.2,55.7,False,3.9,False
TL001340,TR001340,DR0047,VH00080,2023-11-11,393.8,13.92,30.9,96,8,8,139,39.5,61.2,False,3.8,False
TL001341,TR001341,DR0003,VH00069,2026-04-04,15.2,64.56,0.3,126,0,0,1685,5.6,14.1,False,4.2,False
TL001343,TR001343,DR0008,VH00034,2026-03-21,936.4,51.6,19.8,105,16,23,292,150.2,0.0,False,4.5,False
TL001344,TR001344,DR0010,VH00054,2026-03-26,1468.7,17.04,94.0,128,14,15,131,81.9,32.9,False,3.8,False
TL001345,TR001345,DR0003,VH00112,2023-12-06,498.6,36.0,15.1,164,24,26,578,248.9,0.0,False,4.7,False
TL001349,TR001349,DR0054,VH00116,2022-06-05,42.6,44.88,1.0,118,0,0,344,3.3,81.8,False,4.0,False
TL001351,TR001351,DR0012,VH00069,2025-08-12,46.7,21.84,2.3,86,1,1,306,13.3,78.2,False,5.0,False
TL001352,TR001352,DR0029,VH00008,2025-12-10,76.9,20.88,4.0,120,1,1,272,8.3,81.4,False,4.2,False
TL001354,TR001354,DR0022,VH00071,2022-04-16,15.6,9.36,1.8,106,0,0,51,1.8,96.9,False,3.7,False
TL001355,TR001355,DR0020,VH00119,2025-06-02,129.5,6.48,21.8,98,1,2,81,24.1,85.2,False,5.0,False
TL001356,TR001356,DR0059,VH00068,2023-01-14,36.8,5.76,7.0,100,0,0,86,7.9,93.3,False,4.3,False
TL001358,TR001358,DR0034,VH00102,2026-03-18,900.7,60.96,16.1,166,22,22,468,69.8,0.7,False,3.1,False
TL001360,TR001360,DR0020,VH00089,2022-04-22,54.0,96.48,0.6,142,1,1,823,5.3,54.8,False,3.5,False
TL001365,TR001365,DR0041,VH00065,2022-03-17,72.2,211.92,0.4,121,0,0,1489,7.3,23.4,False,3.5,False
TL001367,TR001367,DR0011,VH00039,2023-01-14,42.0,785.04,0.1,107,0,0,6794,3.1,0.0,False,5.0,False
TL001368,TR001368,DR0022,VH00061,2025-06-03,1413.8,5.52,279.4,95,23,31,73,268.4,0.0,False,4.5,False
TL001370,TR001370,DR0019,VH00073,2026-06-20,46.5,146.4,0.3,91,2,1,2441,8.3,0.0,False,5.0,False
TL001374,TR001374,DR0021,VH00056,2026-03-03,63.4,66.72,1.0,80,0,1,523,13.0,68.9,False,3.3,False
TL001375,TR001375,DR0033,VH00102,2023-03-22,19.2,79.68,0.3,161,0,0,915,1.5,53.8,False,3.5,False
TL001378,TR001378,DR0012,VH00054,2024-02-05,60.6,31.92,2.1,159,2,1,342,16.8,73.9,False,3.6,False
TL001379,TR001379,DR0011,VH00118,2024-06-03,1383.8,46.32,32.6,136,14,17,368,142.8,0.8,False,4.3,False
TL001380,TR001380,DR0057,VH00020,2023-11-15,373.9,791.52,0.5,162,1,1,2924,7.8,0.0,False,4.1,False
TL001383,TR001383,DR0033,VH00081,2022-12-27,389.7,8.16,52.1,101,7,6,119,59.8,59.6,False,4.4,False
TL001384,TR001384,DR0012,VH00117,2026-04-17,337.8,7.92,46.5,102,13,9,142,81.3,40.0,False,4.7,False
TL001385,TR001385,DR0004,VH00089,2026-06-13,396.9,4.32,100.2,140,8,9,54,52.3,60.6,False,2.8,False
TL001386,TR001386,DR0007,VH00041,2024-12-22,63.0,30.24,2.3,110,4,4,769,25.7,43.8,False,4.1,False
TL001389,TR001389,DR0031,VH00022,2026-04-01,1211.4,8.16,162.0,117,26,28,106,198.4,0.0,False,3.6,False
TL001390,TR001390,DR0008,VH00064,2026-02-23,30.0,12.96,2.5,114,0,0,184,5.1,89.3,False,3.7,False
TL001391,TR001391,DR0027,VH00036,2026-02-22,314.0,60.72,5.6,154,2,3,415,21.1,66.9,False,3.5,False
TL001395,TR001395,DR0038,VH00048,2023-05-17,1231.7,50.88,26.4,100,22,27,334,173.1,0.0,False,4.4,False
TL001397,TR001397,DR0009,VH00063,2023-01-01,1392.4,3.6,421.9,176,6,5,15,30.9,76.0,False,4.1,False
TL001398,TR001398,DR0032,VH00058,2023-07-04,64.7,35.76,2.0,96,0,0,148,6.5,90.6,False,4.0,False
TL001400,TR001400,DR0016,VH00039,2022-08-12,52.6,21.6,2.7,172,0,0,109,5.2,93.0,False,4.4,False
TL001401,TR001401,DR0017,VH00020,2026-06-05,171.2,757.2,0.2,115,2,3,9930,34.2,0.0,False,4.1,False
TL001403,TR001403,DR0033,VH00019,2024-11-09,29.7,181.92,0.2,164,0,0,1029,4.2,47.3,False,4.6,False
TL001411,TR001411,DR0033,VH00116,2023-12-11,386.7,775.68,0.5,112,9,9,6873,48.9,0.0,False,4.2,False
TL001412,TR001412,DR0051,VH00095,2022-12-06,1212.8,42.96,30.8,105,19,29,610,147.4,0.0,False,4.1,False
TL001413,TR001413,DR0047,VH00036,2024-05-01,1397.9,10.56,144.4,180,21,30,114,126.4,0.0,False,3.8,False
TL001415,TR001415,DR0003,VH00112,2025-08-07,323.1,22.32,15.8,142,20,23,269,111.1,0.2,False,4.1,False
TL001419,TR001419,DR0017,VH00059,2025-09-14,960.3,43.92,23.9,100,13,14,453,112.6,10.1,False,3.4,False
TL001421,TR001421,DR0021,VH00064,2026-05-14,36.1,31.2,1.3,97,0,0,385,7.7,78.4,False,4.0,False
TL001422,TR001422,DR0022,VH00022,2024-11-03,257.2,12.0,23.4,80,5,5,182,50.1,63.4,False,4.1,False
TL001425,TR001425,DR0041,VH00087,2022-11-21,69.7,33.6,2.3,96,0,0,296,6.4,83.3,False,3.4,False
TL001429,TR001429,DR0011,VH00007,2023-01-06,47.0,9.6,5.3,112,0,0,58,4.1,95.9,False,5.0,False
TL001431,TR001431,DR0020,VH00017,2023-04-21,164.5,832.8,0.2,123,3,2,11441,31.4,0.0,False,4.5,False
TL001432,TR001432,DR0020,VH00020,2023-09-22,190.7,53.52,3.9,81,4,3,663,28.9,49.2,False,4.1,False
TL001434,TR001434,DR0022,VH00015,2022-02-07,35.7,161.04,0.2,97,0,0,1176,4.2,39.9,False,3.1,False
TL001436,TR001436,DR0036,VH00054,2026-04-07,72.8,12.0,6.6,85,1,1,166,6.5,87.2,False,4.8,False
TL001437,TR001437,DR0058,VH00005,2023-04-09,64.2,708.24,0.1,176,0,1,10020,13.4,0.0,False,3.8,False
TL001438,TR001438,DR0042,VH00044,2024-02-15,1552.0,66.24,25.6,162,15,15,390,114.1,8.8,False,4.5,False
TL001440,TR001440,DR0031,VH00114,2025-08-20,60.0,32.16,2.0,179,1,1,452,11.9,71.3,False,4.5,False
TL001441,TR001441,DR0024,VH00094,2023-03-13,78.5,77.04,1.1,141,0,0,565,4.6,70.4,False,4.1,False
TL001443,TR001443,DR0013,VH00089,2022-12-04,66.9,7.44,9.8,147,0,0,57,3.9,96.0,False,4.1,False
TL001445,TR001445,DR0040,VH00058,2022-06-02,1240.3,6.48,208.8,123,23,31,39,199.5,0.0,False,4.0,False
TL001448,TR001448,DR0023,VH00115,2022-03-25,27.3,24.96,1.2,81,0,0,125,1.9,93.2,False,3.9,False
TL001452,TR001452,DR0011,VH00118,2024-04-28,16.3,17.28,1.0,125,0,0,114,1.0,94.0,False,4.1,False
TL001454,TR001454,DR0059,VH00116,2022-01-21,11.8,167.04,0.1,93,0,0,1510,1.7,24.0,False,3.1,False
TL001457,TR001457,DR0060,VH00116,2022-10-21,14.3,2.88,5.4,121,0,0,18,1.0,98.8,False,4.2,False
TL001458,TR001458,DR0019,VH00092,2026-02-22,363.5,3.12,127.1,160,15,12,26,88.8,37.6,False,4.5,False
TL001463,TR001463,DR0012,VH00026,2024-07-12,54.3,17.04,3.5,86,2,1,168,10.5,84.4,False,3.5,False
TL001464,TR001464,DR0055,VH00084,2026-05-20,119.1,53.52,2.4,162,2,2,420,22.4,67.3,False,4.4,False
TL001465,TR001465,DR0051,VH00064,2026-02-12,60.9,6.96,9.5,128,1,0,81,9.4,91.6,False,4.1,False
TL001466,TR001466,DR0015,VH00024,2023-11-10,77.1,112.08,0.8,138,1,1,687,9.9,60.2,False,5.0,False
TL001467,TR001467,DR0019,VH00061,2026-01-15,396.8,51.36,8.4,144,15,11,1150,102.1,0.0,False,3.7,False
TL001468,TR001468,DR0051,VH00048,2026-04-28,389.7,3.12,136.3,139,8,8,41,31.6,68.5,False,4.2,False
TL001469,TR001469,DR0008,VH00005,2022-03-10,364.6,7.68,51.8,87,9,7,76,59.3,57.9,False,4.0,False
TL001470,TR001470,DR0027,VH00064,2025-06-02,53.3,44.88,1.3,151,0,0,325,4.1,82.5,False,4.1,True
TL001471,TR001471,DR0004,VH00052,2023-09-02,24.6,23.28,1.2,163,0,0,127,3.4,92.6,False,3.2,False
TL001475,TR001475,DR0042,VH00104,2022-06-17,65.6,33.84,2.1,158,0,0,136,4.8,91.8,False,4.1,False
TL001477,TR001477,DR0008,VH00088,2022-05-19,337.8,59.28,6.2,95,5,6,683,44.3,39.1,False,4.4,False
TL001481,TR001481,DR0031,VH00004,2026-04-13,1380.1,15.84,95.0,93,21,23,245,300.6,0.0,False,3.3,False
TL001485,TR001485,DR0046,VH00102,2022-12-23,1231.7,58.08,23.1,155,95,62,649,364.9,0.0,False,3.5,False
TL001487,TR001487,DR0047,VH00022,2026-01-28,63.6,15.36,4.5,164,1,1,131,8.7,88.3,False,4.2,False
TL001490,TR001490,DR0022,VH00111,2022-05-17,23.8,25.68,1.0,163,0,0,296,4.1,84.0,False,4.0,False
TL001492,TR001492,DR0053,VH00037,2022-06-15,373.4,6.96,58.5,83,4,4,45,34.9,77.3,False,4.1,False
TL001493,TR001493,DR0025,VH00032,2026-03-20,72.5,43.92,1.8,124,1,1,263,14.4,80.0,False,4.3,False
TL001501,TR001501,DR0037,VH00016,2026-03-18,1251.8,34.56,39.5,119,17,30,195,158.0,0.0,False,4.4,False
TL001503,TR001503,DR0053,VH00025,2024-04-14,23.5,13.68,1.9,93,0,0,54,2.0,96.7,False,5.0,True
TL001510,TR001510,DR0002,VH00054,2026-03-28,1202.9,56.16,23.4,176,59,49,1020,184.0,0.0,False,3.1,False
TL001515,TR001515,DR0003,VH00061,2024-12-13,51.7,10.08,5.6,166,3,3,313,27.2,68.7,False,4.4,False
TL001516,TR001516,DR0016,VH00111,2024-12-14,337.8,22.8,16.2,97,3,3,68,19.3,83.3,False,4.3,False
TL001521,TR001521,DR0033,VH00073,2023-09-06,48.0,59.28,0.9,135,0,0,860,4.2,55.7,False,3.7,False
TL001526,TR001526,DR0028,VH00106,2022-03-28,66.4,19.68,3.7,139,0,0,133,5.2,91.8,False,4.2,False
TL001528,TR001528,DR0028,VH00016,2025-10-12,31.3,23.76,1.4,123,0,0,206,2.3,89.0,False,4.9,False
TL001530,TR001530,DR0036,VH00018,2024-11-05,71.9,751.92,0.1,138,1,1,9957,11.2,0.0,False,4.4,False
TL001531,TR001531,DR0018,VH00056,2023-09-12,397.5,46.32,9.4,103,3,3,233,29.8,71.9,False,4.5,False
TL001533,TR001533,DR0029,VH00038,2022-02-08,19.3,4.32,4.9,134,0,0,36,2.3,97.5,False,5.0,False
TL001538,TR001538,DR0015,VH00081,2026-02-21,67.8,10.08,7.3,98,1,1,144,14.8,85.9,False,3.9,False
TL001539,TR001539,DR0048,VH00038,2024-02-25,55.8,9.36,6.5,115,0,0,35,1.3,97.9,False,5.0,False
TL001544,TR001544,DR0051,VH00106,2023-06-10,68.3,180.48,0.4,139,1,1,2157,6.2,0.0,False,4.8,False
TL001546,TR001546,DR0041,VH00052,2026-06-16,325.3,50.88,7.0,85,3,2,225,28.2,73.8,False,3.7,False
TL001549,TR001549,DR0021,VH00022,2023-09-26,14.5,22.08,0.7,152,0,0,330,2.0,82.9,False,3.9,False
TL001551,TR001551,DR0034,VH00116,2026-02-05,75.2,129.12,0.6,155,1,1,1390,13.6,23.9,False,4.8,False
TL001555,TR001555,DR0012,VH00042,2025-07-12,543.0,47.76,12.4,140,27,19,437,104.5,0.0,False,3.9,False
TL001556,TR001556,DR0027,VH00064,2025-02-22,1276.6,7.44,187.2,165,9,16,57,97.8,38.3,False,4.2,False
TL001559,TR001559,DR0027,VH00007,2026-05-13,62.2,56.64,1.2,97,0,0,278,4.3,84.8,False,4.8,False
TL001561,TR001561,DR0020,VH00004,2024-11-01,337.8,714.48,0.5,157,5,5,11165,34.6,0.0,False,4.5,False
TL001562,TR001562,DR0044,VH00087,2022-07-19,322.0,190.08,1.8,115,7,6,2151,26.7,0.0,False,4.3,False
TL001564,TR001564,DR0009,VH00061,2024-02-05,41.3,67.92,0.7,138,0,0,183,0.8,90.6,False,4.5,False
TL001570,TR001570,DR0010,VH00016,2024-05-12,543.0,196.32,3.0,175,5,5,1429,26.0,8.2,False,4.2,False
TL001571,TR001571,DR0053,VH00053,2026-06-20,77.5,23.04,3.7,163,0,0,87,7.5,93.4,False,4.8,False
TL001572,TR001572,DR0011,VH00063,2026-01-06,361.9,9.12,43.3,107,4,2,46,18.1,84.3,False,4.8,False
TL001578,TR001578,DR0032,VH00026,2026-02-09,68.3,154.8,0.5,89,0,0,1320,6.4,32.1,False,3.5,False
TL001581,TR001581,DR0031,VH00041,2022-04-10,1440.2,26.64,59.0,174,37,32,356,238.9,0.0,False,3.8,False
TL001582,TR001582,DR0053,VH00074,2022-09-21,1463.3,22.8,70.0,114,17,16,87,110.2,21.1,False,4.4,False
TL001583,TR001583,DR0003,VH00111,2023-03-28,323.1,68.88,5.1,139,19,19,1736,118.0,0.0,False,3.6,False
TL001584,TR001584,DR0023,VH00008,2026-06-05,46.5,68.88,0.7,145,0,0,263,2.5,86.1,False,3.5,False
TL001585,TR001585,DR0002,VH00089,2023-06-05,20.3,20.4,1.1,92,0,0,266,7.2,84.5,False,4.8,False
TL001587,TR001587,DR0037,VH00104,2023-05-17,1397.9,55.2,27.6,138,24,36,330,212.7,0.0,False,2.9,False
TL001589,TR001589,DR0046,VH00104,2022-11-14,386.7,52.56,8.0,102,19,19,701,93.4,0.0,False,3.0,False
TL001590,TR001590,DR0037,VH00110,2023-05-14,42.9,183.36,0.3,163,0,0,2149,9.3,0.0,False,3.9,False
TL001591,TR001591,DR0051,VH00044,2023-11-03,543.0,10.8,54.8,135,8,13,85,117.7,35.4,False,3.4,False
TL001593,TR001593,DR0036,VH00024,2023-02-16,120.1,7.68,17.1,82,3,2,71,14.2,85.7,False,3.8,False
TL001595,TR001595,DR0041,VH00021,2022-09-07,62.3,33.84,2.0,153,0,0,179,2.2,90.4,False,3.5,False
TL001596,TR001596,DR0035,VH00017,2022-08-07,39.3,119.04,0.4,128,1,0,2167,10.8,0.0,False,3.6,False
TL001599,TR001599,DR0059,VH00010,2022-09-14,498.6,50.88,10.7,175,10,11,611,40.6,31.3,False,3.7,False
TL001601,TR001601,DR0017,VH00054,2024-01-21,337.8,190.56,1.9,119,7,5,1606,36.8,0.0,False,4.5,False
TL001603,TR001603,DR0011,VH00032,2024-04-28,337.8,12.96,28.4,120,4,3,92,31.1,77.1,False,4.5,False
TL001605,TR001605,DR0055,VH00022,2023-01-25,40.1,55.44,0.8,93,1,0,564,4.1,69.1,False,4.1,False
TL001609,TR001609,DR0048,VH00039,2024-04-03,34.5,65.52,0.6,146,0,0,293,0.7,85.1,False,4.4,False
TL001611,TR001611,DR0021,VH00051,2024-08-21,69.2,718.32,0.1,99,1,0,8613,15.1,0.0,False,4.4,False
TL001613,TR001613,DR0057,VH00024,2025-12-24,57.0,12.24,5.1,87,0,0,50,1.7,97.0,False,3.3,False
TL001614,TR001614,DR0051,VH00084,2023-05-24,12.7,16.56,0.8,107,0,0,143,1.1,92.5,False,4.5,False
TL001619,TR001619,DR0038,VH00078,2023-01-29,14.1,12.72,1.2,146,0,0,86,1.9,95.1,False,4.8,False
TL001621,TR001621,DR0026,VH00084,2026-04-19,70.5,11.28,6.8,174,3,2,213,17.5,77.6,False,5.0,False
TL001623,TR001623,DR0027,VH00046,2025-08-10,370.8,3.12,129.7,141,3,4,12,14.3,86.6,False,5.0,False
TL001626,TR001626,DR0047,VH00048,2024-01-13,1231.7,50.64,26.5,156,21,28,296,193.8,0.0,False,3.9,False
TL001627,TR001627,DR0024,VH00005,2025-05-21,364.6,9.84,40.4,137,3,4,76,35.5,77.0,False,4.3,False
TL001629,TR001629,DR0037,VH00063,2026-03-07,28.7,707.52,0.0,152,0,0,11131,4.9,0.0,False,5.0,False
TL001630,TR001630,DR0059,VH00059,2025-05-21,36.4,22.08,1.8,89,0,0,236,7.8,85.9,False,4.1,False
TL001631,TR001631,DR0038,VH00043,2025-05-19,29.8,27.6,1.2,164,0,0,224,6.2,86.9,False,4.2,False
TL001632,TR001632,DR0056,VH00019,2026-02-14,900.7,27.36,35.9,151,7,9,153,33.0,62.9,False,5.0,False
TL001634,TR001634,DR0044,VH00046,2023-05-01,49.3,133.44,0.4,178,1,1,748,7.0,58.0,False,4.2,False
TL001636,TR001636,DR0017,VH00115,2025-08-10,375.3,68.4,6.0,172,9,5,916,67.0,15.6,False,4.4,False
TL001639,TR001639,DR0033,VH00052,2025-06-18,48.4,39.84,1.3,179,1,0,387,4.8,77.7,False,3.3,False
TL001640,TR001640,DR0020,VH00065,2025-02-16,328.4,31.44,11.4,142,6,6,306,37.0,58.6,False,4.2,False
TL001641,TR001641,DR0049,VH00044,2025-11-21,337.8,70.56,5.2,80,3,3,633,16.4,55.9,False,4.6,False
TL001642,TR001642,DR0029,VH00114,2024-09-08,48.4,177.6,0.3,147,1,0,2094,8.1,0.0,False,3.4,False
TL001647,TR001647,DR0052,VH00095,2026-05-09,31.8,16.56,2.1,163,0,0,37,1.3,97.8,False,4.2,False
TL001648,TR001648,DR0026,VH00042,2023-01-24,72.3,696.96,0.1,98,2,1,15302,21.6,0.0,False,3.9,False
TL001650,TR001650,DR0043,VH00104,2025-12-26,337.8,13.68,26.9,164,3,3,47,28.8,81.5,False,5.0,False
TL001651,TR001651,DR0011,VH00053,2022-03-01,15.4,35.76,0.5,124,0,0,258,0.7,86.9,False,5.0,False
TL001655,TR001655,DR0012,VH00061,2025-11-16,1398.2,43.68,34.9,141,55,38,460,432.0,0.0,True,3.7,False
TL001656,TR001656,DR0054,VH00068,2022-10-09,63.1,9.84,7.0,147,0,0,60,3.0,96.1,False,3.8,False
TL001661,TR001661,DR0044,VH00112,2024-05-13,36.4,40.56,1.0,125,0,0,504,5.8,73.1,False,3.9,True
TL001663,TR001663,DR0027,VH00046,2024-01-14,72.4,16.56,4.8,138,0,0,115,4.8,92.8,False,4.9,False
TL001667,TR001667,DR0005,VH00040,2023-11-09,386.7,68.64,6.1,152,4,3,278,15.4,72.5,False,3.3,False
TL001670,TR001670,DR0046,VH00099,2023-07-22,1473.6,33.6,47.8,160,113,95,969,584.1,0.0,False,4.3,False
TL001675,TR001675,DR0012,VH00026,2026-06-18,15.3,45.84,0.4,113,0,0,596,5.1,68.7,False,4.4,False
TL001681,TR001681,DR0025,VH00051,2026-06-13,75.2,137.04,0.6,81,1,1,865,12.6,50.5,False,4.3,False
TL001682,TR001682,DR0005,VH00036,2023-10-05,72.8,107.76,0.7,165,0,0,803,5.5,58.2,False,4.6,False
TL001683,TR001683,DR0047,VH00017,2026-02-26,20.6,151.44,0.1,87,0,0,962,4.4,50.6,False,3.5,False
TL001686,TR001686,DR0051,VH00062,2023-10-07,543.0,62.64,9.5,92,13,10,416,47.9,35.3,False,4.5,False
TL001687,TR001687,DR0059,VH00024,2023-04-16,338.4,17.76,20.8,96,6,8,237,44.5,57.8,False,4.1,False
TL001689,TR001689,DR0042,VH00051,2024-01-10,20.9,51.12,0.4,142,0,0,351,1.9,81.9,False,4.0,False
TL001690,TR001690,DR0057,VH00112,2023-12-07,384.9,5.52,76.1,80,1,1,15,8.1,94.3,False,4.1,False
TL001692,TR001692,DR0048,VH00111,2026-04-12,900.7,41.52,23.7,103,3,4,104,39.5,74.5,False,3.9,False
TL001693,TR001693,DR0015,VH00024,2023-04-17,1447.1,18.48,85.4,164,28,27,272,263.7,0.0,False,4.5,False
TL001694,TR001694,DR0057,VH00081,2025-10-15,43.4,12.48,3.8,176,0,0,25,0.7,98.5,False,4.1,False
TL001696,TR001696,DR0009,VH00099,2025-10-19,60.0,14.64,4.5,98,0,0,35,1.2,97.9,False,4.2,False
TL001699,TR001699,DR0008,VH00037,2026-06-27,373.3,10.32,39.5,180,5,8,163,72.8,54.5,False,5.0,False
TL001700,TR001700,DR0052,VH00084,2025-08-03,21.4,8.16,2.9,144,0,0,26,0.9,98.4,False,4.0,False
TL001710,TR001710,DR0022,VH00068,2023-11-13,337.8,10.56,34.9,179,8,6,67,35.6,68.0,False,4.5,False
TL001712,TR001712,DR0026,VH00102,2025-02-25,543.0,4.8,123.4,127,25,15,49,104.2,13.8,False,4.4,False
TL001713,TR001713,DR0036,VH00071,2025-06-11,362.2,9.12,43.3,95,7,9,79,37.7,65.2,False,4.1,True
TL001714,TR001714,DR0038,VH00111,2024-08-24,78.0,15.36,5.5,115,1,1,97,7.8,90.3,False,4.3,False
TL001715,TR001715,DR0003,VH00119,2024-04-21,25.0,129.36,0.2,135,1,1,3789,12.7,0.0,False,4.3,False
TL001717,TR001717,DR0059,VH00088,2023-01-19,31.6,29.76,1.2,134,0,0,407,2.8,78.8,False,3.4,True
TL001721,TR001721,DR0034,VH00013,2022-02-23,65.2,3.84,18.5,173,1,1,39,7.0,93.5,False,4.1,False
TL001725,TR001725,DR0011,VH00104,2026-05-24,257.2,2.88,97.4,149,1,2,17,22.5,88.9,False,5.0,False
TL001727,TR001727,DR0056,VH00118,2026-04-11,27.0,783.6,0.0,164,0,0,3159,2.8,0.0,False,4.6,False
TL001730,TR001730,DR0040,VH00057,2024-07-22,71.3,3.12,24.9,96,1,1,36,13.0,91.8,False,4.0,False
TL001733,TR001733,DR0037,VH00020,2024-06-18,28.5,18.72,1.7,132,0,0,240,4.8,86.6,False,4.2,False
TL001734,TR001734,DR0027,VH00025,2024-04-09,74.9,21.12,3.9,99,0,0,124,7.4,91.6,False,5.0,False
TL001735,TR001735,DR0037,VH00044,2023-03-12,543.0,775.2,0.8,131,7,12,8981,99.7,0.0,False,4.2,False
TL001737,TR001737,DR0029,VH00069,2025-02-21,960.3,42.24,24.8,179,21,16,367,161.9,0.0,False,4.5,False
TL001738,TR001738,DR0009,VH00081,2025-08-06,1468.7,148.08,10.8,86,4,5,397,31.0,59.9,False,4.2,False
TL001740,TR001740,DR0056,VH00057,2023-10-15,273.7,216.24,1.4,160,2,2,1569,23.8,9.4,False,3.9,False
TL001741,TR001741,DR0034,VH00013,2025-12-20,1465.7,55.44,28.8,82,36,32,699,174.2,0.0,False,4.9,False
TL001756,TR001756,DR0044,VH00051,2025-06-08,26.9,114.48,0.3,161,0,0,1453,2.4,26.6,False,5.0,False
TL001757,TR001757,DR0035,VH00064,2024-07-01,36.7,43.2,0.9,97,1,1,1036,11.7,42.2,False,3.7,False
TL001762,TR001762,DR0049,VH00023,2025-08-18,14.6,2.4,6.6,128,0,0,19,1.3,98.7,False,4.2,False
TL001764,TR001764,DR0002,VH00111,2022-08-07,56.8,5.28,11.7,116,2,2,111,8.0,87.0,False,5.0,False
TL001766,TR001766,DR0036,VH00116,2022-10-07,1470.1,7.92,202.5,158,23,22,81,319.5,0.0,False,3.7,False
TL001767,TR001767,DR0013,VH00051,2026-02-05,17.4,70.32,0.3,143,0,0,377,0.7,80.9,False,4.5,False
TL001769,TR001769,DR0055,VH00061,2025-05-14,42.1,21.84,2.1,106,0,0,180,7.4,88.8,False,4.9,False
TL001771,TR001771,DR0020,VH00020,2023-06-15,47.0,64.8,0.8,128,0,0,625,3.8,67.6,False,4.6,False
TL001773,TR001773,DR0008,VH00068,2026-06-27,1351.7,11.76,125.4,125,25,24,156,174.8,0.0,False,3.7,False
TL001776,TR001776,DR0023,VH00021,2026-06-18,960.3,42.96,24.4,87,10,12,351,72.0,33.9,False,4.2,False
TL001777,TR001777,DR0055,VH00080,2026-05-19,39.5,17.28,2.5,120,0,0,177,8.0,88.8,False,4.2,False
TL001778,TR001778,DR0054,VH00028,2025-02-05,68.7,68.64,1.1,128,0,0,341,4.7,81.5,False,4.9,False
TL001779,TR001779,DR0002,VH00074,2023-03-17,27.4,29.04,1.0,118,0,1,570,4.4,69.2,False,3.4,False
TL001780,TR001780,DR0047,VH00118,2022-11-12,14.5,11.04,1.4,111,0,0,175,2.8,90.4,False,4.6,False
TL001783,TR001783,DR0059,VH00011,2022-07-16,366.3,165.84,2.4,122,8,5,2645,41.3,0.0,False,3.5,False
TL001785,TR001785,DR0021,VH00024,2026-04-14,52.5,180.96,0.3,115,1,0,1507,5.6,21.5,False,4.4,False
TL001787,TR001787,DR0039,VH00052,2026-05-20,17.5,11.52,1.7,114,0,0,170,2.4,90.8,False,4.9,False
TL001788,TR001788,DR0005,VH00064,2022-04-19,59.8,155.04,0.4,146,0,0,670,2.7,65.7,False,3.7,False
TL001792,TR001792,DR0029,VH00037,2024-03-12,331.1,66.0,5.5,158,6,6,591,48.3,41.0,False,4.3,False
TL001793,TR001793,DR0042,VH00117,2026-04-20,45.4,35.28,1.4,164,0,0,180,1.9,90.4,False,4.6,False
TL001796,TR001796,DR0022,VH00054,2023-03-18,58.5,123.36,0.5,81,1,1,1473,8.9,21.2,False,3.4,False
TL001799,TR001799,DR0040,VH00068,2022-07-06,52.1,22.08,2.6,146,1,1,229,6.3,84.2,False,4.5,False
TL001801,TR001801,DR0039,VH00054,2026-05-18,130.0,46.8,3.0,132,1,3,752,24.0,50.7,False,4.1,False
TL001802,TR001802,DR0049,VH00019,2023-12-17,374.1,6.72,60.7,143,2,3,28,21.4,86.2,False,3.7,False
TL001806,TR001806,DR0022,VH00053,2022-02-11,1435.4,8.64,181.2,129,26,30,62,205.8,0.0,False,2.9,False
TL001808,TR001808,DR0010,VH00115,2026-02-11,41.7,11.04,4.1,170,0,0,63,2.1,96.2,False,4.5,False
TL001810,TR001810,DR0053,VH00095,2022-03-25,78.2,10.32,8.3,112,0,0,80,4.8,94.6,False,4.3,False
TL001812,TR001812,DR0026,VH00084,2026-02-21,14.1,146.64,0.1,108,0,0,2193,3.3,0.0,False,4.3,False
TL001815,TR001815,DR0007,VH00091,2025-04-14,13.7,17.52,0.9,147,0,0,455,4.0,76.0,False,5.0,False
TL001816,TR001816,DR0003,VH00088,2026-06-25,1397.9,41.28,36.9,148,103,97,486,343.2,0.0,False,4.0,False
TL001817,TR001817,DR0019,VH00084,2022-11-19,24.7,4.8,5.6,99,0,0,48,3.4,96.6,False,3.7,False
TL001818,TR001818,DR0056,VH00094,2022-06-27,15.7,64.32,0.3,107,0,0,279,1.5,85.6,False,4.2,False
TL001819,TR001819,DR0035,VH00092,2022-01-27,498.6,17.52,31.0,82,14,17,363,153.3,0.0,False,3.5,False
TL001820,TR001820,DR0054,VH00112,2022-07-14,23.5,22.8,1.1,101,0,0,123,0.9,93.6,False,3.4,False
TL001822,TR001822,DR0055,VH00115,2024-02-10,38.8,35.76,1.2,116,0,0,566,2.9,70.8,False,3.9,False
TL001827,TR001827,DR0012,VH00047,2024-01-21,32.8,176.64,0.2,127,1,1,2509,9.7,0.0,False,4.3,False
TL001828,TR001828,DR0019,VH00064,2022-02-26,12.3,185.04,0.1,88,0,0,1618,4.0,17.9,False,4.5,False
TL001830,TR001830,DR0057,VH00062,2022-11-01,337.8,10.8,34.1,133,1,0,47,13.5,92.1,False,4.4,False
TL001831,TR001831,DR0027,VH00095,2023-08-15,372.1,47.52,8.5,94,3,3,266,36.3,68.3,False,4.3,False
TL001838,TR001838,DR0043,VH00106,2026-06-07,72.3,24.24,3.3,152,0,0,212,4.6,88.0,False,5.0,False
TL001841,TR001841,DR0029,VH00084,2026-04-10,63.8,16.32,4.3,80,1,1,176,8.3,86.2,False,3.6,False
TL001843,TR001843,DR0008,VH00080,2022-07-06,1231.7,129.84,10.3,172,18,24,1756,236.3,0.0,False,3.9,False
TL001844,TR001844,DR0007,VH00074,2026-05-02,77.0,233.04,0.4,175,5,4,2489,29.3,0.0,False,4.0,False
TL001846,TR001846,DR0011,VH00102,2024-05-05,30.3,786.0,0.0,153,0,0,3456,2.4,0.0,False,5.0,False
TL001853,TR001853,DR0056,VH00041,2023-09-19,22.9,25.44,1.0,107,0,0,181,2.0,90.4,False,3.5,False
TL001857,TR001857,DR0056,VH00004,2023-04-23,441.7,133.92,3.6,140,3,4,555,34.6,53.4,False,4.7,False
TL001858,TR001858,DR0002,VH00037,2023-02-11,15.1,118.08,0.1,137,0,0,2762,3.4,0.0,False,4.0,False
TL001862,TR001862,DR0004,VH00080,2022-08-27,14.4,11.28,1.4,95,0,0,165,1.8,91.2,False,4.1,False
TL001863,TR001863,DR0003,VH00036,2024-07-24,364.6,63.36,6.3,84,27,19,884,127.4,0.0,False,3.9,False
TL001868,TR001868,DR0026,VH00078,2026-01-12,888.3,124.56,7.8,157,25,39,2267,135.1,0.0,False,4.4,False
TL001877,TR001877,DR0004,VH00069,2026-04-02,375.9,28.08,14.6,101,8,5,280,80.8,44.8,False,4.1,False
TL001878,TR001878,DR0047,VH00106,2023-09-01,1479.9,26.16,61.7,177,29,34,405,282.8,0.0,False,3.8,False
TL001881,TR001881,DR0003,VH00102,2026-06-25,20.4,138.0,0.2,92,1,0,2577,10.3,0.0,False,3.0,False
TL001883,TR001883,DR0042,VH00056,2025-12-03,70.8,110.88,0.7,145,0,0,878,6.5,54.1,False,4.6,False
TL001889,TR001889,DR0005,VH00081,2022-03-20,1231.7,31.44,42.7,161,10,15,154,54.8,45.9,False,3.9,False
TL001891,TR001891,DR0049,VH00018,2024-11-09,1440.2,56.64,27.7,119,16,10,331,51.5,34.0,False,4.2,False
TL001894,TR001894,DR0023,VH00058,2026-06-22,61.6,115.92,0.6,101,0,0,742,3.3,61.9,False,5.0,False
TL001899,TR001899,DR0037,VH00091,2026-05-28,50.4,65.52,0.8,86,1,1,466,9.5,71.4,False,4.0,False
TL001901,TR001901,DR0019,VH00008,2025-09-02,498.6,46.08,11.8,143,22,14,783,140.7,0.0,False,5.0,False
TL001902,TR001902,DR0026,VH00110,2024-03-16,44.7,822.72,0.1,82,2,1,10781,9.3,0.0,False,4.4,False
TL001904,TR001904,DR0040,VH00043,2025-01-14,30.9,8.88,3.8,120,0,0,110,2.6,93.7,False,3.9,False
TL001907,TR001907,DR0054,VH00038,2024-10-05,14.7,4.56,3.5,175,0,0,24,0.7,98.6,False,4.4,False
TL001909,TR001909,DR0016,VH00110,2025-06-17,67.7,10.32,7.2,101,0,0,35,4.5,96.9,False,4.2,False
TL001910,TR001910,DR0025,VH00074,2026-03-04,960.3,160.8,6.5,96,23,22,2099,158.8,0.0,False,5.0,False
TL001912,TR001912,DR0042,VH00084,2024-09-03,118.6,10.8,12.0,120,1,1,42,12.2,91.7,False,4.0,False
TL001916,TR001916,DR0042,VH00005,2025-06-01,57.8,118.32,0.5,162,0,0,829,3.4,57.5,False,4.6,False
TL001920,TR001920,DR0015,VH00004,2024-11-27,1262.1,31.92,43.1,94,30,25,175,139.1,0.0,False,5.0,False
TL001924,TR001924,DR0017,VH00031,2024-03-10,43.2,174.96,0.3,80,0,0,1673,9.3,13.6,False,3.2,False
TL001926,TR001926,DR0049,VH00052,2023-12-23,37.1,10.08,4.0,112,0,0,77,3.3,95.2,False,3.9,False
TL001928,TR001928,DR0008,VH00071,2023-12-11,323.1,3.36,104.9,175,7,7,19,25.4,73.9,False,4.9,False
TL001930,TR001930,DR0046,VH00087,2026-03-04,1468.7,45.6,35.1,121,117,112,1338,296.2,0.0,False,3.4,False
TL001932,TR001932,DR0025,VH00089,2024-01-17,344.3,7.92,47.4,99,7,8,127,75.2,52.6,False,3.8,False
TL001933,TR001933,DR0029,VH00010,2024-05-23,543.0,20.16,29.4,118,9,8,119,91.8,45.0,False,4.5,False
TL001934,TR001934,DR0053,VH00032,2025-01-14,1173.0,10.8,118.5,178,10,13,36,121.8,33.7,False,4.0,False
TL001937,TR001937,DR0024,VH00020,2023-05-24,936.4,70.56,14.5,112,6,9,563,81.0,29.5,False,4.2,False
TL001940,TR001940,DR0038,VH00058,2025-07-24,72.6,62.64,1.3,96,1,1,447,15.3,70.6,False,4.1,False
TL001941,TR001941,DR0032,VH00078,2023-02-22,50.7,139.44,0.4,130,0,0,575,3.0,70.3,False,3.8,True
TL001943,TR001943,DR0048,VH00020,2026-01-20,38.0,13.92,3.0,115,0,0,42,1.5,97.5,False,4.6,False
TL001947,TR001947,DR0007,VH00005,2025-10-01,1461.9,9.6,166.1,157,87,106,121,706.8,0.0,False,4.1,False
TL001949,TR001949,DR0004,VH00061,2025-07-25,46.8,209.28,0.2,120,1,1,2704,8.0,0.0,False,4.3,False
TL001951,TR001951,DR0051,VH00040,2025-07-22,307.1,27.36,12.2,114,5,4,377,49.1,54.9,False,4.3,False
TL001952,TR001952,DR0041,VH00078,2025-03-16,386.7,14.64,28.8,83,3,3,58,38.8,78.0,False,3.9,False
TL001955,TR001955,DR0038,VH00095,2023-07-27,66.6,11.52,6.3,177,1,1,157,13.9,85.5,False,4.5,False
TL001956,TR001956,DR0060,VH00024,2025-01-26,52.8,32.88,1.8,132,0,0,111,2.2,93.8,False,4.2,False
TL001958,TR001958,DR0038,VH00107,2022-05-03,900.7,44.16,22.3,126,20,19,665,100.5,0.0,False,4.1,False
TL001960,TR001960,DR0019,VH00116,2024-04-17,337.8,24.96,14.8,110,13,10,423,74.3,27.1,False,4.8,False
TL001962,TR001962,DR0040,VH00071,2023-10-10,25.8,108.96,0.3,158,0,0,708,3.6,63.5,False,3.7,False
TL001964,TR001964,DR0029,VH00112,2025-06-12,72.5,58.08,1.4,115,1,1,597,9.8,64.7,False,3.9,False
TL001965,TR001965,DR0042,VH00038,2022-11-14,71.5,29.76,2.6,155,0,0,170,4.1,90.3,False,3.6,False
TL001966,TR001966,DR0058,VH00005,2022-05-10,12.0,18.72,0.7,175,0,0,169,2.7,90.7,False,4.8,False
TL001970,TR001970,DR0009,VH00042,2023-09-03,65.4,17.76,4.0,130,0,0,78,1.8,95.6,False,3.8,False
TL001971,TR001971,DR0021,VH00015,2022-04-09,1271.7,42.72,32.5,128,21,24,341,147.7,0.0,False,4.5,False
TL001973,TR001973,DR0016,VH00034,2026-04-15,33.5,23.76,1.5,157,0,0,186,1.7,90.2,False,5.0,False
TL001975,TR001975,DR0036,VH00069,2023-11-19,245.1,202.8,1.3,176,5,3,1134,36.7,21.8,False,4.5,False
TL001976,TR001976,DR0009,VH00115,2022-02-09,37.9,48.72,0.8,94,0,0,124,0.7,93.6,False,4.2,False
TL001978,TR001978,DR0023,VH00040,2023-05-24,39.6,14.64,3.0,131,0,0,58,3.1,96.2,False,4.7,False
TL001979,TR001979,DR0025,VH00018,2026-05-08,543.0,10.8,54.8,88,11,10,69,52.4,54.3,False,3.9,False
TL001980,TR001980,DR0026,VH00073,2024-08-19,41.0,768.24,0.1,156,1,1,17024,5.3,0.0,False,5.0,False
TL001987,TR001987,DR0032,VH00019,2025-08-25,64.2,53.76,1.3,162,0,0,347,5.4,81.0,False,4.3,False
TL001992,TR001992,DR0051,VH00026,2024-03-10,76.0,19.44,4.3,149,1,1,244,13.4,81.3,False,4.4,True
TL001993,TR001993,DR0034,VH00028,2025-06-13,202.8,7.2,30.7,156,4,4,56,19.4,81.4,False,4.1,False
TL001996,TR001996,DR0049,VH00028,2025-07-21,1440.2,34.8,45.1,80,10,14,136,138.2,22.7,False,3.5,False
TL001998,TR001998,DR0038,VH00065,2026-04-02,39.3,14.88,2.9,111,0,0,95,7.5,93.0,False,2.9,False
TL001999,TR001999,DR0040,VH00016,2022-04-14,1375.2,6.96,215.5,101,20,33,44,249.7,0.0,False,3.6,False
TL002002,TR002002,DR0026,VH00034,2023-10-25,15.2,69.12,0.2,164,0,0,1293,2.0,34.7,False,5.0,False
TL002003,TR002003,DR0041,VH00021,2023-09-20,1397.9,6.24,244.4,173,15,15,30,107.3,28.8,False,4.2,False
TL002007,TR002007,DR0055,VH00071,2025-07-04,1478.0,42.96,37.5,142,30,22,460,147.6,0.0,False,4.2,False
TL002012,TR002012,DR0003,VH00020,2026-01-07,190.7,7.68,27.1,137,12,10,198,98.9,32.4,False,4.0,False
TL002014,TR002014,DR0057,VH00094,2023-02-12,30.1,130.32,0.3,166,0,0,365,1.1,81.4,False,5.0,False
TL002017,TR002017,DR0037,VH00099,2024-10-05,377.2,5.52,74.5,132,7,6,52,31.2,71.5,False,5.0,False
TL002018,TR002018,DR0053,VH00032,2023-08-14,70.8,90.96,0.8,126,0,0,498,7.1,73.0,False,3.8,False
TL002019,TR002019,DR0046,VH00022,2025-06-09,10.6,82.08,0.1,134,0,0,1224,3.7,37.7,False,4.2,False
TL002021,TR002021,DR0022,VH00065,2024-02-17,1468.7,11.52,139.1,141,26,36,142,175.3,0.0,False,4.3,False
TL002022,TR002022,DR0018,VH00044,2026-03-23,49.3,108.24,0.5,87,0,0,784,2.4,60.1,False,3.7,False
TL002024,TR002024,DR0028,VH00112,2025-03-25,78.2,35.28,2.4,108,0,0,172,3.5,90.4,False,4.5,False
TL002025,TR002025,DR0055,VH00042,2022-08-19,64.1,725.52,0.1,102,1,1,6654,10.4,0.0,False,3.3,False
TL002029,TR002029,DR0037,VH00025,2025-12-20,1381.3,33.6,44.8,91,23,30,511,109.6,0.0,False,5.0,False
TL002032,TR002032,DR0056,VH00013,2025-06-02,45.5,3.6,13.8,142,0,0,21,3.9,97.8,False,3.5,False
TL002035,TR002035,DR0058,VH00087,2025-04-07,41.9,11.76,3.9,136,0,0,117,7.5,91.9,False,4.7,False
TL002039,TR002039,DR0033,VH00048,2022-02-28,32.9,7.68,4.7,154,0,0,108,3.2,93.6,False,3.4,False
TL002043,TR002043,DR0052,VH00084,2023-12-03,41.3,5.28,8.5,178,0,0,19,0.8,98.8,False,3.2,False
TL002044,TR002044,DR0028,VH00099,2023-12-11,557.6,19.92,30.5,157,6,5,92,33.9,71.2,False,3.3,False
TL002045,TR002045,DR0058,VH00015,2022-05-10,61.2,51.84,1.3,104,1,0,578,5.6,67.9,False,4.2,False
TL002053,TR002053,DR0008,VH00074,2022-06-22,15.6,4.08,4.2,82,0,0,60,1.7,96.5,False,3.9,False
TL002059,TR002059,DR0019,VH00005,2024-09-04,49.5,37.92,1.4,98,1,1,767,7.0,57.0,False,4.9,False
TL002060,TR002060,DR0052,VH00008,2023-03-23,29.2,82.32,0.4,85,0,0,238,0.5,87.9,False,4.7,False
TL002062,TR002062,DR0024,VH00095,2026-02-27,374.6,46.32,8.8,88,3,4,205,36.1,70.4,False,3.6,False
TL002063,TR002063,DR0017,VH00052,2026-05-08,169.3,17.76,10.4,118,3,3,141,24.1,78.2,False,4.5,False
TL002065,TR002065,DR0005,VH00058,2026-04-20,57.1,17.52,3.6,128,0,0,156,2.3,91.5,False,3.8,False
TL002069,TR002069,DR0037,VH00078,2022-08-17,16.8,44.4,0.4,110,0,0,692,3.2,64.4,False,4.9,False
TL002071,TR002071,DR0026,VH00088,2026-04-01,56.4,11.52,5.3,146,1,2,133,20.6,83.7,False,4.3,False
TL002076,TR002076,DR0002,VH00092,2024-04-06,71.5,36.72,2.1,165,2,1,924,23.1,42.9,False,5.0,False
TL002080,TR002080,DR0023,VH00039,2026-03-12,1238.5,51.36,26.3,143,14,13,401,87.0,19.9,False,4.2,True
TL002082,TR002082,DR0040,VH00048,2022-10-03,20.7,18.72,1.2,100,0,0,249,2.5,86.8,False,4.2,False
TL002083,TR002083,DR0013,VH00005,2023-02-08,15.1,53.52,0.3,144,0,0,206,0.8,89.5,False,5.0,False
TL002085,TR002085,DR0036,VH00037,2025-09-05,367.4,10.32,38.8,146,6,9,130,66.1,55.7,False,3.8,False
TL002087,TR002087,DR0042,VH00092,2023-03-06,16.4,11.04,1.6,104,0,0,48,0.9,97.3,False,4.4,False
TL002091,TR002091,DR0018,VH00112,2026-02-16,23.9,161.76,0.2,141,0,0,673,1.5,65.9,False,2.5,False
TL002092,TR002092,DR0054,VH00087,2023-03-08,15.1,61.44,0.3,127,0,0,185,0.6,90.6,False,4.1,False
TL002093,TR002093,DR0023,VH00043,2024-07-19,364.6,5.76,69.1,85,2,3,45,35.7,81.0,False,3.8,False
TL002095,TR002095,DR0041,VH00046,2025-03-21,323.1,48.96,7.2,89,3,4,264,15.8,73.6,False,3.8,False
TL002098,TR002098,DR0031,VH00028,2026-02-17,1399.6,6.24,244.7,116,23,23,89,208.2,0.0,False,3.6,False
TL002099,TR002099,DR0040,VH00028,2025-05-28,65.4,16.08,4.4,175,1,1,259,5.0,83.0,False,4.2,False
TL002101,TR002101,DR0027,VH00025,2025-09-17,543.0,64.8,9.1,132,4,4,238,40.1,66.1,False,4.0,False
TL002102,TR002102,DR0016,VH00044,2026-04-08,417.4,145.44,3.1,109,5,4,1258,21.3,19.2,False,4.1,True
TL002106,TR002106,DR0015,VH00087,2022-04-15,1176.4,58.32,22.0,133,30,23,764,258.9,0.0,False,4.2,False
TL002107,TR002107,DR0029,VH00038,2024-06-01,15.9,49.2,0.4,85,0,0,372,1.3,81.0,False,5.0,False
TL002108,TR002108,DR0004,VH00053,2026-03-14,323.1,11.52,30.6,95,5,6,124,39.4,68.5,False,4.5,False
TL002110,TR002110,DR0052,VH00054,2022-02-25,385.3,10.56,39.8,86,1,1,30,14.5,91.7,False,4.3,False
TL002112,TR002112,DR0019,VH00084,2022-06-09,67.7,55.68,1.3,160,2,1,537,25.2,61.6,False,4.8,False
TL002116,TR002116,DR0017,VH00116,2022-02-24,40.5,14.16,3.1,174,0,0,150,7.1,90.4,False,4.0,False
TL002117,TR002117,DR0054,VH00042,2022-10-07,1411.6,72.96,21.1,88,10,14,465,92.8,19.9,False,3.8,False
TL002119,TR002119,DR0052,VH00015,2023-01-15,888.3,12.72,76.2,180,3,3,26,23.9,84.0,False,4.7,False
TL002122,TR002122,DR0015,VH00017,2022-09-27,375.6,67.2,6.1,94,8,6,999,30.8,22.8,False,4.0,False
TL002125,TR002125,DR0027,VH00058,2024-08-19,57.2,17.28,3.6,80,0,0,84,2.3,95.1,False,3.0,False
TL002126,TR002126,DR0020,VH00053,2025-11-24,33.8,733.68,0.1,141,0,0,5684,5.8,0.0,False,4.3,False
TL002128,TR002128,DR0032,VH00017,2023-11-15,35.0,11.04,3.5,165,0,0,42,2.1,97.3,False,4.2,False
TL002130,TR002130,DR0044,VH00064,2024-03-17,123.8,126.72,1.1,113,2,1,1117,25.0,32.6,False,5.0,False
TL002131,TR002131,DR0049,VH00074,2022-11-25,337.8,22.08,16.7,165,2,3,104,19.9,82.8,False,3.6,False
TL002136,TR002136,DR0040,VH00038,2022-08-18,74.7,22.32,3.7,168,1,1,323,13.1,77.4,False,4.6,False
TL002141,TR002141,DR0019,VH00114,2024-06-05,11.0,139.68,0.1,118,0,0,1907,4.0,3.4,False,4.5,False
TL002144,TR002144,DR0004,VH00063,2022-06-03,1365.2,49.92,29.8,115,20,32,639,228.4,0.0,False,3.7,False
TL002147,TR002147,DR0028,VH00084,2023-04-01,65.6,40.56,1.8,108,0,0,142,2.5,92.2,False,3.9,False
TL002148,TR002148,DR0021,VH00081,2022-07-06,543.0,9.84,60.2,180,11,13,77,77.4,43.4,False,4.2,False
TL002153,TR002153,DR0019,VH00022,2023-02-27,59.3,234.96,0.3,129,1,1,4280,16.0,0.0,False,4.3,False
TL002154,TR002154,DR0009,VH00102,2022-06-01,1372.3,5.52,271.2,172,5,6,13,60.4,67.7,False,3.9,False
TL002155,TR002155,DR0047,VH00058,2022-12-22,12.7,5.76,2.4,156,0,0,50,1.5,97.0,False,4.1,False
TL002157,TR002157,DR0042,VH00013,2024-01-18,70.6,12.72,6.1,83,0,0,68,4.5,95.2,False,4.3,True
TL002160,TR002160,DR0019,VH00104,2026-04-19,44.5,104.4,0.5,180,1,1,2427,14.8,0.0,False,4.4,False
TL002161,TR002161,DR0042,VH00092,2023-02-15,768.9,51.84,16.2,115,9,9,209,52.7,51.2,False,4.6,False
TL002164,TR002164,DR0054,VH00110,2022-03-07,10.3,71.04,0.2,124,0,0,305,1.0,84.5,False,4.3,False
TL002165,TR002165,DR0058,VH00021,2023-02-11,172.5,5.52,34.1,85,2,2,51,22.0,85.9,False,4.9,False
TL002166,TR002166,DR0040,VH00112,2024-01-16,15.3,8.64,1.9,141,0,0,107,2.1,94.0,False,5.0,False
TL002168,TR002168,DR0018,VH00116,2023-09-27,29.9,190.56,0.2,130,0,0,854,1.7,56.8,False,4.3,False
TL002169,TR002169,DR0052,VH00015,2026-05-28,768.9,67.44,12.4,140,3,3,246,22.8,73.4,False,3.6,False
TL002171,TR002171,DR0032,VH00069,2024-12-20,164.3,180.0,1.0,124,1,1,639,10.8,62.3,False,3.8,False
TL002173,TR002173,DR0040,VH00040,2023-08-19,498.6,22.32,24.4,180,11,11,344,39.8,43.4,False,3.9,False
TL002175,TR002175,DR0049,VH00106,2024-05-12,1406.0,18.72,81.9,125,14,12,118,75.2,38.5,False,5.0,False
TL002176,TR002176,DR0038,VH00078,2023-07-19,77.5,44.88,1.9,154,1,1,634,7.7,63.5,False,4.5,False
TL002177,TR002177,DR0055,VH00104,2023-09-08,45.3,16.08,3.1,152,0,1,233,5.8,85.6,False,4.8,False
TL002178,TR002178,DR0026,VH00107,2026-03-08,337.8,123.36,3.0,131,15,13,2142,59.0,0.0,False,4.2,False
TL002185,TR002185,DR0038,VH00117,2025-05-04,1552.2,67.68,25.0,122,27,31,571,347.5,0.0,False,4.7,False
TL002187,TR002187,DR0049,VH00065,2022-09-12,202.8,15.12,14.6,157,2,1,133,17.6,84.1,False,5.0,True
TL002189,TR002189,DR0058,VH00028,2026-01-26,56.3,17.28,3.6,131,0,1,224,4.7,86.4,False,4.6,False
TL002192,TR002192,DR0042,VH00024,2026-03-16,11.5,79.44,0.2,90,0,0,430,1.0,78.2,False,3.6,False
TL002199,TR002199,DR0027,VH00106,2022-03-18,73.0,62.88,1.3,168,0,0,234,3.5,87.2,False,5.0,False
TL002202,TR002202,DR0010,VH00112,2025-05-06,202.8,7.44,29.7,156,1,2,52,8.3,91.4,False,4.5,False
TL002203,TR002203,DR0027,VH00114,2025-07-11,404.3,10.8,40.8,122,5,3,45,36.9,76.2,False,4.4,False
TL002204,TR002204,DR0019,VH00011,2026-04-04,1405.3,10.08,152.1,97,56,62,233,354.1,0.0,False,4.2,False
TL002205,TR002205,DR0031,VH00020,2022-07-02,17.9,4.32,4.5,157,0,0,25,1.4,98.3,False,4.1,False
TL002207,TR002207,DR0052,VH00039,2025-11-10,18.4,25.2,0.8,170,0,0,96,0.6,95.0,False,3.6,False
TL002209,TR002209,DR0055,VH00084,2026-06-14,75.7,21.12,3.9,160,1,1,194,12.8,84.0,False,3.1,False
TL002212,TR002212,DR0046,VH00007,2024-04-26,51.5,18.0,3.1,166,3,2,347,18.4,70.6,False,4.4,False
TL002215,TR002215,DR0047,VH00095,2023-02-26,66.0,9.84,7.3,126,1,1,114,6.4,89.9,False,4.5,False
TL002218,TR002218,DR0019,VH00119,2023-02-19,43.0,28.56,1.6,103,1,1,335,6.5,78.8,False,4.1,False
TL002222,TR002222,DR0043,VH00112,2026-01-04,36.5,50.16,0.8,119,0,0,332,1.5,83.0,False,4.4,False
TL002225,TR002225,DR0033,VH00063,2022-03-03,11.5,114.96,0.1,130,0,0,1593,2.1,19.7,False,5.0,False
TL002226,TR002226,DR0053,VH00112,2023-08-16,40.8,29.04,1.5,146,0,0,103,2.4,94.1,False,4.1,False
TL002227,TR002227,DR0059,VH00024,2025-06-16,257.2,26.16,10.7,132,5,4,251,25.6,68.3,False,3.1,False
TL002228,TR002228,DR0004,VH00094,2024-08-23,314.6,35.04,9.8,85,6,6,428,42.2,50.9,False,3.7,False
TL002231,TR002231,DR0012,VH00115,2022-07-19,35.9,10.8,3.6,127,1,1,197,9.7,84.7,False,4.9,False
TL002232,TR002232,DR0058,VH00094,2025-09-21,12.1,57.84,0.2,158,0,0,777,1.6,60.7,False,3.4,False
TL002234,TR002234,DR0011,VH00038,2022-02-23,1426.0,6.72,231.5,156,14,16,38,106.3,29.2,False,3.9,False
TL002237,TR002237,DR0037,VH00110,2023-05-24,257.2,67.44,4.2,164,4,3,1002,24.1,33.7,False,4.4,False
TL002238,TR002238,DR0058,VH00084,2025-09-02,257.2,10.8,26.0,92,6,4,81,41.4,70.5,False,2.8,False
TL002239,TR002239,DR0013,VH00094,2023-07-12,177.1,6.96,27.8,81,2,2,61,6.3,90.1,False,4.8,False
TL002241,TR002241,DR0009,VH00026,2022-08-02,1552.0,20.16,84.0,163,7,6,31,34.4,71.6,False,4.2,False
TL002243,TR002243,DR0027,VH00078,2024-09-23,66.6,145.92,0.5,174,0,0,890,5.4,53.9,False,4.0,False
TL002244,TR002244,DR0004,VH00065,2026-01-06,1262.7,29.28,47.0,154,18,30,341,206.7,0.0,False,4.7,False
TL002246,TR002246,DR0059,VH00104,2024-07-02,70.1,38.16,2.0,156,1,1,269,5.3,82.5,False,5.0,False
TL002255,TR002255,DR0053,VH00011,2022-12-19,78.0,205.44,0.4,135,0,0,824,4.9,57.3,False,3.9,False
TL002257,TR002257,DR0029,VH00088,2024-12-01,16.9,155.76,0.1,178,0,0,1410,3.5,28.4,False,2.9,False
TL002260,TR002260,DR0013,VH00057,2025-12-05,1177.4,11.52,111.5,147,11,13,86,53.9,50.0,False,4.4,False
TL002262,TR002262,DR0004,VH00099,2022-08-04,404.3,23.04,19.1,178,9,9,247,88.9,38.5,False,5.0,False
TL002266,TR002266,DR0037,VH00080,2023-05-14,36.4,49.2,0.8,109,0,0,543,6.9,70.8,False,4.1,False
TL002267,TR002267,DR0060,VH00088,2024-07-05,543.0,3.12,189.9,131,3,4,26,52.3,74.5,False,4.0,False
TL002270,TR002270,DR0027,VH00044,2026-05-19,60.3,132.96,0.5,83,0,0,762,5.6,60.2,False,4.0,False
TL002271,TR002271,DR0048,VH00104,2022-03-23,53.2,49.68,1.2,176,0,0,166,1.2,91.3,False,4.3,False
TL002278,TR002278,DR0008,VH00119,2024-03-06,44.3,123.6,0.4,149,0,0,874,4.9,54.8,False,4.9,False
TL002279,TR002279,DR0027,VH00115,2023-03-20,70.7,46.08,1.7,159,0,0,267,3.9,85.5,False,4.8,False
TL002280,TR002280,DR0059,VH00007,2022-08-05,43.8,4.56,10.5,85,0,0,47,4.9,96.2,False,5.0,False
TL002281,TR002281,DR0048,VH00114,2025-07-05,59.4,55.44,1.2,84,0,0,194,2.2,89.6,False,4.3,False
TL002284,TR002284,DR0002,VH00013,2022-10-11,67.7,25.68,2.9,106,2,2,423,10.7,70.6,False,4.1,False
TL002285,TR002285,DR0019,VH00048,2026-05-05,1247.0,26.64,51.1,133,48,44,405,199.8,0.0,False,4.5,False
TL002286,TR002286,DR0003,VH00046,2026-04-26,72.2,37.2,2.1,129,6,4,719,16.7,46.0,False,4.5,False
TL002290,TR002290,DR0040,VH00039,2022-06-24,364.6,35.76,11.1,148,7,7,451,65.4,40.3,False,3.9,False
TL002294,TR002294,DR0049,VH00037,2023-12-23,59.3,24.24,2.7,106,0,0,119,2.9,93.2,False,4.8,False
TL002296,TR002296,DR0021,VH00010,2023-07-19,334.8,36.96,9.9,161,8,6,282,53.2,51.9,False,3.1,False
TL002300,TR002300,DR0046,VH00028,2026-04-04,1266.6,32.64,42.3,134,104,77,784,262.9,0.0,False,4.2,False
TL002301,TR002301,DR0046,VH00053,2022-12-28,1440.2,36.48,43.1,138,99,77,580,817.8,0.0,False,4.9,False
TL002303,TR002303,DR0002,VH00117,2026-01-28,41.3,180.96,0.2,103,1,1,3950,12.4,0.0,False,4.8,False
TL002309,TR002309,DR0038,VH00047,2026-01-16,164.2,72.0,2.5,87,3,4,449,23.9,61.9,False,3.5,False
TL002310,TR002310,DR0039,VH00047,2022-04-23,62.1,44.16,1.5,166,0,0,629,6.3,66.7,False,4.4,False
TL002312,TR002312,DR0033,VH00051,2025-11-09,375.7,3.6,113.8,162,5,5,29,42.3,73.4,False,4.5,False
TL002313,TR002313,DR0056,VH00114,2025-04-01,14.6,61.44,0.3,103,0,0,297,1.4,84.7,False,3.8,False
TL002314,TR002314,DR0052,VH00099,2025-12-14,25.4,68.4,0.4,141,0,0,260,1.1,86.7,False,3.9,False
TL002317,TR002317,DR0056,VH00071,2024-09-03,170.9,227.04,0.8,111,1,1,1695,6.2,10.9,False,3.5,False
TL002320,TR002320,DR0026,VH00054,2024-04-25,38.8,19.44,2.2,88,1,1,349,11.1,76.7,False,4.9,False
TL002321,TR002321,DR0002,VH00008,2023-12-24,127.5,56.64,2.5,124,5,5,707,33.1,42.2,False,4.6,False
TL002322,TR002322,DR0048,VH00044,2025-06-07,40.4,16.32,2.7,151,0,0,39,0.9,97.8,False,3.2,False
TL002323,TR002323,DR0054,VH00092,2025-01-04,74.6,60.24,1.4,96,0,0,516,6.8,72.2,False,4.3,False
TL002325,TR002325,DR0010,VH00064,2025-09-18,71.6,30.96,2.5,133,0,0,222,5.6,87.2,False,3.6,True
TL002330,TR002330,DR0057,VH00005,2026-03-15,47.9,18.72,2.8,169,0,0,73,1.7,95.8,False,4.9,False
TL002331,TR002331,DR0060,VH00099,2025-09-07,900.7,27.6,35.6,87,6,8,218,80.7,47.9,False,3.7,False
TL002336,TR002336,DR0009,VH00051,2023-12-28,73.0,26.88,3.0,162,0,0,57,2.8,96.3,False,3.9,False
TL002341,TR002341,DR0057,VH00016,2023-07-01,960.3,71.28,14.7,175,3,3,169,19.9,78.1,False,4.0,False
TL002343,TR002343,DR0021,VH00011,2026-06-23,78.8,188.4,0.5,97,1,1,2105,11.2,0.0,False,5.0,False
TL002346,TR002346,DR0024,VH00032,2022-02-17,498.6,54.24,10.0,139,3,3,306,29.0,68.5,False,3.7,False
TL002349,TR002349,DR0027,VH00042,2023-07-23,75.9,55.92,1.5,94,0,0,427,6.3,76.8,False,4.5,False
TL002351,TR002351,DR0002,VH00010,2026-06-16,47.5,8.4,6.2,163,2,2,175,10.5,83.1,False,4.2,False
TL002352,TR002352,DR0015,VH00117,2024-12-20,1552.2,32.16,52.7,146,27,22,407,231.2,0.0,False,3.3,False
TL002353,TR002353,DR0038,VH00094,2023-10-07,37.5,9.6,4.3,139,0,0,88,8.2,93.1,False,3.9,False
TL002354,TR002354,DR0049,VH00021,2024-10-04,498.6,27.12,20.1,177,3,3,212,28.0,73.5,False,3.1,False
TL002355,TR002355,DR0046,VH00081,2022-07-05,324.1,47.28,7.5,107,27,19,833,89.9,0.0,False,4.1,False
TL002359,TR002359,DR0051,VH00031,2023-08-08,960.3,25.92,40.4,97,24,20,285,141.9,0.0,False,4.1,False
TL002362,TR002362,DR0031,VH00053,2024-01-13,371.6,7.2,56.3,169,8,6,49,44.1,66.3,False,3.7,False
TL002363,TR002363,DR0009,VH00010,2026-04-15,498.6,27.36,19.9,151,2,1,115,13.8,86.1,False,3.1,False
TL002366,TR002366,DR0035,VH00044,2023-02-08,936.4,57.84,17.7,111,31,37,820,335.6,0.0,False,5.0,False
TL002368,TR002368,DR0038,VH00107,2025-08-27,323.1,6.24,56.5,156,4,4,77,69.1,65.4,False,3.5,False
TL002369,TR002369,DR0049,VH00037,2023-10-16,56.6,10.32,6.0,98,0,0,59,2.4,96.3,False,3.6,False
TL002371,TR002371,DR0034,VH00046,2023-03-26,74.4,22.8,3.6,151,1,1,349,10.0,77.0,False,5.0,False
TL002373,TR002373,DR0058,VH00013,2024-10-07,1399.4,7.92,192.8,139,34,31,103,302.2,0.0,False,4.0,False
TL002374,TR002374,DR0005,VH00112,2023-05-04,77.7,20.88,4.1,88,0,0,119,8.1,91.6,False,4.3,False
TL002376,TR002376,DR0055,VH00019,2022-07-14,70.7,56.88,1.4,116,1,1,448,7.9,72.7,False,4.0,False
TL002377,TR002377,DR0029,VH00013,2022-05-17,498.6,24.24,22.4,98,7,7,284,59.4,50.5,False,4.8,False
TL002380,TR002380,DR0057,VH00061,2022-07-13,1440.2,70.56,22.3,166,5,5,315,25.3,64.2,False,4.7,False
TL002381,TR002381,DR0017,VH00032,2025-02-26,68.4,24.48,3.0,169,1,1,142,9.1,87.7,False,4.0,False
TL002382,TR002382,DR0019,VH00034,2025-08-23,169.6,29.52,6.3,132,6,4,593,27.3,49.2,False,3.9,False
TL002387,TR002387,DR0049,VH00088,2025-01-26,71.4,690.48,0.1,165,0,0,5128,3.1,0.0,False,4.6,False
TL002389,TR002389,DR0010,VH00073,2024-03-28,768.9,82.8,10.1,148,6,6,330,38.7,56.9,False,4.4,False
TL002390,TR002390,DR0053,VH00081,2022-01-12,52.1,13.68,4.2,121,0,0,99,4.6,93.7,False,5.0,False
TL002393,TR002393,DR0031,VH00062,2024-06-02,543.0,11.04,53.7,127,7,9,148,87.2,46.9,False,3.9,False
TL002397,TR002397,DR0053,VH00020,2024-05-06,383.2,7.68,54.4,137,4,3,26,20.9,83.4,False,3.8,False
TL002398,TR002398,DR0010,VH00080,2023-06-08,1359.6,19.44,76.3,171,13,14,167,133.5,18.1,False,4.3,False
TL002400,TR002400,DR0020,VH00061,2022-09-10,361.3,23.76,16.6,156,5,5,222,79.8,52.5,False,4.6,False
TL002404,TR002404,DR0039,VH00032,2023-12-12,47.9,11.52,4.5,113,0,0,127,9.9,90.7,False,4.5,False
TL002414,TR002414,DR0009,VH00023,2024-03-21,11.0,22.32,0.5,154,0,0,82,0.5,95.8,False,3.7,False
TL002417,TR002417,DR0026,VH00043,2024-12-24,134.9,61.2,2.4,140,3,4,1103,25.2,28.8,False,4.5,False
TL002420,TR002420,DR0028,VH00024,2023-04-22,960.3,46.8,22.4,116,7,10,257,70.8,45.4,False,3.7,False
TL002422,TR002422,DR0011,VH00038,2025-12-14,1552.2,60.0,28.2,114,14,17,344,136.4,3.9,False,4.7,False
TL002426,TR002426,DR0019,VH00034,2025-08-02,1420.0,11.52,134.5,110,43,63,132,200.8,0.0,False,5.0,False
TL002427,TR002427,DR0019,VH00056,2024-07-16,44.5,7.92,6.1,144,2,1,107,13.2,86.7,False,4.5,False
TL002428,TR002428,DR0015,VH00104,2022-08-16,165.0,14.4,12.5,145,2,4,91,15.4,83.8,False,5.0,False
TL002431,TR002431,DR0016,VH00043,2025-09-02,1468.7,9.36,171.2,92,13,10,59,81.1,43.2,False,4.5,False
TL002432,TR002432,DR0037,VH00091,2024-05-27,1400.4,9.12,167.5,170,34,31,91,264.8,0.0,False,3.7,False
TL002433,TR002433,DR0035,VH00028,2024-07-13,888.3,18.0,53.8,174,43,39,204,258.6,0.0,False,3.9,False
TL002436,TR002436,DR0015,VH00021,2023-04-26,70.3,133.68,0.6,98,1,1,1804,8.0,4.9,False,3.7,False
TL002440,TR002440,DR0046,VH00004,2026-05-08,38.6,18.0,2.3,152,2,2,387,15.1,71.1,False,3.7,False
TL002444,TR002444,DR0060,VH00037,2022-07-23,190.7,18.0,11.6,174,1,2,153,14.5,84.5,False,5.0,False
TL002446,TR002446,DR0015,VH00051,2026-04-14,15.7,10.8,1.6,89,0,0,71,1.6,96.0,False,4.2,False
TL002447,TR002447,DR0012,VH00063,2025-01-22,60.3,8.64,7.6,168,2,1,166,10.2,84.6,False,4.1,False
TL002448,TR002448,DR0011,VH00046,2022-11-07,337.8,43.44,8.5,136,3,3,390,20.8,66.8,False,4.3,False
TL002450,TR002450,DR0008,VH00115,2023-06-09,388.3,42.48,10.0,96,6,5,382,48.4,52.4,False,4.6,False
TL002453,TR002453,DR0021,VH00062,2022-01-23,73.0,4.56,17.5,171,1,1,38,6.3,93.7,False,4.0,False
TL002455,TR002455,DR0005,VH00069,2025-09-20,14.5,9.36,1.7,96,0,0,61,1.1,96.6,False,5.0,False
TL002458,TR002458,DR0037,VH00018,2023-12-23,1387.2,44.88,33.7,116,34,27,303,197.5,0.0,False,3.8,False
TL002460,TR002460,DR0042,VH00025,2023-04-27,83.4,159.36,0.6,175,0,0,949,8.3,50.1,False,4.7,False
TL002461,TR002461,DR0044,VH00016,2025-06-10,72.3,20.4,3.9,160,1,1,177,10.8,85.4,False,5.0,False
TL002464,TR002464,DR0012,VH00021,2024-02-25,373.5,7.44,54.8,155,14,14,107,123.2,22.7,False,4.0,False
TL002468,TR002468,DR0034,VH00004,2024-11-16,121.6,6.48,20.5,160,2,1,40,18.4,88.5,False,4.8,False
TL002470,TR002470,DR0034,VH00088,2022-01-23,71.2,234.0,0.3,86,1,1,1664,6.8,12.3,False,4.5,False
TL002476,TR002476,DR0021,VH00038,2026-02-10,1440.2,36.24,43.4,126,30,32,479,133.7,0.0,False,4.9,False
TL002479,TR002479,DR0028,VH00081,2022-06-24,498.6,48.72,11.2,154,4,4,270,22.7,69.7,False,3.6,False
TL002481,TR002481,DR0044,VH00028,2023-03-11,10.7,80.64,0.1,122,0,0,1094,0.9,45.0,False,3.9,False
TL002483,TR002483,DR0052,VH00064,2025-05-27,1359.4,9.84,150.7,126,4,6,38,46.5,72.1,False,4.3,False
TL002486,TR002486,DR0047,VH00057,2024-10-14,33.8,14.64,2.5,159,0,0,104,5.9,93.0,False,4.2,False
TL002488,TR002488,DR0035,VH00004,2025-08-26,52.0,238.32,0.2,180,1,1,5925,10.1,0.0,False,4.6,False
TL002489,TR002489,DR0060,VH00024,2026-02-12,1191.4,44.16,29.4,148,12,13,167,115.3,26.1,False,4.3,False
TL002494,TR002494,DR0002,VH00013,2026-01-21,178.3,58.56,3.3,103,5,6,1134,43.5,16.8,False,3.2,False
TL002498,TR002498,DR0025,VH00059,2025-10-02,19.2,79.92,0.3,101,0,0,805,2.4,59.0,False,3.1,False
TL002499,TR002499,DR0046,VH00056,2022-08-19,257.2,41.52,6.8,112,21,15,883,147.8,0.0,False,3.6,False
TL002501,TR002501,DR0009,VH00068,2025-12-27,56.8,86.88,0.7,163,0,0,208,1.4,89.2,False,3.9,False
TL002506,TR002506,DR0039,VH00026,2025-01-26,74.1,9.6,8.4,179,1,1,118,9.8,88.7,False,3.4,False
TL002507,TR002507,DR0011,VH00007,2026-01-05,51.2,61.44,0.9,149,0,0,318,4.5,82.8,False,4.1,False
TL002509,TR002509,DR0041,VH00041,2022-08-10,14.9,8.4,1.9,87,0,0,54,0.6,97.1,False,3.6,False
TL002510,TR002510,DR0038,VH00094,2024-03-15,386.7,62.4,6.8,86,9,9,894,39.5,20.9,False,4.2,False
TL002512,TR002512,DR0058,VH00005,2026-02-21,164.2,203.28,0.9,156,4,2,2099,30.7,0.0,False,4.1,False
TL002513,TR002513,DR0018,VH00119,2025-08-11,50.7,21.84,2.5,127,0,0,85,3.2,94.8,False,4.7,False
TL002514,TR002514,DR0020,VH00019,2026-03-07,19.8,201.12,0.1,125,0,0,2264,2.7,0.0,False,4.6,False
TL002516,TR002516,DR0036,VH00081,2026-01-15,55.3,11.76,5.1,108,0,1,121,7.0,90.9,False,4.3,False
TL002518,TR002518,DR0029,VH00114,2026-05-22,30.0,75.6,0.4,102,0,0,608,2.3,68.9,False,4.5,False
TL002519,TR002519,DR0007,VH00094,2026-02-06,50.6,19.2,2.9,97,3,2,574,29.5,55.9,False,4.4,False
TL002520,TR002520,DR0016,VH00037,2024-01-17,58.8,33.36,1.9,98,0,0,270,2.1,85.9,False,4.6,False
TL002521,TR002521,DR0029,VH00064,2025-09-16,381.7,15.36,27.1,173,9,8,229,76.3,44.2,False,5.0,False
TL002526,TR002526,DR0027,VH00119,2024-10-09,16.4,26.88,0.7,121,0,0,88,1.5,95.1,False,4.1,False
TL002529,TR002529,DR0044,VH00048,2024-03-18,1534.7,32.16,52.1,97,28,36,341,269.8,0.0,False,4.3,False
TL002531,TR002531,DR0054,VH00110,2022-05-19,71.4,12.24,6.4,112,0,0,98,4.8,93.7,False,5.0,False
TL002533,TR002533,DR0013,VH00061,2026-05-19,383.9,3.36,124.6,111,3,4,29,22.4,83.3,False,4.5,False
TL002536,TR002536,DR0048,VH00042,2025-06-09,543.0,7.92,74.8,98,1,2,13,18.1,90.4,False,4.0,False
TL002537,TR002537,DR0055,VH00064,2025-11-21,13.4,45.84,0.3,162,0,0,564,2.5,71.0,False,3.8,False
TL002538,TR002538,DR0043,VH00041,2024-03-23,1211.4,32.88,40.2,163,8,12,112,46.3,56.5,False,3.6,False
TL002539,TR002539,DR0008,VH00116,2026-03-04,34.6,14.88,2.5,81,0,0,193,5.9,88.6,False,3.8,False
TL002541,TR002541,DR0007,VH00058,2022-01-07,404.3,60.48,7.3,85,24,26,684,159.2,0.0,False,4.2,False
TL002542,TR002542,DR0009,VH00046,2025-05-14,59.0,226.08,0.3,103,0,0,949,1.4,52.1,False,4.5,False
TL002543,TR002543,DR0016,VH00036,2024-10-02,33.9,12.24,3.0,81,0,0,64,2.3,96.1,False,4.4,False
TL002544,TR002544,DR0057,VH00065,2023-11-21,168.1,67.2,2.7,132,0,0,264,4.7,85.4,False,4.7,False
TL002547,TR002547,DR0055,VH00087,2022-09-25,25.6,81.12,0.3,122,0,0,1295,4.2,34.0,False,3.6,False
TL002548,TR002548,DR0056,VH00119,2022-03-08,1487.5,11.52,140.9,149,12,12,72,124.1,29.2,False,4.5,False
TL002550,TR002550,DR0032,VH00032,2024-07-24,16.1,151.2,0.1,167,0,0,1011,1.0,49.1,False,4.2,False
TL002552,TR002552,DR0022,VH00088,2025-04-01,11.9,119.04,0.1,150,0,0,1250,2.4,36.8,False,3.6,False
TL002556,TR002556,DR0007,VH00048,2025-08-09,1368.9,32.4,46.1,89,95,60,450,520.3,0.0,False,3.9,False
TL002559,TR002559,DR0028,VH00031,2022-06-10,61.9,15.36,4.4,115,0,0,110,5.7,92.8,False,4.0,False
TL002562,TR002562,DR0049,VH00068,2022-11-19,125.1,27.84,4.9,152,0,0,209,6.1,87.7,False,4.2,False
TL002563,TR002563,DR0060,VH00106,2024-12-02,65.5,91.2,0.8,133,0,0,739,3.3,62.1,False,4.0,False
TL002564,TR002564,DR0049,VH00046,2024-05-13,498.6,18.24,29.8,142,5,4,146,34.9,70.7,False,4.8,False
TL002570,TR002570,DR0059,VH00110,2026-01-22,42.8,53.04,0.9,150,0,0,683,7.5,63.6,False,4.7,False
TL002571,TR002571,DR0013,VH00011,2024-05-17,72.0,23.28,3.4,82,0,0,99,7.0,93.0,False,3.9,True
TL002575,TR002575,DR0053,VH00015,2024-10-10,900.7,50.4,19.5,143,10,6,429,44.9,44.1,False,3.2,True
TL002582,TR002582,DR0002,VH00087,2022-07-16,57.0,165.36,0.4,161,2,1,3959,10.3,0.0,False,4.4,False
TL002586,TR002586,DR0004,VH00054,2023-08-25,960.3,56.16,18.7,115,18,22,356,206.1,0.0,False,5.0,False
TL002588,TR002588,DR0021,VH00008,2023-05-04,37.9,20.4,2.0,98,0,0,176,4.8,89.8,False,4.2,False
TL002589,TR002589,DR0040,VH00114,2024-10-20,1273.4,9.6,144.7,144,22,32,153,149.2,0.0,False,4.8,False
TL002590,TR002590,DR0019,VH00091,2022-07-01,10.7,146.4,0.1,104,0,0,1988,2.9,0.0,False,3.2,False
TL002591,TR002591,DR0053,VH00036,2026-02-21,1270.2,6.48,213.8,86,15,13,22,45.4,49.8,False,4.0,False
TL002593,TR002593,DR0042,VH00042,2026-06-23,24.5,232.8,0.1,112,0,0,1238,2.5,37.3,False,4.5,False
TL002594,TR002594,DR0054,VH00104,2022-10-08,74.0,51.6,1.6,90,0,0,254,4.7,85.9,False,3.9,False
TL002598,TR002598,DR0003,VH00117,2025-07-20,32.0,77.52,0.5,166,2,1,1946,7.4,0.0,False,4.9,False
TL002599,TR002599,DR0042,VH00110,2022-05-16,36.5,8.16,4.9,85,0,0,51,2.5,96.7,False,4.6,False
TL002600,TR002600,DR0025,VH00062,2026-05-25,17.5,39.84,0.5,142,0,0,235,1.8,87.7,False,4.5,False
TL002601,TR002601,DR0029,VH00106,2023-12-16,14.5,137.76,0.1,94,0,0,1707,3.0,13.7,False,4.9,False
TL002602,TR002602,DR0058,VH00057,2026-03-11,10.6,19.2,0.6,108,0,0,214,2.2,88.6,False,4.2,False
TL002605,TR002605,DR0043,VH00005,2026-01-03,123.8,9.12,14.8,136,1,1,81,6.8,91.4,False,2.8,False
TL002615,TR002615,DR0051,VH00116,2022-04-21,71.6,54.48,1.4,94,1,1,673,12.0,60.2,False,3.8,False
TL002616,TR002616,DR0007,VH00092,2025-02-03,51.7,120.72,0.5,101,4,3,2932,27.9,0.0,False,4.0,False
TL002620,TR002620,DR0016,VH00102,2022-11-12,1534.7,65.76,25.5,92,13,13,342,138.7,8.8,False,4.8,False
TL002622,TR002622,DR0026,VH00084,2024-04-07,1552.2,21.36,79.3,180,76,46,393,391.8,0.0,False,4.2,True
TL002623,TR002623,DR0025,VH00038,2022-02-06,68.9,683.52,0.1,168,1,1,8939,14.4,0.0,False,3.3,False
TL002629,TR002629,DR0010,VH00107,2022-06-19,48.2,142.56,0.4,127,0,0,445,1.9,77.2,False,4.3,False
TL002630,TR002630,DR0059,VH00021,2023-12-23,1440.2,62.64,25.1,178,32,37,722,149.5,0.0,False,5.0,False
TL002633,TR002633,DR0042,VH00064,2023-07-09,1534.7,44.16,37.9,117,15,19,162,64.4,31.1,False,4.4,False
TL002634,TR002634,DR0013,VH00071,2025-10-21,900.7,43.68,22.5,101,11,9,160,48.0,52.1,False,3.2,False
TL002635,TR002635,DR0002,VH00110,2024-03-15,1365.2,11.04,134.9,162,52,38,217,373.2,0.0,False,4.0,False
TL002637,TR002637,DR0024,VH00111,2025-11-05,23.5,22.08,1.2,137,0,0,181,0.9,90.7,False,4.0,False
TL002640,TR002640,DR0055,VH00065,2022-03-22,11.0,8.88,1.4,93,0,0,138,1.1,92.8,False,4.0,False
TL002641,TR002641,DR0008,VH00065,2022-10-13,53.8,67.2,0.9,164,1,0,463,8.9,72.7,False,3.5,False
TL002642,TR002642,DR0023,VH00099,2022-03-06,388.9,20.4,20.8,180,3,3,110,26.5,79.0,False,3.9,False
TL002643,TR002643,DR0042,VH00089,2026-03-09,386.7,10.8,39.1,139,2,4,49,28.6,82.0,False,4.9,False
TL002645,TR002645,DR0042,VH00017,2022-11-13,39.2,129.36,0.3,177,0,0,736,3.5,62.1,False,3.8,False
TL002650,TR002650,DR0022,VH00052,2026-04-09,43.9,13.2,3.6,137,0,0,129,9.4,90.7,False,4.7,False
TL002652,TR002652,DR0054,VH00064,2024-10-27,49.8,12.96,4.2,95,0,0,105,4.4,93.4,False,4.2,False
TL002654,TR002654,DR0026,VH00052,2026-04-25,498.6,9.12,59.6,131,25,14,123,74.0,20.2,False,4.5,False
TL002655,TR002655,DR0059,VH00068,2026-04-28,1454.5,10.08,157.4,94,33,33,141,237.8,0.0,False,3.9,False
TL002657,TR002657,DR0007,VH00038,2024-03-25,336.9,5.76,63.8,112,23,21,85,98.1,10.8,False,4.6,False
TL002659,TR002659,DR0060,VH00118,2025-04-19,70.4,36.0,2.1,113,0,0,297,3.9,84.0,False,4.8,False
TL002661,TR002661,DR0024,VH00084,2023-10-10,16.5,161.52,0.1,161,0,0,1039,0.6,47.9,False,4.6,False
TL002662,TR002662,DR0010,VH00092,2022-08-16,55.3,12.24,4.9,179,0,0,90,5.2,93.9,False,4.3,False
TL002663,TR002663,DR0059,VH00037,2025-07-14,72.5,158.4,0.5,137,1,1,1467,16.1,19.3,False,4.6,False
TL002664,TR002664,DR0019,VH00048,2022-01-03,364.8,725.52,0.5,95,11,9,13730,113.9,0.0,False,3.9,False
TL002668,TR002668,DR0049,VH00023,2026-01-03,30.6,17.52,1.9,108,0,0,94,1.7,94.8,False,4.6,False
TL002670,TR002670,DR0033,VH00007,2024-02-28,40.9,85.68,0.5,140,0,0,1214,4.1,38.1,False,5.0,False
TL002678,TR002678,DR0032,VH00016,2025-05-14,30.5,742.32,0.0,141,0,0,4630,2.7,0.0,False,4.4,False
TL002681,TR002681,DR0016,VH00051,2025-10-05,14.4,13.2,1.2,158,0,0,92,0.6,95.2,False,4.7,False
TL002682,TR002682,DR0040,VH00032,2024-07-22,337.8,9.36,39.4,82,4,8,81,73.6,59.9,False,4.6,False
TL002683,TR002683,DR0008,VH00084,2025-04-19,365.6,808.56,0.5,92,7,9,6050,43.7,0.0,False,4.9,False
TL002684,TR002684,DR0021,VH00025,2022-06-18,1203.8,63.36,20.7,111,20,22,492,243.6,0.0,False,4.8,False
TL002686,TR002686,DR0012,VH00048,2025-03-14,900.7,30.0,32.8,82,26,34,734,185.8,0.0,False,4.3,False
TL002690,TR002690,DR0021,VH00051,2024-10-02,73.5,11.76,6.8,104,1,1,93,14.8,88.4,False,5.0,True
TL002694,TR002694,DR0059,VH00021,2025-03-13,543.0,9.6,61.7,113,13,8,98,82.5,42.8,False,4.2,False
TL002695,TR002695,DR0012,VH00104,2024-08-07,77.9,15.12,5.6,147,2,2,319,25.1,71.5,False,4.1,True
TL002696,TR002696,DR0029,VH00112,2023-12-24,41.3,39.36,1.1,158,0,0,242,6.2,86.0,False,5.0,False
TL002697,TR002697,DR0058,VH00028,2026-06-17,66.9,197.28,0.4,122,1,0,2906,5.1,0.0,False,3.7,False
TL002698,TR002698,DR0004,VH00058,2024-03-09,15.6,11.04,1.5,90,0,0,93,2.4,94.6,False,4.1,False
TL002699,TR002699,DR0055,VH00081,2025-07-27,1368.6,8.4,177.7,109,23,33,132,257.1,0.0,False,3.8,True
TL002706,TR002706,DR0056,VH00004,2026-02-10,16.3,106.56,0.2,141,0,0,818,1.6,58.6,False,4.5,False
TL002709,TR002709,DR0044,VH00114,2022-11-18,363.4,62.4,6.4,170,7,8,746,45.4,30.6,False,5.0,False
TL002710,TR002710,DR0043,VH00119,2024-12-09,387.2,15.84,26.7,117,4,3,138,33.7,74.0,False,3.9,False
TL002713,TR002713,DR0028,VH00061,2025-01-01,1446.2,18.48,85.4,153,14,14,134,146.3,14.4,False,4.3,False
TL002714,TR002714,DR0019,VH00112,2026-03-24,52.1,13.68,4.2,132,2,1,285,12.0,78.2,False,5.0,False
TL002717,TR002717,DR0042,VH00061,2022-08-03,79.3,704.88,0.1,171,0,0,3974,4.4,0.0,False,3.5,False
TL002719,TR002719,DR0042,VH00110,2022-02-12,67.8,15.12,4.9,157,0,0,86,4.9,94.2,False,3.8,True
TL002729,TR002729,DR0018,VH00036,2026-04-17,936.4,31.2,32.7,108,10,7,111,52.9,56.6,False,4.2,False
TL002733,TR002733,DR0025,VH00036,2025-08-16,33.9,54.24,0.7,178,0,0,552,3.9,71.2,False,5.0,True
TL002734,TR002734,DR0046,VH00059,2025-02-27,66.1,147.84,0.5,129,4,2,3024,20.2,0.0,False,5.0,False
TL002735,TR002735,DR0039,VH00056,2026-02-17,18.3,57.84,0.3,100,0,0,494,2.6,74.5,False,3.7,False
TL002737,TR002737,DR0034,VH00007,2025-12-18,1439.7,2.4,654.4,166,31,26,30,217.0,0.0,False,4.9,False
TL002742,TR002742,DR0059,VH00095,2024-01-07,20.7,5.28,4.3,92,0,0,33,1.7,97.8,False,3.6,False
TL002744,TR002744,DR0025,VH00087,2026-03-24,50.8,62.88,0.9,172,1,0,519,4.3,71.3,False,3.6,False
TL002745,TR002745,DR0036,VH00094,2026-06-11,1424.3,7.68,202.3,115,24,33,52,124.5,0.0,False,3.9,False
TL002746,TR002746,DR0012,VH00064,2022-01-26,26.4,211.44,0.1,94,1,0,2872,4.4,0.0,False,2.4,False
TL002747,TR002747,DR0015,VH00008,2025-08-07,498.6,17.04,31.9,126,9,10,205,109.7,33.3,False,4.8,False
TL002752,TR002752,DR0013,VH00037,2026-05-04,21.7,228.24,0.1,114,0,0,804,1.5,59.3,False,4.5,False
TL002753,TR002753,DR0023,VH00069,2025-03-17,371.1,4.56,88.8,80,4,2,33,20.8,84.1,False,4.7,False
TL002755,TR002755,DR0054,VH00094,2025-10-27,74.5,10.8,7.5,120,0,0,82,4.9,94.4,False,3.9,True
TL002759,TR002759,DR0022,VH00110,2022-10-26,67.7,2.64,28.0,152,1,1,35,10.0,92.8,False,4.7,False
TL002760,TR002760,DR0037,VH00094,2025-03-06,1552.2,34.8,48.7,149,26,30,561,141.5,0.0,False,3.1,False
TL002762,TR002762,DR0032,VH00058,2026-06-18,1397.9,47.28,32.3,132,9,13,247,120.3,25.1,False,4.3,False
TL002763,TR002763,DR0010,VH00102,2026-05-13,54.5,15.6,3.8,148,0,0,102,5.4,93.3,False,3.5,False
TL002764,TR002764,DR0005,VH00032,2025-06-10,79.3,13.92,6.2,161,0,0,68,4.0,95.4,False,4.3,False
TL002768,TR002768,DR0041,VH00064,2026-03-14,53.8,8.64,6.8,140,0,0,36,3.5,97.2,False,4.5,False
TL002771,TR002771,DR0057,VH00063,2024-02-04,51.3,11.76,4.8,100,0,0,31,2.1,97.8,False,4.1,False
TL002772,TR002772,DR0015,VH00118,2024-12-16,73.5,4.8,16.7,165,1,1,48,10.8,91.9,False,4.7,False
TL002776,TR002776,DR0003,VH00073,2023-06-15,1475.3,40.8,39.4,151,82,67,974,323.0,0.0,False,4.3,False
TL002777,TR002777,DR0059,VH00058,2023-12-04,11.7,797.52,0.0,84,0,0,10857,2.4,0.0,False,5.0,False
TL002779,TR002779,DR0043,VH00095,2026-03-27,1440.2,152.64,10.3,171,11,13,1227,63.2,0.0,False,4.3,False
TL002780,TR002780,DR0023,VH00026,2025-04-22,364.6,38.64,10.3,160,3,3,192,20.7,76.7,False,4.0,False
TL002782,TR002782,DR0010,VH00110,2024-03-24,364.6,30.0,13.3,179,4,4,262,20.0,70.9,False,4.5,False
TL002783,TR002783,DR0020,VH00074,2024-08-05,167.6,27.6,6.6,135,2,3,446,17.9,66.3,False,4.6,False
TL002788,TR002788,DR0029,VH00068,2026-04-13,64.8,56.4,1.3,157,1,1,402,10.5,74.2,False,4.4,False
TL002789,TR002789,DR0046,VH00115,2025-11-05,63.2,10.08,6.8,164,3,4,244,27.6,71.0,False,3.5,False
TL002792,TR002792,DR0035,VH00046,2026-01-20,75.0,8.88,9.2,140,2,1,218,17.6,79.8,False,3.9,False
TL002800,TR002800,DR0021,VH00026,2025-05-07,404.3,11.28,39.1,161,8,5,137,76.2,53.3,False,4.3,False
TL002801,TR002801,DR0029,VH00091,2022-10-20,19.6,20.64,1.0,161,0,0,279,4.2,84.8,False,4.8,False
TL002804,TR002804,DR0035,VH00037,2022-08-26,48.5,129.12,0.4,106,1,1,1185,8.5,35.7,False,3.8,False
TL002807,TR002807,DR0054,VH00041,2022-08-11,132.4,65.28,2.2,109,1,1,330,7.9,78.6,False,4.8,False
TL002809,TR002809,DR0002,VH00080,2023-04-02,323.1,71.52,4.9,129,11,12,1790,84.5,0.0,False,3.8,False
TL002810,TR002810,DR0057,VH00031,2025-02-11,337.8,5.04,73.1,122,1,1,18,7.8,94.3,False,4.7,False
TL002812,TR002812,DR0023,VH00119,2024-08-21,1174.7,8.16,157.0,155,12,13,32,47.6,53.1,False,3.5,False
TL002813,TR002813,DR0013,VH00042,2024-06-19,59.5,17.52,3.7,178,0,0,77,5.0,94.7,False,3.0,False
TL002814,TR002814,DR0032,VH00052,2022-04-15,39.0,27.6,1.5,131,0,0,232,2.6,87.6,False,4.0,False
TL002815,TR002815,DR0035,VH00036,2024-08-09,364.6,7.92,50.2,139,10,9,107,108.9,38.0,False,4.9,False
TL002822,TR002822,DR0041,VH00034,2023-05-02,395.9,3.36,128.5,94,3,3,26,23.8,84.1,False,3.9,False
TL002823,TR002823,DR0060,VH00025,2025-05-17,35.8,48.48,0.8,138,0,0,394,3.5,79.2,False,4.3,False
TL002824,TR002824,DR0024,VH00004,2023-02-26,57.9,62.4,1.0,172,0,0,345,5.1,81.2,False,5.0,False
TL002829,TR002829,DR0036,VH00063,2025-07-24,356.6,219.84,1.8,122,4,4,1464,61.2,0.0,False,4.5,False
TL002833,TR002833,DR0058,VH00051,2022-07-22,1440.2,161.28,9.7,173,21,20,1661,224.6,0.0,False,4.3,False
TL002835,TR002835,DR0003,VH00095,2024-08-02,15.0,217.44,0.1,158,1,0,6179,8.5,0.0,False,3.4,False
TL002838,TR002838,DR0040,VH00015,2023-11-21,361.9,7.2,54.8,104,6,7,84,41.6,67.3,False,4.3,False
TL002840,TR002840,DR0021,VH00036,2022-06-06,70.6,148.56,0.5,121,1,1,1126,7.3,39.0,False,4.1,False
TL002841,TR002841,DR0057,VH00024,2022-01-07,28.9,146.88,0.2,165,0,0,480,0.5,75.8,False,4.2,False
TL002844,TR002844,DR0004,VH00046,2026-04-01,1397.9,62.16,24.5,138,20,23,363,156.9,0.0,False,4.6,False
TL002845,TR002845,DR0057,VH00112,2025-06-25,172.0,140.64,1.3,133,0,0,320,5.8,82.3,False,3.7,False
TL002846,TR002846,DR0022,VH00065,2022-01-07,768.9,31.68,26.5,180,16,12,189,62.3,35.9,False,3.9,False
TL002847,TR002847,DR0023,VH00084,2024-10-11,43.7,156.96,0.3,82,0,0,546,2.1,72.1,False,2.5,False
TL002848,TR002848,DR0021,VH00114,2024-02-05,56.4,689.28,0.1,162,0,1,10360,5.6,0.0,False,3.5,False
TL002849,TR002849,DR0027,VH00068,2022-02-09,33.2,111.36,0.3,113,0,0,543,1.4,72.4,False,4.2,False
TL002855,TR002855,DR0029,VH00031,2025-12-10,15.8,20.64,0.8,156,0,0,251,2.3,86.8,False,4.1,False
TL002856,TR002856,DR0053,VH00013,2023-05-20,1552.0,10.8,156.8,89,13,14,55,150.8,18.5,False,4.1,False
TL002857,TR002857,DR0016,VH00092,2022-08-22,14.3,5.04,3.1,126,0,0,19,0.6,98.9,False,4.2,False
TL002858,TR002858,DR0012,VH00102,2023-05-16,14.8,4.32,3.7,83,0,0,38,3.2,97.1,False,4.8,False
TL002859,TR002859,DR0035,VH00047,2024-01-09,27.6,54.48,0.6,110,0,0,845,7.6,55.5,False,3.5,False
TL002861,TR002861,DR0042,VH00073,2026-01-21,387.8,5.76,73.4,177,4,3,24,19.1,84.1,False,3.9,False
TL002866,TR002866,DR0032,VH00062,2022-11-08,257.2,3.6,77.9,116,3,2,15,21.8,86.2,False,3.5,False
TL002868,TR002868,DR0053,VH00092,2024-12-17,38.1,64.08,0.6,161,0,0,209,1.3,89.2,False,3.8,False
TL002870,TR002870,DR0010,VH00047,2026-06-03,1279.9,46.56,30.0,156,14,9,353,87.3,26.2,False,4.2,False
TL002872,TR002872,DR0025,VH00018,2026-03-01,71.1,7.92,9.8,127,0,1,97,8.4,91.6,False,3.7,False
TL002873,TR002873,DR0038,VH00043,2024-10-22,32.5,86.4,0.4,147,0,0,839,6.4,56.1,False,3.5,False
TL002876,TR002876,DR0033,VH00031,2026-04-09,83.4,81.6,1.1,91,2,1,1301,8.5,28.4,False,3.9,False
TL002878,TR002878,DR0011,VH00078,2024-02-13,1468.7,9.84,162.8,163,18,11,82,137.3,16.7,False,4.0,False
TL002884,TR002884,DR0056,VH00064,2025-06-05,63.3,32.16,2.1,176,0,0,287,5.6,84.0,False,4.1,False
TL002889,TR002889,DR0053,VH00013,2024-07-22,36.1,7.68,5.1,139,0,0,64,3.2,95.8,False,4.2,False
TL002892,TR002892,DR0042,VH00016,2024-03-24,382.1,11.28,37.0,90,3,3,84,21.1,82.0,False,4.4,False
TL002897,TR002897,DR0028,VH00021,2024-04-11,65.7,27.84,2.6,115,0,0,201,4.8,88.5,False,3.9,False
TL002898,TR002898,DR0004,VH00057,2023-01-04,612.4,35.04,19.1,170,12,8,305,80.7,34.5,False,4.4,False
TL002900,TR002900,DR0012,VH00024,2022-09-27,78.5,5.52,15.5,139,2,2,100,11.4,86.6,False,4.3,False
TL002901,TR002901,DR0038,VH00010,2025-09-05,29.2,8.4,3.8,144,0,0,55,3.3,96.3,False,4.4,False
TL002903,TR002903,DR0041,VH00007,2025-07-26,1443.8,9.12,172.7,91,13,17,65,80.2,36.2,False,4.2,False
TL002905,TR002905,DR0025,VH00028,2022-09-25,1408.0,10.08,152.4,114,35,26,79,155.1,0.0,False,3.9,False
TL002906,TR002906,DR0046,VH00046,2024-07-21,257.2,17.28,16.2,180,20,17,493,70.7,7.1,False,4.0,False
TL002907,TR002907,DR0021,VH00110,2024-08-13,78.7,756.0,0.1,91,1,1,4915,6.6,0.0,False,4.7,False
TL002910,TR002910,DR0029,VH00024,2024-08-04,44.3,827.52,0.1,165,0,0,5515,5.3,0.0,False,4.2,False
TL002911,TR002911,DR0060,VH00081,2026-04-21,32.8,45.6,0.8,118,0,0,334,1.9,82.7,False,3.8,False
TL002914,TR002914,DR0027,VH00005,2022-01-28,368.7,7.2,55.9,97,3,2,61,38.3,79.0,False,3.8,False
TL002915,TR002915,DR0005,VH00041,2026-03-13,66.1,710.16,0.1,116,0,0,2288,5.6,0.0,False,4.8,False
TL002917,TR002917,DR0020,VH00106,2026-06-06,20.5,92.88,0.2,128,0,0,1468,1.9,26.0,False,3.7,False
TL002918,TR002918,DR0010,VH00019,2026-02-14,1440.2,13.2,119.0,168,17,14,45,79.5,34.4,False,4.0,False
TL002919,TR002919,DR0008,VH00081,2022-11-06,1272.6,712.32,1.9,134,24,28,10367,195.6,0.0,False,4.5,False
TL002922,TR002922,DR0011,VH00091,2024-04-01,498.6,62.88,8.7,131,3,4,357,25.0,66.2,False,4.4,False
TL002924,TR002924,DR0027,VH00084,2025-04-17,72.8,75.36,1.1,167,0,0,255,3.7,86.1,False,4.0,False
TL002925,TR002925,DR0021,VH00005,2023-10-09,15.1,13.44,1.2,82,0,0,152,3.3,91.4,False,3.8,False
TL002926,TR002926,DR0032,VH00092,2024-09-22,25.3,25.92,1.1,166,0,0,193,1.2,90.0,False,3.7,False
TL002927,TR002927,DR0036,VH00051,2026-02-10,55.7,60.48,1.0,150,1,1,515,8.8,69.1,False,4.2,False
TL002931,TR002931,DR0052,VH00116,2023-09-14,16.8,16.8,1.1,114,0,0,43,0.6,97.7,False,4.7,False
TL002934,TR002934,DR0039,VH00111,2025-01-08,1363.6,40.08,37.1,127,21,23,281,108.3,0.0,False,3.7,False
TL002935,TR002935,DR0039,VH00063,2024-09-19,26.5,129.36,0.2,174,0,0,955,5.2,50.7,False,3.7,False
TL002937,TR002937,DR0031,VH00104,2025-11-01,79.7,11.04,7.9,180,1,1,156,17.1,84.6,False,4.6,False
TL002939,TR002939,DR0004,VH00034,2025-05-19,14.3,7.2,2.2,91,0,0,49,2.6,96.8,False,3.6,False
TL002941,TR002941,DR0046,VH00104,2024-02-01,366.9,29.04,13.8,136,29,25,870,101.5,0.0,False,3.9,False
TL002942,TR002942,DR0038,VH00007,2026-05-17,66.9,35.52,2.1,151,1,1,364,10.0,76.3,False,3.4,False
TL002943,TR002943,DR0039,VH00046,2024-02-23,55.6,123.12,0.5,154,1,0,1767,4.9,8.7,False,4.8,False
TL002945,TR002945,DR0059,VH00115,2022-07-09,69.7,684.0,0.1,175,1,1,4728,9.5,0.0,False,3.7,False
TL002946,TR002946,DR0017,VH00089,2024-06-10,32.8,95.04,0.4,150,0,0,1530,6.2,21.6,False,4.8,False
TL002948,TR002948,DR0003,VH00107,2024-07-19,386.7,6.96,60.6,161,24,26,129,138.0,0.0,False,4.6,False
TL002949,TR002949,DR0035,VH00041,2024-09-11,1279.1,150.0,9.3,144,36,44,3018,429.7,0.0,False,3.5,False
TL002950,TR002950,DR0007,VH00056,2023-10-28,337.8,18.0,20.5,103,17,15,374,126.6,2.8,False,4.3,False
TL002951,TR002951,DR0009,VH00053,2024-12-09,30.0,29.04,1.1,89,0,0,96,1.1,94.9,False,3.2,False
TL002952,TR002952,DR0032,VH00052,2024-10-06,39.9,174.24,0.2,135,0,0,1283,1.4,35.4,False,4.7,False
TL002954,TR002954,DR0044,VH00016,2022-07-13,370.1,9.36,43.1,178,7,7,66,80.3,55.1,False,3.7,False
TL002956,TR002956,DR0054,VH00053,2022-12-25,337.8,32.64,11.3,160,3,2,282,22.6,72.6,False,4.3,False
TL002960,TR002960,DR0002,VH00107,2022-12-16,404.3,61.68,7.2,129,17,18,1108,147.2,0.0,False,3.5,False
TL002962,TR002962,DR0036,VH00038,2023-04-10,48.9,9.12,5.8,147,0,0,131,7.8,91.1,False,3.9,False
TL002965,TR002965,DR0035,VH00099,2025-05-07,543.0,61.92,9.6,172,18,20,584,107.5,0.0,False,4.5,False
TL002969,TR002969,DR0058,VH00016,2023-05-03,41.8,76.32,0.6,180,1,0,532,4.0,70.7,False,4.0,False
TL002970,TR002970,DR0007,VH00053,2026-01-20,18.0,827.52,0.0,117,0,0,19489,8.9,0.0,False,4.1,False
TL002971,TR002971,DR0022,VH00114,2022-09-17,1534.7,71.52,23.4,82,24,33,522,341.3,0.0,False,3.4,False
TL002974,TR002974,DR0003,VH00044,2022-08-07,116.8,56.64,2.2,168,8,6,966,38.2,22.2,False,5.0,False
TL002975,TR002975,DR0055,VH00064,2024-05-12,11.8,12.24,1.1,166,0,0,180,2.0,90.4,False,4.8,False
TL002976,TR002976,DR0057,VH00039,2022-06-10,50.7,57.6,1.0,81,0,0,208,1.1,89.3,False,4.4,False
TL002980,TR002980,DR0057,VH00037,2025-02-20,49.8,30.48,1.8,175,0,0,63,2.2,96.2,False,4.4,False
TL002982,TR002982,DR0037,VH00016,2025-04-21,245.1,64.8,4.1,136,5,5,938,51.8,25.1,False,5.0,False
TL002990,TR002990,DR0032,VH00094,2025-04-04,77.0,216.24,0.4,81,0,0,1092,5.6,43.7,False,4.4,False
TL002992,TR002992,DR0023,VH00057,2025-12-05,257.2,9.12,30.8,133,1,2,32,24.0,87.7,False,4.4,False
TL002993,TR002993,DR0007,VH00017,2022-04-06,61.8,146.4,0.5,96,5,3,4133,13.5,0.0,False,3.8,False
TL002995,TR002995,DR0019,VH00071,2026-02-20,79.0,66.24,1.3,180,2,2,1077,15.7,36.4,False,3.8,False
TL002997,TR002997,DR0025,VH00028,2023-04-10,543.0,55.2,10.7,160,11,11,544,117.4,10.1,False,3.3,False
TL002998,TR002998,DR0056,VH00084,2024-04-14,1440.2,16.8,93.5,106,14,15,149,132.6,16.8,False,4.3,False
TL002999,TR002999,DR0039,VH00021,2025-05-21,17.2,19.2,1.0,148,0,0,181,1.6,90.5,False,3.5,False
TL003010,TR003010,DR0013,VH00057,2022-06-09,1489.2,7.44,218.4,119,13,12,32,98.2,37.4,False,3.8,False
TL003011,TR003011,DR0013,VH00064,2024-02-17,1468.7,145.68,11.0,155,12,13,521,120.5,6.8,False,3.3,False
TL003013,TR003013,DR0007,VH00005,2022-11-09,1231.7,41.52,32.4,104,65,58,625,468.6,0.0,False,5.0,False
TL003014,TR003014,DR0049,VH00028,2025-01-13,1468.7,34.08,47.0,146,18,13,238,137.1,7.0,False,4.6,False
TL003015,TR003015,DR0039,VH00117,2023-04-25,1468.7,55.68,28.8,122,20,32,700,236.6,0.0,False,3.4,False
TL003016,TR003016,DR0016,VH00116,2023-12-20,79.1,743.52,0.1,111,0,0,2238,4.3,0.0,False,3.4,False
TL003017,TR003017,DR0026,VH00048,2023-02-06,76.1,31.2,2.7,93,3,2,745,19.7,50.3,False,4.7,False
TL003020,TR003020,DR0013,VH00005,2024-07-14,50.6,12.72,4.3,156,0,0,111,2.2,93.8,False,4.5,False
TL003023,TR003023,DR0043,VH00048,2024-01-09,54.6,10.56,5.6,124,0,0,44,5.0,96.3,False,4.3,False
TL003024,TR003024,DR0002,VH00056,2025-10-19,44.2,12.48,3.9,97,1,1,162,8.4,86.9,False,3.7,False
TL003028,TR003028,DR0015,VH00057,2026-03-23,55.0,162.24,0.4,130,0,1,935,11.3,48.9,False,3.5,False
TL003036,TR003036,DR0042,VH00095,2023-10-10,47.0,28.56,1.8,80,0,0,211,4.3,88.2,False,5.0,False
TL003037,TR003037,DR0036,VH00022,2022-11-03,1397.9,35.28,43.2,168,36,33,565,121.1,0.0,False,5.0,False
TL003038,TR003038,DR0060,VH00054,2024-04-15,1426.7,146.16,10.6,178,12,12,581,54.1,24.7,False,4.5,False
TL003043,TR003043,DR0055,VH00038,2023-03-27,71.3,12.72,6.1,92,1,1,76,5.6,92.0,False,3.0,False
TL003058,TR003058,DR0056,VH00073,2026-01-10,12.1,22.08,0.6,172,0,0,87,1.0,95.4,False,4.4,False
TL003061,TR003061,DR0020,VH00114,2026-06-01,1368.4,7.92,188.5,83,33,30,84,168.1,0.0,False,4.4,False
TL003062,TR003062,DR0012,VH00017,2024-11-13,66.6,21.6,3.4,159,2,1,290,13.3,77.5,False,3.6,False
TL003066,TR003066,DR0008,VH00024,2022-10-05,362.9,44.4,8.9,144,5,6,629,74.9,32.6,False,3.8,False
TL003069,TR003069,DR0032,VH00015,2023-06-06,52.4,8.4,6.8,117,0,0,37,5.2,96.6,False,5.0,False
TL003071,TR003071,DR0032,VH00119,2025-06-09,33.4,16.8,2.2,121,0,0,69,2.0,96.0,False,3.7,False
TL003077,TR003077,DR0027,VH00024,2026-02-10,64.6,160.56,0.4,175,0,0,1249,6.5,35.6,False,3.7,False
TL003078,TR003078,DR0033,VH00044,2024-08-19,28.3,22.32,1.4,120,0,0,258,3.6,86.0,False,4.8,False
TL003079,TR003079,DR0052,VH00022,2022-07-07,128.2,10.32,13.6,81,0,0,30,4.3,97.2,False,3.9,False
TL003083,TR003083,DR0056,VH00116,2023-05-17,18.4,7.2,2.8,116,0,0,34,1.8,97.8,False,5.0,False
TL003087,TR003087,DR0022,VH00062,2023-08-14,1388.2,29.76,50.9,174,22,30,234,179.3,0.0,False,4.4,False
TL003090,TR003090,DR0020,VH00031,2024-06-12,376.7,7.68,53.5,127,7,8,85,79.1,53.5,False,4.5,False
TL003097,TR003097,DR0027,VH00011,2025-02-14,1201.1,9.12,143.7,137,12,10,58,96.8,40.1,False,4.8,False
TL003099,TR003099,DR0054,VH00065,2026-01-10,62.1,27.6,2.5,95,0,0,178,5.5,89.4,False,4.1,False
TL003101,TR003101,DR0002,VH00059,2022-05-07,161.6,2.64,66.8,123,7,6,42,57.4,64.2,False,4.6,False
TL003106,TR003106,DR0036,VH00117,2025-10-28,337.8,52.56,7.0,167,6,5,615,40.7,43.0,False,3.2,False
TL003108,TR003108,DR0010,VH00039,2023-08-04,18.4,19.68,1.0,148,0,0,84,1.3,95.4,False,4.1,False
TL003111,TR003111,DR0020,VH00071,2026-01-01,21.8,199.44,0.1,100,0,0,2496,3.8,0.0,False,3.1,False
TL003112,TR003112,DR0008,VH00087,2023-02-16,68.7,10.08,7.4,133,0,1,143,7.5,89.6,False,4.2,False
TL003113,TR003113,DR0028,VH00116,2024-01-13,334.2,66.96,5.4,86,2,4,521,23.5,59.9,False,4.3,False
TL003115,TR003115,DR0055,VH00110,2022-10-26,118.5,64.56,2.0,129,2,2,437,12.1,69.5,False,4.4,False
TL003118,TR003118,DR0024,VH00023,2023-04-02,337.8,19.44,19.0,178,2,3,124,34.5,77.5,False,4.7,False
TL003120,TR003120,DR0057,VH00023,2022-10-16,47.1,17.28,3.0,161,0,0,76,1.9,95.6,False,5.0,False
TL003121,TR003121,DR0026,VH00017,2026-01-14,381.1,44.88,9.3,99,19,14,570,109.5,0.0,False,4.4,False
TL003123,TR003123,DR0051,VH00008,2023-07-09,346.1,46.56,8.1,175,7,5,492,43.3,46.9,False,4.3,False
TL003131,TR003131,DR0011,VH00023,2025-06-26,337.8,61.44,6.0,92,3,2,428,13.5,68.0,False,3.7,False
TL003139,TR003139,DR0038,VH00046,2022-06-19,10.3,28.56,0.4,109,0,0,424,1.2,78.4,False,3.9,False
TL003141,TR003141,DR0022,VH00059,2025-12-05,71.4,47.76,1.6,171,1,1,546,13.9,66.0,False,4.8,False
TL003142,TR003142,DR0044,VH00047,2023-06-25,65.7,86.4,0.8,132,1,1,610,5.0,65.5,False,4.8,False
TL003144,TR003144,DR0059,VH00013,2026-02-14,273.7,12.72,23.5,171,4,4,196,38.9,68.5,False,3.7,False
TL003145,TR003145,DR0054,VH00087,2022-03-03,52.5,92.88,0.6,135,0,0,375,5.3,79.7,False,4.3,False
TL003147,TR003147,DR0026,VH00048,2022-01-20,60.3,8.88,7.4,127,1,1,218,14.3,82.3,False,4.0,False
TL003149,TR003149,DR0033,VH00062,2026-04-04,35.0,155.52,0.2,177,0,0,1416,7.8,26.9,False,3.7,False
TL003157,TR003157,DR0005,VH00046,2026-03-23,257.2,64.32,4.4,171,2,2,557,22.8,60.3,False,3.4,False
TL003160,TR003160,DR0033,VH00063,2022-02-15,35.9,105.12,0.4,103,0,0,1257,5.5,35.5,False,4.5,False
TL003162,TR003162,DR0057,VH00026,2025-12-10,334.7,22.08,16.5,145,0,1,35,5.6,95.6,False,4.0,False
TL003163,TR003163,DR0057,VH00034,2023-04-21,33.2,16.08,2.3,106,0,0,45,0.7,97.5,False,4.2,False
TL003165,TR003165,DR0031,VH00065,2025-02-05,71.5,7.92,9.8,131,1,1,83,11.1,90.0,False,4.2,False
TL003168,TR003168,DR0047,VH00044,2025-08-19,257.2,28.56,9.8,126,6,5,191,51.4,61.0,False,4.6,False
TL003170,TR003170,DR0010,VH00053,2023-06-11,12.7,15.84,0.9,133,0,0,142,1.2,92.5,False,3.4,False
TL003175,TR003175,DR0056,VH00018,2026-02-18,1441.0,11.04,142.4,178,16,13,74,65.8,39.6,False,4.3,False
TL003178,TR003178,DR0035,VH00081,2026-05-03,379.8,4.8,86.3,163,14,10,100,90.5,36.9,False,4.5,False
TL003182,TR003182,DR0057,VH00056,2025-07-26,51.8,8.88,6.4,160,0,0,37,2.3,97.5,False,4.1,False
TL003183,TR003183,DR0036,VH00026,2026-06-07,12.2,44.88,0.3,152,0,0,372,2.6,80.6,False,4.9,False
TL003185,TR003185,DR0052,VH00043,2024-12-23,59.5,89.76,0.7,167,0,0,400,2.0,79.4,False,3.8,False
TL003189,TR003189,DR0048,VH00062,2025-12-23,15.7,89.28,0.2,121,0,0,152,0.5,92.2,False,4.9,False
TL003192,TR003192,DR0034,VH00016,2023-09-15,382.1,5.28,78.9,151,7,5,66,56.9,64.1,False,4.8,False
TL003194,TR003194,DR0051,VH00004,2026-04-15,1397.9,69.6,21.9,111,24,33,804,209.3,0.0,False,4.4,False
TL003197,TR003197,DR0032,VH00010,2025-05-19,71.4,2.64,29.5,80,0,0,15,7.4,97.0,False,3.7,False
TL003198,TR003198,DR0029,VH00078,2023-07-12,386.7,24.96,16.9,107,9,8,171,76.6,47.0,False,3.1,False
TL003201,TR003201,DR0015,VH00032,2025-09-15,176.4,147.36,1.3,164,4,3,1646,28.2,0.2,False,4.3,False
TL003202,TR003202,DR0003,VH00107,2025-10-09,71.7,50.16,1.6,133,4,5,1180,39.4,18.2,False,3.9,False
TL003203,TR003203,DR0034,VH00088,2023-07-28,1468.7,8.64,185.4,151,31,28,87,132.9,0.0,False,4.5,False
TL003204,TR003204,DR0024,VH00073,2026-01-26,337.8,4.8,76.8,143,3,2,30,13.4,88.0,False,4.5,False
TL003205,TR003205,DR0026,VH00106,2025-06-14,1420.7,9.84,157.5,105,48,39,217,370.6,0.0,False,4.2,False
TL003207,TR003207,DR0012,VH00004,2025-12-03,74.3,19.68,4.1,171,2,2,372,22.8,69.6,False,3.9,False
TL003208,TR003208,DR0031,VH00080,2023-03-19,386.7,70.32,6.0,132,7,7,1022,82.8,6.6,False,3.9,False
TL003209,TR003209,DR0023,VH00034,2023-12-22,28.3,21.12,1.5,125,0,0,140,1.7,92.5,False,4.1,False
TL003211,TR003211,DR0002,VH00068,2023-03-27,1279.2,143.28,9.7,131,53,34,1786,259.0,0.0,False,3.8,False
TL003212,TR003212,DR0021,VH00073,2026-05-08,64.4,18.72,3.8,168,0,1,138,5.3,90.5,False,4.9,False
TL003213,TR003213,DR0052,VH00032,2023-05-27,14.6,9.6,1.7,172,0,0,19,0.5,98.9,False,4.3,False
TL003215,TR003215,DR0046,VH00042,2025-01-21,15.4,68.88,0.2,88,1,0,1934,5.8,0.1,False,3.1,False
TL003219,TR003219,DR0051,VH00073,2025-05-03,376.1,7.2,57.0,142,8,9,87,62.2,56.0,False,5.0,False
TL003221,TR003221,DR0020,VH00065,2025-10-20,46.2,834.24,0.1,88,0,1,11539,4.2,0.0,False,4.8,False
TL003225,TR003225,DR0049,VH00051,2023-09-04,1552.0,50.88,33.3,100,13,15,223,131.1,15.0,False,3.4,True
TL003228,TR003228,DR0049,VH00052,2026-04-04,69.4,139.2,0.5,143,0,0,776,3.9,60.0,False,3.7,False
TL003229,TR003229,DR0012,VH00048,2024-12-08,135.2,51.12,2.9,170,4,5,1010,50.7,23.3,False,3.9,False
TL003230,TR003230,DR0035,VH00064,2022-06-22,363.6,37.2,10.7,119,17,13,923,130.2,0.0,False,5.0,False
TL003231,TR003231,DR0046,VH00046,2024-01-25,1430.1,5.52,282.6,120,126,80,145,441.4,0.0,False,5.0,False
TL003233,TR003233,DR0056,VH00119,2024-02-24,45.9,123.6,0.4,148,0,0,468,2.9,75.7,False,3.6,False
TL003234,TR003234,DR0035,VH00094,2023-01-28,65.6,12.48,5.7,162,3,1,138,22.8,80.8,False,4.3,False
TL003235,TR003235,DR0028,VH00115,2025-04-26,45.8,7.2,6.9,82,0,0,42,2.5,97.2,False,4.6,False
TL003237,TR003237,DR0013,VH00089,2025-01-14,43.4,40.08,1.2,178,0,0,306,3.1,83.8,False,3.8,False
TL003240,TR003240,DR0053,VH00040,2023-01-10,16.2,10.56,1.7,94,0,0,81,1.2,95.6,False,3.4,False
TL003241,TR003241,DR0042,VH00112,2025-11-21,40.0,79.68,0.5,104,0,0,645,2.4,67.0,False,3.8,False
TL003244,TR003244,DR0039,VH00038,2023-12-11,52.1,11.52,4.9,162,0,0,68,6.5,94.6,False,3.5,False
TL003247,TR003247,DR0037,VH00036,2025-10-15,557.6,157.68,3.9,168,9,11,2376,77.4,0.0,False,4.1,False
TL003250,TR003250,DR0055,VH00099,2022-07-07,18.9,10.56,2.0,160,0,0,162,3.1,91.0,False,3.7,False
TL003251,TR003251,DR0012,VH00056,2024-04-05,366.1,167.76,2.4,148,18,13,2083,86.5,0.0,False,3.6,False
TL003254,TR003254,DR0019,VH00104,2026-06-22,224.2,9.12,26.8,180,9,9,173,72.6,47.1,False,5.0,True
TL003261,TR003261,DR0019,VH00051,2023-08-24,65.7,15.6,4.6,148,2,2,140,11.5,84.5,False,4.9,False
TL003263,TR003263,DR0003,VH00063,2025-01-16,15.0,58.8,0.3,142,1,1,728,3.5,60.1,False,3.9,False
TL003264,TR003264,DR0057,VH00068,2026-01-28,331.4,11.28,32.1,170,1,0,50,13.2,92.0,False,5.0,False
TL003268,TR003268,DR0021,VH00011,2022-04-15,167.1,34.08,5.3,100,2,3,383,29.5,66.0,False,3.7,False
TL003269,TR003269,DR0024,VH00037,2023-05-27,67.6,46.08,1.6,97,0,0,214,3.1,88.4,False,3.4,False
TL003271,TR003271,DR0043,VH00039,2023-02-07,67.3,35.76,2.1,159,0,0,238,4.3,86.8,False,5.0,False
TL003273,TR003273,DR0031,VH00056,2026-03-10,1483.4,16.32,99.2,129,31,27,199,136.5,0.0,False,3.1,False
TL003280,TR003280,DR0015,VH00046,2025-12-20,65.8,8.64,8.3,180,1,1,106,7.4,90.0,False,3.5,False
TL003284,TR003284,DR0049,VH00023,2023-09-19,76.4,17.76,4.7,141,0,0,138,7.9,90.7,False,4.5,False
TL003285,TR003285,DR0026,VH00062,2022-03-20,371.5,19.68,20.6,120,15,14,361,138.5,3.9,False,4.2,False
TL003287,TR003287,DR0008,VH00015,2025-10-12,61.4,25.2,2.7,155,1,0,266,10.8,82.0,False,4.8,False
TL003289,TR003289,DR0009,VH00058,2023-11-12,1440.2,774.0,2.0,168,4,4,3111,22.3,0.0,False,3.8,False
TL003290,TR003290,DR0007,VH00118,2024-01-28,1255.8,36.72,37.3,175,82,60,779,356.8,0.0,False,4.2,False
TL003291,TR003291,DR0048,VH00118,2022-12-24,49.8,11.28,4.8,132,0,0,49,1.9,97.0,False,3.8,False
TL003296,TR003296,DR0007,VH00052,2022-10-02,257.2,6.48,43.3,103,22,18,182,115.6,5.2,False,4.4,False
TL003297,TR003297,DR0015,VH00054,2026-02-01,60.9,42.24,1.6,87,0,1,443,8.4,74.3,False,4.1,False
TL003298,TR003298,DR0009,VH00040,2024-02-04,404.3,37.68,11.7,110,1,1,56,17.4,89.5,False,3.2,False
TL003304,TR003304,DR0008,VH00094,2025-11-19,337.8,50.88,7.2,157,6,5,488,61.1,43.3,False,4.1,True
TL003307,TR003307,DR0034,VH00051,2023-07-17,498.6,61.92,8.8,155,7,7,878,57.8,21.3,False,2.9,False
TL003308,TR003308,DR0029,VH00021,2024-01-16,55.1,34.8,1.7,81,0,1,310,10.2,80.4,False,4.0,False
TL003313,TR003313,DR0046,VH00025,2024-07-20,543.0,35.52,16.7,92,36,24,503,185.5,0.0,False,3.7,False
TL003314,TR003314,DR0019,VH00053,2026-02-16,69.4,21.6,3.5,150,2,1,220,10.5,81.8,False,3.1,True
TL003315,TR003315,DR0032,VH00074,2024-11-19,900.7,53.04,18.5,174,11,7,438,34.4,44.3,False,4.0,False
TL003316,TR003316,DR0049,VH00039,2022-06-28,64.8,9.36,7.6,112,0,0,46,5.9,95.9,False,4.6,False
TL003317,TR003317,DR0039,VH00052,2026-04-17,317.5,26.4,13.1,97,5,8,250,29.0,63.3,False,5.0,False
TL003320,TR003320,DR0041,VH00016,2024-01-05,34.9,198.96,0.2,168,0,0,1220,1.3,38.6,False,4.8,False
TL003324,TR003324,DR0028,VH00013,2024-05-05,80.0,10.32,8.5,179,0,0,52,3.0,96.5,False,5.0,False
TL003326,TR003326,DR0020,VH00018,2023-06-11,163.0,39.6,4.5,152,3,3,252,33.2,69.9,False,3.9,False
TL003330,TR003330,DR0017,VH00046,2025-12-16,16.8,12.24,1.5,84,0,0,113,3.5,93.3,False,4.4,False
TL003331,TR003331,DR0028,VH00081,2023-04-28,1358.6,23.28,63.7,147,17,10,131,122.3,21.3,False,5.0,False
TL003332,TR003332,DR0043,VH00010,2022-09-12,37.8,805.92,0.1,167,0,0,5107,2.7,0.0,False,3.5,True
TL003333,TR003333,DR0049,VH00017,2022-04-15,27.4,770.88,0.0,171,0,0,5209,2.8,0.0,False,4.6,False
TL003334,TR003334,DR0047,VH00028,2022-11-08,498.6,164.4,3.3,111,12,12,1242,55.3,0.0,False,4.0,False
TL003336,TR003336,DR0053,VH00015,2023-10-14,68.1,7.68,9.7,143,0,0,57,3.8,96.0,False,4.2,False
TL003338,TR003338,DR0053,VH00118,2023-09-28,80.0,8.16,10.7,128,0,0,33,5.5,96.7,False,3.2,False
TL003339,TR003339,DR0038,VH00052,2026-04-28,391.9,161.76,2.6,125,7,7,1048,76.7,7.1,False,4.4,False
TL003340,TR003340,DR0017,VH00028,2022-05-27,65.6,141.6,0.5,162,1,1,1134,5.6,39.1,False,4.6,False
TL003343,TR003343,DR0049,VH00087,2026-02-19,1171.6,7.92,161.4,117,11,13,34,58.6,51.2,False,3.9,False
TL003344,TR003344,DR0051,VH00051,2025-11-27,74.1,7.92,10.2,108,1,1,45,16.0,90.5,False,4.4,False
TL003345,TR003345,DR0011,VH00112,2026-06-19,71.2,144.24,0.5,131,0,0,1069,3.6,45.5,False,3.5,False
TL003346,TR003346,DR0057,VH00068,2023-05-09,368.1,700.08,0.6,144,1,1,1988,13.5,0.0,False,3.5,False
TL003348,TR003348,DR0021,VH00052,2023-05-18,57.9,45.36,1.4,82,0,0,326,4.6,82.3,False,3.5,False
TL003354,TR003354,DR0034,VH00039,2025-12-06,39.8,5.76,7.5,156,0,0,34,8.5,95.8,False,3.4,False
TL003356,TR003356,DR0051,VH00073,2024-03-28,36.6,68.4,0.6,158,0,0,962,5.7,50.2,False,4.6,False
TL003357,TR003357,DR0059,VH00117,2025-04-02,337.8,54.24,6.8,125,5,4,526,42.3,49.5,False,4.2,False
TL003359,TR003359,DR0007,VH00112,2024-05-19,1269.0,59.76,23.2,176,105,74,847,500.0,0.0,False,5.0,False
TL003360,TR003360,DR0025,VH00018,2026-04-17,64.0,69.36,1.0,89,1,1,637,10.2,62.6,False,3.8,False
TL003368,TR003368,DR0041,VH00058,2022-05-12,41.1,15.12,3.0,90,0,0,62,2.2,96.2,False,3.9,False
TL003374,TR003374,DR0004,VH00007,2025-04-26,23.9,48.48,0.5,137,0,0,470,4.7,75.1,False,3.6,False
TL003380,TR003380,DR0018,VH00088,2022-11-09,51.5,31.92,1.8,132,0,0,154,3.6,91.2,False,4.3,False
TL003381,TR003381,DR0053,VH00088,2025-08-04,22.0,10.8,2.2,86,0,0,72,1.7,95.9,False,4.3,False
TL003382,TR003382,DR0018,VH00064,2024-10-05,22.2,18.24,1.3,129,0,0,55,2.0,96.7,False,3.8,False
TL003384,TR003384,DR0047,VH00018,2026-06-25,67.0,141.6,0.5,163,1,1,1637,5.5,14.0,False,3.1,False
TL003386,TR003386,DR0024,VH00119,2025-10-23,69.9,9.6,7.9,138,0,0,58,7.1,95.0,False,2.4,False
TL003391,TR003391,DR0055,VH00081,2022-10-11,936.4,9.12,112.0,148,22,13,105,200.0,0.0,False,4.4,False
TL003393,TR003393,DR0033,VH00005,2022-06-10,65.6,21.12,3.4,119,1,1,267,11.7,80.6,False,4.2,False
TL003394,TR003394,DR0035,VH00034,2026-02-01,10.7,42.72,0.3,137,0,0,522,1.9,73.3,False,4.6,False
TL003403,TR003403,DR0046,VH00084,2023-05-07,768.9,34.8,24.1,161,42,36,939,456.3,0.0,False,3.6,False
TL003404,TR003404,DR0019,VH00092,2023-07-02,1465.0,12.96,123.3,175,44,37,190,334.7,0.0,False,3.6,False
TL003406,TR003406,DR0025,VH00026,2022-06-27,27.7,8.64,3.5,146,0,0,103,4.1,93.6,False,3.0,False
TL003407,TR003407,DR0031,VH00034,2026-03-02,337.8,66.24,5.6,151,4,7,768,26.3,40.7,False,4.9,False
TL003411,TR003411,DR0022,VH00031,2023-09-11,63.0,29.28,2.3,116,1,1,430,12.0,72.4,False,4.7,False
TL003413,TR003413,DR0057,VH00038,2025-07-22,386.7,55.68,7.6,116,1,1,209,16.4,82.1,False,3.7,False
TL003414,TR003414,DR0036,VH00104,2026-04-27,15.4,57.6,0.3,132,0,0,904,2.8,54.0,False,4.9,False
TL003416,TR003416,DR0057,VH00092,2025-07-02,1440.2,54.72,28.7,177,7,6,236,45.3,58.1,False,4.3,False
TL003419,TR003419,DR0041,VH00064,2026-05-14,68.8,6.72,11.2,173,0,0,46,4.5,96.4,False,3.1,False
TL003423,TR003423,DR0047,VH00037,2023-03-07,74.3,117.84,0.7,98,1,1,1780,13.1,4.6,False,3.3,False
TL003427,TR003427,DR0037,VH00046,2022-11-24,52.2,7.44,7.7,175,0,1,103,9.6,91.0,False,4.8,False
TL003428,TR003428,DR0042,VH00078,2024-02-02,1187.4,54.0,24.0,176,10,11,276,83.1,35.3,False,4.5,False
TL003431,TR003431,DR0017,VH00095,2022-08-08,44.2,9.12,5.3,92,0,0,107,8.7,92.0,False,4.6,True
TL003432,TR003432,DR0020,VH00038,2026-02-23,1534.7,804.72,2.1,163,25,23,9961,134.6,0.0,False,4.2,False
TL003436,TR003436,DR0022,VH00104,2025-09-19,323.1,45.12,7.8,174,6,4,289,54.3,56.3,False,4.0,False
TL003441,TR003441,DR0043,VH00107,2024-09-07,173.9,6.48,29.3,180,1,1,39,17.6,90.3,False,4.0,False
TL003452,TR003452,DR0010,VH00058,2023-10-14,337.8,8.4,43.9,175,4,3,39,31.7,79.5,False,3.3,False
TL003456,TR003456,DR0031,VH00064,2025-05-16,49.7,151.2,0.4,111,0,0,1319,4.4,32.7,False,3.2,False
TL003458,TR003458,DR0026,VH00115,2024-08-08,1231.7,44.4,30.3,138,44,57,530,297.2,0.0,False,3.6,False
TL003465,TR003465,DR0010,VH00031,2026-06-12,375.4,4.8,85.3,160,3,3,20,38.7,79.9,False,4.5,False
TL003467,TR003467,DR0042,VH00036,2023-05-22,66.6,63.12,1.2,81,0,0,366,4.0,80.5,False,5.0,False
TL003472,TR003472,DR0022,VH00043,2024-11-04,79.8,2.64,33.0,108,1,1,39,11.6,92.1,False,3.2,False
TL003474,TR003474,DR0052,VH00022,2023-02-20,54.2,17.76,3.3,101,0,0,52,0.9,97.1,False,4.5,False
TL003475,TR003475,DR0024,VH00107,2026-02-11,378.5,768.96,0.5,142,3,3,4287,14.7,0.0,False,4.2,False
TL003477,TR003477,DR0032,VH00010,2023-09-24,35.0,8.16,4.7,99,0,0,68,2.6,95.8,False,4.7,False
TL003479,TR003479,DR0034,VH00094,2026-02-02,1221.9,10.08,132.2,96,18,28,132,143.3,0.0,False,4.4,False
TL003483,TR003483,DR0035,VH00026,2022-04-28,28.7,10.8,2.9,143,0,1,100,4.4,92.7,False,4.4,False
TL003486,TR003486,DR0041,VH00031,2025-03-18,1378.8,10.08,149.2,119,14,14,51,99.2,32.7,False,3.9,False
TL003488,TR003488,DR0058,VH00043,2023-12-16,1231.7,31.68,42.4,160,20,23,372,105.2,0.0,False,3.8,True
TL003489,TR003489,DR0004,VH00111,2025-01-20,63.9,22.8,3.1,139,1,1,182,12.4,84.7,False,4.3,False
TL003491,TR003491,DR0033,VH00038,2023-10-16,38.8,673.2,0.1,82,0,0,7940,5.3,0.0,False,5.0,False
TL003492,TR003492,DR0053,VH00023,2024-02-21,19.7,157.92,0.1,116,0,0,983,1.7,50.3,False,3.5,False
TL003493,TR003493,DR0020,VH00016,2024-09-15,76.6,37.92,2.2,102,1,1,440,8.4,73.0,False,4.3,False
TL003494,TR003494,DR0044,VH00004,2023-05-05,69.4,9.84,7.7,100,1,1,141,12.9,86.6,False,3.8,False
TL003495,TR003495,DR0043,VH00015,2025-08-25,936.4,4.8,212.8,155,11,10,32,46.4,58.0,False,4.2,False
TL003497,TR003497,DR0058,VH00112,2025-05-20,71.9,12.72,6.2,109,1,1,150,14.7,85.6,False,4.8,False
TL003501,TR003501,DR0013,VH00015,2022-02-25,498.6,38.64,14.1,98,3,5,344,42.4,60.6,False,3.7,False
TL003508,TR003508,DR0033,VH00107,2023-04-27,38.0,32.4,1.3,97,0,0,195,7.1,88.1,False,4.6,False
TL003512,TR003512,DR0056,VH00107,2024-02-20,14.8,52.56,0.3,101,0,0,245,1.1,87.4,False,3.5,True
TL003513,TR003513,DR0011,VH00102,2026-03-27,1468.7,59.28,27.0,116,15,12,346,79.3,24.4,False,5.0,False
TL003514,TR003514,DR0013,VH00073,2022-09-15,386.7,8.64,48.8,105,4,4,55,19.3,81.5,False,4.6,False
TL003517,TR003517,DR0053,VH00032,2022-10-25,368.0,32.16,12.5,154,2,3,270,20.9,74.2,False,3.8,False
TL003518,TR003518,DR0024,VH00106,2026-06-15,22.4,16.56,1.5,117,0,0,138,1.7,92.6,False,4.4,False
TL003522,TR003522,DR0004,VH00087,2023-01-19,42.4,96.96,0.5,84,0,0,1389,8.4,28.0,False,4.2,False
TL003525,TR003525,DR0060,VH00068,2022-10-07,53.8,8.88,6.6,97,0,0,55,3.3,96.3,False,4.2,False
TL003530,TR003530,DR0015,VH00074,2026-02-11,50.8,59.04,0.9,172,0,1,476,8.0,72.8,False,4.6,False
TL003531,TR003531,DR0043,VH00078,2025-01-23,22.4,159.6,0.2,147,0,0,1375,1.1,30.9,False,3.1,False
TL003533,TR003533,DR0032,VH00039,2023-08-16,29.1,9.12,3.5,114,0,0,62,1.8,96.4,False,3.4,False
TL003535,TR003535,DR0038,VH00116,2026-04-21,386.7,69.84,6.0,96,7,6,984,76.6,11.3,False,4.2,False
TL003536,TR003536,DR0027,VH00095,2024-04-21,64.2,129.12,0.5,143,0,0,849,3.3,56.6,False,3.6,False
TL003537,TR003537,DR0031,VH00069,2022-11-02,960.3,150.48,7.0,148,19,24,1483,119.8,0.0,False,4.6,False
TL003538,TR003538,DR0060,VH00106,2025-02-26,372.0,94.08,4.3,140,3,2,726,26.9,49.1,False,4.0,False
TL003541,TR003541,DR0021,VH00071,2026-03-13,174.7,42.0,4.5,124,2,3,357,19.9,70.2,False,3.5,False
TL003542,TR003542,DR0002,VH00099,2025-07-16,386.9,36.72,11.5,164,16,14,537,118.9,0.0,False,5.0,False
TL003545,TR003545,DR0031,VH00032,2025-02-01,35.2,148.56,0.3,81,0,0,1914,6.3,2.4,False,4.3,False
TL003552,TR003552,DR0043,VH00095,2024-04-13,390.5,9.6,44.4,88,4,4,82,15.8,81.2,False,4.2,False
TL003554,TR003554,DR0057,VH00025,2024-07-18,26.7,14.16,2.1,175,0,0,27,1.0,98.4,False,4.3,False
TL003555,TR003555,DR0016,VH00057,2022-02-04,57.1,7.68,8.1,134,0,0,28,5.5,96.9,False,3.6,False
TL003557,TR003557,DR0059,VH00088,2022-07-23,43.1,18.0,2.6,151,0,0,158,8.2,89.6,False,4.5,False
TL003565,TR003565,DR0003,VH00021,2026-05-23,1371.1,16.8,89.0,102,105,78,234,352.3,0.0,False,3.8,False
TL003568,TR003568,DR0059,VH00112,2026-05-13,34.6,162.72,0.2,124,0,0,2358,5.1,0.0,False,4.7,False
TL003569,TR003569,DR0034,VH00039,2022-03-25,44.6,54.0,0.9,103,0,0,415,4.0,78.0,False,4.1,False
TL003570,TR003570,DR0017,VH00118,2025-12-01,40.0,42.24,1.0,169,0,0,526,3.5,72.7,False,2.8,False
TL003571,TR003571,DR0047,VH00116,2025-08-22,11.2,14.16,0.9,119,0,0,90,2.0,94.9,False,4.4,False
TL003573,TR003573,DR0018,VH00081,2026-02-10,14.5,18.24,0.9,86,0,0,119,1.4,93.6,False,4.2,False
TL003577,TR003577,DR0011,VH00074,2023-09-24,337.8,24.0,15.4,144,3,4,107,13.9,82.0,False,4.7,False
TL003580,TR003580,DR0057,VH00028,2024-12-17,1468.7,36.48,43.9,147,6,5,159,50.7,62.8,False,5.0,False
TL003587,TR003587,DR0022,VH00042,2024-08-07,55.6,685.44,0.1,97,1,1,8012,5.9,0.0,False,3.9,False
TL003589,TR003589,DR0053,VH00078,2024-11-26,220.9,121.44,2.0,124,2,1,493,10.1,68.3,False,4.0,False
TL003591,TR003591,DR0002,VH00013,2024-09-16,32.5,18.48,1.9,169,1,0,297,9.2,80.9,False,4.3,False
TL003592,TR003592,DR0052,VH00114,2023-09-26,363.7,4.32,91.8,100,1,1,13,14.7,92.4,False,4.5,False
TL003600,TR003600,DR0058,VH00056,2022-08-28,14.6,17.76,0.9,113,0,0,206,1.9,89.1,False,4.3,False
TL003601,TR003601,DR0005,VH00074,2022-08-20,16.1,18.48,1.0,179,0,0,55,0.6,97.1,False,4.2,True
TL003603,TR003603,DR0024,VH00112,2022-08-02,66.9,20.88,3.5,120,0,0,100,6.6,93.0,False,4.1,False
TL003606,TR003606,DR0028,VH00016,2022-05-24,900.7,34.8,28.2,146,9,10,212,87.7,39.6,False,3.9,False
TL003616,TR003616,DR0004,VH00110,2022-05-04,365.6,6.0,66.5,118,9,7,60,75.2,53.9,False,3.5,False
TL003619,TR003619,DR0033,VH00106,2026-05-25,57.8,131.04,0.5,146,0,1,1313,12.9,29.5,False,5.0,False
TL003623,TR003623,DR0033,VH00102,2023-09-21,323.1,6.48,54.4,108,8,5,101,58.5,60.4,False,4.9,False
TL003624,TR003624,DR0037,VH00087,2022-09-24,12.8,73.92,0.2,168,0,0,993,1.4,49.9,False,4.5,False
TL003626,TR003626,DR0056,VH00081,2023-12-22,21.2,37.68,0.6,80,0,0,314,1.1,84.0,False,4.7,False
TL003627,TR003627,DR0024,VH00106,2022-06-23,70.2,10.8,7.1,163,0,0,37,5.3,96.6,False,5.0,False
TL003631,TR003631,DR0016,VH00057,2025-07-17,73.1,49.68,1.6,135,0,0,169,3.8,90.4,False,4.1,False
TL003634,TR003634,DR0023,VH00004,2022-02-05,43.0,140.16,0.3,101,0,0,792,2.5,59.6,False,4.1,False
TL003635,TR003635,DR0022,VH00069,2025-04-02,132.0,6.72,21.4,175,2,3,64,17.0,85.7,False,4.4,False
TL003641,TR003641,DR0043,VH00063,2025-12-19,48.1,9.36,5.6,131,0,0,30,3.8,97.4,False,4.0,False
TL003642,TR003642,DR0031,VH00023,2024-08-05,1448.2,11.04,143.1,131,21,34,114,249.6,0.0,False,5.0,False
TL003646,TR003646,DR0055,VH00017,2023-04-14,15.1,13.68,1.2,174,0,0,129,1.4,93.1,False,4.2,False
TL003648,TR003648,DR0056,VH00080,2025-04-12,365.2,24.96,16.0,180,3,2,130,32.4,77.3,False,5.0,False
TL003651,TR003651,DR0058,VH00005,2022-11-25,69.6,18.72,4.1,88,1,1,185,12.0,84.7,False,4.2,False
TL003652,TR003652,DR0008,VH00091,2023-03-28,325.8,38.64,9.2,164,5,7,525,63.2,40.3,False,5.0,False
TL003653,TR003653,DR0004,VH00117,2025-09-19,1397.9,67.2,22.7,85,36,27,752,275.7,0.0,False,4.3,False
TL003654,TR003654,DR0032,VH00058,2025-12-21,397.9,11.28,38.5,150,3,4,50,28.9,80.3,False,4.3,False
TL003655,TR003655,DR0054,VH00117,2023-06-17,1419.5,3.12,496.3,171,15,13,19,96.9,34.5,False,3.2,False
TL003657,TR003657,DR0028,VH00107,2024-08-08,71.7,39.36,2.0,113,0,0,149,3.7,91.4,False,3.6,True
TL003658,TR003658,DR0044,VH00119,2023-09-24,22.4,9.84,2.5,180,0,0,104,3.9,93.6,False,5.0,False
TL003660,TR003660,DR0032,VH00071,2024-11-10,1552.0,40.56,41.7,85,17,13,183,59.3,34.6,False,4.7,False
TL003662,TR003662,DR0021,VH00088,2025-06-14,379.8,10.8,38.4,177,6,9,104,41.4,64.4,False,3.5,False
TL003663,TR003663,DR0052,VH00058,2023-07-11,64.6,19.92,3.5,89,0,0,31,1.9,97.9,False,4.8,False
TL003664,TR003664,DR0037,VH00118,2025-08-02,23.0,8.64,2.9,179,0,0,129,4.3,92.3,False,3.8,False
TL003666,TR003666,DR0003,VH00087,2024-06-26,62.9,835.2,0.1,138,4,2,22349,24.4,0.0,False,5.0,False
TL003669,TR003669,DR0044,VH00119,2023-06-02,1397.9,49.92,30.5,130,26,34,551,111.0,0.0,False,3.6,False
TL003671,TR003671,DR0055,VH00016,2022-11-16,336.7,18.48,19.9,121,4,7,282,75.7,50.2,False,3.8,False
TL003673,TR003673,DR0002,VH00102,2025-04-22,224.2,209.04,1.2,102,11,8,2277,57.3,0.0,False,4.0,False
TL003676,TR003676,DR0007,VH00038,2023-05-08,31.3,11.04,3.1,127,2,1,313,18.1,74.9,False,4.1,False
TL003678,TR003678,DR0047,VH00043,2024-12-02,337.8,54.24,6.8,159,7,8,549,47.0,39.9,False,4.3,False
TL003680,TR003680,DR0042,VH00107,2025-09-04,1468.7,17.52,91.5,169,16,12,143,125.7,19.1,False,4.6,False
TL003681,TR003681,DR0025,VH00041,2025-07-08,329.2,46.32,7.8,119,6,6,468,65.7,41.9,False,3.3,False
TL003683,TR003683,DR0041,VH00062,2025-09-23,323.1,27.12,13.0,81,3,3,175,22.6,77.0,False,5.0,False
TL003684,TR003684,DR0060,VH00069,2022-06-13,78.4,19.68,4.3,104,0,0,71,2.8,95.6,False,3.3,False
TL003686,TR003686,DR0002,VH00062,2022-04-24,337.8,8.16,45.2,80,14,12,85,53.4,46.7,False,4.1,True
TL003687,TR003687,DR0020,VH00021,2024-01-25,1392.5,43.92,34.6,102,22,32,367,234.7,0.0,False,3.5,False
TL003692,TR003692,DR0017,VH00056,2025-12-13,76.6,169.92,0.5,131,1,1,2220,16.1,0.0,False,5.0,False
TL003693,TR003693,DR0015,VH00058,2023-07-02,65.5,15.84,4.5,110,1,1,178,14.2,84.3,False,4.2,False
TL003694,TR003694,DR0044,VH00052,2023-11-20,120.8,10.8,12.2,82,2,2,63,21.9,85.3,False,5.0,False
TL003697,TR003697,DR0029,VH00031,2023-02-24,47.9,220.08,0.2,133,0,0,3136,8.2,0.0,False,4.9,False
TL003698,TR003698,DR0048,VH00065,2024-06-09,1483.4,765.6,2.1,122,6,5,1640,35.0,0.0,False,2.6,False
TL003699,TR003699,DR0052,VH00117,2022-11-19,324.2,64.32,5.5,85,1,1,288,5.2,81.5,False,3.3,False
TL003701,TR003701,DR0021,VH00091,2025-07-05,66.6,17.28,4.2,144,0,1,130,9.9,89.5,False,4.3,False
TL003702,TR003702,DR0043,VH00004,2026-02-02,372.4,9.84,41.3,104,3,2,83,24.6,82.0,False,5.0,False
TL003703,TR003703,DR0049,VH00081,2022-08-25,11.2,686.4,0.0,136,0,0,6073,0.6,0.0,False,3.6,False
TL003704,TR003704,DR0060,VH00102,2022-02-03,385.2,2.64,159.2,112,3,3,11,38.4,80.4,False,4.5,False
TL003708,TR003708,DR0011,VH00013,2026-01-20,362.0,5.76,68.6,80,4,4,46,13.0,83.8,False,4.0,False
TL003709,TR003709,DR0041,VH00114,2022-02-20,50.9,182.88,0.3,124,0,0,730,4.6,62.1,False,4.3,False
TL003710,TR003710,DR0004,VH00118,2024-06-17,1448.6,6.96,227.1,138,20,30,56,155.4,0.0,False,4.6,True
TL003711,TR003711,DR0054,VH00020,2024-09-09,30.8,113.52,0.3,154,0,0,919,1.6,53.6,False,4.2,False
TL003713,TR003713,DR0002,VH00063,2024-03-22,26.0,20.16,1.4,120,1,0,280,8.1,82.1,False,4.3,False
TL003714,TR003714,DR0032,VH00112,2022-06-19,39.6,47.28,0.9,83,0,0,413,1.9,78.8,False,4.8,False
TL003715,TR003715,DR0016,VH00040,2024-01-28,15.8,62.4,0.3,123,0,0,438,1.1,77.8,False,3.7,False
TL003717,TR003717,DR0020,VH00091,2023-02-25,1439.1,10.56,148.7,118,35,20,130,142.0,0.0,False,4.2,False
TL003720,TR003720,DR0029,VH00016,2025-02-15,73.9,13.2,6.1,165,1,1,135,6.1,88.9,False,3.4,False
TL003721,TR003721,DR0008,VH00089,2024-06-15,404.3,49.44,8.9,140,8,5,665,89.5,22.9,False,5.0,False
TL003724,TR003724,DR0025,VH00048,2025-08-01,41.5,16.8,2.7,152,0,0,142,5.8,91.2,False,3.5,False
TL003726,TR003726,DR0005,VH00044,2024-05-24,337.8,66.48,5.5,142,2,2,345,34.5,67.4,False,4.4,False
TL003727,TR003727,DR0024,VH00004,2023-09-04,71.5,7.68,10.2,82,0,0,46,5.2,96.1,False,5.0,False
TL003732,TR003732,DR0058,VH00110,2026-03-22,364.2,11.28,35.2,126,6,7,65,59.4,62.9,False,3.6,False
TL003733,TR003733,DR0024,VH00052,2022-07-21,768.9,25.2,33.3,126,6,9,132,27.4,67.2,False,4.5,False
TL003735,TR003735,DR0031,VH00107,2022-12-21,543.0,25.92,22.9,145,11,8,290,73.8,38.9,False,3.4,False
TL003738,TR003738,DR0041,VH00015,2025-05-01,1552.0,25.2,67.2,157,18,19,158,81.3,21.7,False,3.9,False
TL003740,TR003740,DR0019,VH00018,2026-02-20,1378.4,64.56,23.3,118,70,57,1330,326.9,0.0,False,4.6,False
TL003745,TR003745,DR0048,VH00095,2022-04-20,73.3,54.96,1.5,164,0,0,125,2.6,93.0,False,4.9,False
TL003746,TR003746,DR0031,VH00104,2024-03-24,75.7,87.36,0.9,113,1,1,538,11.4,67.2,False,3.7,False
TL003751,TR003751,DR0021,VH00041,2022-06-22,163.5,61.68,2.9,110,2,3,411,25.4,65.8,False,3.6,False
TL003755,TR003755,DR0034,VH00117,2026-04-23,543.0,6.96,85.1,124,11,12,95,97.0,37.7,False,4.0,False
TL003760,TR003760,DR0010,VH00011,2025-05-18,1278.9,30.0,46.5,98,12,12,149,123.1,25.6,False,3.6,False
TL003763,TR003763,DR0040,VH00046,2025-11-07,1371.4,10.32,145.0,94,22,33,120,277.2,0.0,False,4.8,False
TL003764,TR003764,DR0024,VH00056,2025-11-24,1468.7,25.68,62.4,166,12,12,180,79.3,37.2,False,3.7,False
TL003766,TR003766,DR0021,VH00004,2024-08-16,128.3,68.64,2.0,179,2,2,502,22.8,63.1,False,4.5,False
TL003768,TR003768,DR0015,VH00032,2023-01-06,378.5,185.28,2.2,137,6,7,1989,70.0,0.0,False,3.9,False
TL003769,TR003769,DR0060,VH00084,2026-04-02,32.7,116.64,0.3,99,0,0,695,2.8,64.4,False,3.8,False
TL003770,TR003770,DR0038,VH00040,2025-02-09,306.0,83.28,4.0,133,7,7,595,42.5,40.0,False,4.6,False
TL003772,TR003772,DR0049,VH00058,2025-07-21,60.6,138.0,0.5,89,0,0,1123,5.8,42.1,False,3.9,False
TL003773,TR003773,DR0028,VH00026,2026-02-16,386.4,11.76,35.8,100,2,4,85,29.8,79.8,False,5.0,False
TL003775,TR003775,DR0035,VH00020,2025-08-27,337.8,7.68,48.0,134,14,15,129,124.6,20.2,False,4.4,False
TL003777,TR003777,DR0058,VH00084,2023-09-20,1197.8,5.04,259.3,179,20,25,50,251.1,0.0,False,4.6,False
TL003780,TR003780,DR0025,VH00112,2025-10-19,32.2,20.16,1.7,179,0,0,189,4.2,89.3,False,4.4,False
TL003782,TR003782,DR0035,VH00068,2025-01-21,36.9,807.12,0.0,148,1,1,15479,10.4,0.0,False,4.9,False
TL003783,TR003783,DR0018,VH00004,2025-06-10,15.6,31.2,0.5,80,0,0,193,1.2,90.0,False,5.0,False
TL003785,TR003785,DR0019,VH00016,2026-05-06,55.8,50.4,1.2,139,1,2,1145,15.1,34.7,False,3.5,False
TL003786,TR003786,DR0040,VH00084,2026-02-25,936.4,29.52,34.6,150,16,15,364,100.3,12.7,False,4.0,False
TL003789,TR003789,DR0004,VH00025,2024-01-08,1231.7,24.72,54.4,159,27,28,323,123.2,0.0,False,5.0,True
TL003795,TR003795,DR0005,VH00061,2025-10-25,13.9,7.92,1.9,172,0,0,52,0.5,97.2,False,4.0,False
TL003796,TR003796,DR0020,VH00032,2026-02-28,1468.7,29.52,54.3,157,24,37,250,215.5,0.0,False,4.3,False
TL003798,TR003798,DR0043,VH00078,2025-08-09,53.5,41.28,1.4,122,0,0,275,5.1,84.7,False,3.8,False
TL003799,TR003799,DR0055,VH00056,2024-05-05,391.4,17.52,24.4,158,9,6,153,67.0,52.8,False,4.4,False
TL003800,TR003800,DR0018,VH00118,2024-11-08,75.8,76.32,1.1,141,0,0,553,3.0,71.4,False,4.4,False
TL003808,TR003808,DR0058,VH00081,2022-08-17,16.9,36.24,0.5,146,0,0,381,3.3,80.0,False,5.0,False
TL003811,TR003811,DR0056,VH00114,2024-03-18,372.0,70.56,5.8,150,3,3,604,22.1,55.7,False,4.4,False
TL003816,TR003816,DR0005,VH00102,2025-02-23,391.6,9.12,46.8,168,4,3,51,31.6,79.0,False,2.7,False
TL003817,TR003817,DR0056,VH00062,2025-01-19,404.3,55.68,7.9,93,4,3,268,42.0,65.0,False,4.0,False
TL003819,TR003819,DR0008,VH00061,2022-12-03,65.0,65.04,1.1,92,1,0,445,6.0,74.5,False,4.5,False
TL003822,TR003822,DR0009,VH00025,2023-10-27,52.9,18.24,3.2,143,0,0,78,1.3,95.7,False,3.9,False
TL003824,TR003824,DR0013,VH00021,2023-04-14,53.8,230.4,0.3,175,0,0,1887,3.8,4.5,False,5.0,False
TL003829,TR003829,DR0004,VH00007,2025-11-21,1440.2,23.52,66.8,160,28,29,178,262.4,0.0,False,4.1,False
TL003834,TR003834,DR0041,VH00057,2024-08-25,164.2,31.92,5.6,93,1,1,258,12.3,80.9,False,4.4,False
TL003836,TR003836,DR0034,VH00044,2022-09-21,397.8,8.16,53.2,99,5,6,69,56.1,66.2,False,3.9,False
TL003844,TR003844,DR0034,VH00080,2024-10-23,13.4,155.04,0.1,127,0,0,1637,2.2,17.5,False,3.1,False
TL003849,TR003849,DR0034,VH00112,2026-02-08,267.0,50.16,5.8,134,6,6,773,59.0,28.6,False,3.7,False
TL003850,TR003850,DR0019,VH00054,2022-04-22,364.6,55.92,7.1,83,15,15,827,60.4,3.0,False,4.6,False
TL003852,TR003852,DR0037,VH00024,2024-09-10,47.3,17.76,2.9,139,0,0,162,8.1,89.5,False,3.1,False
TL003854,TR003854,DR0008,VH00048,2023-04-21,165.0,20.88,8.6,91,3,2,205,24.4,75.9,False,3.9,False
TL003856,TR003856,DR0018,VH00119,2023-11-10,23.9,19.68,1.3,117,0,0,103,2.3,94.2,False,3.8,False
TL003857,TR003857,DR0027,VH00114,2024-11-11,332.2,140.4,2.6,89,2,4,454,12.5,66.5,False,3.9,False
TL003858,TR003858,DR0058,VH00046,2022-08-22,344.5,2.88,130.5,88,5,6,44,29.9,75.3,False,3.4,False
TL003859,TR003859,DR0036,VH00043,2024-10-02,32.4,7.44,4.8,154,0,0,42,7.2,95.7,False,3.9,False
TL003861,TR003861,DR0055,VH00106,2025-02-27,1280.9,12.0,116.4,121,24,28,125,149.5,0.0,False,4.7,False
TL003863,TR003863,DR0034,VH00062,2023-05-02,74.4,29.76,2.7,138,1,1,282,5.7,81.7,False,4.6,False
TL003868,TR003868,DR0036,VH00071,2022-11-24,43.8,163.92,0.3,151,0,0,1999,6.2,0.0,False,3.7,False
TL003869,TR003869,DR0031,VH00008,2023-02-04,362.8,51.6,7.7,118,7,8,343,28.1,55.9,False,4.6,False
TL003873,TR003873,DR0041,VH00118,2026-05-22,11.1,129.6,0.1,149,0,0,854,0.6,57.1,False,3.1,False
TL003878,TR003878,DR0038,VH00017,2022-10-14,72.7,38.88,2.0,138,1,1,500,7.8,70.2,False,5.0,False
TL003880,TR003880,DR0055,VH00004,2022-11-27,34.2,119.04,0.3,96,0,0,1893,3.2,4.4,False,3.9,True
TL003882,TR003882,DR0039,VH00041,2026-05-15,17.0,18.72,1.0,91,0,0,284,1.7,85.3,False,3.7,False
TL003883,TR003883,DR0054,VH00081,2022-01-09,19.2,23.28,0.9,99,0,0,89,0.9,95.3,False,4.2,False
TL003887,TR003887,DR0049,VH00115,2026-06-08,31.3,56.88,0.6,84,0,0,361,1.6,81.5,False,3.8,False
TL003888,TR003888,DR0007,VH00119,2024-08-25,29.3,768.24,0.0,135,1,1,12759,15.6,0.0,False,4.7,False
TL003889,TR003889,DR0027,VH00057,2023-01-18,54.0,39.36,1.5,87,0,0,140,4.0,91.8,False,3.7,False
TL003890,TR003890,DR0049,VH00032,2022-10-23,41.2,14.16,3.2,112,0,0,73,4.0,95.1,False,3.8,False
TL003891,TR003891,DR0036,VH00047,2025-03-06,900.7,25.2,39.0,173,18,18,229,166.7,0.0,False,4.4,True
TL003892,TR003892,DR0016,VH00004,2024-08-24,15.6,26.88,0.6,107,0,0,239,0.6,87.9,False,4.8,False
TL003894,TR003894,DR0031,VH00054,2025-02-27,1552.0,66.48,25.5,147,33,32,991,229.0,0.0,False,4.8,False
TL003896,TR003896,DR0026,VH00069,2026-04-24,1383.7,2.64,571.8,83,64,42,55,376.0,0.0,False,4.9,False
TL003899,TR003899,DR0005,VH00102,2026-05-14,66.9,3.6,20.3,123,0,0,11,2.7,98.6,False,3.8,False
TL003903,TR003903,DR0056,VH00020,2022-10-19,35.4,2.88,13.4,113,0,0,19,1.6,98.6,False,3.3,False
TL003905,TR003905,DR0018,VH00021,2025-08-12,45.5,9.12,5.4,114,0,0,43,3.7,96.7,False,4.5,False
TL003907,TR003907,DR0022,VH00008,2025-09-26,384.7,7.92,53.0,100,8,9,86,56.4,57.8,False,4.0,False
TL003908,TR003908,DR0009,VH00004,2026-02-17,56.3,709.44,0.1,103,0,0,2443,0.9,0.0,False,4.5,False
TL003913,TR003913,DR0034,VH00019,2025-06-21,167.9,18.0,10.2,115,3,2,110,22.9,81.1,False,3.2,False
TL003914,TR003914,DR0049,VH00061,2024-02-19,1380.6,5.52,272.8,102,13,12,48,139.0,24.4,False,4.9,False
TL003920,TR003920,DR0016,VH00069,2022-03-02,10.8,7.44,1.6,168,0,0,51,0.5,97.3,False,5.0,False
TL003925,TR003925,DR0055,VH00078,2022-08-03,15.8,40.32,0.4,149,0,0,442,1.8,77.4,False,3.9,False
TL003927,TR003927,DR0037,VH00106,2024-02-01,404.3,43.68,10.1,180,8,10,243,46.9,51.8,False,3.8,False
TL003928,TR003928,DR0056,VH00095,2023-08-10,123.9,6.72,20.1,123,1,1,38,7.1,93.5,False,3.0,True
TL003931,TR003931,DR0023,VH00069,2022-06-13,398.6,6.96,62.5,167,3,3,23,36.3,80.5,False,4.4,False
TL003932,TR003932,DR0041,VH00087,2025-05-06,10.5,21.84,0.5,118,0,0,81,1.1,95.6,False,3.3,False
TL003933,TR003933,DR0035,VH00058,2024-07-26,376.0,91.68,4.5,138,16,12,2193,71.7,0.0,False,5.0,False
TL003935,TR003935,DR0051,VH00116,2025-03-26,1378.3,10.56,142.4,101,25,28,92,147.2,0.0,False,2.9,False
TL003939,TR003939,DR0010,VH00117,2024-09-08,1534.7,34.56,48.4,82,13,12,194,138.8,17.2,False,4.4,False
TL003944,TR003944,DR0009,VH00099,2023-10-13,66.6,37.68,1.9,169,0,0,165,1.7,91.2,False,3.9,False
TL003945,TR003945,DR0039,VH00081,2025-08-04,404.3,38.88,11.3,134,10,6,402,73.2,36.9,False,4.6,False
TL003947,TR003947,DR0058,VH00078,2026-05-13,257.2,57.36,4.9,144,4,5,381,21.2,63.6,False,4.0,False
TL003948,TR003948,DR0047,VH00115,2022-06-25,1379.9,38.88,38.7,162,29,26,275,174.5,0.0,False,4.7,False
TL003949,TR003949,DR0046,VH00112,2023-11-08,27.8,8.16,3.7,161,2,1,139,14.4,84.7,False,4.4,False
TL003955,TR003955,DR0041,VH00028,2024-05-17,72.3,69.36,1.1,93,0,0,539,3.8,71.9,False,4.9,False
TL003958,TR003958,DR0008,VH00004,2022-07-21,15.1,3.12,5.3,87,0,0,29,1.9,98.0,False,4.9,False
TL003965,TR003965,DR0060,VH00062,2026-05-21,58.5,11.04,5.8,175,0,0,56,5.5,95.5,False,4.3,False
TL003967,TR003967,DR0018,VH00115,2023-07-21,52.0,8.64,6.6,162,0,0,50,1.9,96.9,False,4.3,False
TL003968,TR003968,DR0058,VH00011,2026-02-04,900.7,60.48,16.2,150,18,18,449,159.6,0.0,False,4.8,False
TL003970,TR003970,DR0054,VH00116,2022-10-19,19.3,7.92,2.7,117,0,0,30,0.7,98.3,False,3.8,False
TL003975,TR003975,DR0037,VH00084,2022-12-01,43.3,9.84,4.8,121,0,1,58,6.3,94.2,False,3.7,False
TL003976,TR003976,DR0007,VH00081,2025-06-20,1428.7,9.6,162.4,119,71,65,299,475.2,0.0,False,4.4,False
TL003977,TR003977,DR0013,VH00037,2025-02-15,61.4,10.8,6.2,174,0,0,54,3.7,96.2,False,4.4,False
TL003980,TR003980,DR0055,VH00008,2022-01-13,54.5,8.16,7.3,87,1,0,50,11.0,92.7,False,4.8,False
TL003981,TR003981,DR0052,VH00053,2024-02-04,71.0,11.04,7.0,91,0,0,34,1.1,98.0,False,4.2,False
TL003983,TR003983,DR0058,VH00039,2022-05-26,45.0,10.56,4.6,176,0,0,81,6.7,93.9,False,4.0,False
TL003984,TR003984,DR0035,VH00069,2022-09-06,1412.5,6.0,256.8,111,67,46,130,303.8,0.0,False,4.2,False
TL003988,TR003988,DR0004,VH00053,2023-12-22,768.9,67.68,12.4,120,16,12,884,114.3,0.0,False,3.4,False
TL003989,TR003989,DR0005,VH00005,2024-11-03,1552.0,43.92,38.5,92,15,19,192,157.2,1.7,False,4.1,False
TL003990,TR003990,DR0029,VH00104,2024-07-03,1226.3,52.56,25.5,162,19,22,497,131.8,0.0,False,4.3,False
TL003991,TR003991,DR0027,VH00047,2026-03-01,55.6,749.04,0.1,103,0,0,2349,2.6,0.0,False,4.0,False
TL003992,TR003992,DR0058,VH00071,2026-01-19,15.3,19.68,0.8,136,0,0,142,2.9,92.0,False,3.4,False
TL003993,TR003993,DR0051,VH00099,2022-10-18,71.9,13.44,5.8,125,1,1,180,6.4,86.6,False,3.8,False
TL003996,TR003996,DR0040,VH00036,2025-09-26,71.5,235.2,0.3,154,1,1,3164,13.3,0.0,False,4.6,False
TL004002,TR004002,DR0059,VH00089,2024-09-01,24.2,122.88,0.2,133,0,0,1002,4.7,48.5,False,4.0,False
TL004005,TR004005,DR0012,VH00018,2023-03-12,46.6,22.56,2.3,84,1,1,414,12.7,73.0,False,3.1,False
TL004006,TR004006,DR0038,VH00065,2024-10-09,1464.7,12.0,133.2,123,27,30,169,284.3,0.0,False,4.8,False
TL004007,TR004007,DR0021,VH00028,2023-12-28,57.1,22.56,2.8,142,0,0,295,4.6,83.9,False,2.7,False
TL004009,TR004009,DR0027,VH00088,2024-07-24,26.7,8.64,3.4,157,0,0,47,2.8,96.8,False,4.8,False
TL004012,TR004012,DR0036,VH00114,2022-12-10,337.8,7.44,49.5,162,8,5,93,44.2,65.1,False,4.2,False
TL004021,TR004021,DR0040,VH00062,2024-05-19,1374.6,5.04,297.5,99,21,34,34,123.1,0.0,False,4.2,False
TL004023,TR004023,DR0052,VH00115,2022-09-07,543.0,8.64,68.6,114,1,2,16,20.0,89.7,False,4.9,False
TL004026,TR004026,DR0042,VH00107,2023-11-15,61.3,12.48,5.4,98,0,0,94,5.3,93.7,False,4.2,False
TL004027,TR004027,DR0040,VH00119,2023-04-10,16.6,20.16,0.9,98,0,0,253,3.5,86.3,False,4.5,False
TL004028,TR004028,DR0023,VH00047,2023-11-14,25.6,20.16,1.4,172,0,0,97,1.2,94.8,False,3.9,False
TL004029,TR004029,DR0043,VH00007,2022-03-19,14.5,37.44,0.4,83,0,0,254,1.4,86.9,False,4.9,False
TL004030,TR004030,DR0027,VH00116,2022-04-14,72.2,3.6,21.9,122,0,0,30,7.1,96.4,False,4.2,False
TL004032,TR004032,DR0025,VH00112,2022-02-02,13.8,8.16,1.8,172,0,0,87,2.2,95.0,False,3.7,False
TL004035,TR004035,DR0018,VH00004,2023-09-09,47.0,12.24,4.2,180,0,0,43,3.1,96.9,False,4.5,False
TL004040,TR004040,DR0022,VH00036,2025-09-05,15.7,149.76,0.1,132,0,0,2090,2.6,0.0,False,3.9,False
TL004042,TR004042,DR0003,VH00020,2025-05-22,31.2,87.6,0.4,178,1,1,1677,17.6,8.4,False,3.8,False
TL004046,TR004046,DR0043,VH00062,2023-08-27,1468.7,12.72,126.0,143,10,16,58,130.0,27.1,False,3.7,False
TL004048,TR004048,DR0044,VH00095,2023-05-02,543.0,38.88,15.2,103,7,11,615,74.8,25.3,False,4.0,False
TL004049,TR004049,DR0007,VH00080,2022-05-03,1468.7,37.44,42.8,113,123,100,549,444.5,0.0,False,4.7,False
TL004052,TR004052,DR0012,VH00110,2026-02-20,14.6,51.6,0.3,99,0,0,702,3.6,63.8,False,4.6,False
TL004053,TR004053,DR0040,VH00112,2023-03-06,1378.2,51.6,29.1,156,21,33,406,198.7,0.0,False,2.7,False
TL004054,TR004054,DR0018,VH00039,2022-06-24,62.3,13.44,5.1,85,0,0,57,3.0,96.2,False,4.8,False
TL004057,TR004057,DR0025,VH00114,2023-05-13,1452.4,6.48,244.5,125,28,22,43,142.0,0.0,False,3.5,False
TL004058,TR004058,DR0036,VH00063,2022-01-11,70.4,8.64,8.9,166,1,1,56,11.3,91.3,False,4.6,False
TL004060,TR004060,DR0058,VH00015,2026-04-14,22.8,138.48,0.2,101,0,0,1015,3.0,48.4,False,4.4,False
TL004061,TR004061,DR0009,VH00036,2025-06-09,62.8,113.52,0.6,179,0,0,245,1.4,87.3,False,4.1,False
TL004066,TR004066,DR0019,VH00084,2026-04-08,34.9,54.48,0.7,175,1,1,1137,11.2,37.3,False,3.7,False
TL004070,TR004070,DR0026,VH00104,2025-12-24,390.8,121.2,3.5,127,15,11,1231,64.7,0.0,False,4.3,False
TL004071,TR004071,DR0038,VH00008,2025-08-19,392.4,8.4,51.0,120,9,5,93,39.7,64.9,False,4.4,False
TL004073,TR004073,DR0013,VH00048,2026-01-17,16.4,23.04,0.8,112,0,0,144,1.1,92.5,False,5.0,False
TL004074,TR004074,DR0015,VH00008,2023-01-15,386.7,10.8,39.1,142,7,9,85,47.1,62.1,False,3.9,False
TL004075,TR004075,DR0058,VH00007,2022-02-04,1552.2,67.44,25.1,101,37,38,456,341.4,0.0,False,4.2,False
TL004077,TR004077,DR0015,VH00092,2023-07-20,374.2,23.52,17.4,127,8,9,358,50.5,45.9,False,5.0,False
TL004085,TR004085,DR0040,VH00017,2024-11-04,386.7,66.0,6.4,121,6,9,1004,56.3,14.9,False,5.0,False
TL004086,TR004086,DR0023,VH00056,2025-11-05,73.0,42.0,1.9,89,0,0,146,2.8,91.9,False,3.5,False
TL004088,TR004088,DR0039,VH00026,2025-08-05,391.8,24.0,17.8,170,9,7,255,44.1,53.5,False,3.4,False
TL004091,TR004091,DR0046,VH00011,2026-04-21,364.6,3.6,110.5,158,26,21,40,208.9,0.0,False,5.0,False
TL004092,TR004092,DR0036,VH00057,2023-06-07,15.0,10.08,1.6,171,0,0,76,1.4,95.8,False,4.4,False
TL004097,TR004097,DR0059,VH00087,2023-07-10,173.4,24.24,7.8,168,3,3,371,38.4,62.4,False,4.4,False
TL004100,TR004100,DR0018,VH00011,2024-11-16,1552.2,16.32,103.8,144,17,14,64,145.7,13.6,False,4.0,False
TL004102,TR004102,DR0037,VH00068,2025-04-28,69.2,19.2,3.9,138,1,1,171,8.0,86.5,False,4.8,False
TL004106,TR004106,DR0057,VH00099,2026-01-05,67.3,18.24,4.0,159,0,0,42,1.4,97.5,False,3.3,False
TL004107,TR004107,DR0049,VH00032,2023-08-06,1352.2,9.6,153.7,137,14,12,56,72.7,42.4,False,4.4,False
TL004109,TR004109,DR0047,VH00111,2022-02-14,28.8,20.64,1.5,161,0,0,297,3.8,84.0,False,3.2,True
TL004110,TR004110,DR0044,VH00010,2023-09-18,14.6,9.84,1.6,85,0,0,97,3.0,94.2,False,5.0,False
TL004112,TR004112,DR0002,VH00111,2023-02-20,67.8,34.32,2.2,144,2,1,666,14.6,58.3,False,5.0,False
TL004116,TR004116,DR0049,VH00081,2022-01-17,33.5,44.88,0.8,94,0,0,315,3.1,83.3,False,3.8,False
TL004117,TR004117,DR0043,VH00043,2025-09-01,1552.0,44.88,37.7,122,10,13,197,63.7,43.0,False,4.1,False
TL004118,TR004118,DR0010,VH00010,2022-08-24,936.4,31.44,32.5,152,9,6,174,71.6,50.3,False,5.0,False
TL004120,TR004120,DR0036,VH00064,2022-09-12,21.1,5.04,4.6,149,0,0,41,3.4,96.9,False,3.2,False
TL004121,TR004121,DR0055,VH00053,2025-03-08,59.3,16.32,4.0,84,1,0,247,12.2,82.5,False,4.2,False
TL004122,TR004122,DR0019,VH00041,2023-11-04,125.6,11.28,12.1,104,3,4,258,36.4,67.7,False,4.9,False
TL004125,TR004125,DR0054,VH00058,2022-02-15,73.2,66.0,1.2,129,0,0,407,3.3,78.7,False,4.5,False
TL004126,TR004126,DR0015,VH00119,2025-12-19,79.3,13.2,6.6,127,1,1,191,14.7,83.5,False,4.2,False
TL004128,TR004128,DR0022,VH00088,2026-04-17,71.6,20.88,3.7,113,1,1,241,14.4,81.1,False,3.2,False
TL004130,TR004130,DR0057,VH00037,2024-07-17,385.5,3.36,125.2,126,1,1,11,14.6,92.6,False,3.1,False
TL004134,TR004134,DR0017,VH00015,2024-09-18,37.6,138.72,0.3,169,0,0,906,7.6,52.4,False,4.2,False
TL004135,TR004135,DR0054,VH00068,2025-08-23,178.4,33.84,5.8,150,1,2,251,14.9,79.5,False,4.5,False
TL004137,TR004137,DR0021,VH00032,2025-03-15,23.5,8.16,3.1,104,0,0,126,3.2,92.7,False,4.7,False
TL004141,TR004141,DR0060,VH00080,2023-12-15,1398.4,771.36,2.0,101,9,11,4021,67.7,0.0,False,3.2,False
TL004142,TR004142,DR0010,VH00043,2025-06-15,1398.8,6.72,227.1,115,13,15,29,64.8,44.6,False,4.9,False
TL004146,TR004146,DR0011,VH00058,2026-01-23,20.4,41.52,0.5,113,0,0,196,1.8,89.7,False,4.4,False
TL004150,TR004150,DR0048,VH00095,2026-05-19,936.4,31.68,32.2,125,3,3,132,15.7,81.2,False,5.0,False
TL004152,TR004152,DR0041,VH00005,2025-03-14,123.6,810.72,0.2,180,1,1,6612,5.0,0.0,False,4.0,False
TL004153,TR004153,DR0024,VH00032,2024-12-04,337.8,15.36,24.0,141,3,4,134,26.4,76.9,False,4.1,False
TL004156,TR004156,DR0010,VH00023,2023-10-18,76.4,13.68,6.1,151,0,0,66,5.0,95.2,False,4.5,False
TL004158,TR004158,DR0055,VH00056,2023-10-27,162.1,36.48,4.8,121,2,2,514,20.1,63.3,False,4.2,False
TL004160,TR004160,DR0003,VH00039,2022-06-23,190.7,10.32,20.2,137,12,12,118,107.4,31.9,False,4.1,False
TL004161,TR004161,DR0040,VH00047,2023-10-17,36.5,30.96,1.3,84,0,0,321,4.7,82.5,False,4.5,False
TL004164,TR004164,DR0029,VH00011,2026-04-20,131.8,37.68,3.8,167,1,1,372,22.5,72.2,False,3.4,True
TL004167,TR004167,DR0039,VH00038,2022-08-25,12.2,131.76,0.1,135,0,0,1971,1.2,1.1,False,3.5,False
TL004170,TR004170,DR0047,VH00112,2023-08-04,13.3,7.68,1.9,92,0,0,85,1.3,95.4,False,4.8,False
TL004171,TR004171,DR0044,VH00114,2025-09-04,1428.1,3.36,463.7,136,21,21,52,291.6,0.0,False,4.4,False
TL004172,TR004172,DR0022,VH00032,2025-07-11,76.4,66.48,1.3,144,1,1,918,9.9,48.6,False,4.7,False
TL004173,TR004173,DR0011,VH00111,2024-02-02,1176.9,87.36,14.7,145,13,9,376,60.2,34.6,False,4.5,False
TL004177,TR004177,DR0033,VH00064,2023-06-26,53.4,21.6,2.7,177,0,0,142,10.0,89.9,False,3.4,False
TL004183,TR004183,DR0036,VH00081,2024-10-24,38.1,10.56,3.9,115,0,0,153,6.6,90.4,False,5.0,False
TL004184,TR004184,DR0043,VH00046,2023-07-28,15.0,66.0,0.2,157,0,0,256,1.5,86.8,False,4.2,False
TL004186,TR004186,DR0042,VH00039,2024-03-13,257.2,6.72,41.8,129,2,3,32,12.2,88.7,False,5.0,False
TL004187,TR004187,DR0025,VH00078,2025-05-07,78.8,19.2,4.5,144,1,1,155,7.5,87.5,False,4.2,False
TL004188,TR004188,DR0012,VH00039,2026-04-10,44.7,15.36,3.2,109,1,1,386,6.4,76.3,False,4.8,False
TL004189,TR004189,DR0017,VH00059,2023-09-24,22.1,3.12,7.7,98,0,0,43,4.5,96.5,False,4.2,False
TL004190,TR004190,DR0023,VH00005,2024-05-29,1397.9,67.68,22.5,134,14,17,393,121.9,5.8,False,4.4,False
TL004192,TR004192,DR0024,VH00041,2022-11-15,167.0,50.64,3.6,150,2,1,170,16.6,82.5,False,3.8,False
TL004193,TR004193,DR0026,VH00068,2025-04-20,936.4,49.68,20.6,99,31,36,914,240.3,0.0,False,4.1,False
TL004194,TR004194,DR0019,VH00056,2026-01-23,15.6,19.68,0.9,86,0,0,431,4.5,77.1,False,4.1,False
TL004196,TR004196,DR0028,VH00031,2025-06-02,45.5,65.28,0.8,165,0,0,276,1.7,85.7,False,4.7,True
TL004198,TR004198,DR0010,VH00020,2023-09-13,498.6,8.64,63.0,139,3,4,62,23.6,81.3,False,4.8,False
TL004200,TR004200,DR0057,VH00023,2024-10-26,72.0,11.52,6.8,89,0,0,31,2.0,97.9,False,4.3,False
TL004201,TR004201,DR0028,VH00106,2022-06-07,543.0,10.56,56.1,132,4,5,75,23.8,78.1,False,5.0,False
TL004202,TR004202,DR0035,VH00116,2022-11-02,378.7,133.68,3.1,145,12,10,1799,80.2,0.0,False,3.9,True
TL004203,TR004203,DR0058,VH00116,2022-08-05,63.7,10.32,6.7,143,1,1,90,7.8,90.7,False,4.6,False
TL004207,TR004207,DR0024,VH00041,2026-04-27,45.1,8.4,5.9,152,0,0,54,4.4,96.0,False,3.9,False
TL004210,TR004210,DR0029,VH00115,2022-08-05,1350.0,10.32,142.7,138,24,24,148,153.9,0.0,False,4.5,False
TL004213,TR004213,DR0004,VH00008,2024-04-08,44.7,20.88,2.3,80,0,0,155,4.4,90.9,False,5.0,False
TL004214,TR004214,DR0019,VH00044,2026-01-04,14.5,6.0,2.6,130,0,0,107,5.2,93.1,False,3.8,False
TL004215,TR004215,DR0027,VH00104,2022-01-16,74.5,62.64,1.3,142,0,0,454,6.6,75.3,False,4.1,False
TL004216,TR004216,DR0027,VH00042,2025-09-26,1215.1,21.36,62.1,87,12,13,72,116.7,30.4,False,3.1,False
TL004217,TR004217,DR0058,VH00092,2023-12-05,323.1,56.16,6.3,165,5,7,340,48.2,54.0,False,3.4,False
TL004219,TR004219,DR0029,VH00022,2025-11-19,14.6,71.52,0.2,105,0,0,1032,2.1,47.8,False,5.0,False
TL004220,TR004220,DR0040,VH00048,2026-01-21,78.7,19.2,4.5,98,1,1,217,10.3,83.6,False,4.9,False
TL004221,TR004221,DR0038,VH00114,2025-02-23,22.1,27.6,0.9,86,0,0,233,3.8,87.2,False,4.6,False
TL004224,TR004224,DR0018,VH00038,2026-04-28,337.8,70.08,5.3,130,3,2,216,13.4,78.7,False,5.0,False
TL004226,TR004226,DR0027,VH00063,2026-01-01,257.2,3.6,77.9,120,3,1,11,11.9,90.4,False,5.0,False
TL004227,TR004227,DR0023,VH00017,2024-10-24,41.5,821.28,0.1,143,0,0,4372,1.9,0.0,False,4.2,False
TL004237,TR004237,DR0008,VH00032,2026-05-14,46.5,14.64,3.5,165,1,0,190,9.1,86.3,False,4.8,False
TL004242,TR004242,DR0039,VH00119,2025-02-12,77.5,19.2,4.4,128,1,1,234,6.4,83.9,False,2.7,False
TL004244,TR004244,DR0059,VH00051,2024-11-28,15.0,10.8,1.5,112,0,0,130,1.7,93.0,False,3.6,False
TL004246,TR004246,DR0029,VH00011,2025-02-25,45.1,35.28,1.4,175,1,0,569,6.3,68.2,False,4.4,False
TL004247,TR004247,DR0017,VH00031,2023-10-29,11.8,7.68,1.7,112,0,0,68,1.0,96.3,False,4.5,False
TL004248,TR004248,DR0059,VH00074,2025-11-01,49.2,12.0,4.5,92,0,0,101,4.4,93.6,False,5.0,False
TL004249,TR004249,DR0028,VH00092,2024-05-14,1225.5,7.44,179.7,178,14,9,38,85.1,42.6,False,3.9,False
TL004251,TR004251,DR0031,VH00046,2023-08-12,543.0,6.24,94.9,116,12,9,34,84.5,46.0,False,4.3,False
TL004255,TR004255,DR0059,VH00046,2025-04-08,126.5,69.12,2.0,158,3,2,752,11.1,52.6,False,4.0,False
TL004256,TR004256,DR0021,VH00057,2022-06-10,498.6,164.88,3.3,141,9,9,1444,99.2,0.0,False,4.6,False
TL004257,TR004257,DR0022,VH00056,2024-05-19,30.7,85.68,0.4,134,0,0,1276,5.0,34.7,False,4.0,False
TL004259,TR004259,DR0051,VH00095,2025-05-07,267.0,60.0,4.9,171,4,3,669,58.8,39.9,False,3.9,False
TL004261,TR004261,DR0027,VH00007,2026-03-27,1479.3,52.8,30.6,113,10,11,400,80.1,30.0,False,3.6,False
TL004262,TR004262,DR0009,VH00111,2023-06-10,498.6,10.8,50.4,114,2,1,18,12.1,91.5,False,4.7,False
TL004263,TR004263,DR0037,VH00099,2023-08-06,76.1,116.4,0.7,161,1,1,1543,11.7,16.8,False,5.0,False
TL004265,TR004265,DR0048,VH00074,2024-08-05,960.3,33.12,31.6,82,4,3,85,16.4,81.8,False,4.3,False
TL004270,TR004270,DR0056,VH00094,2025-08-18,1282.7,10.32,135.6,80,15,10,51,91.7,37.4,False,4.0,False
TL004271,TR004271,DR0044,VH00080,2025-11-11,1178.5,9.6,133.9,146,24,27,143,261.9,0.0,False,3.0,False
TL004276,TR004276,DR0047,VH00059,2025-09-04,134.2,61.92,2.4,162,1,2,606,16.6,61.2,False,3.7,False
TL004278,TR004278,DR0039,VH00034,2023-04-16,75.0,18.24,4.5,152,1,1,156,5.9,87.9,False,5.0,False
TL004280,TR004280,DR0033,VH00111,2025-11-16,32.6,742.8,0.0,137,0,0,10418,3.0,0.0,False,5.0,False
TL004281,TR004281,DR0018,VH00111,2022-12-06,115.9,14.4,8.8,164,1,1,56,6.4,92.8,False,3.4,False
TL004283,TR004283,DR0040,VH00036,2026-04-13,15.6,11.04,1.5,169,0,0,87,2.4,94.9,False,4.0,False
TL004285,TR004285,DR0055,VH00099,2024-08-25,498.6,6.24,87.2,150,10,11,71,82.3,45.8,False,3.3,False
TL004287,TR004287,DR0057,VH00062,2023-08-02,77.1,38.88,2.2,178,0,0,71,2.1,95.8,False,5.0,False
TL004288,TR004288,DR0031,VH00110,2026-06-05,10.5,756.24,0.0,120,0,0,10196,2.1,0.0,False,3.5,True
TL004290,TR004290,DR0059,VH00046,2024-10-07,74.2,138.24,0.6,131,1,1,1314,14.7,27.4,False,4.7,False
TL004292,TR004292,DR0022,VH00044,2025-06-28,50.1,36.0,1.5,167,1,1,264,7.0,82.2,False,3.6,False
TL004293,TR004293,DR0004,VH00011,2023-07-07,257.2,45.6,6.2,157,6,5,247,31.1,64.3,False,3.5,False
TL004294,TR004294,DR0041,VH00099,2025-12-23,381.1,9.36,44.4,158,3,2,74,28.2,81.3,False,4.1,False
TL004296,TR004296,DR0010,VH00007,2026-01-24,1468.7,206.16,7.8,172,13,11,1079,101.4,0.0,False,3.8,False
TL004297,TR004297,DR0046,VH00026,2026-06-26,1189.0,12.0,108.1,104,77,71,346,646.7,0.0,False,4.1,False
TL004300,TR004300,DR0016,VH00011,2025-04-17,543.0,7.44,79.6,141,4,5,58,51.3,70.7,False,5.0,False
TL004301,TR004301,DR0024,VH00057,2023-12-01,900.7,11.28,87.1,117,11,9,49,57.8,54.7,False,3.4,False
TL004302,TR004302,DR0009,VH00036,2022-01-22,315.3,7.2,47.8,94,1,1,23,13.5,92.3,False,3.9,False
TL004303,TR004303,DR0027,VH00016,2024-08-05,37.4,130.32,0.3,178,0,0,731,2.8,62.6,False,4.7,False
TL004304,TR004304,DR0042,VH00057,2022-05-04,364.6,18.72,21.2,127,3,2,131,14.5,82.6,False,3.6,False
TL004307,TR004307,DR0035,VH00020,2022-08-25,60.0,20.4,3.2,105,1,2,365,9.4,75.4,False,3.8,False
TL004308,TR004308,DR0048,VH00036,2025-05-04,39.4,7.92,5.4,151,0,0,23,1.8,98.3,False,4.2,False
TL004311,TR004311,DR0008,VH00118,2025-09-12,27.5,17.76,1.7,148,0,0,254,6.1,85.5,False,3.7,False
TL004312,TR004312,DR0033,VH00017,2024-01-27,31.4,162.0,0.2,88,0,0,2427,6.7,0.0,False,5.0,False
TL004314,TR004314,DR0002,VH00047,2024-04-06,14.8,204.48,0.1,130,0,0,2635,4.2,0.0,False,5.0,False
TL004315,TR004315,DR0046,VH00015,2026-06-08,1552.0,98.16,17.2,87,102,110,2019,900.0,0.0,False,4.8,False
TL004316,TR004316,DR0026,VH00095,2024-12-11,83.4,8.64,10.5,153,2,2,121,10.6,85.8,False,4.5,False
TL004318,TR004318,DR0036,VH00015,2025-12-06,17.5,3.12,6.1,172,0,0,34,3.4,97.3,False,3.7,True
TL004324,TR004324,DR0007,VH00026,2023-01-26,543.0,2.88,205.7,142,27,29,69,245.8,0.0,False,3.8,False
TL004325,TR004325,DR0058,VH00111,2026-04-23,323.1,66.0,5.3,81,5,6,521,50.5,45.3,False,3.7,False
TL004327,TR004327,DR0027,VH00020,2023-09-24,387.2,17.04,24.8,109,3,3,73,26.1,81.0,False,5.0,False
TL004328,TR004328,DR0018,VH00013,2022-06-10,122.0,44.64,3.0,121,1,1,274,11.8,80.3,False,4.6,True
TL004330,TR004330,DR0017,VH00010,2024-11-19,936.4,137.28,7.4,129,22,19,787,165.7,0.0,False,4.1,False
TL004331,TR004331,DR0013,VH00017,2024-07-26,1386.9,2.64,573.1,145,12,16,14,84.2,40.0,False,3.0,False
TL004333,TR004333,DR0010,VH00038,2025-07-13,369.1,6.48,62.1,136,3,4,54,29.3,80.0,False,3.4,False
TL004334,TR004334,DR0057,VH00087,2025-03-20,1385.4,5.76,262.4,99,6,6,13,21.0,78.0,False,4.3,False
TL004336,TR004336,DR0038,VH00058,2023-03-28,73.4,54.48,1.5,130,1,1,472,8.6,71.3,False,5.0,False
TL004337,TR004337,DR0019,VH00118,2025-07-08,126.8,66.96,2.1,118,4,3,1682,39.8,0.0,False,3.5,False
TL004338,TR004338,DR0058,VH00054,2025-10-19,80.0,119.76,0.7,180,1,2,1849,7.8,1.7,False,4.4,False
TL004339,TR004339,DR0020,VH00056,2022-07-08,337.8,805.2,0.5,87,6,6,9139,43.3,0.0,False,4.1,False
TL004340,TR004340,DR0024,VH00052,2024-05-23,123.9,16.32,8.3,155,1,1,121,8.6,88.9,False,4.5,False
TL004341,TR004341,DR0007,VH00106,2023-05-17,62.3,783.6,0.1,90,3,2,21221,28.8,0.0,False,5.0,False
TL004342,TR004342,DR0002,VH00018,2025-08-01,362.9,57.84,6.8,148,11,14,1127,71.7,0.0,False,3.9,False
TL004344,TR004344,DR0047,VH00046,2025-09-28,319.7,13.2,26.4,179,5,5,78,56.1,66.8,False,5.0,False
TL004345,TR004345,DR0023,VH00016,2025-08-07,44.9,8.16,6.0,133,0,0,70,3.0,95.6,False,4.7,True
TL004346,TR004346,DR0008,VH00061,2026-04-27,170.0,8.4,22.1,84,4,3,117,27.2,77.0,False,5.0,False
TL004347,TR004347,DR0017,VH00032,2025-06-15,543.0,153.36,3.9,110,8,12,1914,103.2,0.0,False,4.8,False
TL004348,TR004348,DR0046,VH00013,2026-02-14,79.0,44.4,1.9,150,4,3,623,25.7,52.1,False,3.6,False
TL004357,TR004357,DR0044,VH00051,2023-12-08,1248.7,48.48,28.1,177,30,25,646,142.3,0.0,False,4.2,False
TL004365,TR004365,DR0010,VH00073,2024-12-05,21.7,121.44,0.2,99,0,0,564,1.2,71.4,False,4.3,False
TL004366,TR004366,DR0027,VH00094,2023-03-09,77.9,16.8,5.1,123,0,0,75,4.3,95.0,False,3.9,False
TL004367,TR004367,DR0034,VH00032,2024-04-27,127.3,44.64,3.1,89,2,1,526,16.3,64.8,False,4.0,False
TL004371,TR004371,DR0002,VH00025,2024-11-28,543.0,3.6,164.5,130,24,16,74,88.1,17.9,False,4.9,False
TL004373,TR004373,DR0049,VH00023,2026-03-09,124.0,103.92,1.3,97,1,1,447,10.3,72.1,False,3.4,False
TL004374,TR004374,DR0046,VH00043,2024-09-17,22.4,152.64,0.2,134,1,1,3924,12.5,0.0,False,3.9,False
TL004377,TR004377,DR0021,VH00081,2022-08-17,49.7,12.0,4.5,102,0,0,171,7.6,89.2,False,4.2,False
TL004382,TR004382,DR0059,VH00115,2024-05-25,1385.1,44.88,33.7,167,21,34,459,301.3,0.0,False,5.0,False
TL004385,TR004385,DR0026,VH00039,2023-02-28,1176.7,4.8,267.4,136,49,48,42,192.3,0.0,False,3.9,False
TL004388,TR004388,DR0036,VH00107,2025-12-07,22.9,13.44,1.9,84,0,0,197,1.9,89.6,False,4.1,True
TL004389,TR004389,DR0025,VH00007,2022-12-22,74.6,145.2,0.6,179,1,1,1320,7.4,29.3,False,3.6,False
TL004391,TR004391,DR0034,VH00043,2026-04-10,68.2,54.24,1.4,120,1,1,844,5.2,53.7,False,4.9,False
TL004392,TR004392,DR0053,VH00007,2023-03-26,257.2,64.32,4.4,106,2,2,372,21.4,70.0,False,3.7,False
TL004393,TR004393,DR0004,VH00019,2025-12-12,60.4,21.84,3.0,136,1,0,188,8.1,86.7,False,3.9,False
TL004395,TR004395,DR0003,VH00042,2026-06-27,172.0,6.48,29.0,133,10,7,93,87.3,47.2,False,4.5,False
TL004396,TR004396,DR0053,VH00036,2022-12-09,1466.6,4.8,333.3,131,13,13,32,76.7,42.9,False,3.8,False
TL004397,TR004397,DR0027,VH00074,2024-11-12,15.5,221.52,0.1,93,0,0,1120,1.4,43.6,False,4.2,False
TL004399,TR004399,DR0007,VH00046,2024-12-07,71.4,67.2,1.2,120,3,4,1332,23.9,17.7,False,5.0,False
TL004401,TR004401,DR0058,VH00102,2025-12-21,72.7,7.68,10.3,130,1,1,49,14.6,90.7,False,4.4,False
TL004404,TR004404,DR0051,VH00084,2023-12-08,337.8,4.8,76.8,145,5,6,77,31.2,73.3,False,4.0,False
TL004405,TR004405,DR0003,VH00011,2024-05-14,1286.9,56.4,24.9,147,87,74,776,410.2,0.0,False,4.0,False
TL004406,TR004406,DR0026,VH00048,2023-01-13,1402.7,94.08,16.3,115,45,56,1217,260.1,0.0,False,5.0,False
TL004408,TR004408,DR0003,VH00069,2022-02-04,50.6,8.4,6.6,128,3,2,230,22.9,75.1,False,4.3,False
TL004409,TR004409,DR0034,VH00119,2023-08-28,960.3,104.64,10.0,126,17,21,651,153.2,0.0,False,4.0,False
TL004412,TR004412,DR0051,VH00087,2023-01-18,46.7,62.64,0.8,122,0,1,833,5.3,55.8,False,4.2,False
TL004413,TR004413,DR0032,VH00040,2024-12-17,498.6,12.0,45.3,82,4,3,79,35.7,76.3,False,4.0,False
TL004414,TR004414,DR0038,VH00008,2025-11-09,77.3,124.8,0.7,158,1,1,1543,15.0,15.8,False,4.4,False
TL004419,TR004419,DR0009,VH00058,2025-12-06,20.4,100.08,0.2,146,0,0,405,0.4,79.6,False,4.7,False
TL004421,TR004421,DR0040,VH00084,2022-12-13,66.4,11.76,6.2,121,1,1,81,13.1,89.5,False,4.8,False
TL004427,TR004427,DR0013,VH00061,2023-06-04,768.9,36.24,23.1,167,8,6,168,62.5,54.8,False,4.2,False
TL004428,TR004428,DR0034,VH00022,2026-01-27,176.6,12.0,16.1,169,2,2,117,19.8,83.2,False,4.0,False
TL004430,TR004430,DR0053,VH00059,2025-10-28,73.4,48.48,1.7,173,0,0,359,6.5,80.1,False,5.0,True
TL004431,TR004431,DR0010,VH00052,2022-04-02,1468.7,40.32,39.7,141,12,13,336,116.5,17.3,False,5.0,False
TL004432,TR004432,DR0026,VH00022,2026-03-21,1534.7,54.72,30.6,93,68,67,1257,374.3,0.0,False,4.6,False
TL004433,TR004433,DR0039,VH00118,2025-05-21,386.7,56.16,7.5,149,5,9,630,40.1,40.0,False,3.8,False
TL004435,TR004435,DR0008,VH00015,2026-04-02,70.5,64.32,1.2,91,1,1,880,12.9,49.6,False,4.2,True
TL004437,TR004437,DR0039,VH00089,2023-07-06,72.3,11.28,7.0,166,1,1,121,9.0,88.8,False,3.9,False
TL004440,TR004440,DR0016,VH00025,2024-07-13,50.8,210.24,0.3,156,0,0,862,2.1,56.3,False,3.7,False
TL004441,TR004441,DR0036,VH00004,2026-01-18,15.2,216.0,0.1,159,0,0,2680,2.9,0.0,False,3.2,False
TL004443,TR004443,DR0041,VH00106,2022-01-10,1206.5,4.56,288.6,174,11,8,35,88.3,47.3,False,4.3,False
TL004447,TR004447,DR0032,VH00062,2026-02-14,1552.2,42.24,40.1,113,16,18,291,122.0,6.9,False,4.4,False
TL004449,TR004449,DR0019,VH00028,2022-02-07,14.8,11.04,1.5,165,0,0,212,3.5,88.4,False,4.8,False
TL004466,TR004466,DR0021,VH00007,2022-11-09,14.7,143.28,0.1,110,0,0,874,2.0,55.7,False,4.4,False
TL004469,TR004469,DR0048,VH00088,2026-04-07,25.9,20.16,1.4,85,0,0,34,0.5,98.1,False,4.1,False
TL004470,TR004470,DR0047,VH00056,2025-12-08,12.2,25.44,0.5,145,0,0,212,1.1,89.1,False,4.6,True
TL004471,TR004471,DR0037,VH00057,2023-10-01,257.2,9.84,28.5,148,6,5,96,30.2,72.1,False,4.0,False
TL004473,TR004473,DR0056,VH00042,2023-06-06,30.4,78.48,0.4,86,0,0,694,1.8,64.8,False,4.8,False
TL004476,TR004476,DR0043,VH00080,2024-01-18,63.7,16.8,4.1,160,0,0,94,3.9,94.1,False,3.1,False
TL004477,TR004477,DR0011,VH00107,2025-10-24,118.9,68.16,1.9,109,1,1,602,9.6,64.5,False,5.0,False
TL004479,TR004479,DR0043,VH00040,2025-12-14,58.6,114.72,0.6,95,0,0,824,3.5,57.8,False,4.5,False
TL004481,TR004481,DR0060,VH00051,2023-10-16,24.3,58.56,0.5,159,0,0,214,1.1,89.0,False,5.0,False
TL004487,TR004487,DR0056,VH00059,2026-05-02,70.0,34.08,2.2,116,0,0,230,4.8,87.1,False,4.2,False
TL004488,TR004488,DR0025,VH00078,2023-10-27,37.3,22.56,1.8,139,0,0,196,4.9,88.7,False,4.5,False
TL004489,TR004489,DR0012,VH00048,2026-06-12,26.4,23.28,1.2,98,1,0,400,7.6,76.2,False,4.2,False
TL004490,TR004490,DR0015,VH00095,2022-11-14,257.2,229.92,1.2,168,6,4,3111,55.0,0.0,False,3.7,False
TL004493,TR004493,DR0028,VH00040,2024-04-03,1281.7,6.0,233.0,113,11,12,28,112.3,36.4,False,4.7,False
TL004494,TR004494,DR0043,VH00023,2023-01-25,77.9,10.08,8.4,122,0,0,47,3.6,96.6,False,3.9,False
TL004496,TR004496,DR0017,VH00026,2024-09-15,20.1,72.24,0.3,145,0,0,574,2.5,70.5,False,4.0,True
TL004498,TR004498,DR0046,VH00065,2026-06-15,1440.2,24.0,65.5,129,120,63,323,688.3,0.0,False,5.0,False
TL004499,TR004499,DR0015,VH00054,2026-03-20,365.7,39.12,10.2,123,8,5,445,42.2,48.1,False,4.0,False
TL004500,TR004500,DR0049,VH00011,2024-02-24,323.1,11.76,30.0,118,2,3,51,19.1,85.7,False,4.7,False
TL004501,TR004501,DR0060,VH00048,2025-12-23,72.6,19.44,4.1,144,0,0,71,6.1,94.6,False,5.0,False
TL004505,TR004505,DR0052,VH00087,2022-05-20,17.5,19.68,1.0,154,0,0,64,0.6,96.6,False,4.3,False
TL004506,TR004506,DR0053,VH00013,2024-08-03,1174.8,9.6,133.5,102,13,10,60,115.9,32.7,False,3.9,False
TL004507,TR004507,DR0040,VH00051,2025-08-10,1402.5,43.68,35.0,152,29,22,667,180.0,0.0,False,5.0,False
TL004508,TR004508,DR0039,VH00099,2025-10-06,50.8,2.4,23.1,126,0,0,31,10.0,95.5,False,4.2,False
TL004511,TR004511,DR0057,VH00015,2024-01-07,13.9,51.36,0.3,116,0,0,194,0.6,90.1,False,3.7,False
TL004513,TR004513,DR0053,VH00110,2025-09-07,26.3,7.68,3.7,168,0,0,31,2.2,97.8,False,4.3,False
TL004514,TR004514,DR0028,VH00118,2022-05-18,396.4,3.12,138.6,159,3,4,15,17.8,85.4,False,4.5,False
TL004518,TR004518,DR0022,VH00021,2022-11-24,1440.2,764.16,2.1,176,31,24,10426,153.2,0.0,False,3.7,False
TL004520,TR004520,DR0046,VH00094,2022-02-10,69.0,196.8,0.4,165,3,3,3690,19.5,0.0,False,4.6,False
TL004522,TR004522,DR0017,VH00119,2022-07-16,393.3,6.24,68.8,178,6,5,59,65.5,63.4,False,4.1,False
TL004523,TR004523,DR0021,VH00037,2026-05-25,1177.4,69.6,18.5,108,24,28,731,215.5,0.0,False,3.7,False
TL004524,TR004524,DR0017,VH00020,2025-06-23,323.1,14.64,24.1,86,6,7,193,64.4,55.0,False,4.0,False
TL004528,TR004528,DR0017,VH00021,2023-05-18,14.6,11.52,1.4,129,0,0,148,1.5,92.1,False,3.5,False
TL004529,TR004529,DR0025,VH00020,2023-04-04,15.1,16.8,1.0,100,0,0,137,1.9,92.6,False,3.6,False
TL004531,TR004531,DR0041,VH00052,2024-03-07,24.3,12.96,2.0,141,0,0,115,2.5,93.5,False,3.6,False
TL004532,TR004532,DR0010,VH00071,2026-06-07,71.9,2.4,32.7,97,0,0,16,4.2,97.9,False,4.7,False
TL004535,TR004535,DR0028,VH00058,2026-05-16,67.0,12.48,5.9,177,0,0,52,2.8,96.6,False,3.6,False
TL004536,TR004536,DR0012,VH00111,2024-07-25,60.8,8.16,8.1,126,2,2,130,21.4,82.1,False,4.9,False
TL004540,TR004540,DR0054,VH00047,2022-07-12,1426.5,10.08,154.4,128,12,15,39,62.0,46.5,False,3.5,False
TL004542,TR004542,DR0034,VH00056,2025-12-26,1450.7,11.04,143.3,122,27,24,88,116.0,0.0,False,5.0,False
TL004544,TR004544,DR0026,VH00046,2026-05-16,364.9,7.2,55.3,132,12,11,118,75.6,42.4,False,3.6,False
TL004546,TR004546,DR0023,VH00106,2022-03-18,65.2,14.88,4.8,149,0,0,62,3.3,95.9,False,3.8,False
TL004550,TR004550,DR0055,VH00021,2025-12-03,68.0,20.16,3.7,169,1,1,325,6.2,79.4,False,3.3,False
TL004551,TR004551,DR0053,VH00053,2022-10-05,76.0,19.44,4.3,105,0,0,161,4.0,90.8,False,3.8,False
TL004552,TR004552,DR0018,VH00010,2024-12-07,40.8,15.6,2.9,177,0,0,50,2.5,96.8,False,4.8,False
TL004554,TR004554,DR0057,VH00054,2025-08-13,257.2,3.84,73.1,149,0,0,6,5.5,98.0,False,3.7,False
TL004556,TR004556,DR0060,VH00036,2022-04-04,16.9,18.96,1.0,117,0,0,108,1.0,94.3,False,4.2,False
TL004558,TR004558,DR0043,VH00028,2022-09-17,1396.3,32.88,46.3,130,10,14,260,79.9,34.0,False,4.5,False
TL004561,TR004561,DR0054,VH00094,2022-07-12,14.3,17.76,0.9,149,0,0,135,0.9,93.0,False,3.4,False
TL004564,TR004564,DR0033,VH00084,2022-03-27,20.9,15.12,1.5,121,0,0,220,4.6,87.6,False,3.9,False
TL004569,TR004569,DR0044,VH00063,2022-12-22,306.0,15.6,21.4,114,7,7,244,66.1,50.5,False,4.7,False
TL004572,TR004572,DR0022,VH00036,2025-10-10,46.2,78.96,0.6,152,1,0,1235,8.7,34.1,False,4.0,False
TL004573,TR004573,DR0025,VH00091,2025-07-14,17.8,116.88,0.2,154,0,0,1186,2.5,39.9,False,3.5,False
TL004576,TR004576,DR0053,VH00056,2026-03-22,1229.7,8.88,151.1,93,14,9,77,98.5,36.6,False,3.5,False
TL004577,TR004577,DR0041,VH00034,2023-10-25,364.6,11.04,36.0,121,4,2,98,28.6,78.5,False,3.3,False
TL004578,TR004578,DR0023,VH00047,2026-04-18,15.0,15.84,1.0,176,0,0,102,1.5,94.5,False,3.6,False
TL004581,TR004581,DR0059,VH00048,2024-04-26,72.4,45.12,1.8,116,1,1,315,8.9,79.1,False,4.1,False
TL004585,TR004585,DR0041,VH00031,2022-06-06,21.4,20.16,1.2,161,0,0,76,1.3,95.8,False,4.1,False
TL004586,TR004586,DR0027,VH00073,2026-06-09,323.2,15.36,23.0,174,3,3,109,11.4,83.6,False,3.3,False
TL004587,TR004587,DR0009,VH00080,2022-12-28,202.8,7.44,29.7,134,0,0,24,4.8,97.4,False,3.5,False
TL004588,TR004588,DR0016,VH00068,2025-04-09,65.1,60.24,1.2,164,0,0,266,2.5,86.0,False,3.5,False
TL004589,TR004589,DR0046,VH00111,2026-05-19,16.3,808.56,0.0,92,0,0,21693,9.7,0.0,False,4.2,False
TL004590,TR004590,DR0011,VH00017,2023-06-22,364.6,43.2,9.2,169,2,3,138,15.9,82.3,False,3.3,False
TL004593,TR004593,DR0054,VH00110,2022-11-05,14.0,28.8,0.5,117,0,0,106,1.1,94.4,False,4.2,False
TL004595,TR004595,DR0003,VH00059,2022-12-18,1440.2,61.92,25.4,168,102,84,1608,789.7,0.0,False,3.6,False
TL004596,TR004596,DR0044,VH00110,2025-01-01,543.0,49.68,11.9,170,13,8,592,104.8,11.5,False,3.7,False
TL004598,TR004598,DR0042,VH00110,2023-11-16,61.5,4.56,14.7,140,0,0,30,6.0,96.7,False,4.3,True
TL004599,TR004599,DR0041,VH00015,2023-05-27,1440.2,49.2,31.9,174,15,11,342,122.7,12.6,False,4.6,False
TL004600,TR004600,DR0060,VH00053,2023-03-10,79.8,18.96,4.6,104,0,0,123,4.6,92.5,False,5.0,False
TL004602,TR004602,DR0029,VH00095,2022-11-06,24.5,7.92,3.4,91,0,0,123,3.3,92.9,False,5.0,False
TL004604,TR004604,DR0032,VH00102,2023-06-03,257.2,30.48,9.2,95,2,2,148,25.9,79.8,False,4.6,False
TL004606,TR004606,DR0038,VH00028,2025-01-25,1475.3,39.36,40.9,84,27,28,598,310.3,0.0,False,4.9,False
TL004610,TR004610,DR0055,VH00063,2022-04-06,1250.4,128.88,10.6,85,22,22,1194,141.8,0.0,False,4.5,False
TL004615,TR004615,DR0011,VH00013,2022-10-04,63.1,30.24,2.3,81,0,0,233,4.8,86.9,False,4.3,False
TL004616,TR004616,DR0026,VH00114,2025-12-27,383.1,29.04,14.4,108,17,11,585,86.7,8.2,False,3.4,False
TL004618,TR004618,DR0052,VH00118,2022-01-03,362.1,69.36,5.7,84,1,1,190,12.4,84.3,False,4.4,False
TL004620,TR004620,DR0037,VH00092,2022-06-19,54.7,137.76,0.4,168,0,1,1195,4.3,38.0,False,4.9,False
TL004622,TR004622,DR0018,VH00099,2023-07-17,79.6,720.0,0.1,180,0,0,5447,6.6,0.0,False,4.7,False
TL004625,TR004625,DR0017,VH00041,2026-06-28,337.8,22.32,16.5,121,6,5,174,48.0,62.9,False,5.0,False
TL004627,TR004627,DR0009,VH00095,2022-12-16,14.6,2.88,5.5,97,0,0,11,0.3,99.4,False,3.6,False
TL004628,TR004628,DR0011,VH00058,2026-01-09,31.8,164.88,0.2,156,0,0,651,2.7,66.6,False,3.2,False
TL004630,TR004630,DR0005,VH00107,2022-02-14,1484.0,786.96,2.1,130,18,14,2965,118.0,0.0,False,5.0,False
TL004632,TR004632,DR0012,VH00107,2025-07-09,224.2,22.08,11.1,174,7,6,440,73.2,39.5,False,4.4,False
TL004633,TR004633,DR0029,VH00068,2022-08-18,1552.0,34.08,49.7,97,37,33,343,311.6,0.0,False,4.9,False
TL004638,TR004638,DR0046,VH00114,2025-07-06,67.5,11.52,6.4,179,5,4,161,17.8,75.1,False,3.6,False
TL004643,TR004643,DR0019,VH00016,2025-09-21,14.3,10.08,1.5,172,0,0,249,5.3,86.0,False,4.4,False
TL004644,TR004644,DR0031,VH00019,2025-09-06,15.3,10.08,1.7,171,0,0,112,1.2,94.0,False,3.1,False
TL004648,TR004648,DR0019,VH00048,2023-06-17,1552.0,48.48,34.9,134,47,65,806,269.0,0.0,False,5.0,False
TL004649,TR004649,DR0022,VH00013,2024-12-17,58.1,20.4,3.1,98,0,0,197,7.1,88.0,False,4.4,False
TL004650,TR004650,DR0019,VH00062,2024-05-02,1427.8,11.28,138.1,142,69,54,254,436.0,0.0,False,4.6,False
TL004651,TR004651,DR0059,VH00025,2022-11-26,404.3,66.0,6.7,147,6,9,1046,34.3,19.4,False,3.2,False
TL004652,TR004652,DR0052,VH00017,2025-05-21,1231.7,66.96,20.1,93,3,4,213,26.4,72.9,False,3.3,False
TL004656,TR004656,DR0003,VH00081,2022-05-02,25.0,107.52,0.3,144,1,1,1737,9.5,7.8,False,4.2,False
TL004658,TR004658,DR0013,VH00065,2026-01-12,63.4,11.04,6.3,86,0,0,86,4.8,94.3,False,4.5,False
TL004660,TR004660,DR0023,VH00087,2025-07-24,57.1,7.44,8.4,178,0,0,56,5.6,95.5,False,4.3,False
TL004663,TR004663,DR0016,VH00042,2024-02-14,388.5,23.04,18.4,174,4,3,200,17.6,75.7,False,4.6,True
TL004664,TR004664,DR0025,VH00091,2024-08-10,14.9,69.6,0.2,121,0,0,696,1.9,64.6,False,5.0,False
TL004667,TR004667,DR0054,VH00015,2023-08-10,34.3,7.92,4.7,162,0,0,54,1.7,96.8,False,4.7,False
TL004668,TR004668,DR0051,VH00084,2022-06-09,1231.7,24.0,56.0,137,31,30,158,143.7,0.0,False,4.9,False
TL004669,TR004669,DR0059,VH00118,2026-05-26,23.1,47.76,0.5,131,0,0,737,4.0,61.9,False,5.0,False
TL004670,TR004670,DR0007,VH00036,2022-10-17,588.3,14.64,43.8,84,35,30,310,118.8,0.0,False,3.7,False
TL004677,TR004677,DR0024,VH00046,2024-06-04,120.1,11.04,11.9,100,1,0,38,5.8,94.9,False,3.4,False
TL004678,TR004678,DR0033,VH00037,2023-07-06,1552.2,48.0,35.3,109,30,26,386,245.7,0.0,False,4.2,False
TL004684,TR004684,DR0026,VH00115,2024-04-05,15.5,9.36,1.8,80,0,0,81,4.3,94.7,False,4.1,False
TL004688,TR004688,DR0013,VH00080,2023-12-20,44.1,825.84,0.1,154,0,0,3748,3.7,0.0,False,3.7,False
TL004690,TR004690,DR0035,VH00081,2022-10-22,70.5,21.84,3.5,178,2,2,334,17.8,73.0,False,4.9,False
TL004692,TR004692,DR0018,VH00042,2026-04-15,75.1,29.04,2.8,174,0,0,210,4.1,88.3,False,4.3,False
TL004695,TR004695,DR0016,VH00099,2023-12-22,65.9,138.48,0.5,120,0,0,694,3.0,64.4,False,4.8,False
TL004696,TR004696,DR0054,VH00022,2025-08-19,25.2,11.04,2.5,100,0,0,50,2.1,96.9,False,3.4,False
TL004697,TR004697,DR0033,VH00089,2025-05-08,1378.6,21.12,71.2,167,21,23,132,161.6,0.0,False,3.9,False
TL004698,TR004698,DR0058,VH00052,2024-07-25,162.6,11.76,15.1,138,3,3,67,28.5,80.6,False,4.0,False
TL004701,TR004701,DR0029,VH00114,2025-05-07,29.7,19.92,1.6,135,0,0,221,2.7,88.1,False,4.6,False
TL004702,TR004702,DR0023,VH00107,2023-05-14,1440.2,45.36,34.6,168,11,16,355,77.6,26.5,False,4.8,False
TL004706,TR004706,DR0031,VH00099,2022-04-06,46.8,53.28,1.0,85,1,0,629,10.3,64.0,False,3.4,False
TL004707,TR004707,DR0059,VH00106,2023-07-07,16.1,38.16,0.5,123,0,0,611,3.6,68.4,False,5.0,False
TL004709,TR004709,DR0016,VH00058,2026-02-16,257.2,72.0,3.9,112,2,2,396,25.4,67.6,False,3.1,False
TL004713,TR004713,DR0053,VH00021,2024-05-16,1451.6,5.04,314.2,86,11,17,44,90.2,37.2,False,4.5,False
TL004715,TR004715,DR0026,VH00058,2022-04-28,67.7,142.08,0.5,148,3,2,1265,11.3,26.9,False,3.9,False
TL004716,TR004716,DR0055,VH00074,2023-01-26,20.3,9.12,2.4,147,0,0,74,3.3,95.3,False,4.7,False
TL004717,TR004717,DR0056,VH00061,2024-01-17,77.5,32.4,2.6,154,0,0,262,5.6,85.2,False,3.9,False
TL004720,TR004720,DR0031,VH00059,2025-06-28,128.2,6.72,20.8,175,1,2,40,28.2,86.0,False,3.6,False
TL004724,TR004724,DR0008,VH00016,2023-08-14,1417.9,2.64,585.9,101,35,25,40,283.9,0.0,False,4.4,False
TL004727,TR004727,DR0054,VH00034,2023-11-18,387.6,37.44,11.3,101,4,3,301,19.2,70.2,False,3.9,False
TL004729,TR004729,DR0025,VH00019,2024-07-07,1231.7,52.32,25.7,102,19,23,746,94.5,0.0,False,3.9,False
TL004730,TR004730,DR0038,VH00111,2025-12-08,1534.7,19.92,84.0,96,25,26,197,336.7,0.0,False,4.1,False
TL004733,TR004733,DR0040,VH00039,2022-11-14,46.7,179.04,0.3,153,0,0,1789,7.1,8.4,False,3.6,False
TL004734,TR004734,DR0058,VH00054,2022-02-06,1276.6,803.04,1.7,85,25,25,10696,146.1,0.0,False,4.4,False
TL004735,TR004735,DR0038,VH00071,2026-02-21,387.9,55.2,7.7,110,7,6,496,30.9,49.4,False,3.2,False
TL004737,TR004737,DR0012,VH00117,2024-03-25,37.5,16.8,2.4,83,1,1,224,4.9,84.8,False,3.1,False
TL004738,TR004738,DR0031,VH00031,2023-01-02,48.8,4.32,12.3,159,0,1,58,8.6,93.5,False,5.0,False
TL004739,TR004739,DR0003,VH00028,2023-11-27,371.3,3.6,112.5,141,22,22,112,213.4,0.0,False,4.8,False
TL004742,TR004742,DR0040,VH00115,2026-05-18,936.4,142.56,7.2,112,19,17,2132,83.3,0.0,False,4.9,True
TL004745,TR004745,DR0059,VH00115,2022-08-07,52.5,38.64,1.5,173,1,0,360,7.8,78.2,False,5.0,False
TL004746,TR004746,DR0048,VH00059,2023-12-09,79.7,70.8,1.2,107,0,0,304,1.2,84.4,False,4.2,True
TL004747,TR004747,DR0037,VH00064,2025-11-06,74.6,12.96,6.3,143,1,1,100,10.2,89.4,False,3.3,False
TL004748,TR004748,DR0040,VH00088,2023-12-04,394.5,9.84,43.7,163,7,7,159,81.6,50.1,False,2.9,False
TL004751,TR004751,DR0044,VH00024,2025-02-25,1378.2,138.0,10.9,116,24,19,2108,108.3,0.0,False,3.8,False
TL004752,TR004752,DR0058,VH00031,2023-09-08,77.7,9.36,9.1,136,1,1,52,12.7,91.1,False,3.8,False
TL004755,TR004755,DR0025,VH00042,2023-04-09,31.3,38.16,0.9,96,0,0,567,5.4,70.0,False,4.6,False
TL004756,TR004756,DR0052,VH00004,2025-08-04,10.8,35.04,0.3,179,0,0,127,0.2,93.6,False,4.5,False
TL004757,TR004757,DR0052,VH00023,2024-07-13,395.5,11.28,38.2,152,1,1,24,6.6,94.3,False,3.0,False
TL004758,TR004758,DR0028,VH00057,2022-02-25,31.3,11.28,3.0,116,0,0,44,1.1,97.5,False,3.9,False
TL004759,TR004759,DR0027,VH00052,2022-07-09,1188.3,35.28,36.7,179,10,10,282,52.0,45.3,False,4.7,False
TL004761,TR004761,DR0017,VH00026,2026-02-10,32.2,19.44,1.8,175,0,0,285,7.0,83.7,False,3.8,False
TL004764,TR004764,DR0042,VH00064,2023-03-22,768.9,41.28,20.3,117,8,9,319,44.2,49.8,False,3.8,False
TL004769,TR004769,DR0035,VH00084,2022-08-14,18.6,16.32,1.2,151,0,0,402,6.8,77.9,False,3.5,False
TL004771,TR004771,DR0026,VH00015,2022-09-24,525.5,22.08,26.0,118,19,15,196,112.6,12.9,False,4.3,False
TL004772,TR004772,DR0051,VH00015,2026-01-13,38.7,65.52,0.6,110,0,0,640,4.9,66.5,False,3.5,False
TL004773,TR004773,DR0041,VH00004,2024-01-04,14.7,43.68,0.4,155,0,0,172,1.2,91.0,False,4.9,False
TL004774,TR004774,DR0004,VH00015,2026-02-23,41.7,9.36,4.9,147,1,0,81,7.0,92.4,False,4.2,False
TL004775,TR004775,DR0036,VH00025,2024-01-05,10.4,90.48,0.1,172,0,0,838,1.7,57.6,False,4.5,False
TL004778,TR004778,DR0024,VH00024,2023-12-01,125.4,3.36,40.7,125,1,1,21,8.7,93.8,False,5.0,False
TL004782,TR004782,DR0035,VH00004,2023-10-13,543.0,24.24,24.4,179,26,17,371,96.7,0.0,False,3.3,False
TL004786,TR004786,DR0042,VH00087,2026-06-06,14.1,235.92,0.1,142,0,0,1067,1.0,46.4,False,3.0,False
TL004787,TR004787,DR0026,VH00084,2022-05-22,368.5,5.76,69.8,80,15,14,115,127.7,19.4,False,3.9,False
TL004789,TR004789,DR0029,VH00114,2026-04-10,543.0,64.32,9.2,92,10,11,637,54.6,25.8,False,4.4,False
TL004791,TR004791,DR0011,VH00048,2026-01-13,12.0,214.56,0.1,149,0,0,1087,1.0,45.4,False,4.0,False
TL004793,TR004793,DR0036,VH00087,2022-11-14,375.3,165.84,2.5,96,9,8,1924,36.6,0.0,False,4.9,False
TL004794,TR004794,DR0021,VH00116,2024-07-02,22.0,19.68,1.2,142,0,0,228,2.4,87.9,False,4.3,False
TL004795,TR004795,DR0042,VH00110,2023-04-18,364.6,71.76,5.5,166,2,4,439,35.4,60.4,False,4.7,False
TL004796,TR004796,DR0015,VH00068,2022-07-27,123.2,59.76,2.2,121,2,1,831,14.7,50.0,False,5.0,False
TL004797,TR004797,DR0019,VH00099,2025-07-15,42.6,71.28,0.7,105,1,1,1053,7.4,42.6,False,3.1,False
TL004798,TR004798,DR0051,VH00068,2026-05-01,124.7,134.88,1.0,121,2,2,933,15.2,43.8,False,4.8,False
TL004799,TR004799,DR0015,VH00039,2024-08-01,42.6,155.52,0.3,159,0,0,1297,9.6,32.3,False,5.0,False
TL004801,TR004801,DR0049,VH00058,2024-09-23,161.8,3.84,46.0,103,1,1,18,12.9,92.7,False,4.0,False
TL004804,TR004804,DR0022,VH00032,2022-07-21,44.1,85.92,0.6,170,1,0,1028,4.5,45.7,False,4.9,False
TL004808,TR004808,DR0059,VH00078,2026-03-17,13.5,11.28,1.3,176,0,0,172,1.4,91.0,False,4.8,False
TL004811,TR004811,DR0049,VH00116,2023-07-28,1430.4,42.0,37.2,95,13,14,260,142.4,10.8,False,4.3,False
TL004812,TR004812,DR0053,VH00021,2022-05-13,397.4,22.8,19.0,87,4,3,166,19.4,76.9,False,4.1,False
TL004813,TR004813,DR0015,VH00048,2022-12-27,1368.9,3.36,444.4,129,31,24,25,251.3,0.0,False,4.0,True
TL004816,TR004816,DR0022,VH00042,2024-09-13,364.6,71.28,5.6,139,9,5,878,54.8,21.2,False,4.3,False
TL004818,TR004818,DR0034,VH00028,2023-09-13,498.6,13.2,41.2,174,7,11,107,56.7,56.1,False,4.1,False
TL004821,TR004821,DR0013,VH00061,2023-09-28,337.8,37.68,9.8,179,3,3,247,13.1,76.2,False,4.2,False
TL004825,TR004825,DR0056,VH00084,2024-12-21,46.2,7.68,6.6,91,0,0,28,2.4,97.9,False,4.0,False
TL004827,TR004827,DR0007,VH00025,2026-05-05,1397.9,46.56,32.8,119,100,69,707,673.0,0.0,False,5.0,False
TL004828,TR004828,DR0029,VH00071,2022-07-18,13.1,4.32,3.3,140,0,0,46,2.0,97.1,False,4.5,False
TL004831,TR004831,DR0041,VH00021,2025-12-11,61.1,61.2,1.1,86,0,0,198,6.0,88.3,False,4.9,False
TL004834,TR004834,DR0004,VH00008,2023-05-16,337.8,225.12,1.6,128,7,4,1570,31.1,0.0,False,3.6,False
TL004835,TR004835,DR0039,VH00115,2025-02-24,59.4,9.6,6.7,168,1,0,154,7.0,88.7,False,3.8,False
TL004836,TR004836,DR0044,VH00063,2026-01-04,33.2,12.72,2.8,121,0,0,151,4.0,91.2,False,3.3,False
TL004839,TR004839,DR0048,VH00007,2026-04-18,67.4,839.04,0.1,104,0,0,3059,2.5,0.0,False,3.7,False
TL004843,TR004843,DR0027,VH00051,2024-01-23,190.7,28.8,7.2,106,2,2,208,8.3,82.1,False,5.0,False
TL004844,TR004844,DR0011,VH00031,2023-11-20,175.6,46.8,4.1,163,1,2,384,18.1,71.9,False,3.5,False
TL004845,TR004845,DR0003,VH00074,2023-03-06,47.6,673.44,0.1,81,2,2,16906,21.3,0.0,False,4.2,False
TL004847,TR004847,DR0034,VH00087,2026-04-06,498.6,41.52,13.1,168,11,12,391,79.5,28.1,False,3.1,False
TL004850,TR004850,DR0016,VH00068,2023-06-22,62.1,13.2,5.1,140,0,0,95,5.8,93.5,False,4.5,False
TL004851,TR004851,DR0051,VH00059,2026-02-02,65.1,56.4,1.3,171,1,1,645,12.8,61.4,False,3.9,False
TL004861,TR004861,DR0027,VH00119,2026-04-15,34.6,42.24,0.9,165,0,0,157,3.2,91.2,False,4.2,False
TL004862,TR004862,DR0004,VH00058,2026-06-06,10.3,826.08,0.0,175,0,0,5055,1.1,0.0,False,4.0,False
TL004866,TR004866,DR0055,VH00088,2025-04-23,50.9,16.8,3.3,171,0,1,227,9.5,84.8,False,4.4,False
TL004868,TR004868,DR0042,VH00112,2025-05-10,16.6,152.64,0.1,94,0,0,610,0.6,69.3,False,4.8,False
TL004869,TR004869,DR0025,VH00091,2023-09-27,1199.0,73.44,17.8,96,24,19,1039,122.5,0.0,False,4.9,False
TL004871,TR004871,DR0051,VH00028,2024-09-16,404.3,10.08,43.8,110,10,9,85,62.8,52.9,False,5.0,False
TL004874,TR004874,DR0008,VH00031,2024-05-07,58.3,11.04,5.8,98,1,0,172,4.7,88.5,False,4.2,False
TL004875,TR004875,DR0032,VH00088,2022-06-21,46.2,175.68,0.3,143,0,0,903,3.5,53.8,False,5.0,False
TL004876,TR004876,DR0032,VH00011,2025-12-10,1534.7,741.84,2.3,94,18,16,3443,89.8,0.0,False,2.7,False
TL004879,TR004879,DR0021,VH00114,2026-02-23,543.0,133.2,4.4,110,11,9,1092,72.9,0.0,False,3.4,False
TL004880,TR004880,DR0041,VH00011,2025-02-13,67.8,127.68,0.6,134,0,0,1046,3.5,46.6,False,4.2,False
TL004881,TR004881,DR0003,VH00058,2026-02-22,66.9,160.56,0.5,162,5,3,2810,26.4,0.0,False,3.9,False
TL004884,TR004884,DR0037,VH00047,2024-12-24,386.7,9.6,43.9,164,7,7,154,54.0,58.6,False,4.7,False
TL004889,TR004889,DR0038,VH00004,2026-06-25,34.5,18.0,2.1,95,0,0,224,6.9,86.7,False,3.9,False
TL004893,TR004893,DR0058,VH00026,2025-07-10,376.2,11.28,36.4,134,6,8,105,80.6,53.6,False,4.1,False
TL004898,TR004898,DR0058,VH00092,2024-08-11,1393.3,143.76,10.6,177,27,36,1767,253.3,0.0,False,5.0,False
TL004901,TR004901,DR0021,VH00038,2025-10-10,1231.7,40.08,33.5,122,26,31,573,131.2,0.0,False,5.0,False
TL004907,TR004907,DR0038,VH00115,2025-06-08,397.8,65.52,6.6,138,6,6,967,39.6,24.8,False,4.3,False
TL004908,TR004908,DR0002,VH00022,2026-03-26,936.4,24.24,42.1,124,37,37,508,280.2,0.0,False,4.6,False
TL004912,TR004912,DR0017,VH00042,2025-06-23,78.3,81.12,1.1,132,1,1,653,9.0,62.1,False,3.9,False
TL004914,TR004914,DR0039,VH00107,2023-12-06,498.6,50.64,10.7,159,12,10,695,47.9,22.9,False,4.8,False
TL004916,TR004916,DR0041,VH00094,2025-07-28,1440.2,56.88,27.6,157,10,11,364,69.7,34.9,False,4.8,False
TL004917,TR004917,DR0052,VH00058,2026-06-13,543.0,11.76,50.4,94,2,2,47,15.8,87.9,False,3.7,False
TL004925,TR004925,DR0039,VH00092,2025-01-12,1474.8,14.4,111.7,118,32,36,168,298.3,0.0,False,3.7,False
TL004926,TR004926,DR0060,VH00019,2023-01-26,337.8,53.52,6.9,134,3,3,449,13.5,66.0,False,3.6,False
TL004929,TR004929,DR0005,VH00028,2026-05-21,41.6,27.36,1.7,162,0,0,107,2.8,93.8,False,3.3,False
TL004934,TR004934,DR0057,VH00057,2023-05-13,42.4,73.2,0.6,124,0,0,157,1.5,91.7,False,4.1,False
TL004937,TR004937,DR0002,VH00115,2025-07-27,73.1,11.52,6.9,125,2,3,243,18.3,76.4,False,3.8,False
TL004943,TR004943,DR0008,VH00005,2022-05-05,1397.2,3.84,396.9,148,30,26,44,223.9,0.0,False,4.1,False
TL004945,TR004945,DR0037,VH00037,2026-01-12,69.7,3.84,19.8,177,0,0,44,15.1,93.3,False,4.2,False
TL004947,TR004947,DR0039,VH00112,2022-02-14,398.3,2.88,150.9,89,10,7,37,57.1,59.0,False,4.9,True
TL004949,TR004949,DR0031,VH00043,2023-04-12,32.8,8.88,4.0,101,0,0,138,5.5,91.4,False,3.9,False
TL004950,TR004950,DR0031,VH00025,2022-07-10,21.2,12.0,1.9,86,0,0,130,2.2,92.8,False,4.5,False
TL004952,TR004952,DR0048,VH00107,2023-06-27,1450.4,8.16,193.9,80,5,4,23,52.3,71.7,False,3.9,False
TL004955,TR004955,DR0015,VH00011,2023-03-06,45.9,195.6,0.3,150,0,1,2583,9.4,0.0,False,4.8,False
TL004957,TR004957,DR0029,VH00048,2026-01-25,1231.7,64.56,20.8,112,26,25,402,211.2,0.0,False,4.6,False
TL004958,TR004958,DR0024,VH00025,2023-04-26,119.4,124.56,1.0,89,0,1,946,11.0,48.4,False,4.3,False
TL004962,TR004962,DR0034,VH00102,2025-06-01,936.4,8.4,121.6,178,23,23,113,192.4,0.0,False,3.7,False
TL004963,TR004963,DR0031,VH00018,2026-01-12,386.7,186.24,2.3,112,6,7,2956,56.9,0.0,False,4.1,False
TL004964,TR004964,DR0033,VH00102,2023-05-06,21.9,702.0,0.0,138,0,0,3940,4.5,0.0,False,3.9,True
TL004965,TR004965,DR0043,VH00025,2025-12-12,87.2,31.68,3.0,174,0,0,126,6.7,91.7,False,3.4,False
TL004966,TR004966,DR0017,VH00011,2022-02-12,543.0,113.28,5.2,148,8,10,1035,54.3,10.0,False,4.6,False
TL004967,TR004967,DR0016,VH00015,2024-01-15,365.7,49.92,8.0,104,3,3,164,33.2,74.3,False,4.7,False
TL004971,TR004971,DR0038,VH00052,2023-01-15,1440.2,68.16,23.1,171,29,33,631,268.2,0.0,False,4.2,False
TL004973,TR004973,DR0023,VH00038,2022-08-16,900.7,13.92,70.6,90,10,9,119,87.4,43.8,False,4.5,False
TL004975,TR004975,DR0019,VH00028,2022-02-23,323.1,11.04,31.9,125,13,10,222,62.4,40.7,False,4.9,False
TL004976,TR004976,DR0034,VH00042,2026-06-16,36.7,36.0,1.1,157,0,0,363,8.1,79.4,False,4.0,False
TL004978,TR004978,DR0052,VH00062,2022-03-03,1534.7,12.0,139.5,82,7,7,31,61.9,62.4,False,3.8,False
TL004979,TR004979,DR0033,VH00015,2024-10-25,45.3,5.76,8.6,179,0,1,32,5.5,95.8,False,4.6,False
TL004981,TR004981,DR0023,VH00048,2024-03-10,41.2,19.44,2.3,106,0,0,158,1.9,91.5,False,4.2,True
TL004982,TR004982,DR0044,VH00008,2025-04-12,391.6,72.72,5.9,114,6,9,503,42.7,44.0,False,3.7,False
TL004986,TR004986,DR0022,VH00032,2022-12-16,75.2,30.96,2.6,144,1,1,196,16.5,82.8,False,4.4,False
TL004988,TR004988,DR0056,VH00080,2025-08-09,960.3,19.68,53.2,106,9,7,174,64.1,51.6,False,3.9,False
TL004989,TR004989,DR0016,VH00114,2022-11-14,337.8,13.2,27.9,175,3,3,68,12.5,85.3,False,4.7,False
TL004991,TR004991,DR0049,VH00017,2022-04-12,75.5,14.64,5.6,169,0,0,63,2.6,96.1,False,4.4,False
TL004992,TR004992,DR0044,VH00039,2026-02-23,35.9,9.36,4.2,95,0,0,52,6.2,95.5,False,3.5,False
TL004994,TR004994,DR0057,VH00069,2025-05-04,73.4,11.28,7.1,132,0,0,47,3.1,96.7,False,4.2,False
TL004999,TR004999,DR0007,VH00069,2023-02-13,27.7,25.2,1.2,180,1,1,399,11.3,74.2,False,4.2,False
TL005000,TR005000,DR0013,VH00095,2026-05-08,18.0,42.72,0.5,160,0,0,350,1.8,82.0,False,4.4,False
TL005001,TR005001,DR0040,VH00044,2024-03-07,65.2,11.76,6.0,140,1,1,94,5.2,91.2,False,3.5,False
TL005002,TR005002,DR0037,VH00004,2022-03-07,257.2,45.36,6.2,170,5,3,707,43.4,41.1,False,4.7,False
TL005006,TR005006,DR0053,VH00048,2025-12-15,1361.4,22.56,65.8,84,15,14,201,111.4,20.0,False,3.9,False
TL005009,TR005009,DR0023,VH00031,2022-03-06,1400.6,7.68,198.9,123,15,14,66,60.4,42.1,False,4.8,False
TL005010,TR005010,DR0016,VH00007,2023-06-26,28.3,161.76,0.2,171,0,0,1157,2.1,41.5,False,4.0,False
TL005011,TR005011,DR0012,VH00111,2025-10-26,28.1,112.56,0.3,156,0,0,2809,9.8,0.0,False,4.2,False
TL005013,TR005013,DR0053,VH00107,2025-07-26,1217.9,3.36,395.4,90,14,12,28,92.8,37.8,False,5.0,False
TL005015,TR005015,DR0033,VH00119,2024-11-07,24.3,8.16,3.2,142,0,0,79,3.9,94.9,False,4.8,False
TL005016,TR005016,DR0026,VH00107,2022-08-26,367.3,7.44,53.9,133,10,11,149,124.1,29.3,False,4.2,False
TL005019,TR005019,DR0005,VH00059,2026-05-01,76.7,9.36,8.9,127,0,0,63,4.7,95.4,False,4.4,False
TL005020,TR005020,DR0005,VH00053,2023-11-07,337.8,5.52,66.8,80,3,3,36,18.4,85.2,False,3.2,False
TL005021,TR005021,DR0009,VH00038,2025-07-13,404.3,11.28,39.1,136,2,1,38,6.7,92.1,False,4.7,False
TL005024,TR005024,DR0029,VH00114,2026-05-05,38.3,47.76,0.9,123,0,0,525,3.5,72.7,False,5.0,False
TL005027,TR005027,DR0011,VH00046,2022-10-10,381.5,33.84,12.3,165,3,2,255,13.9,76.6,False,3.9,False
TL005028,TR005028,DR0044,VH00017,2025-06-02,13.8,719.28,0.0,167,0,0,8421,2.7,0.0,False,4.2,False
TL005030,TR005030,DR0028,VH00020,2022-05-24,39.9,166.8,0.3,132,0,0,581,1.4,70.5,False,4.4,False
TL005031,TR005031,DR0021,VH00081,2024-07-16,1280.6,21.12,66.1,117,20,29,150,178.2,0.0,False,5.0,False
TL005034,TR005034,DR0034,VH00089,2026-02-08,1231.7,30.48,44.1,89,21,23,472,251.1,0.0,False,4.8,False
TL005037,TR005037,DR0028,VH00095,2025-06-07,69.0,22.8,3.3,125,0,0,120,2.9,93.1,False,4.5,False
TL005039,TR005039,DR0058,VH00058,2025-11-17,382.5,40.8,10.2,160,7,6,529,52.4,41.3,False,4.4,False
TL005042,TR005042,DR0031,VH00111,2023-02-18,50.3,71.28,0.8,88,0,0,944,5.2,51.2,False,4.0,False
TL005045,TR005045,DR0039,VH00025,2024-12-03,29.2,54.96,0.6,151,0,0,668,6.4,64.7,False,4.1,False
TL005047,TR005047,DR0002,VH00078,2024-06-27,1234.6,108.96,12.4,87,40,42,2625,237.2,0.0,False,4.8,False
TL005048,TR005048,DR0007,VH00074,2023-10-27,1362.5,80.16,18.5,163,90,76,2499,740.5,0.0,False,4.7,False
TL005049,TR005049,DR0043,VH00026,2025-10-02,11.0,59.28,0.2,145,0,0,362,0.8,81.7,False,4.8,False
TL005055,TR005055,DR0039,VH00020,2026-04-20,16.0,52.32,0.3,134,0,0,630,2.2,67.8,False,4.1,False
TL005057,TR005057,DR0004,VH00094,2024-04-25,76.3,38.16,2.2,151,1,1,566,12.4,65.5,False,4.0,False
TL005063,TR005063,DR0015,VH00052,2024-12-11,25.1,147.36,0.2,86,0,0,1278,3.8,35.0,False,4.7,False
TL005065,TR005065,DR0032,VH00047,2024-08-08,1442.7,11.04,142.6,90,16,10,97,65.8,41.4,False,3.7,False
TL005066,TR005066,DR0007,VH00104,2026-05-18,55.9,21.12,2.9,148,3,3,653,32.6,50.1,False,3.4,False
TL005068,TR005068,DR0054,VH00094,2025-10-01,15.7,8.64,2.0,113,0,0,72,1.1,96.1,False,3.5,False
TL005070,TR005070,DR0051,VH00005,2023-12-01,25.2,14.4,1.9,178,0,0,130,5.3,91.9,False,5.0,False
TL005072,TR005072,DR0047,VH00059,2023-08-25,66.7,70.56,1.0,121,1,1,383,8.1,75.9,False,4.2,False
TL005076,TR005076,DR0003,VH00114,2025-09-27,1440.2,66.0,23.8,124,93,93,1436,635.0,0.0,False,4.9,False
TL005077,TR005077,DR0051,VH00042,2024-07-08,15.0,12.96,1.3,119,0,0,186,2.9,89.8,False,5.0,False
TL005080,TR005080,DR0013,VH00091,2025-07-06,900.7,27.84,35.3,129,11,10,87,67.5,48.9,False,5.0,False
TL005086,TR005086,DR0019,VH00110,2026-01-01,15.3,21.6,0.8,103,0,0,436,2.5,77.5,False,3.9,False
TL005087,TR005087,DR0019,VH00046,2024-07-25,57.1,8.88,7.0,155,2,2,137,14.8,83.7,False,4.9,False
TL005088,TR005088,DR0007,VH00073,2025-06-22,132.3,36.96,3.9,155,8,5,885,75.7,16.0,False,4.2,False
TL005089,TR005089,DR0040,VH00057,2025-08-22,22.7,96.0,0.3,166,0,0,785,4.0,59.5,False,3.9,False
TL005092,TR005092,DR0033,VH00007,2025-08-04,14.5,5.04,3.1,150,0,0,45,1.6,97.3,False,3.9,False
TL005096,TR005096,DR0054,VH00092,2022-03-18,1231.7,27.6,48.7,90,9,9,99,123.1,35.6,False,4.7,False
TL005098,TR005098,DR0020,VH00058,2024-06-14,1397.9,13.68,111.5,148,24,19,138,204.1,0.0,False,4.4,False
TL005101,TR005101,DR0039,VH00107,2026-04-12,960.3,56.4,18.6,143,17,16,721,170.5,0.0,False,4.7,False
TL005103,TR005103,DR0036,VH00020,2026-03-26,130.7,10.8,13.2,161,3,2,71,19.1,84.2,False,4.3,False
TL005105,TR005105,DR0043,VH00104,2025-10-14,58.8,110.16,0.6,121,0,0,845,4.6,56.4,False,5.0,False
TL005107,TR005107,DR0049,VH00011,2024-12-20,77.1,75.6,1.1,169,0,0,358,8.1,79.7,False,3.2,False
TL005109,TR005109,DR0029,VH00015,2023-02-18,257.2,147.6,1.9,167,4,3,2046,33.3,0.0,False,4.5,False
TL005111,TR005111,DR0044,VH00104,2026-01-10,10.7,19.92,0.6,91,0,0,233,1.4,87.9,False,4.2,False
TL005116,TR005116,DR0044,VH00008,2025-11-12,323.1,26.4,13.4,137,6,6,380,71.9,44.4,False,4.1,False
TL005117,TR005117,DR0046,VH00056,2026-06-24,386.7,175.68,2.4,138,29,17,4215,176.4,0.0,False,4.0,False
TL005121,TR005121,DR0026,VH00114,2026-04-15,44.5,103.44,0.5,161,1,1,885,15.7,48.5,False,4.5,False
TL005122,TR005122,DR0060,VH00022,2025-08-03,37.6,62.88,0.7,128,0,0,409,3.3,78.6,False,4.0,False
TL005123,TR005123,DR0056,VH00061,2024-04-15,386.7,38.4,11.0,141,3,3,294,29.8,68.9,False,3.5,False
TL005124,TR005124,DR0048,VH00092,2022-12-09,1468.7,29.28,54.7,157,6,7,126,49.1,63.0,False,5.0,False
TL005126,TR005126,DR0007,VH00005,2026-05-12,341.7,57.84,6.4,121,19,26,617,194.1,0.0,False,5.0,False
TL005129,TR005129,DR0058,VH00010,2023-10-21,35.7,127.68,0.3,130,0,0,1920,7.2,1.8,False,4.7,False
TL005131,TR005131,DR0002,VH00081,2023-07-08,12.1,764.4,0.0,105,0,0,11371,2.0,0.0,False,5.0,True
TL005132,TR005132,DR0034,VH00073,2025-06-03,768.9,33.84,24.8,105,14,16,495,131.5,0.0,False,4.9,False
TL005138,TR005138,DR0002,VH00058,2023-08-10,62.5,12.0,5.7,160,2,2,249,11.9,79.0,False,4.0,False
TL005141,TR005141,DR0048,VH00061,2023-04-01,60.2,15.36,4.3,148,0,0,64,2.5,96.0,False,3.5,False
TL005144,TR005144,DR0040,VH00053,2026-03-22,337.8,9.84,37.5,85,7,8,144,33.2,64.3,False,3.3,False
TL005148,TR005148,DR0022,VH00013,2025-04-16,361.2,7.44,53.0,165,6,5,109,71.5,59.1,False,5.0,False
TL005153,TR005153,DR0009,VH00017,2023-06-17,257.2,46.8,6.0,92,0,1,160,7.9,88.6,False,4.2,False
TL005154,TR005154,DR0031,VH00094,2026-06-12,69.9,21.36,3.6,108,0,1,262,8.7,83.3,False,3.2,False
TL005156,TR005156,DR0017,VH00021,2025-12-24,1240.3,3.36,402.7,136,30,31,28,245.5,0.0,False,4.4,False
TL005157,TR005157,DR0034,VH00062,2025-06-05,25.9,687.36,0.0,96,0,0,9449,2.8,0.0,False,3.3,False
TL005161,TR005161,DR0021,VH00071,2026-05-01,392.0,2.88,148.5,165,6,9,36,32.9,70.3,False,3.9,False
TL005163,TR005163,DR0056,VH00021,2026-03-12,14.4,5.04,3.1,104,0,0,37,0.6,98.0,False,5.0,False
TL005164,TR005164,DR0011,VH00107,2026-04-09,1468.7,18.0,89.0,165,15,12,125,118.0,23.9,False,4.4,False
TL005166,TR005166,DR0055,VH00036,2023-01-03,498.6,8.4,64.8,179,8,8,109,90.2,47.5,False,3.3,False
TL005170,TR005170,DR0060,VH00110,2025-01-09,364.6,30.24,13.2,159,3,2,190,34.1,73.8,False,4.2,False
TL005171,TR005171,DR0046,VH00106,2022-07-06,66.0,97.92,0.7,159,5,4,1467,19.1,9.4,False,4.5,False
TL005172,TR005172,DR0047,VH00099,2023-07-16,32.5,798.0,0.0,88,0,0,4549,4.6,0.0,False,4.1,False
TL005175,TR005175,DR0004,VH00021,2024-08-15,1534.7,716.64,2.3,134,32,25,5747,150.8,0.0,False,4.1,False
TL005176,TR005176,DR0057,VH00015,2022-12-25,1373.3,11.76,127.4,118,3,4,23,32.6,80.6,False,3.8,False
TL005179,TR005179,DR0037,VH00058,2026-06-24,323.1,31.44,11.2,180,6,5,307,48.1,56.2,False,3.9,False
TL005186,TR005186,DR0032,VH00032,2022-10-04,48.8,19.68,2.7,162,0,0,131,2.5,92.7,False,4.8,False
TL005187,TR005187,DR0047,VH00069,2025-03-03,31.3,198.48,0.2,171,0,0,2975,6.2,0.0,False,4.5,False
TL005188,TR005188,DR0015,VH00038,2025-10-07,543.0,52.56,11.3,129,13,10,771,82.2,7.3,False,3.7,False
TL005192,TR005192,DR0033,VH00116,2022-01-14,26.4,22.8,1.3,120,0,0,178,4.0,89.9,False,4.1,True
TL005193,TR005193,DR0019,VH00099,2022-10-06,169.3,33.6,5.5,135,5,7,542,49.1,43.7,False,4.1,False
TL005196,TR005196,DR0029,VH00095,2023-12-14,66.2,51.36,1.4,145,1,1,778,10.6,55.4,False,2.6,False
TL005198,TR005198,DR0016,VH00046,2025-02-24,404.3,14.88,29.6,92,4,3,123,23.0,77.9,False,5.0,False
TL005200,TR005200,DR0026,VH00058,2025-07-02,1468.7,23.04,69.5,133,44,64,282,479.7,0.0,False,4.1,False
TL005201,TR005201,DR0028,VH00041,2024-05-01,39.9,21.36,2.0,80,0,0,70,1.4,96.1,False,4.3,False
TL005204,TR005204,DR0031,VH00021,2024-07-19,1469.4,47.76,33.6,81,32,20,618,273.6,0.0,False,4.4,False
TL005205,TR005205,DR0011,VH00068,2025-02-10,65.1,96.48,0.7,147,0,0,823,4.1,57.6,False,3.6,False
TL005206,TR005206,DR0011,VH00040,2023-09-26,170.7,3.12,59.7,98,1,2,18,17.9,90.2,False,4.1,False
TL005207,TR005207,DR0025,VH00080,2024-08-26,56.9,5.28,11.8,159,1,0,62,9.4,92.6,False,3.8,False
TL005210,TR005210,DR0060,VH00046,2025-09-28,16.9,11.28,1.6,117,0,0,69,1.4,96.1,False,4.7,False
TL005211,TR005211,DR0049,VH00091,2026-04-13,10.8,8.88,1.3,107,0,0,45,1.0,97.5,False,4.2,False
TL005212,TR005212,DR0036,VH00004,2022-10-22,73.3,21.36,3.7,135,1,1,122,15.5,86.8,False,3.4,False
TL005215,TR005215,DR0022,VH00019,2023-04-05,15.5,20.16,0.8,144,0,0,160,3.4,91.0,False,5.0,False
TL005216,TR005216,DR0040,VH00089,2026-02-24,387.8,11.04,38.3,177,5,9,128,47.1,63.0,False,4.6,False
TL005221,TR005221,DR0035,VH00080,2024-08-12,79.0,80.4,1.1,99,2,2,1523,18.0,13.4,False,4.6,False
TL005225,TR005225,DR0002,VH00043,2022-03-05,1273.3,38.64,35.9,153,65,32,717,317.3,0.0,False,5.0,False
TL005228,TR005228,DR0049,VH00023,2025-08-12,37.9,12.0,3.4,158,0,0,93,3.2,94.4,False,3.5,False
TL005229,TR005229,DR0043,VH00094,2024-12-04,543.0,11.52,51.4,121,3,6,44,19.3,81.5,False,5.0,True
TL005233,TR005233,DR0035,VH00034,2022-11-07,168.7,32.4,5.7,178,6,5,643,44.3,40.6,False,3.9,False
TL005234,TR005234,DR0027,VH00054,2026-04-11,77.2,11.28,7.5,99,0,0,83,5.9,94.1,False,3.6,False
TL005240,TR005240,DR0019,VH00107,2024-06-25,56.8,5.52,11.2,172,2,1,92,8.7,88.8,False,4.6,False
TL005243,TR005243,DR0013,VH00031,2026-02-28,1489.1,9.36,173.6,169,12,15,66,56.1,46.9,False,4.0,False
TL005244,TR005244,DR0053,VH00073,2022-11-06,69.3,30.0,2.5,127,0,0,127,6.9,91.6,False,4.4,False
TL005245,TR005245,DR0049,VH00056,2025-08-02,15.2,8.64,1.9,166,0,0,62,0.6,96.7,False,3.3,False
TL005246,TR005246,DR0052,VH00061,2024-08-28,15.1,12.24,1.3,166,0,0,22,0.3,98.8,False,3.9,False
TL005249,TR005249,DR0049,VH00053,2023-02-23,51.8,56.16,1.0,172,0,0,201,4.5,88.6,False,5.0,False
TL005251,TR005251,DR0022,VH00025,2024-07-03,55.9,31.92,1.9,147,1,0,302,6.5,81.5,False,4.2,False
TL005252,TR005252,DR0036,VH00010,2024-07-15,69.6,750.72,0.1,151,1,1,11684,13.8,0.0,False,3.7,False
TL005254,TR005254,DR0042,VH00071,2024-10-19,257.2,5.52,50.8,170,2,2,36,12.6,89.4,False,4.3,False
TL005257,TR005257,DR0016,VH00004,2025-01-17,385.1,8.88,47.3,148,3,3,31,34.6,80.6,False,3.9,False
TL005258,TR005258,DR0052,VH00019,2023-11-22,16.6,16.8,1.1,170,0,0,52,0.7,97.2,False,3.1,True
TL005263,TR005263,DR0003,VH00041,2024-01-25,220.9,41.28,5.8,105,15,14,917,57.1,0.5,False,4.8,False
TL005265,TR005265,DR0011,VH00039,2023-08-20,525.5,722.4,0.8,167,4,6,3662,31.1,0.0,False,2.9,False
TL005267,TR005267,DR0049,VH00048,2026-01-23,52.0,13.44,4.2,135,0,0,120,4.1,92.8,False,5.0,False
TL005268,TR005268,DR0053,VH00016,2026-02-26,58.6,12.72,5.0,132,0,0,64,6.1,95.0,False,4.6,False
TL005269,TR005269,DR0051,VH00065,2022-02-22,63.9,237.12,0.3,173,0,1,3792,11.1,0.0,False,4.4,False
TL005270,TR005270,DR0036,VH00102,2023-10-14,337.8,15.12,24.4,86,5,4,149,61.3,62.7,False,4.2,False
TL005274,TR005274,DR0024,VH00008,2024-10-18,83.4,22.32,4.1,120,0,1,88,5.2,93.0,False,4.8,False
TL005277,TR005277,DR0036,VH00074,2022-05-19,50.2,47.04,1.2,167,0,0,268,6.9,84.5,False,3.6,False
TL005278,TR005278,DR0031,VH00084,2022-05-07,15.0,3.12,5.2,83,0,0,28,1.4,98.2,False,4.2,False
TL005280,TR005280,DR0055,VH00062,2024-06-20,1205.8,50.16,26.2,96,24,18,475,96.6,0.0,False,4.3,False
TL005281,TR005281,DR0012,VH00089,2023-10-21,10.6,98.64,0.1,90,0,0,1730,1.3,13.1,False,4.9,False
TL005284,TR005284,DR0019,VH00020,2026-06-27,30.6,777.12,0.0,105,1,1,13639,7.7,0.0,False,4.2,False
TL005285,TR005285,DR0031,VH00034,2026-04-07,65.8,751.44,0.1,110,1,1,11016,9.0,0.0,False,4.1,False
TL005287,TR005287,DR0038,VH00054,2023-12-28,1468.7,26.16,61.2,152,22,34,406,198.7,0.0,False,4.7,True
TL005289,TR005289,DR0003,VH00043,2026-01-02,396.0,5.76,75.0,125,29,28,121,101.6,0.0,False,3.5,False
TL005291,TR005291,DR0041,VH00071,2026-06-12,1231.6,50.16,26.8,132,10,10,314,109.2,26.5,False,3.5,False
TL005293,TR005293,DR0056,VH00042,2025-07-09,64.1,55.92,1.3,175,0,0,215,3.0,88.3,False,3.1,False
TL005294,TR005294,DR0043,VH00104,2023-11-19,375.2,8.64,47.4,179,4,4,70,39.0,74.8,False,4.2,True
TL005296,TR005296,DR0007,VH00088,2024-09-10,75.0,8.64,9.5,151,5,4,165,42.1,67.6,False,4.8,False
TL005299,TR005299,DR0038,VH00117,2022-06-20,386.7,5.04,83.7,131,8,8,54,79.0,53.6,False,4.2,False
TL005301,TR005301,DR0060,VH00087,2024-08-04,14.8,59.76,0.3,166,0,0,526,0.9,73.4,False,4.5,False
TL005305,TR005305,DR0060,VH00044,2026-02-26,364.6,23.28,17.1,127,2,4,86,18.4,83.2,False,4.0,False
TL005308,TR005308,DR0013,VH00011,2026-03-01,1390.6,2.88,526.7,99,14,14,21,58.0,46.6,False,4.2,False
TL005309,TR005309,DR0018,VH00010,2026-06-28,498.6,57.6,9.4,148,5,3,213,23.6,71.8,False,4.7,False
TL005310,TR005310,DR0029,VH00028,2026-06-17,80.0,163.44,0.5,143,1,1,2560,15.0,0.0,False,3.9,False
TL005311,TR005311,DR0046,VH00099,2026-06-11,404.3,50.64,8.7,119,23,26,796,93.6,0.0,False,3.9,False
TL005312,TR005312,DR0011,VH00081,2024-12-13,371.6,10.56,38.4,150,3,2,92,31.1,79.6,False,3.8,False
TL005314,TR005314,DR0011,VH00102,2023-05-12,53.2,32.64,1.8,124,0,0,261,3.1,86.0,False,3.7,False
TL005315,TR005315,DR0013,VH00031,2022-04-03,25.3,12.48,2.2,170,0,0,79,2.4,95.3,False,5.0,False
TL005318,TR005318,DR0008,VH00063,2023-11-03,121.5,11.04,12.0,174,2,2,137,24.6,80.8,False,3.8,False
TL005327,TR005327,DR0018,VH00116,2023-08-07,42.3,12.48,3.7,86,0,0,94,1.6,94.8,False,4.2,False
TL005328,TR005328,DR0042,VH00087,2025-01-05,16.5,32.16,0.6,91,0,0,260,1.5,86.5,False,4.5,False
TL005331,TR005331,DR0026,VH00053,2025-06-02,525.5,53.04,10.8,150,26,17,526,78.6,0.0,False,3.5,False
TL005333,TR005333,DR0055,VH00008,2026-03-13,543.0,68.4,8.7,125,10,11,645,63.3,22.8,False,5.0,False
TL005334,TR005334,DR0053,VH00102,2025-02-28,71.2,8.16,9.5,162,0,0,33,4.0,97.1,False,4.1,False
TL005336,TR005336,DR0019,VH00080,2023-08-05,52.0,15.6,3.6,166,2,2,187,12.8,81.8,False,3.8,False
TL005337,TR005337,DR0057,VH00054,2026-06-16,56.7,23.76,2.6,119,0,0,72,2.2,95.7,False,3.6,False
TL005340,TR005340,DR0048,VH00036,2023-12-07,11.5,7.44,1.7,115,0,0,27,0.5,98.5,False,3.7,False
TL005341,TR005341,DR0044,VH00020,2025-04-27,48.7,79.44,0.7,167,0,1,752,7.4,59.2,False,3.7,False
TL005342,TR005342,DR0038,VH00032,2026-06-06,41.2,51.12,0.9,112,0,0,364,3.7,80.7,False,4.1,False
TL005343,TR005343,DR0060,VH00022,2025-11-22,27.8,11.76,2.6,180,0,0,79,1.6,95.6,False,4.0,False
TL005348,TR005348,DR0031,VH00094,2022-04-16,337.8,100.08,3.7,102,5,5,617,73.9,34.5,False,4.2,False
TL005349,TR005349,DR0043,VH00028,2025-06-24,31.8,11.76,2.9,124,0,0,43,1.6,97.4,False,3.4,False
TL005350,TR005350,DR0013,VH00056,2022-04-12,326.1,126.24,2.8,83,3,2,1102,19.6,32.5,False,4.0,False
TL005353,TR005353,DR0053,VH00071,2023-10-23,45.2,17.04,2.9,176,0,0,149,4.5,91.2,False,4.3,False
TL005354,TR005354,DR0053,VH00080,2023-01-14,383.9,104.88,4.0,139,4,3,690,40.2,44.4,False,4.2,False
TL005356,TR005356,DR0034,VH00011,2026-02-09,768.9,28.8,29.1,128,12,15,272,90.1,26.4,False,4.9,False
TL005361,TR005361,DR0013,VH00048,2023-02-10,44.9,21.36,2.3,97,0,0,126,2.2,93.0,False,2.9,False
TL005371,TR005371,DR0008,VH00008,2025-11-09,56.1,145.44,0.4,91,0,1,1299,9.5,31.2,False,4.4,False
TL005374,TR005374,DR0018,VH00017,2025-12-01,392.4,10.56,40.5,93,3,4,37,15.0,85.2,False,4.3,False
TL005378,TR005378,DR0060,VH00117,2022-04-26,1397.9,50.64,30.1,81,16,12,266,127.2,12.5,False,3.9,False
TL005383,TR005383,DR0025,VH00043,2025-01-11,72.0,10.56,7.4,110,1,1,135,10.6,87.6,False,4.4,False
TL005385,TR005385,DR0060,VH00025,2026-03-08,390.6,11.28,37.8,173,4,4,82,28.2,77.4,False,3.1,False
TL005387,TR005387,DR0008,VH00039,2022-05-11,15.4,118.8,0.1,135,0,0,1587,1.3,20.3,False,3.4,False
TL005388,TR005388,DR0039,VH00017,2023-10-25,386.7,3.84,109.9,110,6,9,46,71.4,58.3,False,4.7,False
TL005389,TR005389,DR0024,VH00005,2026-03-19,69.3,41.52,1.8,134,0,0,298,6.3,83.2,False,4.0,False
TL005391,TR005391,DR0047,VH00013,2024-12-20,37.6,19.92,2.1,149,0,0,198,6.1,88.3,False,3.6,False
TL005392,TR005392,DR0019,VH00053,2026-06-05,1440.2,21.84,71.9,123,69,39,458,387.2,0.0,False,4.9,False
TL005393,TR005393,DR0051,VH00061,2024-12-19,18.8,22.08,0.9,179,0,0,207,2.6,88.9,False,4.8,False
TL005395,TR005395,DR0023,VH00115,2025-02-02,386.6,8.16,51.7,119,2,3,46,37.1,80.6,False,4.3,False
TL005396,TR005396,DR0032,VH00037,2026-01-28,78.6,126.24,0.7,98,0,0,797,4.7,58.7,False,4.2,False
TL005400,TR005400,DR0019,VH00084,2024-09-12,386.7,50.64,8.3,98,19,13,823,129.7,0.0,False,4.5,False
TL005401,TR005401,DR0043,VH00053,2023-07-16,132.3,39.36,3.7,129,0,1,330,4.7,81.1,False,4.6,False
TL005403,TR005403,DR0026,VH00013,2026-06-28,31.4,18.24,1.9,107,0,0,284,5.9,84.0,False,4.7,False
TL005404,TR005404,DR0010,VH00018,2023-08-03,56.3,7.92,7.8,89,0,0,59,5.9,95.3,False,4.7,False
TL005405,TR005405,DR0054,VH00061,2024-08-20,17.3,11.28,1.7,120,0,0,100,1.7,94.5,False,3.5,False
TL005408,TR005408,DR0047,VH00039,2025-04-21,26.5,12.48,2.3,149,0,0,151,2.4,91.7,False,4.1,False
TL005410,TR005410,DR0028,VH00028,2023-11-19,42.9,11.52,4.1,121,0,0,79,1.8,95.5,False,4.6,True
TL005415,TR005415,DR0047,VH00115,2025-11-02,34.3,717.84,0.1,130,0,0,6811,6.8,0.0,False,4.1,False
TL005416,TR005416,DR0027,VH00034,2025-02-18,17.0,22.08,0.8,121,0,0,129,1.4,93.1,False,4.5,False
TL005417,TR005417,DR0005,VH00087,2026-05-24,525.5,9.12,62.9,123,4,5,62,28.5,77.4,False,4.9,False
TL005418,TR005418,DR0047,VH00032,2024-09-05,323.1,70.08,5.0,81,6,7,717,32.8,38.3,False,3.7,False
TL005421,TR005421,DR0060,VH00040,2025-08-20,67.5,5.04,14.6,172,0,0,16,6.1,97.4,False,5.0,False
TL005425,TR005425,DR0039,VH00080,2023-03-19,1392.6,18.0,84.4,145,25,35,138,177.8,0.0,False,3.4,False
TL005426,TR005426,DR0056,VH00106,2024-03-14,46.0,16.08,3.1,150,0,0,115,2.8,93.4,False,3.2,False
TL005428,TR005428,DR0012,VH00031,2024-10-24,323.1,60.72,5.8,168,10,10,699,56.0,23.2,False,4.3,False
TL005429,TR005429,DR0011,VH00089,2026-03-01,52.8,93.84,0.6,92,0,0,362,2.8,81.1,False,3.9,False
TL005433,TR005433,DR0051,VH00041,2022-05-18,19.7,17.04,1.3,91,0,0,173,4.1,90.1,False,4.7,False
TL005436,TR005436,DR0047,VH00058,2023-11-26,369.3,138.96,2.9,98,8,8,1490,31.1,0.0,False,4.1,False
TL005443,TR005443,DR0053,VH00054,2026-03-09,393.7,11.52,37.3,155,4,4,71,26.8,78.4,False,5.0,False
TL005444,TR005444,DR0012,VH00048,2025-06-26,1250.1,29.76,45.8,142,64,38,384,332.1,0.0,False,4.6,False
TL005445,TR005445,DR0034,VH00046,2023-10-04,14.8,11.28,1.4,142,0,0,119,2.1,93.4,False,4.3,False
TL005446,TR005446,DR0044,VH00026,2022-12-14,1468.7,19.2,83.4,84,28,25,208,240.5,0.0,False,4.4,False
TL005447,TR005447,DR0053,VH00110,2022-01-01,66.9,55.44,1.3,100,0,0,200,4.2,88.7,False,4.2,False
TL005450,TR005450,DR0002,VH00058,2026-03-19,960.3,48.0,21.8,158,37,44,505,269.8,0.0,False,4.7,False
TL005453,TR005453,DR0010,VH00087,2023-05-11,900.7,676.08,1.5,138,8,11,4449,87.0,0.0,False,4.5,False
TL005454,TR005454,DR0018,VH00064,2022-03-01,54.2,67.68,0.9,103,0,0,278,5.4,84.5,False,3.7,False
TL005455,TR005455,DR0010,VH00118,2023-07-10,68.0,4.56,16.3,93,0,0,35,3.3,97.3,False,3.8,False
TL005457,TR005457,DR0046,VH00044,2025-12-23,48.0,114.96,0.5,127,2,2,2018,13.5,0.0,False,3.5,False
TL005458,TR005458,DR0007,VH00020,2025-02-17,245.1,74.16,3.6,82,21,13,2089,139.1,0.0,False,4.2,False
TL005459,TR005459,DR0024,VH00005,2026-05-28,43.4,53.76,0.9,123,0,0,295,2.0,84.7,False,4.6,False
TL005460,TR005460,DR0039,VH00061,2026-04-22,49.7,13.2,4.1,86,0,0,84,5.3,94.2,False,3.9,False
TL005461,TR005461,DR0060,VH00018,2024-05-12,46.3,130.8,0.4,85,0,0,1137,4.5,41.8,False,3.4,False
TL005463,TR005463,DR0022,VH00087,2024-09-26,54.3,8.4,7.1,172,1,1,54,5.9,93.0,False,4.2,False
TL005465,TR005465,DR0049,VH00099,2022-08-22,44.6,5.28,9.2,124,0,0,22,3.6,97.8,False,4.5,False
TL005466,TR005466,DR0048,VH00022,2024-06-10,498.6,41.28,13.2,84,1,1,104,13.1,88.4,False,4.7,False
TL005473,TR005473,DR0038,VH00022,2025-09-21,76.4,8.16,10.2,166,1,1,90,14.7,88.6,False,3.1,False
TL005474,TR005474,DR0031,VH00011,2022-02-14,1468.7,18.24,87.8,160,37,23,124,302.8,0.0,False,3.8,False
TL005478,TR005478,DR0007,VH00023,2025-08-23,1457.9,11.52,138.1,88,126,61,146,307.8,0.0,False,3.0,False
TL005481,TR005481,DR0005,VH00107,2026-02-01,337.8,682.56,0.5,161,4,3,5509,21.1,0.0,False,3.5,False
TL005482,TR005482,DR0017,VH00013,2023-09-26,62.3,16.8,4.0,176,0,1,152,7.4,89.2,False,4.2,False
TL005483,TR005483,DR0053,VH00013,2022-07-11,66.9,49.68,1.5,94,0,0,252,2.4,86.7,False,4.7,False
TL005486,TR005486,DR0027,VH00115,2023-10-22,23.4,8.4,3.0,116,0,0,59,2.2,96.4,False,4.6,False
TL005487,TR005487,DR0017,VH00037,2024-05-25,337.8,162.0,2.3,112,8,5,1995,28.3,0.0,False,4.3,False
TL005490,TR005490,DR0034,VH00010,2023-03-08,37.1,149.76,0.3,106,0,0,1522,5.9,22.1,False,5.0,True
TL005493,TR005493,DR0053,VH00078,2025-08-27,38.0,25.92,1.6,118,0,0,133,3.3,92.4,False,4.3,False
TL005494,TR005494,DR0026,VH00057,2024-05-13,384.4,209.52,2.0,151,14,15,2242,62.3,0.0,False,3.8,False
TL005498,TR005498,DR0016,VH00110,2022-09-09,33.9,19.92,1.9,167,0,0,131,1.5,93.0,False,4.0,False
TL005500,TR005500,DR0020,VH00011,2023-11-05,79.0,19.2,4.5,134,1,1,207,8.9,84.5,False,3.9,False
TL005504,TR005504,DR0002,VH00056,2022-01-07,44.1,21.6,2.2,90,1,1,227,8.7,83.5,False,4.9,False
TL005508,TR005508,DR0026,VH00005,2026-06-12,11.1,40.8,0.3,117,0,0,860,3.5,56.0,False,3.9,False
TL005511,TR005511,DR0035,VH00091,2022-05-16,65.6,64.32,1.1,135,3,2,1217,15.5,28.0,False,4.6,False
TL005513,TR005513,DR0033,VH00054,2026-02-08,72.3,7.92,10.0,119,1,1,45,9.6,92.4,False,3.3,False
TL005514,TR005514,DR0047,VH00021,2023-05-23,1403.9,112.56,13.6,157,33,29,1485,116.3,0.0,False,5.0,False
TL005515,TR005515,DR0039,VH00111,2023-10-14,50.8,17.04,3.3,167,1,1,232,5.8,84.2,False,3.8,False
TL005516,TR005516,DR0060,VH00020,2026-05-07,323.1,29.76,11.8,157,2,4,222,33.4,71.9,False,3.4,False
TL005518,TR005518,DR0021,VH00042,2022-07-11,71.6,218.64,0.4,159,1,1,2747,12.5,0.0,False,4.7,False
TL005521,TR005521,DR0009,VH00046,2024-04-05,1251.7,12.48,109.4,141,5,5,38,24.9,78.1,False,4.3,False
TL005533,TR005533,DR0009,VH00028,2024-09-23,76.2,7.68,10.8,160,0,0,30,1.6,98.0,False,4.0,False
TL005534,TR005534,DR0026,VH00016,2026-03-11,18.9,14.4,1.4,109,0,0,143,6.4,90.9,False,4.8,False
TL005535,TR005535,DR0009,VH00064,2026-02-22,34.7,52.56,0.7,88,0,0,104,1.4,94.4,False,3.7,False
TL005536,TR005536,DR0013,VH00057,2023-12-12,364.6,46.8,8.5,167,4,2,403,13.2,67.9,False,4.3,False
TL005537,TR005537,DR0012,VH00032,2024-10-13,1397.9,56.64,26.9,176,42,53,1227,207.0,0.0,False,4.5,False
TL005540,TR005540,DR0027,VH00039,2026-04-11,44.7,11.28,4.3,174,0,0,53,3.7,96.2,False,4.0,False
TL005544,TR005544,DR0054,VH00042,2024-08-01,543.0,11.28,52.5,114,6,6,96,32.2,70.5,False,4.6,False
TL005545,TR005545,DR0058,VH00062,2025-06-17,1440.2,32.16,48.9,121,21,32,174,205.0,0.0,False,4.4,False
TL005547,TR005547,DR0047,VH00074,2025-11-08,15.6,6.48,2.6,147,0,0,70,1.3,96.1,False,2.9,False
TL005550,TR005550,DR0038,VH00028,2024-06-09,28.6,6.96,4.5,162,0,0,66,6.0,94.9,False,4.3,False
TL005551,TR005551,DR0042,VH00047,2024-10-14,76.4,11.76,7.1,118,0,0,92,5.9,93.6,False,5.0,False
TL005552,TR005552,DR0021,VH00032,2026-05-16,371.3,10.56,38.4,82,5,5,103,36.8,71.3,False,4.0,False
TL005553,TR005553,DR0007,VH00007,2026-03-06,75.4,24.0,3.4,120,5,4,731,42.6,39.2,False,4.4,False
TL005555,TR005555,DR0017,VH00081,2023-07-07,15.2,2.64,6.3,124,0,0,36,2.0,97.6,False,4.1,False
TL005557,TR005557,DR0023,VH00114,2026-01-23,936.4,90.24,11.3,177,8,6,634,40.1,38.3,False,3.6,False
TL005562,TR005562,DR0029,VH00019,2022-10-08,386.7,37.44,11.3,80,6,8,237,75.2,48.6,False,4.4,False
TL005563,TR005563,DR0029,VH00007,2023-08-27,31.0,48.72,0.7,145,0,0,624,3.1,67.9,False,3.3,False
TL005566,TR005566,DR0036,VH00020,2026-01-25,33.7,57.36,0.6,129,0,0,863,4.5,55.5,False,4.1,False
TL005567,TR005567,DR0009,VH00106,2025-06-06,190.7,77.04,2.7,88,0,0,277,6.4,84.2,False,3.9,False
TL005572,TR005572,DR0035,VH00106,2025-11-11,366.7,3.6,111.1,99,13,16,75,81.8,36.2,False,4.7,False
TL005582,TR005582,DR0043,VH00061,2026-04-04,393.5,10.8,39.7,94,2,3,63,26.6,82.9,False,4.9,False
TL005587,TR005587,DR0003,VH00116,2026-06-24,50.4,104.4,0.5,120,3,3,1868,30.2,0.0,False,4.7,False
TL005588,TR005588,DR0018,VH00031,2023-12-03,77.6,686.16,0.1,114,0,0,2806,4.3,0.0,False,3.8,False
TL005590,TR005590,DR0038,VH00032,2026-03-26,1397.9,27.84,54.8,89,19,31,425,115.7,0.0,False,4.3,False
TL005595,TR005595,DR0007,VH00013,2024-04-19,20.3,139.68,0.2,151,1,1,2188,9.7,0.0,False,4.2,False
TL005597,TR005597,DR0007,VH00015,2024-06-12,1351.4,34.56,42.7,124,99,71,782,292.6,0.0,False,2.9,False
TL005600,TR005600,DR0033,VH00078,2026-01-26,1456.1,11.04,143.9,80,28,35,157,267.9,0.0,False,4.2,False
TL005602,TR005602,DR0020,VH00022,2022-12-10,389.1,5.76,73.7,124,8,7,75,86.0,51.5,False,4.5,False
TL005603,TR005603,DR0041,VH00061,2022-07-08,16.0,160.08,0.1,171,0,0,631,1.1,68.1,False,4.1,False
TL005607,TR005607,DR0011,VH00084,2025-04-13,1534.7,39.6,42.3,123,13,16,205,156.7,7.2,False,4.1,False
TL005608,TR005608,DR0038,VH00034,2024-12-01,1369.2,42.48,35.2,119,27,20,676,117.8,0.0,False,3.3,False
TL005610,TR005610,DR0015,VH00031,2024-11-17,30.9,190.08,0.2,166,0,0,2712,6.4,0.0,False,4.4,False
TL005611,TR005611,DR0007,VH00023,2023-02-26,67.3,60.96,1.2,147,4,2,1139,31.8,25.5,False,4.6,False
TL005612,TR005612,DR0057,VH00008,2022-12-03,62.2,19.68,3.4,124,0,0,78,2.5,95.3,False,4.7,False
TL005613,TR005613,DR0002,VH00064,2026-05-22,498.6,10.8,50.4,111,21,14,157,158.4,0.0,False,4.2,False
TL005614,TR005614,DR0032,VH00058,2026-06-11,900.7,818.4,1.2,149,11,7,5872,70.9,0.0,False,4.7,False
TL005615,TR005615,DR0041,VH00104,2023-06-13,386.2,52.56,8.0,95,4,3,226,26.0,71.9,False,5.0,False
TL005616,TR005616,DR0039,VH00004,2025-09-01,1440.2,126.96,12.4,110,26,33,1754,252.8,0.0,False,4.5,False
TL005618,TR005618,DR0029,VH00119,2023-06-09,377.3,10.32,39.9,125,7,7,76,63.5,59.7,False,4.5,False
TL005624,TR005624,DR0042,VH00061,2023-02-28,39.2,7.68,5.6,165,0,0,48,2.7,96.8,False,3.2,False
TL005625,TR005625,DR0058,VH00042,2024-02-06,73.8,41.04,2.0,122,1,1,501,6.0,70.7,False,4.0,False
TL005626,TR005626,DR0023,VH00059,2023-05-14,78.5,14.4,5.9,177,0,0,63,2.8,96.0,False,3.5,False
TL005627,TR005627,DR0009,VH00020,2022-03-06,37.2,21.36,1.9,174,0,0,76,1.0,95.9,False,4.4,False
TL005630,TR005630,DR0059,VH00010,2024-06-21,11.9,785.04,0.0,96,0,0,6022,1.8,0.0,False,4.7,False
TL005631,TR005631,DR0047,VH00078,2025-05-25,382.2,8.4,49.6,152,5,9,60,65.9,60.7,False,3.7,False
TL005635,TR005635,DR0025,VH00117,2026-01-28,257.2,40.08,7.0,103,5,6,390,54.6,50.6,False,3.4,False
TL005639,TR005639,DR0036,VH00062,2024-07-16,768.9,41.52,20.2,112,16,12,663,170.2,0.0,False,4.3,False
TL005642,TR005642,DR0020,VH00053,2022-01-26,41.9,12.0,3.8,106,0,0,181,3.2,90.0,False,4.2,False
TL005643,TR005643,DR0055,VH00041,2024-01-02,380.3,8.4,49.4,153,6,6,103,54.0,63.6,False,4.1,False
TL005645,TR005645,DR0026,VH00042,2026-01-05,24.0,734.64,0.0,116,0,0,16104,7.2,0.0,False,4.3,False
TL005646,TR005646,DR0047,VH00024,2024-04-23,15.0,12.0,1.4,85,0,0,180,1.5,90.5,False,4.9,False
TL005648,TR005648,DR0043,VH00022,2024-10-04,323.1,30.24,11.7,152,2,3,184,16.9,79.7,False,5.0,False
TL005653,TR005653,DR0007,VH00007,2024-06-06,70.0,11.76,6.5,85,4,3,262,41.1,65.6,False,3.3,False
TL005655,TR005655,DR0010,VH00058,2026-04-11,365.7,6.96,57.3,91,2,2,62,13.0,88.0,False,5.0,False
TL005658,TR005658,DR0028,VH00095,2026-05-05,33.6,9.84,3.7,97,0,0,76,3.1,95.3,False,3.3,False
TL005659,TR005659,DR0055,VH00016,2024-07-16,40.4,13.2,3.3,96,0,1,114,5.8,91.6,False,3.6,False
TL005660,TR005660,DR0022,VH00119,2026-03-08,30.9,21.6,1.6,96,0,0,118,2.6,93.3,False,3.4,False
TL005662,TR005662,DR0029,VH00084,2024-06-26,30.9,164.88,0.2,120,0,0,2208,5.7,0.0,False,3.9,False
TL005664,TR005664,DR0056,VH00061,2026-06-07,1214.0,10.32,128.3,156,11,10,48,51.6,55.6,False,3.5,False
TL005670,TR005670,DR0048,VH00034,2023-08-13,75.0,8.4,9.7,98,0,0,36,2.4,97.5,False,4.2,False
TL005671,TR005671,DR0054,VH00065,2025-12-12,372.9,3.36,121.1,164,2,4,12,36.0,81.6,False,4.1,False
TL005672,TR005672,DR0052,VH00021,2025-03-18,34.5,10.32,3.6,139,0,0,34,0.7,98.1,False,3.9,False
TL005677,TR005677,DR0052,VH00022,2026-06-28,1231.7,51.6,26.0,115,3,4,83,51.6,71.9,False,5.0,False
TL005680,TR005680,DR0058,VH00021,2023-03-21,390.0,9.12,46.7,143,8,8,59,87.6,50.8,False,3.8,False
TL005682,TR005682,DR0021,VH00010,2024-08-15,71.4,21.84,3.6,90,1,1,346,7.0,78.1,False,3.7,False
TL005683,TR005683,DR0048,VH00047,2026-05-18,68.1,9.12,8.1,131,0,0,33,1.2,98.0,False,4.5,False
TL005687,TR005687,DR0046,VH00061,2022-06-16,543.0,25.68,23.1,94,39,41,576,109.1,0.0,False,4.6,False
TL005693,TR005693,DR0004,VH00112,2022-04-08,41.5,82.8,0.5,103,0,0,1042,5.1,46.4,False,3.8,False
TL005694,TR005694,DR0034,VH00039,2023-02-11,25.7,33.36,0.8,130,0,0,239,2.9,87.2,False,4.4,False
TL005695,TR005695,DR0026,VH00110,2024-09-01,74.4,17.28,4.7,150,2,2,178,11.0,82.8,False,3.6,False
TL005697,TR005697,DR0057,VH00004,2022-12-01,557.6,152.88,4.0,88,1,2,502,11.4,68.0,False,4.4,False
TL005699,TR005699,DR0019,VH00018,2023-12-28,498.6,55.2,9.9,177,14,12,1221,172.2,0.0,False,3.7,False
TL005701,TR005701,DR0005,VH00073,2024-03-18,383.8,6.72,62.3,119,3,3,27,25.4,83.5,False,3.8,False
TL005703,TR005703,DR0026,VH00084,2022-12-17,52.2,14.4,4.0,107,1,1,344,11.9,76.7,False,3.9,False
TL005704,TR005704,DR0015,VH00037,2026-02-01,15.7,70.56,0.2,165,0,0,936,2.0,52.6,False,4.0,False
TL005705,TR005705,DR0002,VH00031,2024-12-27,1231.7,72.0,18.7,124,61,53,1632,178.1,0.0,False,3.9,False
TL005707,TR005707,DR0010,VH00095,2026-01-23,59.0,71.76,0.9,129,0,0,536,5.7,71.5,False,4.9,False
TL005713,TR005713,DR0027,VH00053,2026-01-07,44.3,15.36,3.1,106,0,0,60,2.5,96.2,False,4.7,False
TL005714,TR005714,DR0010,VH00028,2022-11-28,1238.9,6.72,201.1,137,14,13,54,83.8,38.2,False,4.1,False
TL005715,TR005715,DR0034,VH00088,2023-05-02,71.0,15.12,5.1,127,1,1,167,11.1,85.8,False,4.8,False
TL005717,TR005717,DR0058,VH00064,2024-08-01,27.9,10.8,2.8,93,0,0,105,4.8,93.3,False,3.8,False
TL005721,TR005721,DR0058,VH00069,2024-04-08,58.0,22.08,2.9,141,1,1,230,6.9,83.9,False,4.7,False
TL005722,TR005722,DR0017,VH00008,2024-08-21,543.0,7.92,74.8,161,13,10,86,72.9,44.3,False,4.7,False
TL005724,TR005724,DR0051,VH00084,2024-12-07,73.0,61.2,1.3,125,1,1,814,6.6,54.8,False,4.1,False
TL005727,TR005727,DR0047,VH00015,2024-01-16,1274.4,11.52,120.7,159,25,25,96,177.4,0.0,False,4.8,False
TL005728,TR005728,DR0024,VH00010,2022-11-21,364.6,62.16,6.4,82,4,4,425,34.6,58.4,False,4.8,False
TL005729,TR005729,DR0010,VH00044,2025-03-01,79.5,8.88,9.8,105,0,0,46,5.2,96.1,False,4.5,False
TL005730,TR005730,DR0048,VH00092,2023-11-04,1432.9,4.32,361.8,162,6,5,11,22.5,78.7,False,4.2,False
TL005732,TR005732,DR0025,VH00095,2025-12-10,45.0,28.56,1.7,89,0,1,216,7.4,86.0,False,3.4,False
TL005733,TR005733,DR0034,VH00110,2024-10-20,25.9,19.44,1.5,164,0,0,190,4.1,89.3,False,4.3,False
TL005736,TR005736,DR0040,VH00092,2023-09-05,73.9,54.96,1.5,141,1,1,824,9.2,53.5,False,4.4,False
TL005741,TR005741,DR0007,VH00004,2022-12-08,393.3,9.12,47.0,93,31,26,99,197.1,0.0,False,3.7,True
TL005742,TR005742,DR0005,VH00051,2025-12-25,79.6,17.76,4.9,176,0,0,67,2.9,95.8,False,5.0,False
TL005745,TR005745,DR0041,VH00018,2026-06-24,52.1,33.36,1.7,123,0,0,113,2.8,93.5,False,4.1,False
TL005749,TR005749,DR0003,VH00068,2022-12-11,1385.6,16.08,94.0,107,117,97,397,290.1,0.0,False,3.8,False
TL005750,TR005750,DR0046,VH00021,2022-02-14,20.5,15.84,1.4,160,1,1,382,6.6,76.4,False,4.6,False
TL005751,TR005751,DR0020,VH00069,2022-08-05,11.4,2.64,4.7,179,0,0,33,2.1,97.7,False,3.6,False
TL005753,TR005753,DR0013,VH00013,2024-03-03,15.3,9.84,1.7,114,0,0,73,0.7,96.1,False,4.1,False
TL005755,TR005755,DR0031,VH00071,2024-06-14,1461.1,6.72,237.2,118,34,37,40,206.5,0.0,False,3.7,False
TL005759,TR005759,DR0021,VH00061,2025-06-19,1468.7,143.28,11.2,130,31,32,1413,316.4,0.0,False,4.6,False
TL005760,TR005760,DR0042,VH00025,2026-04-24,53.3,18.72,3.1,86,0,0,128,5.1,92.1,False,4.3,False
TL005761,TR005761,DR0044,VH00074,2024-12-21,121.6,45.6,2.9,135,2,1,299,26.3,73.2,False,4.2,True
TL005763,TR005763,DR0019,VH00038,2024-01-18,51.6,129.36,0.4,92,1,1,2150,16.6,0.0,False,3.8,False
TL005764,TR005764,DR0036,VH00016,2023-08-21,64.6,214.8,0.3,159,1,1,1195,13.8,33.6,False,3.7,False
TL005766,TR005766,DR0041,VH00095,2026-01-28,49.8,779.04,0.1,90,0,0,3970,3.1,0.0,False,4.3,False
TL005769,TR005769,DR0031,VH00063,2023-08-02,57.6,12.24,5.1,153,0,1,134,10.3,89.2,False,4.9,False
TL005770,TR005770,DR0041,VH00104,2022-09-13,23.3,10.08,2.5,173,0,0,66,1.9,96.1,False,3.1,False
TL005771,TR005771,DR0059,VH00073,2026-02-27,31.5,70.8,0.5,117,0,0,661,5.7,65.2,False,3.8,False
TL005772,TR005772,DR0003,VH00023,2022-10-14,163.4,15.84,11.3,96,13,11,471,94.6,17.6,False,4.3,False
TL005777,TR005777,DR0058,VH00025,2025-01-23,1473.5,6.48,248.1,161,24,24,45,177.3,0.0,False,3.9,False
TL005778,TR005778,DR0015,VH00063,2025-10-14,18.1,19.68,1.0,137,0,0,169,2.7,90.7,False,4.4,False
TL005785,TR005785,DR0023,VH00078,2026-04-04,386.7,29.76,14.2,127,2,3,100,13.7,84.9,False,4.2,False
TL005786,TR005786,DR0032,VH00028,2026-02-03,53.4,38.16,1.5,160,0,0,133,4.0,92.1,False,4.4,False
TL005787,TR005787,DR0003,VH00019,2026-03-19,61.8,38.4,1.8,158,5,3,942,14.6,38.0,False,5.0,False
TL005790,TR005790,DR0033,VH00047,2026-02-04,1171.3,4.56,280.2,157,19,29,49,257.9,0.0,False,4.3,False
TL005791,TR005791,DR0013,VH00091,2023-12-12,1440.2,39.36,39.9,109,14,13,126,100.8,29.5,False,4.0,False
TL005792,TR005792,DR0038,VH00061,2026-05-20,383.7,8.16,51.3,108,9,8,82,40.5,62.3,False,3.6,False
TL005793,TR005793,DR0021,VH00092,2023-09-26,370.9,87.6,4.6,126,6,5,1022,78.2,11.4,False,4.0,False
TL005799,TR005799,DR0015,VH00116,2026-01-02,14.3,10.08,1.5,143,0,0,91,1.5,95.0,False,5.0,False
TL005801,TR005801,DR0043,VH00068,2023-06-17,76.3,160.08,0.5,164,0,0,523,5.2,72.3,False,4.4,False
TL005802,TR005802,DR0002,VH00059,2026-04-13,1468.7,102.48,15.6,129,65,52,2325,354.8,0.0,False,3.5,False
TL005804,TR005804,DR0008,VH00068,2025-07-07,1202.7,10.32,127.1,135,19,28,67,249.2,0.0,False,3.6,False
TL005808,TR005808,DR0012,VH00024,2023-10-07,337.8,4.56,80.8,82,15,13,65,102.3,30.6,False,3.6,False
TL005811,TR005811,DR0015,VH00057,2025-11-18,1404.4,60.48,25.3,100,25,25,776,308.3,0.0,False,4.6,False
TL005812,TR005812,DR0026,VH00118,2025-04-04,15.7,6.48,2.6,139,0,0,162,3.9,90.7,False,4.2,False
TL005816,TR005816,DR0039,VH00110,2022-03-20,168.8,21.12,8.7,113,2,3,193,16.2,79.5,False,4.2,False
TL005817,TR005817,DR0007,VH00004,2023-11-16,49.3,110.16,0.5,158,2,2,1833,27.0,0.0,False,3.4,False
TL005818,TR005818,DR0020,VH00058,2023-09-08,40.3,9.6,4.6,153,1,0,146,4.4,89.9,False,3.2,False
TL005821,TR005821,DR0056,VH00039,2023-03-03,257.2,2.64,106.3,169,2,3,12,26.2,85.5,False,4.1,False
TL005825,TR005825,DR0058,VH00046,2025-01-02,11.3,21.12,0.6,114,0,0,248,2.2,86.9,False,3.4,False
TL005826,TR005826,DR0007,VH00112,2024-10-01,40.6,19.44,2.3,140,3,2,372,11.6,71.4,False,4.4,False
TL005827,TR005827,DR0028,VH00024,2026-03-10,63.6,10.32,6.7,100,0,0,66,5.1,95.2,False,3.2,False
TL005828,TR005828,DR0038,VH00037,2024-06-15,337.8,13.44,27.4,123,7,6,140,70.6,55.3,False,3.9,False
TL005829,TR005829,DR0010,VH00024,2024-05-08,382.6,3.84,108.7,85,4,4,22,13.6,84.8,False,3.2,False
TL005830,TR005830,DR0018,VH00087,2022-11-11,41.5,11.28,4.0,142,0,0,90,3.8,94.4,False,4.3,False
TL005834,TR005834,DR0031,VH00081,2022-01-01,69.8,15.36,5.0,172,1,1,85,7.7,90.9,False,3.4,False
TL005835,TR005835,DR0038,VH00114,2025-10-19,27.0,47.52,0.6,174,0,0,456,4.7,75.8,False,3.7,False
TL005839,TR005839,DR0058,VH00052,2022-07-13,53.5,21.6,2.7,84,0,0,142,10.7,89.7,False,5.0,False
TL005840,TR005840,DR0047,VH00104,2023-12-27,67.4,29.28,2.5,100,1,1,288,5.5,81.4,False,4.5,False
TL005842,TR005842,DR0016,VH00024,2024-09-14,1468.7,25.68,62.4,125,12,14,153,63.3,41.4,False,3.1,False
TL005845,TR005845,DR0048,VH00056,2022-05-25,10.7,146.64,0.1,176,0,0,255,0.2,87.2,False,3.5,False
TL005846,TR005846,DR0037,VH00048,2025-06-10,14.4,140.16,0.1,152,0,0,1583,1.1,20.5,False,3.7,False
TL005847,TR005847,DR0009,VH00052,2025-06-21,768.9,45.84,18.3,116,2,3,84,32.7,80.0,False,4.0,True
TL005848,TR005848,DR0032,VH00087,2022-02-19,1440.2,57.6,27.3,90,16,13,395,61.2,24.9,False,4.6,False
TL005851,TR005851,DR0046,VH00065,2023-07-01,1468.7,62.64,25.6,98,125,68,674,362.0,0.0,False,4.6,False
TL005853,TR005853,DR0039,VH00040,2026-04-26,60.6,14.64,4.5,113,1,1,161,10.4,86.3,False,3.6,False
TL005858,TR005858,DR0034,VH00042,2022-11-23,66.8,805.44,0.1,163,1,1,8204,8.8,0.0,False,4.0,False
TL005862,TR005862,DR0005,VH00064,2025-04-18,386.7,8.64,48.8,146,4,3,30,40.1,77.5,False,4.7,False
TL005863,TR005863,DR0024,VH00020,2023-03-12,363.4,38.88,10.2,149,3,3,335,21.6,69.3,False,4.4,False
TL005864,TR005864,DR0016,VH00019,2022-12-10,78.9,13.44,6.4,132,0,0,86,5.2,94.1,False,4.1,False
TL005865,TR005865,DR0036,VH00112,2022-12-19,28.2,7.44,4.1,170,0,0,53,5.7,95.6,False,4.1,False
TL005869,TR005869,DR0012,VH00058,2025-09-01,1440.2,40.32,39.0,87,40,50,816,527.7,0.0,False,4.1,False
TL005871,TR005871,DR0054,VH00058,2025-12-27,52.3,17.28,3.3,109,0,0,88,4.4,94.3,False,4.2,False
TL005872,TR005872,DR0046,VH00054,2022-01-28,257.2,66.72,4.2,131,22,16,1610,125.1,0.0,False,4.5,False
TL005874,TR005874,DR0020,VH00095,2024-11-20,21.4,11.28,2.1,148,0,0,100,2.7,94.2,False,4.9,False
TL005876,TR005876,DR0011,VH00068,2024-10-10,1403.5,53.28,28.7,123,11,18,231,145.5,10.3,False,3.3,False
TL005877,TR005877,DR0020,VH00081,2026-02-21,382.8,67.68,6.2,96,8,5,651,68.7,29.8,False,3.4,False
TL005878,TR005878,DR0013,VH00041,2026-06-17,15.1,77.76,0.2,176,0,0,300,0.9,84.7,False,4.7,False
TL005879,TR005879,DR0021,VH00047,2024-01-17,171.4,14.64,12.8,161,3,2,119,20.6,81.4,False,4.5,True
TL005881,TR005881,DR0032,VH00025,2026-02-07,337.8,15.84,23.3,148,3,3,84,31.5,78.8,False,5.0,False
TL005883,TR005883,DR0060,VH00048,2026-04-06,59.0,11.28,5.7,141,0,0,62,5.9,95.1,False,4.1,False
TL005885,TR005885,DR0005,VH00020,2025-04-03,56.4,13.44,4.6,176,0,0,116,3.9,93.0,False,4.1,False
TL005886,TR005886,DR0005,VH00056,2024-11-17,364.6,9.84,40.4,138,4,3,57,33.4,78.1,False,2.6,False
TL005888,TR005888,DR0010,VH00091,2026-06-17,525.5,218.16,2.6,140,5,5,744,37.7,39.0,False,4.4,False
TL005889,TR005889,DR0044,VH00019,2023-07-11,131.2,61.92,2.3,140,2,2,614,12.6,60.5,False,4.3,False
TL005890,TR005890,DR0003,VH00095,2024-09-14,404.3,70.8,6.2,116,31,29,1882,95.8,0.0,False,4.1,False
TL005893,TR005893,DR0053,VH00026,2023-09-20,67.4,19.68,3.7,139,0,0,78,3.9,94.9,False,3.6,False
TL005894,TR005894,DR0010,VH00062,2022-10-09,1434.9,5.04,310.6,109,15,15,44,56.6,43.3,False,3.7,False
TL005895,TR005895,DR0037,VH00091,2025-07-18,323.1,24.0,14.7,172,5,4,195,46.4,64.8,False,4.2,False
TL005896,TR005896,DR0022,VH00073,2026-04-28,75.7,67.44,1.2,102,1,1,569,10.2,66.0,False,4.2,False
TL005901,TR005901,DR0055,VH00095,2022-02-20,33.0,14.16,2.5,125,0,0,139,7.4,90.8,False,3.5,False
TL005902,TR005902,DR0005,VH00034,2024-02-03,78.1,21.84,3.9,102,0,0,163,8.1,89.4,False,3.3,False
TL005905,TR005905,DR0007,VH00115,2023-11-21,71.0,23.28,3.3,94,5,4,513,24.4,55.5,False,4.0,False
TL005907,TR005907,DR0008,VH00081,2026-01-05,26.6,72.0,0.4,92,0,0,928,4.5,52.2,False,4.5,False
TL005908,TR005908,DR0020,VH00073,2022-01-20,543.0,71.04,8.3,176,11,11,799,98.8,2.9,False,4.4,False
TL005909,TR005909,DR0002,VH00073,2024-07-07,72.2,22.08,3.6,129,3,2,354,18.7,70.2,False,4.0,False
TL005911,TR005911,DR0007,VH00078,2026-05-15,14.8,19.2,0.8,120,0,0,354,4.6,80.9,False,5.0,False
TL005917,TR005917,DR0034,VH00048,2022-06-08,63.4,50.88,1.4,169,1,0,371,9.0,77.2,False,4.3,False
TL005920,TR005920,DR0007,VH00021,2025-04-24,936.4,54.96,18.6,86,76,67,1330,319.2,0.0,False,4.6,False
TL005923,TR005923,DR0003,VH00062,2022-03-08,1488.7,12.0,135.3,158,76,109,189,307.5,0.0,False,4.4,False
TL005924,TR005924,DR0051,VH00039,2022-07-22,69.4,22.8,3.3,90,1,1,250,5.7,83.3,False,3.7,False
TL005927,TR005927,DR0057,VH00110,2022-10-18,936.4,61.68,16.6,147,4,4,153,17.6,77.1,False,4.5,True
TL005928,TR005928,DR0059,VH00043,2024-05-05,34.1,15.84,2.3,167,0,0,93,3.7,94.2,False,3.8,False
TL005929,TR005929,DR0047,VH00036,2024-06-13,11.8,21.36,0.6,84,0,0,304,1.3,84.4,False,4.7,False
TL005931,TR005931,DR0043,VH00102,2024-02-22,44.7,16.8,2.9,95,0,0,92,1.6,94.9,False,4.1,False
TL005932,TR005932,DR0033,VH00118,2024-06-20,68.3,70.32,1.1,96,0,1,462,8.1,73.5,False,4.1,False
TL005933,TR005933,DR0012,VH00088,2022-05-09,404.3,59.28,7.4,118,11,12,742,105.7,2.7,False,4.3,False
TL005935,TR005935,DR0028,VH00074,2026-05-19,79.0,183.36,0.5,117,0,0,729,5.4,61.9,False,4.1,False
TL005936,TR005936,DR0022,VH00004,2022-04-06,323.1,60.72,5.8,128,5,7,568,53.3,41.1,False,3.5,False
TL005937,TR005937,DR0055,VH00013,2022-07-23,30.9,58.8,0.6,80,0,0,372,5.5,79.8,False,5.0,False
TL005938,TR005938,DR0035,VH00068,2025-07-06,48.4,7.2,7.3,151,1,2,147,15.5,84.5,False,3.9,False
TL005939,TR005939,DR0058,VH00116,2022-12-14,1483.9,48.96,33.1,119,22,23,407,204.4,0.0,False,4.3,False
TL005942,TR005942,DR0009,VH00106,2023-10-11,73.2,9.36,8.5,129,0,0,34,2.4,97.6,False,5.0,False
TL005949,TR005949,DR0041,VH00094,2024-01-28,543.0,163.68,3.6,131,4,6,1405,26.2,9.9,False,3.7,False
TL005950,TR005950,DR0016,VH00042,2022-11-23,1422.1,3.36,461.7,170,17,15,14,53.4,42.8,False,4.6,False
TL005955,TR005955,DR0059,VH00084,2023-11-14,44.7,37.92,1.3,138,0,0,593,6.7,68.3,False,4.3,False
TL005956,TR005956,DR0058,VH00044,2022-09-23,1440.2,44.64,35.2,162,31,20,715,271.5,0.0,False,3.6,False
TL005957,TR005957,DR0039,VH00114,2025-07-13,1458.3,48.72,32.7,154,30,23,570,256.3,0.0,False,4.2,False
TL005958,TR005958,DR0059,VH00019,2026-06-27,1534.7,24.24,69.1,104,37,25,390,162.1,0.0,False,5.0,False
TL005959,TR005959,DR0032,VH00032,2023-03-22,386.7,3.6,117.2,125,4,4,32,14.1,84.2,False,3.6,False
TL005961,TR005961,DR0015,VH00008,2026-06-26,29.9,8.4,3.9,101,0,0,111,2.9,93.6,False,4.9,False
TL005964,TR005964,DR0010,VH00118,2024-10-08,14.6,6.72,2.4,141,0,0,43,0.8,97.6,False,4.4,False
TL005965,TR005965,DR0051,VH00026,2026-04-01,1552.2,39.12,43.3,111,36,34,594,337.4,0.0,False,4.7,False
TL005966,TR005966,DR0046,VH00028,2023-06-25,345.2,39.84,9.5,120,23,22,1123,162.7,0.0,False,4.9,False
TL005969,TR005969,DR0029,VH00024,2025-02-05,50.4,16.56,3.3,156,1,1,218,6.1,84.8,False,4.8,False
TL005970,TR005970,DR0033,VH00106,2024-01-21,389.8,49.44,8.6,171,6,5,700,45.4,37.4,False,4.4,False
TL005971,TR005971,DR0053,VH00069,2024-12-14,257.2,63.84,4.4,174,1,2,414,13.8,71.7,False,3.7,False
TL005972,TR005972,DR0031,VH00054,2022-02-22,14.6,18.72,0.9,119,0,0,159,1.3,91.7,False,3.4,False
TL005974,TR005974,DR0037,VH00041,2022-07-05,23.3,14.16,1.8,115,0,0,171,4.3,90.2,False,5.0,False
TL005976,TR005976,DR0059,VH00046,2022-10-11,498.6,8.16,66.7,172,10,8,86,94.3,44.4,False,4.7,False
TL005981,TR005981,DR0002,VH00062,2022-01-17,175.8,38.16,5.0,114,8,8,688,37.9,34.2,False,4.1,False
TL005982,TR005982,DR0017,VH00117,2022-07-13,14.6,6.48,2.5,154,0,0,52,2.8,96.6,False,4.4,False
TL005985,TR005985,DR0058,VH00089,2024-12-19,1208.9,147.6,8.9,125,23,26,1226,92.1,0.0,False,4.0,False
TL005991,TR005991,DR0041,VH00080,2024-09-26,543.0,177.12,3.3,122,5,5,626,22.7,49.4,False,3.2,False
TL005994,TR005994,DR0002,VH00051,2023-11-22,72.5,57.12,1.4,159,3,2,590,9.1,61.3,False,4.4,False
TL005996,TR005996,DR0018,VH00115,2023-12-12,498.6,19.68,27.6,86,3,5,142,34.4,73.1,False,4.0,False
TL005997,TR005997,DR0010,VH00039,2022-10-25,1197.3,16.08,81.2,88,10,10,129,90.5,41.4,False,4.7,True
TL006000,TR006000,DR0004,VH00011,2024-03-18,50.3,192.72,0.3,138,0,1,1422,7.8,25.6,False,2.6,False
TL006001,TR006001,DR0003,VH00104,2026-01-05,363.2,5.52,71.8,151,29,16,103,107.6,3.1,False,3.9,False
TL006007,TR006007,DR0013,VH00051,2026-06-16,15.2,19.44,0.9,165,0,0,94,1.2,94.9,False,5.0,False
TL006009,TR006009,DR0053,VH00080,2025-05-20,60.8,19.2,3.5,135,0,0,139,5.0,91.5,False,3.3,False
TL006010,TR006010,DR0007,VH00011,2023-04-02,1478.4,3.12,516.9,175,131,106,53,456.7,0.0,False,5.0,False
TL006016,TR006016,DR0021,VH00102,2025-07-15,27.8,19.92,1.5,112,0,0,162,3.5,90.9,False,3.9,False
TL006017,TR006017,DR0005,VH00102,2025-07-11,364.6,60.96,6.5,141,4,3,355,23.5,66.2,False,4.1,False
TL006019,TR006019,DR0043,VH00037,2022-12-22,1552.2,36.24,46.7,92,10,18,115,142.3,18.6,False,4.0,False
TL006021,TR006021,DR0051,VH00064,2022-06-17,74.3,117.36,0.7,152,1,1,1090,15.5,38.4,False,3.6,False
TL006022,TR006022,DR0047,VH00051,2023-03-27,46.9,71.04,0.7,162,1,0,955,4.4,49.4,False,3.7,False
TL006028,TR006028,DR0007,VH00110,2023-11-05,50.2,8.16,6.7,102,3,3,184,12.5,79.5,False,5.0,False
TL006029,TR006029,DR0026,VH00053,2022-09-25,166.7,45.12,4.0,96,7,6,609,47.5,38.8,False,3.9,False
TL006030,TR006030,DR0009,VH00040,2022-10-14,48.8,8.16,6.5,175,0,0,15,1.8,98.7,False,5.0,True
TL006034,TR006034,DR0060,VH00052,2024-10-10,62.3,8.16,8.3,86,0,0,53,4.4,96.0,False,4.7,False
TL006037,TR006037,DR0026,VH00062,2022-12-24,557.6,784.32,0.8,108,18,23,8480,191.8,0.0,False,4.9,False
TL006047,TR006047,DR0005,VH00056,2023-07-05,32.7,36.48,1.0,93,0,0,111,1.7,93.9,False,4.4,False
TL006050,TR006050,DR0005,VH00056,2024-11-18,936.4,51.6,19.8,146,10,11,351,84.4,31.1,False,4.4,False
TL006051,TR006051,DR0059,VH00017,2024-06-18,370.3,2.88,140.3,127,8,9,20,81.4,53.6,False,4.2,False
TL006052,TR006052,DR0029,VH00024,2022-10-25,10.7,17.52,0.7,91,0,0,100,1.0,94.7,False,5.0,False
TL006053,TR006053,DR0022,VH00019,2022-11-03,57.1,15.12,4.1,150,1,0,108,10.2,90.0,False,4.8,False
TL006055,TR006055,DR0056,VH00022,2025-06-13,73.3,5.52,14.5,100,0,0,34,6.5,96.3,False,4.0,False
TL006059,TR006059,DR0034,VH00069,2025-09-03,75.6,25.92,3.2,107,1,1,290,7.9,80.6,False,3.5,False
TL006060,TR006060,DR0024,VH00040,2022-06-17,1231.7,60.72,22.1,169,14,15,361,99.0,16.3,False,3.6,True
TL006062,TR006062,DR0048,VH00107,2025-09-04,543.0,4.56,129.9,99,2,2,8,19.0,88.9,False,4.1,False
TL006064,TR006064,DR0042,VH00040,2022-08-28,960.3,15.84,66.1,169,10,9,92,57.6,54.1,False,4.8,False
TL006071,TR006071,DR0024,VH00104,2025-02-12,390.0,48.0,8.9,106,5,2,306,24.3,67.9,False,3.8,False
TL006073,TR006073,DR0043,VH00071,2026-04-25,364.6,738.0,0.5,80,2,4,2252,31.2,0.0,False,4.2,False
TL006074,TR006074,DR0052,VH00039,2023-01-11,75.2,19.92,4.1,150,0,0,72,3.3,95.4,False,5.0,False
TL006075,TR006075,DR0032,VH00111,2023-07-06,16.0,9.6,1.8,141,0,0,75,0.6,96.1,False,3.5,False
TL006076,TR006076,DR0051,VH00051,2026-05-27,23.9,67.68,0.4,93,0,0,748,2.2,61.9,False,5.0,False
TL006078,TR006078,DR0018,VH00107,2024-09-21,398.9,89.28,4.9,175,3,2,547,39.8,54.2,False,4.5,False
TL006079,TR006079,DR0003,VH00020,2023-06-01,14.8,804.48,0.0,158,0,0,16898,5.1,0.0,False,4.2,False
TL006082,TR006082,DR0036,VH00064,2024-06-06,19.3,147.12,0.1,149,0,0,1113,2.0,43.7,False,4.8,False
TL006085,TR006085,DR0038,VH00102,2022-06-11,1534.7,14.16,118.2,119,34,25,164,327.2,0.0,False,4.0,False
TL006089,TR006089,DR0059,VH00080,2025-05-13,48.1,60.24,0.9,100,1,1,419,7.9,74.2,False,5.0,False
TL006092,TR006092,DR0031,VH00099,2024-02-07,29.6,10.56,3.1,164,0,0,97,6.4,93.2,False,4.6,False
TL006094,TR006094,DR0010,VH00022,2023-02-03,42.6,28.8,1.6,149,0,0,213,3.4,88.3,False,3.9,False
TL006095,TR006095,DR0003,VH00016,2022-01-28,364.6,7.68,51.8,169,30,16,184,111.2,0.0,False,5.0,False
TL006103,TR006103,DR0058,VH00111,2026-02-11,376.6,91.2,4.5,80,8,6,1294,57.2,0.1,False,4.0,False
TL006104,TR006104,DR0053,VH00048,2022-10-05,543.0,62.88,9.4,172,4,5,279,54.4,58.7,False,3.7,False
TL006108,TR006108,DR0057,VH00061,2025-01-26,498.6,6.0,90.7,176,1,2,10,9.5,93.2,False,2.9,False
TL006109,TR006109,DR0041,VH00058,2025-10-19,165.8,11.76,15.4,90,1,1,41,12.4,91.7,False,3.7,False
TL006110,TR006110,DR0042,VH00062,2023-09-21,28.1,693.84,0.0,124,0,0,5272,2.3,0.0,False,4.0,False
TL006111,TR006111,DR0009,VH00040,2026-03-25,38.8,23.52,1.8,103,0,0,102,1.2,94.5,False,4.2,False
TL006116,TR006116,DR0058,VH00048,2023-06-20,51.6,41.04,1.4,144,1,0,560,11.4,67.1,False,5.0,False
TL006117,TR006117,DR0003,VH00040,2024-01-26,1422.8,141.36,11.0,170,92,106,1816,546.4,0.0,False,5.0,False
TL006121,TR006121,DR0027,VH00011,2023-05-16,71.5,11.28,6.9,89,0,0,70,4.2,95.2,False,3.1,False
TL006125,TR006125,DR0022,VH00112,2025-05-13,74.4,132.72,0.6,114,1,1,1415,14.1,22.5,False,4.2,False
TL006127,TR006127,DR0060,VH00092,2022-07-18,372.1,7.92,51.3,180,3,3,30,38.8,79.4,False,4.5,False
TL006130,TR006130,DR0032,VH00059,2026-05-02,20.5,152.16,0.1,106,0,0,922,0.8,53.7,False,3.9,False
TL006137,TR006137,DR0035,VH00081,2023-11-13,389.1,4.56,93.1,136,15,12,51,83.6,37.9,False,4.7,False
TL006140,TR006140,DR0054,VH00036,2024-07-23,364.6,12.0,33.1,112,3,4,90,13.0,83.1,False,4.4,False
TL006143,TR006143,DR0009,VH00041,2024-06-20,1364.3,9.84,151.3,179,6,6,32,40.9,71.1,False,3.9,False
TL006145,TR006145,DR0056,VH00119,2024-05-14,56.4,771.6,0.1,148,0,0,4422,3.9,0.0,False,3.9,False
TL006149,TR006149,DR0033,VH00069,2022-05-20,323.8,58.08,6.1,133,7,6,649,68.5,30.5,False,4.5,False
TL006152,TR006152,DR0053,VH00068,2026-03-21,55.5,5.28,11.5,143,0,0,45,3.6,96.7,False,4.2,False
TL006153,TR006153,DR0029,VH00062,2025-05-13,19.9,5.76,3.8,93,0,0,56,2.7,96.4,False,5.0,False
TL006154,TR006154,DR0034,VH00115,2023-11-12,498.6,9.36,58.1,161,12,7,62,39.8,60.0,False,3.7,False
TL006155,TR006155,DR0012,VH00044,2026-03-10,59.9,8.4,7.8,169,2,1,152,19.1,82.7,False,4.0,False
TL006159,TR006159,DR0032,VH00020,2022-02-21,1441.3,11.28,139.4,111,15,13,67,53.3,45.2,False,3.7,False
TL006160,TR006160,DR0040,VH00056,2025-01-07,18.7,29.52,0.7,173,0,0,471,1.7,75.9,False,3.9,False
TL006163,TR006163,DR0043,VH00040,2025-04-09,64.4,11.76,6.0,99,0,0,68,6.3,94.7,False,5.0,False
TL006164,TR006164,DR0016,VH00078,2022-12-15,77.4,9.36,9.0,120,0,0,71,4.4,95.1,False,3.6,False
TL006166,TR006166,DR0034,VH00022,2026-01-18,25.8,21.6,1.3,171,0,0,327,5.7,81.9,False,4.6,False
TL006168,TR006168,DR0035,VH00028,2022-12-12,68.0,12.24,6.1,110,2,2,233,10.9,80.1,False,4.0,False
TL006169,TR006169,DR0022,VH00008,2024-09-02,77.3,48.96,1.7,101,1,1,367,15.0,74.7,False,4.7,False
TL006171,TR006171,DR0025,VH00022,2026-04-15,20.3,82.32,0.3,149,0,0,1015,3.8,48.1,False,5.0,False
TL006172,TR006172,DR0040,VH00041,2024-04-04,59.5,15.84,4.1,108,1,1,164,12.6,85.5,False,3.3,False
TL006175,TR006175,DR0038,VH00044,2023-06-18,337.8,35.04,10.5,125,8,6,237,59.1,52.4,False,4.9,False
TL006180,TR006180,DR0043,VH00018,2025-09-27,960.3,53.04,19.8,176,11,11,365,63.5,35.2,False,5.0,False
TL006181,TR006181,DR0010,VH00046,2024-02-08,74.0,10.08,8.0,117,0,0,70,5.5,94.8,False,4.8,False
TL006192,TR006192,DR0054,VH00024,2023-02-11,1440.2,225.12,7.0,164,17,16,1837,95.8,0.0,False,3.2,False
TL006193,TR006193,DR0031,VH00116,2024-11-17,1397.9,7.2,211.8,140,24,34,67,300.4,0.0,False,4.8,False
TL006195,TR006195,DR0007,VH00107,2025-04-09,337.8,49.68,7.4,172,23,24,961,76.8,0.0,False,4.1,False
TL006197,TR006197,DR0025,VH00054,2025-07-21,543.0,41.76,14.2,134,10,11,573,81.8,20.8,False,4.4,False
TL006198,TR006198,DR0027,VH00042,2025-07-13,31.9,17.04,2.0,83,0,0,136,2.0,92.6,False,3.6,False
TL006201,TR006201,DR0060,VH00071,2024-11-05,69.1,189.84,0.4,150,0,0,1176,5.8,39.5,False,3.4,False
TL006202,TR006202,DR0028,VH00034,2022-01-07,1468.7,165.12,9.7,156,10,18,592,144.2,0.0,False,4.4,False
TL006205,TR006205,DR0017,VH00114,2026-04-17,1418.1,67.2,23.0,165,31,21,858,194.2,0.0,False,4.0,False
TL006206,TR006206,DR0037,VH00059,2026-04-13,377.5,115.92,3.6,99,5,6,1579,76.4,0.0,False,4.0,False
TL006208,TR006208,DR0004,VH00106,2022-08-19,384.1,5.52,75.9,159,8,6,40,71.0,58.7,False,4.2,False
TL006213,TR006213,DR0054,VH00032,2022-04-19,41.4,11.04,4.1,143,0,0,83,2.2,95.2,False,4.5,False
TL006214,TR006214,DR0033,VH00032,2024-07-15,11.4,18.72,0.7,110,0,0,168,2.4,90.9,False,4.7,False
TL006216,TR006216,DR0029,VH00064,2025-11-05,395.9,7.44,58.0,179,8,8,72,70.7,55.2,False,5.0,False
TL006217,TR006217,DR0010,VH00011,2025-09-17,44.4,41.76,1.2,142,0,0,276,4.1,85.0,False,4.5,False
TL006222,TR006222,DR0022,VH00065,2023-10-10,543.0,11.52,51.4,112,7,8,157,92.9,45.8,False,4.1,False
TL006223,TR006223,DR0034,VH00042,2026-01-17,51.4,90.24,0.6,172,0,1,1404,9.1,26.1,False,4.2,False
TL006226,TR006226,DR0025,VH00048,2024-11-23,36.8,6.0,6.7,84,0,0,39,7.0,96.0,False,4.1,False
TL006228,TR006228,DR0037,VH00081,2023-06-11,1468.7,31.68,50.6,155,33,27,228,233.2,0.0,False,4.7,False
TL006229,TR006229,DR0036,VH00065,2023-11-27,1288.6,17.76,79.2,159,32,26,256,110.9,0.0,False,4.5,False
TL006231,TR006231,DR0054,VH00064,2025-05-02,1365.2,9.12,163.3,104,12,17,66,125.3,24.1,False,5.0,False
TL006233,TR006233,DR0035,VH00115,2023-12-26,1231.7,809.04,1.7,116,58,47,13737,242.7,0.0,False,4.1,False
TL006234,TR006234,DR0019,VH00034,2023-11-10,52.4,22.8,2.5,112,2,1,253,6.9,81.3,False,4.2,False
TL006236,TR006236,DR0041,VH00111,2026-05-19,57.4,17.52,3.6,156,0,0,126,5.8,92.0,False,3.6,False
TL006237,TR006237,DR0058,VH00092,2025-05-17,76.5,7.68,10.9,127,1,1,88,9.0,90.4,False,4.0,False
TL006240,TR006240,DR0009,VH00034,2024-01-04,257.2,2.64,106.3,176,0,0,5,6.6,97.8,False,4.0,False
TL006241,TR006241,DR0043,VH00081,2024-08-16,15.7,10.56,1.6,127,0,0,86,0.7,95.5,False,4.9,False
TL006242,TR006242,DR0034,VH00005,2022-12-15,1397.9,38.64,39.5,142,23,34,578,299.8,0.0,False,4.7,False
TL006244,TR006244,DR0060,VH00058,2024-04-20,1414.9,50.4,30.6,106,10,14,166,122.6,25.9,False,3.4,False
TL006247,TR006247,DR0018,VH00043,2026-06-12,257.2,56.16,5.0,106,1,2,497,22.4,64.9,False,4.5,False
TL006250,TR006250,DR0007,VH00099,2026-05-19,498.6,31.92,17.0,111,44,27,369,208.1,0.0,False,3.9,False
TL006253,TR006253,DR0057,VH00087,2025-02-26,190.7,145.44,1.4,158,0,0,244,3.4,86.8,False,3.7,False
TL006255,TR006255,DR0017,VH00061,2023-06-24,1365.6,2.4,620.7,152,25,29,21,239.0,0.0,False,4.6,False
TL006256,TR006256,DR0047,VH00063,2026-06-19,66.8,200.88,0.4,115,1,1,1658,14.7,10.2,False,3.6,False
TL006257,TR006257,DR0053,VH00034,2022-07-24,1552.2,40.56,41.7,153,12,17,174,136.6,15.3,False,3.7,False
TL006258,TR006258,DR0048,VH00022,2022-05-05,53.0,14.88,3.9,144,0,0,46,1.6,97.2,False,4.5,False
TL006260,TR006260,DR0015,VH00040,2024-06-09,388.4,6.24,67.9,80,8,9,65,48.7,61.1,False,4.0,False
TL006263,TR006263,DR0009,VH00074,2026-06-16,14.5,15.36,1.0,135,0,0,66,0.5,96.5,False,3.2,False
TL006268,TR006268,DR0020,VH00058,2024-07-05,1356.0,2.64,560.3,155,21,33,42,170.9,0.0,False,4.8,False
TL006269,TR006269,DR0022,VH00081,2026-06-14,19.1,161.04,0.1,129,0,0,2523,2.7,0.0,False,4.0,False
TL006270,TR006270,DR0049,VH00115,2022-12-12,15.3,35.28,0.5,140,0,0,293,1.1,85.0,False,4.3,False
TL006273,TR006273,DR0028,VH00115,2025-07-18,63.0,6.96,9.9,148,0,0,56,6.4,95.3,False,4.5,False
TL006275,TR006275,DR0048,VH00071,2024-02-14,167.5,26.88,6.8,166,0,0,84,5.3,94.2,False,4.1,False
TL006276,TR006276,DR0049,VH00047,2025-02-01,57.0,38.16,1.6,100,0,0,116,2.7,93.4,False,4.8,False
TL006280,TR006280,DR0049,VH00048,2025-04-25,327.3,60.96,5.9,134,3,3,196,18.1,77.3,False,5.0,False
TL006283,TR006283,DR0047,VH00025,2026-02-23,74.0,715.2,0.1,156,1,1,10610,10.2,0.0,False,2.7,False
TL006284,TR006284,DR0042,VH00026,2024-08-10,12.4,20.16,0.7,94,0,0,165,0.6,91.6,False,4.0,False
TL006285,TR006285,DR0027,VH00112,2024-07-10,768.9,43.2,19.4,129,7,7,130,39.2,64.2,False,4.6,False
TL006286,TR006286,DR0027,VH00118,2026-02-27,49.8,8.88,6.1,80,0,0,37,1.8,97.6,False,4.4,False
TL006287,TR006287,DR0032,VH00099,2025-05-01,390.3,24.24,17.6,102,4,5,185,30.3,70.7,False,3.2,False
TL006290,TR006290,DR0029,VH00114,2026-03-25,1440.2,22.56,69.6,160,36,21,333,285.6,0.0,False,3.7,False
TL006294,TR006294,DR0051,VH00034,2022-08-27,61.7,11.76,5.7,102,1,1,181,12.2,84.8,False,5.0,False
TL006295,TR006295,DR0026,VH00110,2024-03-03,38.8,33.6,1.3,100,1,1,438,7.2,73.4,False,3.6,False
TL006296,TR006296,DR0028,VH00064,2026-05-26,59.6,101.76,0.6,103,0,0,544,3.2,71.8,False,4.7,False
TL006297,TR006297,DR0019,VH00095,2024-06-23,59.2,3.6,17.9,132,2,2,44,16.9,87.7,False,4.8,False
TL006299,TR006299,DR0027,VH00074,2025-10-10,33.5,12.72,2.9,134,0,0,62,2.9,96.0,False,3.7,False
TL006300,TR006300,DR0039,VH00059,2024-01-26,29.2,7.44,4.3,116,0,0,67,3.0,95.8,False,3.1,False
TL006301,TR006301,DR0002,VH00024,2026-03-25,57.2,135.36,0.5,159,1,2,2596,18.4,0.0,False,5.0,False
TL006302,TR006302,DR0039,VH00112,2024-10-09,20.9,61.44,0.4,113,0,0,359,2.4,81.3,False,4.4,False
TL006304,TR006304,DR0060,VH00028,2024-06-13,319.2,11.76,29.6,137,2,3,65,14.7,86.3,False,3.8,False
TL006307,TR006307,DR0008,VH00021,2023-06-05,26.0,96.96,0.3,90,0,0,1365,3.3,30.8,False,4.0,False
TL006308,TR006308,DR0010,VH00021,2026-01-22,1393.1,3.12,487.1,116,14,10,25,134.9,27.3,False,4.7,False
TL006309,TR006309,DR0046,VH00044,2023-07-20,126.0,66.72,2.1,159,7,7,746,52.1,29.6,False,5.0,True
TL006312,TR006312,DR0009,VH00048,2024-08-18,1356.1,80.88,18.3,152,4,6,316,60.8,54.0,False,3.8,False
TL006313,TR006313,DR0019,VH00037,2023-01-27,33.1,3.36,10.7,113,1,1,55,6.8,92.7,False,3.6,False
TL006319,TR006319,DR0058,VH00112,2023-05-23,27.6,792.48,0.0,159,0,0,11084,3.2,0.0,False,5.0,False
TL006323,TR006323,DR0015,VH00118,2022-10-24,65.0,21.12,3.4,107,1,1,156,6.3,87.8,False,5.0,False
TL006325,TR006325,DR0035,VH00104,2023-05-05,19.9,9.6,2.3,156,0,0,94,6.5,93.3,False,4.7,False
TL006329,TR006329,DR0013,VH00058,2026-03-04,1446.6,6.48,243.5,125,18,18,26,74.4,31.4,False,4.4,False
TL006333,TR006333,DR0049,VH00071,2022-02-13,386.7,27.6,15.3,171,3,4,192,23.3,74.9,False,4.1,False
TL006334,TR006334,DR0032,VH00089,2022-01-02,42.3,22.08,2.1,162,0,0,155,3.8,91.1,False,3.9,False
TL006337,TR006337,DR0035,VH00091,2023-08-17,23.9,3.12,8.4,90,0,0,36,6.8,96.2,False,4.2,False
TL006347,TR006347,DR0003,VH00037,2022-01-08,372.8,3.6,113.0,117,22,15,105,88.0,20.4,False,3.5,False
TL006348,TR006348,DR0009,VH00102,2025-08-01,63.9,11.76,5.9,178,0,0,38,2.7,97.3,False,4.1,False
TL006351,TR006351,DR0020,VH00024,2024-12-28,54.5,30.72,1.9,166,1,1,447,7.3,73.0,False,4.2,False
TL006353,TR006353,DR0012,VH00078,2024-07-25,337.8,63.36,5.8,155,12,14,615,103.3,6.3,False,4.1,False
TL006359,TR006359,DR0018,VH00010,2024-01-17,498.6,745.68,0.7,134,6,3,4111,37.0,0.0,False,4.0,False
TL006363,TR006363,DR0011,VH00116,2025-08-02,369.9,10.32,39.1,141,4,3,74,17.7,82.0,False,4.5,False
TL006366,TR006366,DR0025,VH00018,2025-06-24,1453.9,135.36,11.7,165,28,23,866,238.3,0.0,False,4.2,False
TL006367,TR006367,DR0031,VH00037,2022-09-16,47.3,35.04,1.5,146,0,0,466,4.3,75.4,False,3.7,False
TL006368,TR006368,DR0060,VH00025,2025-08-19,161.8,8.4,21.0,141,1,1,70,9.6,91.1,False,3.4,False
TL006369,TR006369,DR0058,VH00013,2024-05-26,49.9,45.12,1.2,107,0,1,484,4.1,73.6,False,4.9,False
TL006376,TR006376,DR0012,VH00084,2025-07-20,10.9,14.64,0.8,125,0,0,171,3.5,90.4,False,4.1,False
TL006379,TR006379,DR0029,VH00022,2026-04-01,389.3,41.28,10.3,95,8,7,252,37.6,57.1,False,5.0,False
TL006380,TR006380,DR0044,VH00018,2025-12-26,1371.7,59.76,25.0,158,33,32,835,111.2,0.0,False,3.8,False
TL006381,TR006381,DR0048,VH00078,2026-04-08,377.7,96.72,4.3,150,1,1,338,13.1,76.7,False,3.8,False
TL006382,TR006382,DR0049,VH00116,2022-02-04,337.8,34.56,10.7,104,4,3,135,34.5,73.9,False,4.5,False
TL006383,TR006383,DR0021,VH00047,2026-01-23,17.8,22.08,0.9,169,0,0,278,2.0,85.5,False,4.8,True
TL006384,TR006384,DR0025,VH00013,2022-02-11,37.8,714.48,0.1,179,0,0,4738,7.1,0.0,False,3.8,False
TL006385,TR006385,DR0058,VH00008,2022-02-26,543.0,15.36,38.6,114,12,12,164,47.5,47.5,False,3.9,False
TL006387,TR006387,DR0051,VH00057,2025-06-27,11.9,20.88,0.6,121,0,0,169,2.0,91.0,False,3.5,False
TL006388,TR006388,DR0049,VH00081,2026-01-07,43.3,127.2,0.4,173,0,0,433,3.2,77.4,False,4.3,False
TL006390,TR006390,DR0023,VH00107,2023-05-28,543.0,4.56,129.9,176,5,4,26,52.3,71.5,False,4.6,False
TL006394,TR006394,DR0027,VH00058,2022-01-11,41.1,65.52,0.7,145,0,0,533,3.3,72.4,False,4.8,False
TL006395,TR006395,DR0043,VH00018,2022-03-27,888.3,714.48,1.4,164,6,9,4008,47.6,0.0,False,5.0,False
TL006401,TR006401,DR0028,VH00042,2024-05-02,71.0,3.36,23.1,171,0,0,27,6.8,96.6,False,5.0,False
TL006402,TR006402,DR0033,VH00092,2025-06-22,380.1,7.44,55.7,178,8,9,89,55.4,57.9,False,5.0,False
TL006404,TR006404,DR0026,VH00104,2025-05-10,1534.7,56.88,29.4,118,52,60,1173,251.1,0.0,False,3.6,False
TL006405,TR006405,DR0010,VH00119,2022-05-25,46.4,21.6,2.3,164,0,0,118,2.4,93.4,False,4.1,False
TL006406,TR006406,DR0028,VH00051,2022-02-06,68.9,145.68,0.5,142,0,0,1012,6.4,47.5,False,4.7,False
TL006408,TR006408,DR0011,VH00081,2025-06-17,39.5,202.08,0.2,152,0,0,1555,3.6,21.2,False,3.8,False
TL006409,TR006409,DR0048,VH00074,2022-10-09,323.1,2.88,122.4,131,1,1,6,8.7,94.6,False,4.2,False
TL006411,TR006411,DR0012,VH00062,2024-06-23,337.8,23.52,15.7,171,13,10,497,43.8,32.5,False,4.3,False
TL006413,TR006413,DR0018,VH00110,2024-02-15,58.4,18.72,3.4,137,0,0,66,2.8,95.9,False,4.3,False
TL006416,TR006416,DR0032,VH00054,2024-01-08,398.2,36.24,12.0,92,4,3,295,15.6,71.6,False,4.5,False
TL006423,TR006423,DR0008,VH00028,2022-08-28,49.2,31.92,1.7,177,1,1,326,6.3,79.3,False,4.2,False
TL006425,TR006425,DR0018,VH00044,2024-10-12,37.8,9.6,4.3,140,0,0,80,1.8,95.5,False,4.6,False
TL006426,TR006426,DR0021,VH00040,2023-03-08,14.0,46.8,0.3,141,0,0,346,2.5,82.0,False,3.9,False
TL006428,TR006428,DR0019,VH00088,2022-06-25,59.2,179.76,0.4,98,2,1,4423,18.6,0.0,False,4.4,False
TL006429,TR006429,DR0011,VH00094,2025-11-05,73.2,40.8,2.0,132,0,0,249,6.9,85.5,False,4.4,False
TL006430,TR006430,DR0016,VH00119,2026-05-01,390.8,15.36,27.8,138,3,2,92,39.7,77.0,False,4.0,False
TL006431,TR006431,DR0038,VH00118,2025-06-15,33.0,18.72,1.9,142,0,0,112,7.0,92.3,False,4.6,False
TL006432,TR006432,DR0053,VH00115,2025-01-16,40.8,20.88,2.1,96,0,0,117,3.4,93.1,False,5.0,False
TL006436,TR006436,DR0018,VH00088,2025-08-13,39.0,24.48,1.7,169,0,0,96,2.8,94.4,False,3.9,False
TL006437,TR006437,DR0022,VH00052,2026-01-21,14.0,24.72,0.6,133,0,0,395,1.6,79.8,False,4.1,False
TL006439,TR006439,DR0060,VH00089,2026-05-26,174.2,53.04,3.6,131,2,1,163,10.7,84.6,False,4.3,False
TL006440,TR006440,DR0060,VH00111,2024-10-26,386.0,6.72,62.7,92,3,4,39,21.4,83.1,False,4.3,False
TL006441,TR006441,DR0010,VH00087,2026-04-09,130.7,17.76,8.0,180,1,1,103,5.0,90.8,False,4.2,False
TL006442,TR006442,DR0043,VH00091,2026-05-23,381.7,60.96,6.8,128,4,4,337,34.4,62.8,False,4.2,False
TL006443,TR006443,DR0044,VH00036,2026-04-08,56.6,8.4,7.4,162,1,0,123,8.6,89.8,False,3.3,False
TL006444,TR006444,DR0002,VH00005,2025-08-13,19.5,20.16,1.1,159,0,0,382,4.3,79.6,False,4.7,False
TL006446,TR006446,DR0003,VH00094,2022-02-23,168.2,37.92,4.8,124,8,8,780,53.8,24.9,False,3.4,False
TL006447,TR006447,DR0021,VH00099,2024-06-20,1552.2,28.56,59.3,105,33,32,169,333.6,0.0,False,3.6,False
TL006448,TR006448,DR0047,VH00064,2022-09-04,1440.2,10.56,148.8,168,27,34,97,173.1,0.0,False,4.6,False
TL006450,TR006450,DR0004,VH00054,2025-12-11,28.2,11.52,2.7,164,0,0,64,3.7,95.7,False,4.5,False
TL006451,TR006451,DR0019,VH00019,2026-03-09,164.3,8.88,20.2,125,5,6,97,59.5,63.8,False,3.8,False
TL006453,TR006453,DR0011,VH00057,2026-05-23,20.5,115.2,0.2,95,0,0,913,1.6,53.9,False,3.7,False
TL006454,TR006454,DR0033,VH00047,2022-07-18,60.6,11.52,5.7,134,1,0,171,12.4,86.2,False,3.0,False
TL006456,TR006456,DR0054,VH00059,2026-02-11,43.7,120.48,0.4,112,0,0,1015,3.6,48.2,False,3.7,False
TL006457,TR006457,DR0010,VH00099,2025-08-17,26.4,153.36,0.2,127,0,0,797,1.0,59.9,False,3.4,False
TL006458,TR006458,DR0055,VH00023,2025-06-04,1415.6,43.44,35.5,173,26,31,242,158.3,0.0,False,4.2,False
TL006459,TR006459,DR0025,VH00036,2022-05-17,364.6,53.76,7.4,151,8,8,298,46.4,51.2,False,4.3,False
TL006462,TR006462,DR0004,VH00016,2026-06-12,888.3,14.16,68.4,147,16,20,117,91.2,22.8,False,3.9,False
TL006465,TR006465,DR0011,VH00017,2024-05-26,395.9,6.24,69.2,105,2,3,30,21.5,86.0,False,3.9,False
TL006467,TR006467,DR0040,VH00078,2025-08-24,404.3,61.92,7.1,163,7,9,621,61.1,31.1,False,3.6,False
TL006468,TR006468,DR0041,VH00062,2023-08-11,13.1,10.56,1.4,149,0,0,40,1.1,97.7,False,4.5,True
TL006469,TR006469,DR0054,VH00064,2026-05-17,54.9,754.32,0.1,180,0,0,4507,2.7,0.0,False,3.6,False
TL006473,TR006473,DR0038,VH00114,2024-12-24,40.2,45.6,1.0,90,0,0,408,6.1,77.8,False,3.2,False
TL006474,TR006474,DR0040,VH00114,2025-03-15,385.4,4.8,87.6,121,7,5,63,46.0,67.5,False,4.4,False
TL006478,TR006478,DR0048,VH00039,2025-11-28,40.3,55.92,0.8,103,0,0,212,0.7,89.2,False,4.4,False
TL006479,TR006479,DR0026,VH00063,2024-08-24,25.6,163.44,0.2,177,1,0,3443,7.7,0.0,False,3.7,False
TL006481,TR006481,DR0046,VH00119,2024-03-05,380.9,23.76,17.5,133,24,25,733,101.9,0.0,False,3.2,False
TL006488,TR006488,DR0008,VH00011,2022-06-15,17.2,121.44,0.2,104,0,0,1738,2.4,12.4,False,4.1,False
TL006489,TR006489,DR0021,VH00063,2023-05-06,13.8,10.08,1.5,135,0,0,104,2.0,94.2,False,4.3,False
TL006490,TR006490,DR0033,VH00053,2026-06-12,1534.7,18.48,90.6,179,26,23,248,261.7,0.0,False,4.1,False
TL006494,TR006494,DR0058,VH00053,2023-08-16,364.6,811.44,0.5,170,7,7,6443,52.8,0.0,False,4.6,False
TL006501,TR006501,DR0059,VH00115,2023-12-14,498.6,4.32,125.9,174,9,10,63,93.3,45.4,False,5.0,False
TL006503,TR006503,DR0046,VH00018,2023-01-19,1195.4,6.24,209.0,86,93,87,83,334.9,0.0,False,4.2,False
TL006504,TR006504,DR0032,VH00051,2024-02-17,960.3,20.88,50.2,149,12,10,74,51.5,52.8,False,4.5,False
TL006505,TR006505,DR0038,VH00010,2026-05-15,337.8,29.28,12.6,112,5,4,257,32.3,66.0,False,4.7,False
TL006507,TR006507,DR0010,VH00039,2023-02-06,68.8,28.32,2.7,166,0,0,198,2.7,89.3,False,3.3,False
TL006508,TR006508,DR0015,VH00032,2026-06-14,1424.1,54.24,28.6,136,23,35,463,247.7,0.0,False,3.5,False
TL006512,TR006512,DR0034,VH00089,2024-11-05,29.6,143.76,0.2,135,0,0,2280,4.0,0.0,False,3.4,False
TL006513,TR006513,DR0010,VH00078,2025-03-04,543.0,6.72,88.1,161,6,6,23,40.8,71.6,False,4.9,False
TL006516,TR006516,DR0027,VH00119,2025-09-14,1440.2,30.0,52.4,148,12,17,226,100.2,23.6,False,4.2,False
TL006517,TR006517,DR0036,VH00062,2022-02-02,52.0,22.8,2.5,148,0,1,297,10.9,80.9,False,4.0,False
TL006518,TR006518,DR0010,VH00025,2023-05-12,43.4,35.52,1.3,166,0,0,142,4.4,91.6,False,4.7,False
TL006519,TR006519,DR0002,VH00115,2026-04-15,14.9,14.64,1.1,149,0,0,219,4.9,87.6,False,5.0,False
TL006528,TR006528,DR0023,VH00051,2023-08-05,43.2,74.16,0.6,86,0,0,606,4.2,68.4,False,4.6,False
TL006529,TR006529,DR0041,VH00037,2026-03-13,21.1,9.6,2.4,162,0,0,29,2.1,97.9,False,4.4,False
TL006531,TR006531,DR0057,VH00024,2022-05-08,71.6,168.72,0.5,109,0,0,515,2.3,73.6,False,5.0,False
TL006533,TR006533,DR0016,VH00057,2023-06-25,33.9,18.72,2.0,90,0,0,61,2.7,96.1,False,4.1,False
TL006534,TR006534,DR0060,VH00007,2024-10-09,543.0,8.4,70.5,133,4,4,69,41.2,74.2,False,5.0,False
TL006539,TR006539,DR0033,VH00092,2023-10-07,17.9,10.56,1.8,87,0,0,86,3.4,94.7,False,4.3,False
TL006540,TR006540,DR0038,VH00046,2022-04-23,14.8,128.4,0.1,97,0,0,881,2.4,55.2,False,4.3,False
TL006541,TR006541,DR0037,VH00107,2024-06-01,386.7,63.6,6.6,133,9,9,550,40.4,37.9,False,4.7,False
TL006542,TR006542,DR0049,VH00038,2023-07-07,76.2,206.4,0.4,141,0,0,1622,4.1,17.7,False,3.8,False
TL006543,TR006543,DR0055,VH00117,2022-09-23,66.9,34.8,2.1,114,1,1,545,8.0,67.8,False,4.1,False
TL006544,TR006544,DR0020,VH00011,2026-06-14,17.9,22.32,0.9,143,0,0,177,2.5,90.4,False,2.9,True
TL006545,TR006545,DR0020,VH00031,2024-04-25,87.2,9.6,9.9,121,1,1,145,7.5,88.0,False,5.0,False
TL006550,TR006550,DR0019,VH00088,2022-02-22,132.3,118.8,1.2,179,4,3,2528,42.1,0.0,False,5.0,False
TL006551,TR006551,DR0051,VH00107,2024-12-12,543.0,13.92,42.6,130,8,10,218,54.1,50.9,False,3.0,False
TL006552,TR006552,DR0021,VH00024,2022-11-03,386.7,30.24,14.0,99,7,9,471,49.3,42.2,False,5.0,False
TL006553,TR006553,DR0033,VH00064,2025-01-28,61.8,10.8,6.2,156,1,0,106,6.4,91.3,False,3.4,False
TL006556,TR006556,DR0008,VH00005,2026-02-11,30.4,690.96,0.0,133,0,0,3912,5.2,0.0,False,5.0,False
TL006558,TR006558,DR0047,VH00058,2026-03-02,14.3,80.88,0.2,178,0,0,512,1.1,74.1,False,5.0,False
TL006563,TR006563,DR0022,VH00053,2023-01-15,68.6,112.56,0.7,93,1,1,1212,11.0,33.6,False,4.9,False
TL006565,TR006565,DR0019,VH00092,2024-08-21,386.7,46.8,9.0,173,16,13,1148,89.2,0.0,False,3.3,False
TL006567,TR006567,DR0028,VH00088,2025-04-22,1378.3,60.48,24.9,139,16,11,241,133.7,12.8,False,4.1,False
TL006569,TR006569,DR0007,VH00078,2022-09-10,404.3,9.36,47.1,118,27,28,133,123.6,0.0,False,2.6,False
TL006570,TR006570,DR0035,VH00032,2026-05-21,50.6,22.32,2.5,110,2,1,439,11.9,70.5,False,4.8,False
TL006571,TR006571,DR0032,VH00039,2026-06-15,64.0,9.12,7.7,126,0,0,63,4.1,95.6,False,4.0,False
TL006576,TR006576,DR0029,VH00116,2024-04-10,56.4,23.28,2.6,85,1,1,309,6.8,80.0,False,3.8,False
TL006578,TR006578,DR0035,VH00043,2023-12-23,79.3,10.32,8.4,93,3,3,217,24.5,74.3,False,4.2,False
TL006579,TR006579,DR0048,VH00034,2022-09-19,30.7,130.56,0.3,178,0,0,198,0.5,89.9,False,3.5,False
TL006584,TR006584,DR0028,VH00118,2022-05-05,337.8,29.76,12.4,106,3,3,111,12.5,83.2,False,5.0,False
TL006586,TR006586,DR0043,VH00074,2026-06-26,257.2,51.12,5.5,131,2,2,368,21.8,70.1,False,4.5,False
TL006588,TR006588,DR0015,VH00015,2024-06-09,44.2,20.16,2.4,84,0,0,145,7.2,90.6,False,5.0,False
TL006594,TR006594,DR0060,VH00061,2024-02-22,1440.2,55.68,28.2,171,16,15,183,130.4,12.7,False,4.7,False
TL006597,TR006597,DR0040,VH00013,2024-11-01,323.1,10.32,34.2,146,7,7,62,26.6,71.4,False,3.7,False
TL006599,TR006599,DR0052,VH00057,2023-10-17,173.2,11.76,16.1,88,0,0,27,4.6,97.3,False,3.8,False
TL006600,TR006600,DR0043,VH00013,2024-01-21,543.0,66.24,8.9,106,5,5,490,22.5,56.2,False,3.7,False
TL006601,TR006601,DR0029,VH00041,2022-10-16,22.9,78.0,0.3,154,0,0,1229,4.5,37.2,False,3.4,False
TL006602,TR006602,DR0027,VH00061,2023-08-07,50.3,21.6,2.5,180,0,0,191,2.6,89.7,False,3.6,False
TL006604,TR006604,DR0016,VH00104,2026-04-04,1397.9,38.64,39.5,159,11,17,313,66.0,31.1,False,3.6,False
TL006608,TR006608,DR0012,VH00016,2025-12-03,389.8,107.76,3.9,103,15,12,2618,137.0,0.0,False,4.5,False
TL006611,TR006611,DR0035,VH00026,2026-06-04,54.5,204.72,0.3,91,1,1,4497,18.6,0.0,False,5.0,False
TL006616,TR006616,DR0002,VH00018,2026-02-09,60.6,55.92,1.2,113,1,1,609,17.6,61.8,False,4.5,False
TL006617,TR006617,DR0019,VH00084,2024-10-21,50.8,19.92,2.8,111,1,1,201,13.3,83.5,False,4.2,False
TL006619,TR006619,DR0032,VH00068,2026-05-26,498.6,56.16,9.7,159,4,5,259,35.4,65.4,False,4.4,False
TL006620,TR006620,DR0009,VH00007,2026-04-26,1392.2,9.36,162.3,131,5,6,34,40.4,72.7,False,4.1,False
TL006621,TR006621,DR0019,VH00037,2023-07-15,55.2,14.88,4.0,147,2,2,365,14.7,72.3,False,3.7,False
TL006625,TR006625,DR0012,VH00091,2026-04-04,135.6,3.12,47.4,107,6,4,39,21.4,78.6,False,4.0,False
TL006627,TR006627,DR0032,VH00015,2024-07-20,41.9,68.16,0.7,87,0,0,458,2.3,76.4,False,4.1,False
TL006633,TR006633,DR0024,VH00063,2024-05-13,27.6,4.32,7.0,151,0,0,20,1.2,98.6,False,4.7,False
TL006634,TR006634,DR0040,VH00069,2025-11-17,371.6,4.56,88.9,116,6,7,42,80.5,57.8,False,3.6,False
TL006638,TR006638,DR0046,VH00057,2022-08-28,1353.4,54.72,27.0,156,97,93,802,652.6,0.0,False,4.0,True
TL006639,TR006639,DR0032,VH00026,2025-07-06,17.8,37.2,0.5,101,0,0,160,1.5,91.5,False,3.9,False
TL006642,TR006642,DR0048,VH00043,2023-03-26,57.5,159.12,0.4,162,0,0,363,1.3,81.5,False,4.2,False
TL006643,TR006643,DR0011,VH00080,2026-02-11,365.4,19.92,20.0,160,3,3,63,33.5,79.3,False,4.2,False
TL006648,TR006648,DR0003,VH00007,2023-08-05,325.9,37.92,9.4,174,23,21,1111,159.2,0.0,False,5.0,False
TL006649,TR006649,DR0003,VH00081,2024-04-26,27.1,10.56,2.8,120,1,1,257,8.1,82.2,False,5.0,False
TL006650,TR006650,DR0040,VH00062,2022-10-11,52.7,44.64,1.3,88,0,0,681,10.1,62.9,False,4.3,False
TL006654,TR006654,DR0033,VH00114,2025-01-26,768.9,36.48,23.0,97,16,14,579,141.8,0.0,False,3.3,False
TL006656,TR006656,DR0056,VH00041,2022-08-22,337.8,38.64,9.5,97,3,3,313,26.8,68.8,False,4.9,True
TL006657,TR006657,DR0046,VH00111,2026-04-04,14.8,9.12,1.8,149,0,0,128,4.2,92.3,False,4.3,False
TL006659,TR006659,DR0055,VH00084,2022-11-28,19.0,16.32,1.3,104,0,0,129,1.8,93.0,False,4.6,False
TL006660,TR006660,DR0023,VH00057,2023-11-04,376.1,53.28,7.7,153,3,4,430,15.7,65.3,False,3.5,True
TL006662,TR006662,DR0009,VH00089,2026-03-14,62.2,48.96,1.4,83,0,0,103,1.2,94.5,False,4.9,False
TL006663,TR006663,DR0029,VH00024,2026-02-07,1434.1,10.08,155.2,149,20,35,101,186.0,0.0,False,3.7,False
TL006664,TR006664,DR0024,VH00020,2023-08-27,49.4,132.48,0.4,105,0,0,952,3.5,51.4,False,4.0,False
TL006665,TR006665,DR0048,VH00019,2025-09-07,25.4,131.04,0.2,129,0,0,232,0.6,88.2,False,4.5,False
TL006666,TR006666,DR0003,VH00044,2026-04-05,900.7,33.84,29.0,93,44,51,900,520.6,0.0,False,4.2,False
TL006668,TR006668,DR0012,VH00102,2022-03-07,1440.2,46.56,33.7,108,43,39,395,257.0,0.0,False,4.9,False
TL006669,TR006669,DR0032,VH00115,2025-03-16,25.5,19.44,1.4,153,0,0,146,1.2,92.3,False,4.6,False
TL006670,TR006670,DR0018,VH00007,2023-07-07,79.9,11.76,7.4,163,0,0,72,8.0,94.0,False,3.9,False
TL006671,TR006671,DR0055,VH00091,2026-04-04,17.5,16.08,1.2,153,0,0,170,1.5,91.0,False,4.6,False
TL006678,TR006678,DR0029,VH00039,2024-03-12,50.3,25.44,2.2,114,0,0,407,4.0,78.5,False,4.3,False
TL006680,TR006680,DR0055,VH00051,2023-03-16,36.2,47.76,0.8,83,0,0,361,3.6,80.9,False,4.8,False
TL006682,TR006682,DR0034,VH00107,2022-09-02,64.7,134.4,0.5,163,1,1,2079,11.3,0.0,False,4.3,False
TL006683,TR006683,DR0002,VH00046,2022-06-13,36.7,139.2,0.3,86,1,1,1744,9.6,7.4,False,4.2,False
TL006688,TR006688,DR0016,VH00026,2026-02-03,64.1,10.32,6.8,180,0,0,69,5.3,95.0,False,4.6,False
TL006694,TR006694,DR0031,VH00062,2025-10-05,1409.9,49.92,30.8,104,23,33,613,278.4,0.0,False,4.8,False
TL006700,TR006700,DR0017,VH00074,2026-06-02,52.2,43.2,1.3,106,1,1,590,8.7,65.4,False,4.7,False
TL006704,TR006704,DR0036,VH00016,2025-08-19,68.5,87.6,0.9,97,1,1,1309,14.5,27.7,False,3.5,False
TL006706,TR006706,DR0054,VH00091,2024-10-09,329.5,39.36,9.1,134,3,4,324,18.0,69.9,False,4.4,False
TL006709,TR006709,DR0033,VH00069,2024-02-06,62.4,17.76,3.8,109,1,1,115,7.0,89.7,False,4.1,False
TL006712,TR006712,DR0052,VH00117,2026-02-15,381.2,11.76,35.4,129,1,1,26,10.5,93.0,False,4.1,False
TL006713,TR006713,DR0046,VH00102,2025-05-01,66.7,37.2,2.0,132,5,4,698,17.9,48.2,False,4.6,False
TL006716,TR006716,DR0027,VH00028,2026-04-13,257.2,6.24,45.0,87,2,2,54,12.1,88.7,False,3.1,False
TL006717,TR006717,DR0042,VH00013,2024-11-25,73.0,178.32,0.4,166,0,0,930,3.4,52.5,False,4.6,False
TL006719,TR006719,DR0004,VH00042,2025-12-23,41.4,6.72,6.7,86,0,0,69,9.1,93.8,False,3.8,False
TL006720,TR006720,DR0023,VH00092,2023-07-12,54.1,10.8,5.5,100,0,0,56,2.1,96.6,False,4.2,False
TL006722,TR006722,DR0051,VH00114,2022-03-13,1231.2,65.28,20.6,126,30,30,441,144.9,0.0,False,3.4,False
TL006723,TR006723,DR0035,VH00020,2022-12-07,64.7,89.28,0.8,163,2,1,1016,19.2,39.4,False,4.0,False
TL006725,TR006725,DR0047,VH00017,2026-06-19,67.7,30.96,2.4,101,1,1,343,14.0,76.1,False,4.1,False
TL006726,TR006726,DR0009,VH00119,2022-12-12,498.6,40.08,13.6,80,1,1,111,12.3,88.3,False,4.4,False
TL006732,TR006732,DR0024,VH00017,2022-02-24,1184.8,46.8,27.6,159,15,14,273,62.2,31.2,False,4.3,False
TL006733,TR006733,DR0020,VH00051,2026-05-25,1271.9,72.0,19.3,152,23,19,970,275.6,0.0,False,4.9,False
TL006734,TR006734,DR0037,VH00020,2023-04-06,40.5,19.44,2.3,172,0,0,136,7.4,91.0,False,3.4,False
TL006735,TR006735,DR0018,VH00102,2024-12-13,45.5,30.0,1.7,145,0,0,134,2.8,92.5,False,4.3,False
TL006740,TR006740,DR0005,VH00071,2025-07-11,960.3,21.84,48.0,129,9,7,151,61.9,53.4,False,4.8,False
TL006742,TR006742,DR0010,VH00058,2024-03-18,36.4,100.32,0.4,158,0,0,686,1.6,65.2,False,4.3,False
TL006745,TR006745,DR0043,VH00063,2023-12-09,323.1,56.88,6.2,92,3,3,232,12.6,77.1,False,4.5,False
TL006747,TR006747,DR0018,VH00007,2025-08-24,498.6,5.04,107.9,178,4,6,34,38.2,74.8,False,3.0,False
TL006749,TR006749,DR0017,VH00047,2023-06-09,368.7,17.76,22.6,118,8,6,266,57.0,51.6,False,4.0,False
TL006751,TR006751,DR0018,VH00016,2026-06-22,20.0,9.36,2.3,86,0,0,47,1.7,97.1,False,4.0,False
TL006758,TR006758,DR0032,VH00054,2023-12-18,768.9,27.36,30.7,87,7,7,195,49.5,57.9,False,4.6,False
TL006760,TR006760,DR0004,VH00116,2023-10-02,124.8,11.76,11.6,91,2,2,155,12.0,83.7,False,3.9,False
TL006762,TR006762,DR0008,VH00023,2022-07-23,12.7,15.84,0.9,146,0,0,146,1.3,92.3,False,3.3,False
TL006763,TR006763,DR0021,VH00013,2025-05-07,74.6,37.44,2.2,80,1,1,372,6.3,77.0,False,4.2,False
TL006765,TR006765,DR0032,VH00080,2026-01-07,76.9,15.12,5.5,162,0,0,62,3.2,95.9,False,4.5,False
TL006771,TR006771,DR0046,VH00116,2026-01-24,380.1,2.4,172.8,178,20,24,41,220.7,0.0,False,2.8,False
TL006772,TR006772,DR0057,VH00036,2022-09-06,60.9,7.68,8.7,141,0,0,27,1.8,98.1,False,4.8,False
TL006774,TR006774,DR0018,VH00053,2024-04-09,58.9,44.16,1.5,114,0,0,249,2.9,86.7,False,4.5,False
TL006775,TR006775,DR0003,VH00020,2026-03-20,16.1,19.44,0.9,96,1,0,421,8.1,75.0,False,4.5,False
TL006779,TR006779,DR0010,VH00112,2025-04-04,51.1,84.72,0.7,128,0,0,577,5.0,69.7,False,4.5,False
TL006780,TR006780,DR0003,VH00036,2024-11-17,543.0,14.4,41.1,111,33,34,178,226.2,0.0,False,4.5,False
TL006781,TR006781,DR0041,VH00118,2022-05-24,498.6,54.96,9.9,87,5,5,295,42.9,59.9,False,3.5,True
TL006782,TR006782,DR0032,VH00099,2022-12-02,39.4,121.92,0.4,88,0,0,753,3.7,61.2,False,4.3,False
TL006784,TR006784,DR0013,VH00022,2025-03-01,1397.9,779.52,2.0,123,16,15,5840,103.1,0.0,False,4.3,False
TL006785,TR006785,DR0032,VH00119,2023-11-07,362.6,6.48,61.0,82,4,3,34,18.8,83.7,False,3.9,False
TL006787,TR006787,DR0043,VH00016,2022-07-14,1480.3,6.48,249.2,167,13,11,49,88.5,40.5,False,3.7,False
TL006791,TR006791,DR0011,VH00020,2023-08-16,343.7,70.32,5.3,161,3,3,288,15.4,73.5,False,4.2,False
TL006796,TR006796,DR0034,VH00071,2024-05-02,134.6,42.72,3.4,177,2,2,369,17.2,71.4,False,4.4,False
TL006797,TR006797,DR0038,VH00039,2026-04-16,48.0,14.4,3.6,151,0,1,89,7.2,92.4,False,4.8,False
TL006798,TR006798,DR0031,VH00028,2024-09-10,960.3,49.44,21.2,149,24,20,487,167.6,0.0,False,4.1,False
TL006799,TR006799,DR0051,VH00018,2022-02-24,313.9,6.0,57.1,150,6,5,94,67.5,61.0,False,3.8,False
TL006800,TR006800,DR0007,VH00091,2023-11-16,74.9,14.64,5.6,84,4,3,288,17.1,71.5,False,3.7,False
TL006802,TR006802,DR0054,VH00057,2025-06-27,337.8,9.6,38.4,85,3,2,80,11.9,85.9,False,4.7,True
TL006809,TR006809,DR0058,VH00088,2024-09-20,59.9,183.84,0.4,145,1,0,1717,13.1,8.7,False,4.0,False
TL006810,TR006810,DR0035,VH00111,2022-01-18,39.2,86.16,0.5,142,1,1,2156,11.2,0.0,False,3.3,False
TL006814,TR006814,DR0019,VH00005,2023-06-08,59.6,20.64,3.2,134,2,1,295,19.6,75.4,False,3.7,False
TL006816,TR006816,DR0033,VH00028,2023-11-28,78.0,114.48,0.7,175,1,1,1473,10.7,20.6,False,3.4,False
TL006817,TR006817,DR0032,VH00037,2022-05-08,61.5,21.84,3.1,146,0,0,103,6.1,93.0,False,3.7,True
TL006818,TR006818,DR0002,VH00024,2025-08-20,117.2,156.96,0.8,158,4,3,2433,35.8,0.0,False,4.2,False
TL006820,TR006820,DR0036,VH00013,2024-11-21,900.7,64.08,15.3,88,15,16,811,200.9,0.0,False,4.6,False
TL006824,TR006824,DR0016,VH00043,2023-12-13,441.7,22.56,21.4,84,4,3,104,24.9,78.3,False,3.9,False
TL006825,TR006825,DR0007,VH00047,2023-01-16,18.8,12.72,1.6,116,0,0,308,8.1,82.2,False,3.7,False
TL006826,TR006826,DR0025,VH00073,2023-02-16,377.2,9.36,44.0,82,7,6,142,77.4,53.2,False,4.4,False
TL006828,TR006828,DR0054,VH00041,2024-01-06,11.3,19.2,0.6,131,0,0,117,0.6,94.0,False,3.9,False
TL006830,TR006830,DR0040,VH00087,2023-12-26,70.6,48.24,1.6,164,0,1,507,6.5,71.7,False,4.4,True
TL006831,TR006831,DR0028,VH00044,2026-06-02,38.4,158.64,0.3,162,0,0,633,1.4,67.9,False,3.9,False
TL006833,TR006833,DR0032,VH00026,2025-09-13,386.7,10.8,39.1,175,4,2,43,37.5,78.6,False,3.7,False
TL006841,TR006841,DR0027,VH00054,2024-12-24,498.6,15.84,34.3,89,4,4,139,21.2,76.7,False,2.8,False
TL006843,TR006843,DR0012,VH00034,2024-04-21,543.0,11.28,52.5,107,24,23,211,202.5,0.0,False,4.3,False
TL006845,TR006845,DR0037,VH00021,2026-01-21,936.4,71.28,14.3,177,22,15,906,138.6,0.0,False,4.3,False
TL006847,TR006847,DR0007,VH00112,2023-08-04,768.9,45.36,18.5,176,57,56,1222,424.6,0.0,False,5.0,False
TL006850,TR006850,DR0032,VH00111,2022-09-06,53.9,22.8,2.6,160,0,0,150,5.0,91.0,False,3.6,False
TL006852,TR006852,DR0012,VH00021,2022-11-07,43.1,789.6,0.1,153,1,1,10376,12.9,0.0,False,4.6,False
TL006855,TR006855,DR0060,VH00043,2024-01-06,73.6,37.2,2.2,134,0,0,189,6.2,88.7,False,3.2,False
TL006858,TR006858,DR0053,VH00042,2022-06-20,78.6,67.68,1.3,160,0,0,410,4.8,78.1,False,3.9,False
TL006859,TR006859,DR0051,VH00046,2025-12-06,71.3,142.08,0.5,82,1,1,2253,7.5,0.0,False,3.5,False
TL006861,TR006861,DR0007,VH00016,2024-08-10,378.3,6.96,59.3,96,21,21,150,157.0,0.0,False,5.0,False
TL006862,TR006862,DR0023,VH00089,2023-08-11,22.7,7.68,3.2,175,0,0,29,0.8,98.3,False,4.6,False
TL006868,TR006868,DR0011,VH00088,2026-06-14,1552.2,222.0,7.6,166,11,14,1127,152.4,0.0,False,4.0,False
TL006869,TR006869,DR0016,VH00061,2024-11-24,33.4,12.48,2.9,112,0,0,70,3.3,95.5,False,4.2,False
TL006871,TR006871,DR0041,VH00065,2026-06-08,124.5,41.28,3.3,118,1,1,339,11.5,77.1,False,3.8,False
TL006872,TR006872,DR0042,VH00119,2024-11-09,1468.7,20.88,76.7,164,10,18,184,56.0,41.0,False,3.9,False
TL006876,TR006876,DR0028,VH00037,2023-01-16,323.1,27.36,12.9,137,3,3,111,11.9,83.4,False,3.7,False
TL006879,TR006879,DR0009,VH00053,2022-12-07,1268.2,52.8,26.2,100,6,5,131,32.8,69.6,False,4.7,False
TL006880,TR006880,DR0053,VH00107,2023-12-21,326.3,103.68,3.4,132,3,2,800,28.4,45.0,False,5.0,False
TL006881,TR006881,DR0051,VH00061,2025-07-08,16.5,7.68,2.3,151,0,0,55,1.8,96.7,False,3.6,False
TL006883,TR006883,DR0044,VH00032,2024-07-06,386.7,53.04,8.0,89,5,8,820,80.0,19.5,False,4.8,False
TL006890,TR006890,DR0009,VH00056,2024-02-24,202.8,14.4,15.4,96,0,0,62,5.2,95.3,False,4.3,True
TL006893,TR006893,DR0025,VH00119,2024-11-13,44.9,34.08,1.4,88,0,0,486,8.1,73.3,False,4.3,False
TL006894,TR006894,DR0034,VH00089,2024-04-12,323.1,63.12,5.6,121,6,4,703,58.3,34.4,False,3.7,False
TL006899,TR006899,DR0035,VH00039,2022-06-05,65.0,11.52,6.2,148,2,1,229,11.2,81.2,False,4.2,False
TL006900,TR006900,DR0058,VH00021,2026-02-27,48.5,22.56,2.3,110,0,0,304,8.5,82.2,False,3.1,False
TL006902,TR006902,DR0020,VH00119,2022-05-03,44.1,13.44,3.6,126,0,0,111,4.0,93.2,False,4.6,False
TL006906,TR006906,DR0053,VH00107,2024-11-02,25.8,15.6,1.8,92,0,0,107,1.9,94.1,False,4.9,False
TL006907,TR006907,DR0054,VH00051,2026-02-13,50.5,10.32,5.3,152,0,0,77,5.1,94.6,False,5.0,False
TL006908,TR006908,DR0038,VH00043,2024-04-08,389.9,8.16,52.1,131,6,6,52,86.3,56.5,False,4.0,False
TL006913,TR006913,DR0003,VH00058,2025-03-20,1417.6,19.92,77.6,158,127,96,395,698.8,0.0,False,4.1,False
TL006914,TR006914,DR0008,VH00084,2025-03-10,1440.2,32.4,48.5,166,29,30,378,279.8,0.0,False,4.6,False
TL006916,TR006916,DR0015,VH00038,2024-05-16,1411.5,45.6,33.8,86,20,25,736,310.8,0.0,False,5.0,False
TL006928,TR006928,DR0043,VH00107,2023-06-04,28.9,71.04,0.4,115,0,0,504,1.5,74.3,False,3.5,False
TL006935,TR006935,DR0036,VH00034,2022-05-10,1534.7,57.12,29.3,91,23,28,777,325.3,0.0,False,3.4,False
TL006938,TR006938,DR0054,VH00088,2023-08-22,65.9,47.76,1.5,128,0,0,426,2.6,77.9,False,3.6,False
TL006941,TR006941,DR0028,VH00028,2024-08-12,26.3,45.6,0.6,173,0,0,301,2.1,84.3,False,4.2,False
TL006942,TR006942,DR0027,VH00059,2025-09-01,26.4,108.96,0.3,169,0,0,491,1.9,74.9,False,5.0,False
TL006943,TR006943,DR0060,VH00081,2022-11-28,19.2,16.56,1.3,142,0,0,58,1.5,96.6,False,3.3,False
TL006945,TR006945,DR0049,VH00043,2022-04-07,23.0,42.24,0.6,164,0,0,199,1.9,89.5,False,3.7,False
TL006947,TR006947,DR0021,VH00048,2023-11-20,68.6,115.68,0.6,131,1,1,700,14.6,58.1,False,4.7,False
TL006948,TR006948,DR0036,VH00008,2025-12-14,119.2,5.04,25.8,123,2,1,55,11.3,89.9,False,3.6,False
TL006949,TR006949,DR0054,VH00091,2022-06-11,1460.8,10.8,147.6,179,15,18,72,138.2,14.4,False,4.3,False
TL006952,TR006952,DR0024,VH00031,2022-09-05,378.3,83.76,4.9,170,3,2,557,28.6,57.1,False,2.8,False
TL006959,TR006959,DR0053,VH00031,2026-01-19,65.4,765.36,0.1,86,0,0,3281,4.0,0.0,False,4.6,True
TL006963,TR006963,DR0017,VH00008,2024-06-26,58.1,9.6,6.6,99,1,0,128,12.7,88.3,False,4.5,False
TL006965,TR006965,DR0013,VH00021,2026-03-13,345.3,64.8,5.8,173,3,3,411,27.4,63.7,False,3.6,False
TL006967,TR006967,DR0046,VH00068,2024-11-28,33.3,23.52,1.5,108,1,2,616,11.7,62.2,False,4.2,False
TL006970,TR006970,DR0057,VH00102,2023-11-22,900.7,142.56,6.9,121,2,3,215,15.8,78.5,False,4.1,True
TL006972,TR006972,DR0016,VH00112,2024-11-18,34.5,89.76,0.4,83,0,0,520,1.9,73.4,False,4.6,False
TL006976,TR006976,DR0033,VH00063,2026-03-06,1534.7,40.08,41.8,176,24,23,501,173.6,0.0,False,4.7,False
TL006978,TR006978,DR0052,VH00039,2024-01-03,169.4,8.16,22.6,164,0,0,27,5.8,96.9,False,4.0,False
TL006979,TR006979,DR0034,VH00037,2024-08-12,14.8,11.76,1.4,147,0,0,78,2.9,95.2,False,5.0,False
TL006982,TR006982,DR0054,VH00057,2025-12-14,15.1,7.68,2.1,96,0,0,41,1.1,97.6,False,4.9,False
TL006983,TR006983,DR0056,VH00063,2022-12-12,14.7,4.32,3.7,111,0,0,36,0.7,98.0,False,3.9,False
TL006987,TR006987,DR0053,VH00056,2025-06-04,383.1,5.52,75.7,149,3,3,49,39.0,78.3,False,4.1,False
TL006990,TR006990,DR0039,VH00087,2022-04-18,57.7,19.2,3.3,102,1,0,209,5.6,86.4,False,4.1,True
TL006994,TR006994,DR0058,VH00037,2026-02-04,64.9,10.08,7.0,88,1,1,69,8.6,91.5,False,3.4,False
TL006995,TR006995,DR0046,VH00052,2025-11-19,22.3,3.36,7.2,116,1,1,83,10.6,90.2,True,3.1,False
TL006996,TR006996,DR0048,VH00116,2026-01-22,61.5,147.6,0.5,162,0,0,353,2.6,81.6,False,3.3,False
TL007000,TR007000,DR0004,VH00119,2022-08-28,1440.2,62.64,25.1,145,21,29,458,220.2,0.0,False,4.1,False
TL007002,TR007002,DR0022,VH00102,2026-03-16,1370.4,786.96,1.9,152,28,34,6287,282.0,0.0,False,4.6,True
TL007003,TR007003,DR0035,VH00017,2025-07-25,1473.2,62.16,25.9,109,55,53,1278,296.1,0.0,False,4.7,False
TL007005,TR007005,DR0025,VH00015,2022-11-13,33.0,36.48,1.0,109,0,0,314,5.0,82.8,False,4.5,False
TL007012,TR007012,DR0022,VH00039,2022-07-03,53.2,8.16,7.1,135,0,0,64,6.0,95.0,False,4.9,False
TL007015,TR007015,DR0029,VH00015,2023-10-13,44.6,36.24,1.3,180,0,0,395,8.2,77.8,False,4.0,False
TL007019,TR007019,DR0048,VH00057,2026-02-22,67.8,6.72,11.0,106,0,0,26,2.9,97.8,False,4.3,False
TL007021,TR007021,DR0035,VH00081,2022-10-27,15.1,9.12,1.8,130,0,0,138,5.6,91.4,False,5.0,False
TL007022,TR007022,DR0059,VH00061,2025-06-03,543.0,32.88,18.0,132,7,11,529,48.2,37.6,False,4.4,False
TL007025,TR007025,DR0026,VH00116,2026-01-23,57.2,16.56,3.8,129,2,1,159,7.8,85.7,False,3.4,True
TL007026,TR007026,DR0024,VH00025,2024-08-17,386.7,51.12,8.3,83,3,4,296,39.5,64.9,False,4.2,False
TL007027,TR007027,DR0012,VH00062,2024-01-08,115.5,51.36,2.5,101,3,5,955,42.4,30.0,False,4.5,False
TL007028,TR007028,DR0022,VH00074,2023-07-01,31.3,16.56,2.1,158,0,0,254,5.0,85.8,False,4.2,False
TL007030,TR007030,DR0037,VH00102,2026-05-25,72.7,71.28,1.1,147,1,1,675,7.6,61.5,False,4.2,False
TL007031,TR007031,DR0037,VH00043,2022-09-11,79.6,13.44,6.5,168,1,1,121,10.2,88.4,False,4.9,False
TL007033,TR007033,DR0007,VH00017,2023-11-23,45.9,231.6,0.2,88,3,3,2901,27.3,0.0,False,4.1,False
TL007034,TR007034,DR0033,VH00068,2024-03-23,168.7,44.64,4.1,109,3,3,715,26.6,48.8,False,3.9,False
TL007035,TR007035,DR0059,VH00016,2024-07-13,39.4,54.24,0.8,167,0,0,384,5.5,79.1,False,4.3,False
TL007041,TR007041,DR0042,VH00034,2026-05-19,27.4,9.6,3.1,154,0,0,31,1.7,97.9,False,4.8,False
TL007043,TR007043,DR0055,VH00016,2024-02-05,73.2,101.04,0.8,88,1,1,1256,15.0,30.2,False,4.5,False
TL007044,TR007044,DR0049,VH00092,2024-07-05,14.9,70.56,0.2,142,0,0,290,1.4,85.1,False,4.2,False
TL007045,TR007045,DR0004,VH00106,2025-12-20,61.2,232.32,0.3,118,0,1,3238,9.1,0.0,False,4.0,False
TL007048,TR007048,DR0028,VH00089,2022-05-23,1228.4,95.76,14.0,113,13,12,434,114.7,12.4,False,4.5,False
TL007050,TR007050,DR0048,VH00043,2025-06-13,1389.4,7.68,197.4,178,5,5,34,27.6,77.5,False,4.5,False
TL007052,TR007052,DR0043,VH00080,2022-02-17,1351.5,15.6,94.5,141,10,12,51,116.7,35.4,False,4.0,False
TL007054,TR007054,DR0018,VH00091,2024-02-05,63.3,69.6,1.0,152,0,0,422,5.9,77.1,False,4.8,False
TL007055,TR007055,DR0042,VH00034,2023-11-12,38.0,13.44,3.1,120,0,0,57,3.7,96.0,False,3.9,False
TL007056,TR007056,DR0017,VH00080,2024-09-09,70.8,131.52,0.6,156,1,1,1519,7.9,19.2,False,4.4,False
TL007057,TR007057,DR0010,VH00116,2024-08-23,390.0,4.08,104.3,112,4,3,12,25.8,82.7,False,3.7,False
TL007058,TR007058,DR0059,VH00091,2024-02-01,27.5,12.72,2.4,156,0,0,102,5.2,93.3,False,3.9,False
TL007059,TR007059,DR0028,VH00008,2025-11-22,117.2,3.6,35.5,86,1,0,27,6.9,95.1,False,2.6,False
TL007060,TR007060,DR0056,VH00022,2023-04-23,161.8,58.08,3.0,107,1,1,208,15.4,82.5,False,4.9,False
TL007062,TR007062,DR0049,VH00010,2026-02-15,337.8,10.32,35.7,134,4,4,39,32.0,78.5,False,3.9,False
TL007064,TR007064,DR0005,VH00016,2023-09-17,27.3,32.64,0.9,155,0,0,155,2.2,91.6,False,4.1,False
TL007066,TR007066,DR0038,VH00099,2026-05-22,26.6,4.56,6.4,89,0,0,32,3.1,97.5,False,4.2,False
TL007069,TR007069,DR0039,VH00044,2022-06-05,50.5,89.52,0.6,108,0,1,1425,10.5,24.6,False,4.4,False
TL007070,TR007070,DR0018,VH00036,2022-07-21,43.8,28.56,1.7,93,0,0,103,2.6,94.1,False,4.3,False
TL007077,TR007077,DR0021,VH00047,2025-11-12,386.7,70.56,6.0,175,9,9,569,31.8,39.5,False,3.1,False
TL007078,TR007078,DR0028,VH00031,2024-02-19,33.1,812.16,0.0,156,0,0,6399,3.1,0.0,False,4.0,False
TL007080,TR007080,DR0021,VH00044,2024-06-22,72.4,219.12,0.4,116,1,1,2541,16.2,0.0,False,3.2,False
TL007081,TR007081,DR0043,VH00037,2025-07-20,14.8,53.28,0.3,142,0,0,332,1.3,83.0,False,4.6,False
TL007082,TR007082,DR0033,VH00106,2026-02-12,1397.9,68.4,22.3,129,29,25,699,145.4,0.0,False,4.9,False
TL007083,TR007083,DR0010,VH00058,2023-01-26,71.4,695.52,0.1,117,0,0,5501,3.1,0.0,False,3.9,False
TL007084,TR007084,DR0037,VH00052,2023-05-13,15.4,10.8,1.6,132,0,0,113,3.0,93.4,False,2.8,False
TL007086,TR007086,DR0042,VH00088,2024-09-09,58.7,17.76,3.6,107,0,0,127,3.6,92.6,False,4.0,False
TL007088,TR007088,DR0058,VH00112,2024-11-09,25.5,224.16,0.1,111,0,0,1705,3.8,13.6,False,4.0,False
TL007090,TR007090,DR0002,VH00015,2024-04-16,14.0,733.44,0.0,91,0,0,12488,5.0,0.0,False,3.9,False
TL007091,TR007091,DR0021,VH00007,2023-10-09,26.8,14.64,2.0,139,0,0,129,3.9,92.4,False,3.9,False
TL007094,TR007094,DR0046,VH00047,2025-03-21,257.2,6.48,43.3,165,17,18,136,104.0,18.5,False,3.3,False
TL007099,TR007099,DR0036,VH00119,2025-09-21,1397.9,27.12,56.2,127,30,23,204,127.1,0.0,False,5.0,False
TL007100,TR007100,DR0044,VH00069,2022-10-26,16.0,4.56,3.8,126,0,0,46,2.3,97.0,False,2.3,False
TL007102,TR007102,DR0033,VH00065,2024-02-17,1392.5,7.2,211.0,115,30,25,105,251.6,0.0,False,4.9,False
TL007103,TR007103,DR0049,VH00104,2026-02-23,337.8,14.64,25.2,119,2,2,122,14.2,84.6,False,3.7,False
TL007106,TR007106,DR0033,VH00011,2025-09-13,1397.9,44.4,34.3,105,24,24,534,235.9,0.0,False,4.3,False
TL007107,TR007107,DR0008,VH00107,2022-10-15,23.6,38.4,0.7,84,0,0,566,4.4,70.4,False,3.4,False
TL007110,TR007110,DR0038,VH00071,2023-12-13,43.7,16.32,2.9,136,0,0,151,4.4,91.1,False,3.4,True
TL007112,TR007112,DR0043,VH00043,2023-09-09,77.6,828.0,0.1,115,0,0,4260,5.0,0.0,False,3.2,False
TL007113,TR007113,DR0022,VH00110,2024-07-11,26.8,11.28,2.6,146,0,0,71,2.3,95.8,False,4.0,False
TL007115,TR007115,DR0025,VH00089,2022-10-17,543.0,9.6,61.7,142,10,11,155,76.7,43.2,False,3.4,False
TL007116,TR007116,DR0056,VH00013,2025-10-24,1468.7,9.84,162.8,149,15,18,65,140.4,14.1,False,4.4,False
TL007117,TR007117,DR0039,VH00111,2023-07-27,337.8,45.36,8.1,104,8,6,547,63.8,35.5,False,4.1,False
TL007119,TR007119,DR0004,VH00019,2023-11-26,306.0,717.36,0.5,166,6,6,9459,28.9,0.0,False,4.1,False
TL007120,TR007120,DR0056,VH00062,2022-06-02,25.6,11.04,2.5,167,0,0,92,1.7,94.9,False,3.5,False
TL007121,TR007121,DR0035,VH00074,2024-07-14,115.7,54.48,2.3,89,4,4,1192,27.7,22.1,False,5.0,False
TL007123,TR007123,DR0016,VH00008,2022-05-01,37.3,19.2,2.1,108,0,0,146,2.1,92.1,False,4.8,False
TL007128,TR007128,DR0040,VH00084,2022-05-24,73.2,11.04,7.2,160,1,1,94,15.8,88.1,False,4.1,False
TL007129,TR007129,DR0008,VH00056,2025-02-09,59.3,24.0,2.7,162,0,1,366,5.5,79.0,False,4.4,False
TL007132,TR007132,DR0044,VH00040,2025-03-15,63.8,23.76,2.9,126,1,1,227,5.0,84.7,False,4.6,False
TL007134,TR007134,DR0047,VH00016,2026-04-26,15.0,6.0,2.7,85,0,0,88,2.7,94.8,False,4.0,True
TL007135,TR007135,DR0020,VH00043,2026-02-24,41.3,22.56,2.0,175,0,0,335,5.9,81.5,False,3.6,False
TL007136,TR007136,DR0015,VH00031,2025-09-22,419.2,128.64,3.6,112,6,6,1378,54.8,0.0,False,3.9,False
TL007139,TR007139,DR0052,VH00117,2022-08-12,35.5,17.04,2.3,118,0,0,63,1.3,96.5,False,4.1,False
TL007140,TR007140,DR0033,VH00044,2024-05-05,68.9,7.92,9.5,114,1,1,121,7.8,89.1,False,4.8,False
TL007141,TR007141,DR0023,VH00058,2026-02-09,15.5,3.6,4.7,88,0,0,25,0.8,98.5,False,5.0,False
TL007144,TR007144,DR0022,VH00074,2023-03-09,24.3,12.96,2.0,112,0,0,113,4.1,93.1,False,4.0,False
TL007146,TR007146,DR0015,VH00024,2025-09-26,163.5,13.92,12.8,140,2,3,106,29.2,79.9,False,3.9,False
TL007148,TR007148,DR0039,VH00073,2025-09-28,65.0,798.72,0.1,144,1,1,11335,9.0,0.0,False,4.2,False
TL007150,TR007150,DR0028,VH00110,2025-08-27,41.8,102.96,0.4,92,0,0,872,3.9,55.2,False,4.1,False
TL007155,TR007155,DR0026,VH00034,2024-06-21,42.4,788.16,0.1,97,1,1,14823,10.8,0.0,False,3.4,False
TL007156,TR007156,DR0039,VH00084,2022-01-28,39.2,46.32,0.9,134,0,0,609,5.3,68.0,False,3.8,False
TL007157,TR007157,DR0021,VH00053,2026-05-24,46.2,808.32,0.1,129,0,1,6181,9.4,0.0,False,3.1,False
TL007158,TR007158,DR0013,VH00011,2026-05-01,257.2,40.56,6.9,173,3,3,289,9.1,75.3,False,3.8,False
TL007161,TR007161,DR0037,VH00094,2023-07-16,13.3,11.52,1.3,162,0,0,126,1.7,93.2,False,3.8,False
TL007174,TR007174,DR0027,VH00073,2022-04-20,72.3,7.2,11.0,142,0,0,63,7.6,94.6,False,4.0,False
TL007175,TR007175,DR0003,VH00037,2023-09-28,54.5,97.2,0.6,165,4,3,1375,29.8,13.3,False,4.0,False
TL007177,TR007177,DR0022,VH00008,2026-04-27,29.9,16.56,2.0,91,0,0,133,2.3,92.7,False,3.6,False
TL007178,TR007178,DR0048,VH00054,2022-06-07,55.7,17.04,3.6,108,0,0,72,1.8,95.9,False,3.8,False
TL007180,TR007180,DR0003,VH00026,2022-07-22,498.6,13.44,40.5,104,34,36,147,184.1,0.0,False,3.9,False
TL007181,TR007181,DR0044,VH00111,2023-08-24,323.1,3.36,104.9,93,5,6,52,69.4,63.1,False,4.4,False
TL007182,TR007182,DR0029,VH00040,2024-11-22,22.4,216.24,0.1,128,0,0,2677,2.0,0.0,False,4.0,False
TL007186,TR007186,DR0052,VH00016,2023-08-06,375.8,4.8,85.4,102,1,1,14,6.4,94.9,False,5.0,False
TL007187,TR007187,DR0018,VH00058,2024-09-01,257.2,167.04,1.7,97,2,2,1041,20.8,36.7,False,3.7,False
TL007188,TR007188,DR0034,VH00064,2025-03-14,1552.2,54.72,30.9,135,37,36,551,296.5,0.0,False,3.1,False
TL007191,TR007191,DR0038,VH00102,2025-04-08,75.5,9.6,8.6,135,1,1,82,15.5,88.8,False,3.6,False
TL007196,TR007196,DR0007,VH00115,2023-04-14,53.5,132.24,0.4,166,4,3,2463,23.5,0.0,False,4.0,False
TL007199,TR007199,DR0007,VH00116,2026-06-28,54.9,13.2,4.5,157,3,2,236,14.9,77.2,False,3.7,False
TL007200,TR007200,DR0055,VH00051,2025-10-02,15.0,43.68,0.4,147,0,0,281,1.8,85.4,False,4.8,False
TL007203,TR007203,DR0042,VH00040,2023-04-23,48.9,12.0,4.4,122,0,0,80,5.1,94.5,False,5.0,False
TL007204,TR007204,DR0057,VH00008,2023-03-06,76.5,810.48,0.1,94,0,0,1906,3.3,3.7,False,4.7,False
TL007205,TR007205,DR0031,VH00008,2024-04-15,15.0,8.64,1.9,103,0,0,128,3.4,92.6,False,3.7,True
TL007206,TR007206,DR0019,VH00047,2023-06-27,77.8,55.92,1.5,89,2,2,1304,26.9,21.7,False,4.1,False
TL007208,TR007208,DR0015,VH00056,2025-09-12,1239.7,3.6,375.7,121,20,24,29,233.8,0.0,False,5.0,False
TL007210,TR007210,DR0041,VH00025,2025-11-22,10.2,33.12,0.3,115,0,0,189,0.4,90.4,False,4.5,False
TL007211,TR007211,DR0056,VH00078,2025-06-19,257.2,44.4,6.3,180,2,3,224,11.5,79.3,False,3.4,False
TL007212,TR007212,DR0012,VH00034,2026-06-02,768.9,24.0,34.9,161,32,22,346,278.6,0.0,False,4.2,False
TL007215,TR007215,DR0020,VH00038,2026-02-26,364.6,31.68,12.6,88,8,5,355,29.5,56.4,False,4.6,False
TL007221,TR007221,DR0056,VH00019,2022-03-23,1384.9,18.96,79.7,93,14,17,162,68.3,33.4,False,4.3,False
TL007223,TR007223,DR0031,VH00062,2024-03-20,69.8,20.64,3.7,152,0,0,175,8.9,88.6,False,5.0,False
TL007225,TR007225,DR0004,VH00004,2026-01-10,1275.4,68.88,20.2,98,19,24,1091,235.6,0.0,False,4.6,False
TL007226,TR007226,DR0017,VH00031,2023-08-12,54.9,740.4,0.1,168,0,0,7999,5.3,0.0,False,4.5,False
TL007230,TR007230,DR0023,VH00047,2023-07-09,1440.2,144.72,10.9,180,17,15,861,110.9,0.0,False,3.6,False
TL007231,TR007231,DR0012,VH00111,2025-02-15,18.4,35.28,0.6,172,0,0,837,4.0,56.9,False,4.2,False
TL007234,TR007234,DR0039,VH00015,2022-03-11,39.5,162.24,0.3,94,0,0,1812,8.5,6.8,False,3.1,False
TL007236,TR007236,DR0005,VH00080,2026-04-27,38.9,18.96,2.2,121,0,0,145,2.6,92.0,False,5.0,False
TL007237,TR007237,DR0018,VH00044,2024-03-16,16.2,12.48,1.4,157,0,0,61,0.7,96.7,False,3.3,False
TL007239,TR007239,DR0013,VH00026,2024-10-04,29.6,15.36,2.1,85,0,0,85,2.4,95.0,False,3.1,False
TL007243,TR007243,DR0031,VH00032,2026-04-09,51.1,6.0,9.3,113,1,1,55,4.1,93.5,False,4.5,False
TL007245,TR007245,DR0038,VH00052,2025-08-22,936.4,33.84,30.2,144,18,18,325,124.6,1.4,False,3.9,False
TL007255,TR007255,DR0041,VH00057,2022-01-03,32.9,10.32,3.5,146,0,0,34,2.8,97.5,False,4.2,False
TL007256,TR007256,DR0043,VH00017,2025-10-25,36.8,156.96,0.3,82,0,0,474,2.4,75.6,False,5.0,False
TL007260,TR007260,DR0036,VH00034,2025-09-16,1390.4,24.96,60.8,149,22,27,327,106.4,0.0,False,3.5,False
TL007262,TR007262,DR0002,VH00094,2024-06-04,1411.1,8.4,183.3,117,50,58,122,375.4,0.0,False,3.8,False
TL007269,TR007269,DR0011,VH00015,2026-01-09,68.0,36.48,2.0,82,0,0,168,4.4,90.3,False,3.1,True
TL007270,TR007270,DR0043,VH00116,2023-07-06,78.5,8.4,10.2,115,0,0,47,8.2,95.2,False,5.0,False
TL007271,TR007271,DR0036,VH00039,2024-05-02,22.6,14.64,1.7,157,0,0,176,3.6,90.1,False,3.4,False
TL007273,TR007273,DR0009,VH00043,2025-08-22,64.9,19.44,3.6,179,0,0,53,1.9,96.8,False,5.0,False
TL007274,TR007274,DR0047,VH00042,2024-05-16,367.1,32.64,12.3,180,8,7,500,80.6,31.8,False,4.3,False
TL007275,TR007275,DR0040,VH00023,2025-01-06,543.0,40.32,14.7,108,12,12,355,117.2,17.1,False,3.4,False
TL007276,TR007276,DR0051,VH00110,2026-04-06,69.8,28.08,2.7,179,1,1,329,8.2,78.6,False,4.8,False
TL007280,TR007280,DR0007,VH00099,2024-12-16,364.9,2.64,150.8,180,17,23,78,167.0,0.0,False,3.2,False
TL007281,TR007281,DR0033,VH00018,2025-01-24,323.1,12.0,29.4,160,6,7,184,61.8,56.3,False,5.0,False
TL007282,TR007282,DR0052,VH00025,2024-12-19,394.8,4.32,99.7,81,1,1,6,7.0,95.1,False,3.2,False
TL007283,TR007283,DR0015,VH00088,2025-09-21,960.3,50.4,20.8,139,20,19,741,107.9,0.0,False,4.3,False
TL007284,TR007284,DR0059,VH00051,2023-05-09,45.8,138.72,0.4,85,0,0,947,5.6,51.0,False,3.6,False
TL007285,TR007285,DR0035,VH00059,2022-06-09,29.1,14.16,2.2,151,1,0,300,9.2,80.7,False,4.0,False
TL007287,TR007287,DR0036,VH00095,2025-03-12,42.4,23.28,2.0,113,0,0,140,4.9,91.5,False,4.5,False
TL007292,TR007292,DR0020,VH00095,2025-06-27,38.9,18.24,2.3,153,0,0,115,3.6,93.2,False,3.7,False
TL007295,TR007295,DR0041,VH00004,2022-05-06,175.7,2.64,72.6,94,1,1,21,11.3,93.1,False,3.8,False
TL007297,TR007297,DR0013,VH00078,2026-06-20,170.1,115.44,1.6,96,1,1,797,16.2,52.8,False,3.9,False
TL007298,TR007298,DR0055,VH00088,2025-03-25,55.5,63.36,1.0,126,1,0,474,8.4,72.3,False,4.0,False
TL007302,TR007302,DR0023,VH00048,2023-09-07,14.4,11.28,1.4,112,0,0,60,0.7,96.8,False,2.8,False
TL007304,TR007304,DR0023,VH00016,2022-07-17,65.3,43.2,1.6,176,0,0,255,3.1,86.3,False,4.0,False
TL007305,TR007305,DR0012,VH00074,2024-06-17,30.0,172.08,0.2,118,1,0,2674,5.9,0.0,False,3.4,False
TL007306,TR007306,DR0058,VH00040,2024-07-27,31.3,104.4,0.3,180,0,0,763,4.2,60.6,False,4.3,False
TL007316,TR007316,DR0017,VH00020,2026-04-02,1390.9,10.08,150.5,120,32,23,75,126.5,0.0,False,4.3,True
TL007318,TR007318,DR0016,VH00004,2025-02-26,345.6,71.28,5.3,163,3,3,361,29.7,65.5,False,3.9,False
TL007321,TR007321,DR0022,VH00020,2023-02-06,48.5,6.24,8.5,143,0,0,51,5.5,95.8,False,3.9,False
TL007322,TR007322,DR0020,VH00074,2022-09-03,15.7,114.72,0.1,161,0,0,1588,2.6,19.8,False,3.4,False
TL007323,TR007323,DR0027,VH00053,2023-12-24,1534.7,38.4,43.6,108,10,17,271,152.9,8.6,False,4.2,True
TL007326,TR007326,DR0046,VH00017,2023-02-05,29.8,18.24,1.8,152,1,1,553,14.7,65.4,False,4.3,False
TL007327,TR007327,DR0021,VH00013,2023-07-21,37.1,17.52,2.3,160,0,0,214,6.8,87.3,False,4.9,False
TL007328,TR007328,DR0042,VH00092,2025-07-02,23.0,70.32,0.4,137,0,0,290,1.5,85.0,False,4.8,True
TL007330,TR007330,DR0052,VH00095,2023-06-02,36.8,166.08,0.2,107,0,0,317,1.4,83.7,False,4.2,False
TL007331,TR007331,DR0016,VH00004,2023-12-05,1389.9,40.32,37.6,151,17,15,296,70.8,23.5,False,4.6,False
TL007332,TR007332,DR0028,VH00111,2026-05-13,337.8,16.32,22.6,94,4,3,80,35.1,76.5,False,4.1,False
TL007333,TR007333,DR0035,VH00102,2025-07-22,900.7,34.32,28.6,116,38,40,305,113.8,0.0,False,5.0,False
TL007334,TR007334,DR0043,VH00022,2025-04-12,39.9,19.68,2.2,113,0,0,139,3.8,91.9,False,3.7,False
TL007335,TR007335,DR0007,VH00058,2022-08-17,57.7,8.4,7.5,90,3,3,220,23.6,74.4,False,3.6,False
TL007336,TR007336,DR0005,VH00078,2026-06-09,543.0,63.6,9.3,178,5,4,277,40.4,62.5,False,5.0,False
TL007337,TR007337,DR0034,VH00040,2025-03-03,65.0,199.44,0.4,155,1,1,2981,9.4,0.0,False,3.0,False
TL007338,TR007338,DR0013,VH00043,2026-04-13,70.4,94.08,0.8,149,0,0,399,6.5,78.1,False,3.6,False
TL007342,TR007342,DR0018,VH00005,2024-03-07,1552.2,71.52,23.7,129,17,14,626,54.7,12.8,False,3.3,False
TL007345,TR007345,DR0015,VH00074,2022-01-05,390.2,6.48,65.7,88,9,8,84,78.5,50.8,False,5.0,False
TL007351,TR007351,DR0013,VH00069,2025-05-25,50.0,39.84,1.4,103,0,0,276,2.3,85.5,False,4.6,False
TL007353,TR007353,DR0058,VH00037,2022-11-21,323.1,26.64,13.2,140,4,7,156,59.4,61.4,False,4.8,False
TL007354,TR007354,DR0054,VH00042,2023-12-14,28.4,11.76,2.6,179,0,0,94,2.1,94.7,False,3.5,False
TL007357,TR007357,DR0051,VH00089,2022-05-04,14.3,9.36,1.7,133,0,0,90,1.7,95.0,False,4.0,False
TL007359,TR007359,DR0008,VH00115,2023-09-18,1411.5,16.8,91.7,165,21,20,143,278.7,0.0,False,5.0,False
TL007360,TR007360,DR0025,VH00039,2024-11-03,1420.9,10.56,146.8,109,29,20,84,217.1,0.0,False,4.2,False
TL007361,TR007361,DR0022,VH00068,2023-10-22,44.9,59.04,0.8,104,1,1,879,9.3,50.8,False,4.7,False
TL007363,TR007363,DR0022,VH00005,2023-06-12,337.8,192.24,1.9,179,5,5,1369,36.2,8.2,False,5.0,False
TL007364,TR007364,DR0060,VH00059,2024-07-28,543.0,37.44,15.8,154,6,6,316,41.7,56.7,False,4.5,False
TL007365,TR007365,DR0010,VH00051,2025-08-16,498.6,36.96,14.7,140,5,3,175,41.9,68.2,False,4.7,False
TL007366,TR007366,DR0025,VH00057,2022-07-22,71.5,2.88,27.1,139,1,1,17,15.3,92.1,False,3.3,False
TL007367,TR007367,DR0056,VH00019,2023-05-13,38.0,59.52,0.7,163,0,0,473,1.4,75.9,False,3.7,False
TL007368,TR007368,DR0008,VH00084,2023-06-16,1441.1,58.08,27.1,147,20,33,431,114.5,0.0,False,4.2,False
TL007369,TR007369,DR0020,VH00037,2023-09-21,376.4,6.0,68.4,121,6,8,88,44.5,65.2,False,5.0,False
TL007375,TR007375,DR0052,VH00068,2023-05-07,72.3,19.68,4.0,105,0,0,72,2.3,95.7,False,4.1,False
TL007376,TR007376,DR0028,VH00095,2026-05-15,385.2,6.96,60.4,162,4,3,36,14.9,84.7,False,3.7,False
TL007378,TR007378,DR0021,VH00057,2025-04-26,1439.6,9.6,163.6,110,27,20,107,135.9,0.0,False,3.7,False
TL007381,TR007381,DR0053,VH00024,2026-02-24,384.1,7.92,52.9,148,2,4,40,13.6,86.9,False,4.2,False
TL007383,TR007383,DR0037,VH00115,2025-08-12,25.5,736.56,0.0,151,0,0,9594,5.0,0.0,False,3.4,False
TL007384,TR007384,DR0054,VH00032,2025-08-15,25.5,8.88,3.1,84,0,0,73,1.1,96.0,False,4.3,True
TL007386,TR007386,DR0052,VH00043,2022-10-26,31.4,119.28,0.3,148,0,0,263,1.0,86.5,False,5.0,False
TL007389,TR007389,DR0005,VH00114,2023-06-27,362.4,4.56,86.7,180,3,3,25,24.9,83.8,False,4.0,False
TL007390,TR007390,DR0003,VH00110,2022-09-19,1462.4,14.16,112.7,153,130,68,304,683.1,0.0,False,3.9,False
TL007391,TR007391,DR0005,VH00008,2022-12-03,397.1,5.52,78.5,107,3,5,39,40.4,76.4,False,4.0,False
TL007393,TR007393,DR0038,VH00042,2022-10-12,49.1,8.16,6.6,120,0,1,112,4.3,92.1,False,4.6,False
TL007394,TR007394,DR0054,VH00064,2026-02-08,170.4,67.44,2.8,134,1,2,366,6.1,76.4,False,4.4,False
TL007395,TR007395,DR0012,VH00087,2024-08-17,384.9,22.8,18.4,171,14,13,326,121.3,13.3,False,4.5,False
TL007396,TR007396,DR0015,VH00021,2025-09-11,15.7,44.64,0.4,161,0,0,253,3.2,86.4,False,4.2,False
TL007397,TR007397,DR0009,VH00039,2023-04-13,337.8,59.76,6.2,145,1,1,195,8.0,85.3,False,4.5,False
TL007399,TR007399,DR0018,VH00037,2025-09-22,375.6,11.04,37.1,91,4,3,71,22.9,80.6,False,3.5,False
TL007401,TR007401,DR0021,VH00069,2025-09-22,1534.7,71.04,23.6,93,34,36,1138,265.9,0.0,False,4.0,False
TL007405,TR007405,DR0046,VH00073,2025-06-12,26.1,12.96,2.2,109,1,1,244,8.0,82.9,False,3.1,False
TL007407,TR007407,DR0059,VH00008,2025-08-25,45.2,7.92,6.2,127,0,1,120,5.8,91.3,False,4.3,False
TL007408,TR007408,DR0019,VH00036,2023-12-10,35.6,9.6,4.0,175,1,1,193,7.9,85.5,False,4.7,False
TL007410,TR007410,DR0024,VH00036,2025-09-04,1475.8,9.84,163.6,175,13,13,66,74.1,42.0,False,4.1,False
TL007412,TR007412,DR0035,VH00068,2026-03-28,388.3,5.76,73.5,97,13,11,144,142.3,19.6,False,4.6,False
TL007413,TR007413,DR0011,VH00084,2022-02-28,11.0,228.48,0.1,139,0,0,813,0.5,59.2,False,4.0,False
TL007415,TR007415,DR0024,VH00046,2023-06-27,78.1,21.6,3.9,106,0,0,151,7.6,90.2,False,4.5,False
TL007416,TR007416,DR0052,VH00068,2026-01-16,28.4,11.28,2.7,139,0,0,24,1.1,98.5,False,3.6,False
TL007418,TR007418,DR0040,VH00025,2022-08-16,394.4,6.0,71.7,110,8,8,45,87.1,51.6,False,4.0,False
TL007421,TR007421,DR0060,VH00068,2022-03-13,122.4,3.12,42.8,101,1,1,25,9.9,93.3,False,5.0,False
TL007427,TR007427,DR0018,VH00056,2022-10-10,22.1,22.8,1.1,105,0,0,151,1.3,92.1,False,4.4,False
TL007429,TR007429,DR0046,VH00104,2025-09-22,69.9,64.32,1.2,80,3,3,1272,26.5,20.9,False,4.5,False
TL007431,TR007431,DR0037,VH00022,2024-01-17,1486.4,7.44,217.9,97,29,32,99,299.6,0.0,False,5.0,False
TL007432,TR007432,DR0058,VH00071,2025-08-07,1357.9,18.24,81.2,123,28,24,276,292.7,0.0,False,4.3,False
TL007434,TR007434,DR0038,VH00064,2023-09-03,369.0,8.4,47.9,170,9,9,79,27.9,65.2,False,3.8,False
TL007436,TR007436,DR0027,VH00056,2024-08-26,368.9,6.72,59.9,88,3,2,32,33.7,81.8,False,3.6,False
TL007438,TR007438,DR0021,VH00118,2025-02-21,1468.7,46.32,34.6,153,31,29,398,139.1,0.0,False,4.0,False
TL007445,TR007445,DR0054,VH00011,2023-03-04,1289.2,36.48,38.6,94,16,15,168,57.1,35.5,False,4.0,False
TL007447,TR007447,DR0060,VH00095,2025-07-21,543.0,7.92,74.8,91,5,5,33,51.7,70.3,False,3.1,False
TL007448,TR007448,DR0049,VH00052,2022-07-04,14.9,65.28,0.2,92,0,0,267,0.6,86.5,False,3.2,False
TL007449,TR007449,DR0007,VH00051,2022-05-22,57.5,207.6,0.3,141,3,2,4612,30.8,0.0,False,4.7,False
TL007450,TR007450,DR0019,VH00008,2022-06-13,1468.7,45.84,35.0,138,59,49,391,545.1,0.0,False,3.2,False
TL007451,TR007451,DR0057,VH00088,2022-12-10,1278.5,11.04,126.3,171,3,5,19,21.2,83.2,False,3.7,False
TL007453,TR007453,DR0059,VH00031,2022-01-25,42.2,30.96,1.5,158,0,0,187,7.1,88.5,False,3.2,False
TL007456,TR007456,DR0042,VH00056,2025-04-22,25.4,16.32,1.7,153,0,0,122,1.2,93.5,False,5.0,False
TL007458,TR007458,DR0019,VH00063,2026-03-20,1375.8,8.4,178.7,176,57,40,80,467.9,0.0,False,4.8,False
TL007462,TR007462,DR0052,VH00069,2022-11-27,364.6,47.28,8.4,131,1,1,167,7.5,86.9,False,3.7,False
TL007465,TR007465,DR0009,VH00037,2025-09-04,55.3,20.64,2.9,156,0,0,65,1.7,96.2,False,4.5,False
TL007468,TR007468,DR0007,VH00064,2023-07-16,119.7,60.72,2.2,112,9,5,1116,44.0,12.5,False,4.7,False
TL007469,TR007469,DR0032,VH00047,2024-07-12,121.3,18.72,7.1,87,1,1,150,6.0,88.2,False,3.8,False
TL007471,TR007471,DR0031,VH00071,2024-04-25,26.2,29.28,1.0,119,0,0,429,2.1,77.9,False,3.0,False
TL007472,TR007472,DR0020,VH00037,2023-09-28,337.8,24.72,14.9,103,7,6,187,51.6,58.7,False,3.7,False
TL007474,TR007474,DR0044,VH00017,2023-07-01,267.0,14.88,19.6,173,4,6,83,55.6,67.2,False,4.6,False
TL007475,TR007475,DR0040,VH00062,2026-01-02,404.3,37.92,11.6,140,7,7,592,62.4,34.2,False,4.5,False
TL007476,TR007476,DR0032,VH00118,2025-12-18,337.8,27.6,13.4,170,3,4,174,11.9,79.2,False,4.6,False
TL007477,TR007477,DR0024,VH00052,2026-06-26,40.8,55.92,0.8,167,0,0,397,4.2,78.9,False,3.6,False
TL007478,TR007478,DR0060,VH00078,2022-01-06,34.2,14.16,2.6,178,0,0,70,1.5,96.0,False,4.1,False
TL007479,TR007479,DR0044,VH00047,2025-03-04,73.2,97.92,0.8,159,1,1,1291,12.6,29.2,False,3.7,True
TL007483,TR007483,DR0022,VH00078,2025-05-17,1191.5,18.0,72.2,136,26,18,284,150.9,0.0,False,4.3,False
TL007484,TR007484,DR0048,VH00068,2022-04-08,1468.7,9.6,166.9,163,6,6,16,61.2,65.8,False,5.0,False
TL007488,TR007488,DR0037,VH00069,2022-04-01,41.8,40.32,1.1,104,0,0,386,6.8,78.7,False,4.0,False
TL007491,TR007491,DR0008,VH00037,2024-03-28,54.3,106.8,0.6,168,1,0,667,8.8,62.5,False,5.0,True
TL007492,TR007492,DR0017,VH00046,2022-11-14,31.9,121.92,0.3,94,0,0,1036,6.2,46.3,False,4.5,False
TL007493,TR007493,DR0036,VH00005,2022-02-27,167.9,23.52,7.8,127,2,3,241,20.8,75.7,False,3.5,False
TL007495,TR007495,DR0038,VH00028,2023-12-06,24.3,44.64,0.6,171,0,0,570,4.1,70.3,False,3.7,False
TL007498,TR007498,DR0052,VH00057,2026-01-18,1440.2,21.84,71.9,171,6,4,98,23.4,75.1,False,4.0,False
TL007499,TR007499,DR0003,VH00047,2025-07-17,38.3,752.88,0.1,101,2,2,8088,14.1,0.0,False,4.6,False
TL007501,TR007501,DR0035,VH00023,2026-02-20,382.8,3.6,116.0,89,18,17,78,114.0,17.9,False,5.0,False
TL007503,TR007503,DR0056,VH00039,2022-09-07,1402.7,220.8,6.9,154,15,17,1392,86.3,0.0,False,4.2,False
TL007504,TR007504,DR0004,VH00046,2026-03-01,383.0,41.04,10.2,157,9,5,441,56.9,42.4,False,3.9,False
TL007506,TR007506,DR0007,VH00028,2023-10-07,557.6,790.8,0.8,125,45,32,20005,294.6,0.0,False,2.9,False
TL007510,TR007510,DR0024,VH00011,2026-01-04,39.3,10.08,4.3,164,0,0,81,3.6,94.9,False,3.7,False
TL007513,TR007513,DR0003,VH00065,2024-02-14,75.5,72.0,1.1,101,3,4,1194,44.1,18.6,False,4.6,False
TL007514,TR007514,DR0032,VH00061,2026-06-05,24.2,19.68,1.3,96,0,0,171,2.1,90.8,False,4.6,False
TL007515,TR007515,DR0029,VH00063,2025-07-03,960.3,56.4,18.6,165,20,17,382,136.4,0.0,False,5.0,False
TL007516,TR007516,DR0028,VH00089,2024-10-20,62.8,20.4,3.4,163,0,0,104,4.6,93.4,False,4.2,False
TL007517,TR007517,DR0058,VH00092,2023-07-16,15.6,11.52,1.5,103,0,0,130,2.3,92.8,False,4.2,False
TL007518,TR007518,DR0025,VH00043,2022-07-22,364.6,10.32,38.5,131,5,7,135,76.1,55.9,False,3.1,True
TL007520,TR007520,DR0041,VH00073,2024-10-15,23.2,12.96,2.0,151,0,0,71,1.7,95.9,False,4.4,False
TL007522,TR007522,DR0016,VH00042,2023-11-20,337.8,68.16,5.4,96,3,2,407,12.8,69.3,False,4.4,False
TL007523,TR007523,DR0049,VH00071,2024-02-22,118.1,7.44,17.3,137,1,1,31,6.9,93.9,False,5.0,False
TL007524,TR007524,DR0042,VH00059,2026-05-06,1534.7,72.72,23.0,119,14,11,252,110.2,22.3,False,4.3,False
TL007529,TR007529,DR0013,VH00116,2024-11-28,388.6,10.32,41.1,95,3,2,53,18.0,85.4,False,4.4,False
TL007533,TR007533,DR0002,VH00110,2025-04-15,14.7,3.12,5.1,120,0,0,53,2.8,96.5,False,4.8,False
TL007536,TR007536,DR0035,VH00064,2023-02-18,26.1,7.44,3.8,146,0,1,113,7.8,91.0,False,4.5,False
TL007537,TR007537,DR0040,VH00007,2024-06-16,66.1,220.32,0.3,137,1,1,3471,14.6,0.0,False,4.8,False
TL007546,TR007546,DR0027,VH00017,2023-02-21,768.9,34.32,24.4,139,6,8,139,72.2,54.4,False,4.5,False
TL007550,TR007550,DR0059,VH00024,2024-04-27,336.5,35.28,10.4,110,6,7,357,29.3,57.4,False,5.0,False
TL007551,TR007551,DR0019,VH00032,2022-09-15,1222.3,9.6,138.9,159,36,44,238,341.8,0.0,False,4.2,False
TL007552,TR007552,DR0013,VH00023,2023-11-28,257.2,22.56,12.4,134,2,3,79,11.4,86.6,False,3.7,False
TL007554,TR007554,DR0024,VH00005,2025-05-01,34.2,8.4,4.4,108,0,0,39,1.9,97.5,False,3.3,False
TL007555,TR007555,DR0012,VH00110,2022-05-05,1208.1,30.24,43.6,147,60,55,396,179.0,0.0,False,4.2,False
TL007556,TR007556,DR0039,VH00117,2022-02-17,337.8,4.32,85.3,80,8,7,66,46.3,63.8,False,3.7,False
TL007557,TR007557,DR0048,VH00080,2025-03-11,68.5,34.08,2.2,164,0,0,149,2.8,91.7,False,5.0,False
TL007558,TR007558,DR0047,VH00068,2022-12-20,25.5,134.16,0.2,173,0,0,1904,4.1,3.6,False,4.9,False
TL007559,TR007559,DR0042,VH00058,2026-03-07,404.3,9.6,45.9,130,5,5,73,20.3,77.8,False,3.8,False
TL007560,TR007560,DR0018,VH00025,2026-04-02,53.1,86.16,0.7,98,0,0,508,3.5,73.5,False,5.0,False
TL007562,TR007562,DR0013,VH00005,2022-07-28,69.7,7.92,9.6,111,0,0,53,2.6,96.6,False,4.5,False
TL007563,TR007563,DR0060,VH00040,2024-05-01,1552.0,52.32,32.4,138,13,17,273,151.5,4.4,False,3.8,False
TL007565,TR007565,DR0029,VH00034,2025-12-16,364.6,28.32,14.0,81,6,7,313,63.1,49.4,False,4.0,False
TL007566,TR007566,DR0023,VH00041,2024-08-02,64.9,9.12,7.8,133,0,0,65,5.8,95.0,False,3.9,False
TL007569,TR007569,DR0010,VH00022,2023-10-19,543.0,26.88,22.0,93,4,4,150,45.0,69.0,False,3.9,False
TL007571,TR007571,DR0041,VH00042,2022-11-06,48.7,15.84,3.4,150,0,0,137,2.5,92.4,False,3.8,False
TL007573,TR007573,DR0012,VH00081,2022-02-06,367.3,6.48,61.8,107,12,16,95,46.3,47.4,False,4.9,False
TL007579,TR007579,DR0055,VH00037,2023-06-15,172.8,9.12,20.7,127,4,4,54,19.0,81.6,False,4.6,False
TL007580,TR007580,DR0038,VH00013,2024-04-05,58.1,4.32,14.7,173,0,1,65,5.3,94.2,False,4.5,False
TL007581,TR007581,DR0019,VH00094,2024-04-18,62.9,10.08,6.8,143,2,2,113,22.7,82.5,False,4.9,False
TL007582,TR007582,DR0011,VH00116,2023-01-07,72.1,14.4,5.5,138,0,0,58,4.4,95.8,False,3.3,False
TL007584,TR007584,DR0003,VH00052,2024-04-17,57.2,20.64,3.0,122,3,3,469,25.9,61.3,False,4.2,False
TL007586,TR007586,DR0003,VH00081,2026-04-28,1440.2,81.6,19.3,159,107,73,1782,582.5,0.0,False,5.0,False
TL007594,TR007594,DR0024,VH00080,2022-06-16,27.1,823.92,0.0,171,0,0,5301,1.7,0.0,False,3.4,False
TL007596,TR007596,DR0047,VH00064,2025-03-24,377.8,9.6,42.9,132,8,6,82,83.0,53.0,False,3.9,False
TL007599,TR007599,DR0007,VH00007,2024-11-06,337.8,163.92,2.2,138,18,22,3117,89.7,0.0,False,3.7,False
TL007602,TR007602,DR0033,VH00117,2024-05-01,79.7,60.96,1.4,83,1,1,330,6.1,79.2,False,4.0,False
TL007603,TR007603,DR0022,VH00112,2023-05-26,59.1,18.0,3.6,168,1,1,99,7.1,90.4,False,4.7,False
TL007606,TR007606,DR0029,VH00054,2025-10-24,257.2,52.8,5.3,110,5,4,415,41.5,55.3,False,3.4,False
TL007607,TR007607,DR0013,VH00042,2024-08-26,337.8,124.08,3.0,98,4,4,533,20.6,57.2,False,3.6,False
TL007610,TR007610,DR0058,VH00117,2022-05-12,33.7,64.8,0.6,98,0,0,376,4.8,79.8,False,4.4,False
TL007612,TR007612,DR0024,VH00057,2023-10-16,1468.7,64.8,24.7,119,17,16,502,104.4,2.1,False,4.9,False
TL007616,TR007616,DR0055,VH00054,2024-07-13,14.1,23.76,0.6,175,0,0,345,2.4,82.0,False,4.4,False
TL007617,TR007617,DR0012,VH00068,2025-05-01,38.0,88.8,0.5,126,1,1,1774,12.1,5.2,False,4.8,False
TL007618,TR007618,DR0021,VH00013,2022-05-11,190.7,137.76,1.5,163,2,2,2217,24.1,0.0,False,4.1,False
TL007622,TR007622,DR0031,VH00112,2024-10-14,257.2,18.96,14.8,151,6,4,115,51.8,65.7,False,4.0,False
TL007623,TR007623,DR0012,VH00021,2022-10-27,71.6,5.04,15.5,138,2,3,98,19.1,83.4,False,3.3,False
TL007629,TR007629,DR0059,VH00068,2026-02-14,44.9,185.04,0.3,105,0,0,1164,3.9,40.6,False,4.0,False
TL007632,TR007632,DR0052,VH00015,2022-11-17,49.0,81.84,0.7,129,0,0,150,2.1,91.9,False,4.7,False
TL007635,TR007635,DR0058,VH00015,2022-08-24,42.1,9.6,4.8,150,1,1,81,8.9,90.8,False,5.0,False
TL007637,TR007637,DR0032,VH00038,2022-09-21,26.5,21.12,1.4,141,0,0,83,1.7,95.3,False,3.4,False
TL007639,TR007639,DR0058,VH00044,2026-04-10,768.9,65.52,12.8,155,19,19,767,172.3,0.0,False,3.9,True
TL007642,TR007642,DR0057,VH00040,2026-04-04,1440.2,13.92,112.9,139,4,5,22,38.5,76.4,False,4.1,False
TL007645,TR007645,DR0011,VH00112,2023-07-13,53.0,18.96,3.0,146,0,0,125,3.2,92.8,False,4.7,False
TL007650,TR007650,DR0013,VH00119,2023-08-28,69.3,7.2,10.5,166,0,0,54,3.5,96.2,False,3.8,False
TL007651,TR007651,DR0056,VH00051,2022-12-21,337.8,36.0,10.2,123,3,3,129,19.4,80.2,False,3.3,False
TL007652,TR007652,DR0007,VH00004,2025-05-02,525.5,222.24,2.6,91,44,22,3566,233.9,0.0,False,4.6,False
TL007656,TR007656,DR0058,VH00057,2026-01-06,1468.7,24.24,66.1,136,28,22,181,288.0,0.0,False,3.5,False
TL007657,TR007657,DR0049,VH00064,2024-03-28,1255.6,3.6,380.5,144,13,11,18,98.4,39.1,False,3.8,False
TL007659,TR007659,DR0039,VH00102,2022-10-21,1170.8,12.24,104.3,132,19,27,77,95.6,12.0,False,5.0,False
TL007660,TR007660,DR0013,VH00043,2026-03-14,35.0,71.76,0.5,93,0,0,342,2.2,82.2,False,3.1,False
TL007667,TR007667,DR0033,VH00095,2025-01-05,72.9,66.72,1.2,93,1,1,981,8.4,45.9,False,4.7,False
TL007672,TR007672,DR0048,VH00021,2025-12-17,1440.2,63.84,24.6,179,5,6,176,55.2,61.1,False,4.8,False
TL007676,TR007676,DR0018,VH00080,2026-05-28,12.4,140.88,0.1,88,0,0,1245,0.5,37.6,False,3.4,False
TL007677,TR007677,DR0059,VH00084,2022-10-17,588.3,49.44,13.0,153,11,11,563,77.7,21.0,False,3.5,False
TL007678,TR007678,DR0037,VH00057,2026-01-12,19.1,12.0,1.7,130,0,0,105,2.5,94.0,False,4.6,False
TL007684,TR007684,DR0049,VH00064,2024-04-22,125.6,40.08,3.4,170,1,1,330,7.8,78.7,False,3.7,False
TL007686,TR007686,DR0022,VH00114,2022-01-24,337.8,30.72,12.0,112,7,7,344,41.7,52.8,False,4.7,False
TL007687,TR007687,DR0056,VH00013,2022-11-02,34.4,95.52,0.4,157,0,0,597,2.9,69.3,False,3.9,False
TL007688,TR007688,DR0022,VH00114,2025-01-19,404.3,54.0,8.2,120,8,8,457,65.3,37.6,False,4.1,False
TL007692,TR007692,DR0035,VH00010,2023-07-01,48.7,112.08,0.5,112,1,1,1823,14.2,2.1,False,2.7,False
TL007693,TR007693,DR0035,VH00084,2026-04-07,337.8,153.84,2.4,93,10,13,2963,108.1,0.0,False,3.4,False
TL007695,TR007695,DR0058,VH00081,2022-02-21,1380.6,787.2,1.9,129,25,29,11275,238.6,0.0,False,3.6,False
TL007696,TR007696,DR0025,VH00115,2024-10-21,43.2,28.08,1.7,180,0,0,330,9.4,80.7,False,4.6,False
TL007700,TR007700,DR0009,VH00008,2023-09-13,25.2,10.56,2.6,166,0,0,43,1.1,97.5,False,4.0,False
TL007701,TR007701,DR0012,VH00078,2023-08-28,1473.6,764.16,2.1,159,62,46,13745,225.1,0.0,False,4.3,False
TL007703,TR007703,DR0052,VH00071,2025-06-02,1246.6,58.32,23.3,137,5,6,259,19.9,67.6,False,4.8,False
TL007704,TR007704,DR0042,VH00015,2025-04-07,15.2,13.68,1.2,117,0,0,68,1.6,96.1,False,4.2,False
TL007705,TR007705,DR0011,VH00019,2022-11-21,364.6,68.88,5.8,91,3,3,283,15.5,73.7,False,3.3,False
TL007706,TR007706,DR0060,VH00062,2024-10-03,337.8,30.72,12.0,178,2,2,165,23.3,79.8,False,4.5,False
TL007710,TR007710,DR0025,VH00078,2023-01-13,66.9,18.72,3.9,95,1,1,162,9.8,86.5,False,4.1,False
TL007712,TR007712,DR0024,VH00039,2024-06-25,26.1,171.36,0.2,157,0,0,877,2.6,55.4,False,4.1,False
TL007713,TR007713,DR0052,VH00117,2025-04-18,1490.2,3.12,521.0,114,4,6,12,53.0,71.5,False,2.5,False
TL007715,TR007715,DR0035,VH00115,2023-12-09,337.8,7.44,49.5,124,13,9,120,94.3,37.2,False,3.2,False
TL007716,TR007716,DR0051,VH00037,2022-08-02,37.5,9.12,4.5,131,0,0,54,2.9,96.4,False,4.5,False
TL007717,TR007717,DR0013,VH00028,2024-01-12,378.2,11.28,36.6,150,3,4,76,30.6,78.5,False,3.2,False
TL007720,TR007720,DR0042,VH00026,2023-07-09,384.4,41.04,10.2,154,3,3,214,14.0,77.6,False,5.0,False
TL007721,TR007721,DR0029,VH00039,2026-03-16,960.3,70.56,14.8,155,14,22,826,132.6,0.0,False,3.9,False
TL007723,TR007723,DR0058,VH00111,2025-06-23,28.3,145.2,0.2,175,0,0,1296,5.1,33.7,False,4.1,False
TL007725,TR007725,DR0060,VH00046,2023-02-13,46.8,86.88,0.6,95,0,0,671,4.8,65.0,False,4.5,False
TL007726,TR007726,DR0011,VH00061,2026-04-13,1383.7,5.28,285.9,156,10,10,25,103.7,42.6,False,4.5,False
TL007730,TR007730,DR0044,VH00118,2025-03-13,936.4,41.04,24.9,178,18,15,605,129.4,0.0,False,3.6,False
TL007734,TR007734,DR0005,VH00010,2026-06-06,32.7,210.0,0.2,106,0,0,797,2.9,59.3,False,3.6,False
TL007735,TR007735,DR0038,VH00112,2026-03-18,1259.1,127.44,10.8,145,22,19,1415,142.2,0.0,False,4.3,False
TL007737,TR007737,DR0004,VH00048,2025-04-06,323.1,55.68,6.3,165,7,4,569,36.7,46.0,False,4.3,False
TL007738,TR007738,DR0057,VH00080,2024-12-21,49.8,21.84,2.5,97,0,0,43,2.1,97.2,False,4.4,False
TL007740,TR007740,DR0015,VH00087,2026-04-04,379.0,5.28,78.3,120,7,7,68,46.0,65.3,False,4.3,False
TL007742,TR007742,DR0053,VH00005,2023-03-01,42.8,56.4,0.8,123,0,0,205,3.8,88.6,False,3.9,False
TL007743,TR007743,DR0009,VH00040,2024-07-09,17.9,13.44,1.5,130,0,0,45,0.4,97.6,False,5.0,False
TL007745,TR007745,DR0019,VH00104,2025-04-14,333.7,43.2,8.4,119,14,9,540,69.7,22.1,False,4.7,False
TL007747,TR007747,DR0041,VH00102,2024-06-26,124.3,234.0,0.6,83,1,1,819,11.5,53.1,False,3.8,False
TL007755,TR007755,DR0013,VH00024,2025-05-10,15.0,4.32,3.8,164,0,0,23,1.1,98.5,False,4.6,False
TL007760,TR007760,DR0012,VH00104,2024-08-01,337.8,10.56,34.9,168,11,9,208,66.5,44.1,False,5.0,False
TL007761,TR007761,DR0018,VH00087,2025-03-15,12.9,674.88,0.0,164,0,0,5820,1.3,0.0,False,4.4,False
TL007765,TR007765,DR0003,VH00041,2025-02-09,385.0,58.32,7.2,136,22,27,1601,140.3,0.0,False,5.0,False
TL007768,TR007768,DR0036,VH00024,2024-02-27,75.6,7.2,11.5,94,1,1,54,7.2,92.6,False,2.7,False
TL007772,TR007772,DR0048,VH00080,2025-06-05,24.7,136.8,0.2,113,0,0,489,0.6,75.4,False,3.3,False
TL007776,TR007776,DR0011,VH00037,2024-03-07,323.1,29.52,11.9,175,3,2,95,27.1,80.6,False,3.5,False
TL007777,TR007777,DR0055,VH00056,2025-08-08,319.5,104.16,3.3,113,6,7,1481,68.1,0.0,False,4.2,False
TL007778,TR007778,DR0054,VH00036,2023-05-01,46.9,10.08,5.1,158,0,0,77,2.3,95.5,False,3.1,False
TL007779,TR007779,DR0027,VH00114,2024-02-05,1468.7,27.36,58.6,112,12,17,161,128.9,18.3,False,3.7,False
TL007780,TR007780,DR0016,VH00114,2022-06-19,1552.0,64.08,26.4,150,14,17,515,71.5,14.8,False,3.9,False
TL007781,TR007781,DR0020,VH00099,2023-02-28,54.6,129.36,0.5,150,0,0,1489,8.6,23.0,False,3.9,False
TL007783,TR007783,DR0051,VH00046,2022-11-05,1231.7,41.76,32.2,136,30,29,520,242.9,0.0,False,3.7,False
TL007784,TR007784,DR0056,VH00028,2026-02-10,1449.1,35.76,44.2,116,16,10,284,92.8,24.0,False,4.4,False
TL007786,TR007786,DR0053,VH00094,2026-04-20,52.9,190.32,0.3,136,0,0,939,2.0,52.4,False,4.2,False
TL007788,TR007788,DR0057,VH00026,2022-01-25,41.0,78.24,0.6,141,0,0,252,1.0,87.1,False,4.4,False
TL007791,TR007791,DR0039,VH00051,2025-06-10,172.9,6.96,27.1,164,2,4,104,32.9,77.9,False,3.8,False
TL007792,TR007792,DR0016,VH00112,2022-06-04,75.4,16.8,4.9,156,0,0,109,7.2,92.4,False,4.6,False
TL007795,TR007795,DR0051,VH00112,2022-07-17,1552.2,65.76,25.7,84,26,36,748,161.4,0.0,False,3.8,False
TL007796,TR007796,DR0059,VH00041,2026-06-25,1354.1,18.48,79.9,120,33,33,124,150.4,0.0,False,4.0,False
TL007797,TR007797,DR0029,VH00038,2022-10-12,48.2,219.84,0.2,168,0,1,3498,9.5,0.0,False,3.0,False
TL007799,TR007799,DR0042,VH00037,2025-01-28,45.6,4.32,11.5,110,0,0,33,4.2,97.1,False,4.2,False
TL007801,TR007801,DR0044,VH00092,2022-03-03,257.2,31.92,8.8,104,3,5,284,23.0,69.4,False,4.3,False
TL007802,TR007802,DR0012,VH00107,2024-04-04,67.8,35.52,2.1,158,2,1,377,20.2,71.1,False,4.1,False
TL007803,TR007803,DR0059,VH00056,2026-01-08,1440.2,67.92,23.1,83,24,32,409,133.2,0.0,False,4.7,False
TL007804,TR007804,DR0003,VH00026,2023-08-24,337.8,63.6,5.8,162,22,25,1219,72.9,0.0,False,4.9,False
TL007807,TR007807,DR0048,VH00087,2024-04-10,1397.9,32.64,46.7,173,4,6,130,21.1,75.2,False,4.1,False
TL007808,TR007808,DR0046,VH00116,2022-02-13,36.0,81.12,0.5,155,2,2,2243,14.1,0.0,False,4.0,True
TL007810,TR007810,DR0041,VH00107,2022-07-09,386.7,42.72,9.9,178,4,3,312,36.6,64.4,False,5.0,True
TL007813,TR007813,DR0041,VH00013,2023-03-20,31.2,58.56,0.6,119,0,0,391,2.0,79.9,False,4.4,False
TL007814,TR007814,DR0003,VH00117,2025-05-24,10.8,37.44,0.3,167,0,0,533,4.8,71.9,False,3.6,False
TL007817,TR007817,DR0039,VH00110,2022-11-16,12.0,11.04,1.2,92,0,0,134,2.6,92.5,False,4.8,False
TL007822,TR007822,DR0035,VH00019,2023-09-22,15.7,6.0,2.9,104,0,0,61,4.9,95.5,False,4.7,False
TL007824,TR007824,DR0026,VH00016,2023-07-27,25.2,8.88,3.1,110,1,0,98,3.2,92.6,False,4.2,False
TL007825,TR007825,DR0060,VH00024,2025-05-06,31.8,8.64,4.0,167,0,0,31,2.1,97.8,False,3.8,False
TL007826,TR007826,DR0035,VH00112,2024-10-24,14.6,16.56,1.0,130,0,0,183,5.2,89.3,False,2.8,False
TL007827,TR007827,DR0049,VH00087,2022-04-25,122.9,62.16,2.2,130,1,1,423,4.4,75.0,False,4.6,False
TL007828,TR007828,DR0009,VH00089,2026-03-10,543.0,51.84,11.4,166,1,2,177,14.3,83.4,False,4.8,False
TL007832,TR007832,DR0035,VH00011,2026-05-25,1397.9,45.12,33.8,100,50,44,973,310.1,0.0,False,4.3,False
TL007834,TR007834,DR0058,VH00023,2024-09-11,364.6,695.04,0.6,80,9,6,9488,36.7,0.0,False,4.6,False
TL007836,TR007836,DR0034,VH00116,2023-04-09,16.3,127.44,0.1,149,0,0,1040,1.8,47.5,False,4.3,False
TL007839,TR007839,DR0051,VH00034,2024-06-17,1440.2,65.04,24.2,123,28,21,772,303.9,0.0,False,3.5,False
TL007840,TR007840,DR0032,VH00065,2024-02-14,1364.7,823.44,1.8,127,14,12,3116,69.4,0.0,False,4.9,False
TL007846,TR007846,DR0034,VH00021,2023-06-18,15.6,123.12,0.1,152,0,0,1167,1.4,41.2,False,4.9,False
TL007850,TR007850,DR0047,VH00068,2024-01-19,14.1,23.52,0.7,134,0,0,369,2.4,80.8,False,4.5,False
TL007852,TR007852,DR0060,VH00116,2026-04-02,64.4,22.32,3.1,114,0,0,100,4.0,93.8,False,5.0,False
TL007858,TR007858,DR0018,VH00026,2022-11-03,768.9,39.84,21.1,116,6,9,127,76.5,52.7,False,4.8,False
TL007860,TR007860,DR0024,VH00046,2022-06-25,22.7,4.08,6.1,160,0,0,26,2.3,98.0,False,4.1,False
TL007863,TR007863,DR0023,VH00022,2026-06-06,396.3,7.68,56.3,147,4,3,28,25.4,82.0,False,4.0,False
TL007865,TR007865,DR0057,VH00058,2023-08-08,1392.4,59.28,25.6,162,6,5,183,44.9,63.4,False,4.8,False
TL007867,TR007867,DR0055,VH00043,2023-07-20,14.3,9.84,1.6,124,0,0,106,1.7,94.2,False,5.0,False
TL007872,TR007872,DR0056,VH00056,2022-05-26,67.7,39.84,1.9,131,0,0,144,3.4,91.8,False,4.3,True
TL007873,TR007873,DR0019,VH00011,2023-08-21,23.5,4.32,5.9,109,0,0,88,5.4,94.0,False,4.1,False
TL007874,TR007874,DR0046,VH00052,2024-08-12,608.0,19.44,34.1,93,53,28,389,297.9,0.0,False,3.1,False
TL007875,TR007875,DR0058,VH00054,2023-08-28,498.6,66.24,8.2,164,10,10,713,96.3,10.5,False,4.8,False
TL007880,TR007880,DR0004,VH00037,2026-04-05,1468.7,97.68,16.4,96,25,37,1562,152.4,0.0,False,4.9,False
TL007882,TR007882,DR0017,VH00008,2026-05-04,1468.7,216.48,7.4,138,37,35,1952,212.5,0.0,False,5.0,False
TL007884,TR007884,DR0019,VH00092,2022-05-20,127.3,21.12,6.6,143,5,4,458,20.6,59.4,False,3.9,False
TL007886,TR007886,DR0019,VH00080,2025-10-10,323.1,762.72,0.5,134,10,12,14589,89.4,0.0,False,4.6,False
TL007887,TR007887,DR0055,VH00053,2022-04-21,936.4,33.6,30.4,89,22,19,308,120.4,0.0,False,3.5,False
TL007888,TR007888,DR0009,VH00084,2025-04-06,55.7,7.44,8.2,99,0,0,12,2.2,98.7,False,3.6,False
TL007891,TR007891,DR0044,VH00044,2025-03-18,32.4,54.96,0.6,82,0,0,316,7.0,82.1,False,4.4,False
TL007892,TR007892,DR0021,VH00064,2025-07-16,34.0,61.44,0.6,152,0,0,553,5.2,70.8,False,4.3,False
TL007893,TR007893,DR0042,VH00073,2022-01-13,72.1,4.56,17.2,89,0,0,29,3.6,97.5,False,4.0,False
TL007894,TR007894,DR0018,VH00041,2023-07-10,67.9,101.28,0.7,170,0,0,354,5.9,80.5,False,4.2,False
TL007895,TR007895,DR0037,VH00036,2026-02-18,59.2,64.8,1.0,167,1,1,925,5.3,49.7,False,3.5,False
TL007899,TR007899,DR0044,VH00016,2026-01-20,34.2,103.92,0.4,118,0,0,1478,5.8,24.4,False,4.3,False
TL007900,TR007900,DR0007,VH00032,2026-05-10,900.7,43.44,22.6,96,47,43,966,454.6,0.0,False,3.4,False
TL007902,TR007902,DR0051,VH00048,2023-12-01,164.5,79.92,2.2,175,2,2,1028,14.9,39.1,False,4.5,False
TL007908,TR007908,DR0048,VH00091,2025-05-19,51.6,90.24,0.6,95,0,0,384,0.9,80.5,False,3.0,False
TL007911,TR007911,DR0022,VH00004,2022-08-21,15.5,49.68,0.3,166,0,0,398,1.7,79.6,False,4.0,False
TL007914,TR007914,DR0031,VH00040,2023-02-19,1381.4,816.0,1.8,82,31,31,11571,258.2,0.0,False,4.5,False
TL007915,TR007915,DR0020,VH00042,2024-12-24,73.0,68.88,1.2,149,1,1,721,6.7,59.4,False,5.0,False
TL007916,TR007916,DR0052,VH00071,2024-12-09,329.2,45.12,8.0,143,1,1,144,10.8,87.1,False,3.7,False
TL007917,TR007917,DR0038,VH00080,2023-12-21,56.5,732.24,0.1,95,0,1,8591,11.1,0.0,False,5.0,False
TL007918,TR007918,DR0052,VH00017,2022-10-02,69.1,16.08,4.7,179,0,0,50,1.6,97.0,False,2.8,False
TL007922,TR007922,DR0029,VH00112,2024-02-28,66.2,45.84,1.6,104,1,1,625,9.4,63.4,False,4.3,False
TL007923,TR007923,DR0051,VH00019,2024-06-25,395.6,9.36,46.1,166,7,9,104,53.7,59.2,False,4.8,False
TL007924,TR007924,DR0011,VH00058,2025-09-08,20.1,11.76,1.9,179,0,0,71,1.7,95.9,False,5.0,False
TL007929,TR007929,DR0015,VH00088,2024-10-10,19.3,3.12,6.7,143,0,0,17,3.6,98.1,False,5.0,False
TL007931,TR007931,DR0038,VH00025,2023-07-22,960.3,24.24,43.2,146,22,18,253,157.2,0.0,False,4.4,False
TL007935,TR007935,DR0034,VH00058,2023-04-19,76.5,11.76,7.1,146,1,1,95,8.0,90.3,False,4.2,False
TL007936,TR007936,DR0019,VH00059,2022-11-01,61.8,838.56,0.1,88,1,1,14665,8.6,0.0,False,3.8,False
TL007938,TR007938,DR0032,VH00087,2022-02-22,20.1,19.2,1.1,97,0,0,161,0.8,91.7,False,4.9,False
TL007940,TR007940,DR0005,VH00114,2024-04-10,960.3,48.72,21.5,136,6,6,422,38.4,52.4,False,3.9,False
TL007941,TR007941,DR0052,VH00064,2025-09-18,52.2,10.32,5.5,107,0,0,43,2.2,97.2,False,4.3,False
TL007946,TR007946,DR0027,VH00115,2025-08-12,72.5,43.44,1.8,135,0,0,193,6.4,88.4,False,4.3,False
TL007948,TR007948,DR0052,VH00111,2022-08-14,319.7,15.84,22.0,139,1,1,42,12.8,91.6,False,4.9,False
TL007950,TR007950,DR0055,VH00065,2025-12-21,24.0,135.6,0.2,173,0,0,1217,4.6,37.8,False,4.4,False
TL007951,TR007951,DR0019,VH00061,2023-06-05,1220.6,79.44,16.8,117,43,53,1430,386.3,0.0,False,4.5,False
TL007953,TR007953,DR0021,VH00032,2025-03-02,377.1,3.36,122.4,85,7,7,38,39.4,68.8,False,3.5,False
TL007955,TR007955,DR0024,VH00019,2023-06-26,498.6,17.28,31.5,167,6,5,135,40.1,67.2,False,4.4,False
TL007959,TR007959,DR0055,VH00052,2025-07-18,62.1,8.64,7.8,98,1,1,115,6.6,89.8,False,3.9,False
TL007963,TR007963,DR0010,VH00117,2026-02-14,116.0,47.52,2.7,108,1,0,304,6.7,81.3,False,4.4,False
TL007965,TR007965,DR0055,VH00028,2024-08-01,65.7,45.12,1.6,162,1,1,308,7.9,79.7,False,3.6,False
TL007970,TR007970,DR0025,VH00036,2024-06-17,364.6,59.04,6.7,124,8,7,355,78.8,39.6,False,4.0,False
TL007973,TR007973,DR0040,VH00042,2026-03-22,23.5,38.16,0.7,139,0,0,520,2.9,73.1,False,4.9,False
TL007974,TR007974,DR0002,VH00058,2024-05-23,36.0,3.12,12.6,163,1,1,70,8.8,91.4,False,3.8,False
TL007979,TR007979,DR0054,VH00025,2023-07-03,42.8,7.68,6.1,126,0,0,43,3.7,96.7,False,3.6,False
TL007980,TR007980,DR0013,VH00005,2024-02-16,12.8,98.64,0.1,109,0,0,720,0.8,63.8,False,3.1,False
TL007981,TR007981,DR0046,VH00118,2024-01-24,64.9,22.32,3.2,170,3,4,450,29.7,60.1,False,5.0,False
TL007982,TR007982,DR0055,VH00019,2022-08-19,46.8,65.28,0.8,125,1,0,407,4.5,76.8,False,3.4,False
TL007983,TR007983,DR0011,VH00061,2022-09-01,23.6,4.08,6.3,110,0,0,21,2.0,98.4,False,4.1,False
TL007985,TR007985,DR0033,VH00042,2024-05-14,1552.2,64.56,26.2,84,23,36,990,340.0,0.0,False,3.7,False
TL007986,TR007986,DR0049,VH00099,2024-03-04,73.5,52.8,1.5,93,0,0,213,2.7,88.5,False,5.0,False
TL007987,TR007987,DR0032,VH00034,2026-02-15,11.3,19.92,0.6,138,0,0,106,0.6,94.5,False,4.2,False
TL007989,TR007989,DR0026,VH00071,2024-12-25,498.6,13.44,40.5,144,19,17,213,82.8,19.0,False,4.2,False
TL007990,TR007990,DR0012,VH00025,2024-10-20,51.8,5.76,9.8,145,2,1,101,17.1,85.8,False,3.7,False
TL007996,TR007996,DR0052,VH00032,2023-08-05,30.0,8.64,3.8,102,0,0,15,1.1,98.9,False,4.9,False
TL007997,TR007997,DR0042,VH00115,2024-12-04,69.1,18.0,4.2,121,0,0,78,2.8,95.3,False,3.9,False
TL007999,TR007999,DR0022,VH00111,2025-02-17,543.0,6.96,85.1,146,13,12,81,87.1,38.3,False,4.1,False
TL008004,TR008004,DR0002,VH00008,2025-11-27,43.0,159.12,0.3,163,1,1,2709,8.6,0.0,False,4.8,False
TL008005,TR008005,DR0017,VH00007,2022-05-27,960.3,42.0,24.9,139,17,21,497,163.1,0.0,False,4.2,False
TL008006,TR008006,DR0052,VH00010,2024-06-25,76.8,808.56,0.1,169,0,0,3622,1.7,0.0,False,3.8,False
TL008009,TR008009,DR0033,VH00040,2024-07-22,45.4,58.8,0.8,102,0,1,809,7.4,56.3,False,4.7,False
TL008011,TR008011,DR0029,VH00080,2026-01-22,12.8,21.36,0.7,81,0,0,202,1.8,89.4,False,3.5,False
TL008012,TR008012,DR0022,VH00099,2023-03-09,15.6,21.6,0.8,160,0,0,154,2.7,91.5,False,5.0,False
TL008013,TR008013,DR0047,VH00032,2024-08-03,1394.5,10.32,147.4,162,22,24,116,180.9,0.0,False,3.5,False
TL008016,TR008016,DR0026,VH00025,2022-08-22,419.2,69.36,6.6,140,11,14,927,108.8,0.0,False,4.5,False
TL008018,TR008018,DR0007,VH00078,2022-11-21,498.6,143.76,3.8,169,42,22,3668,106.4,0.0,False,3.9,False
TL008020,TR008020,DR0043,VH00057,2025-04-04,15.6,11.04,1.5,106,0,0,56,1.1,96.9,False,2.6,False
TL008023,TR008023,DR0040,VH00043,2025-06-20,69.6,19.68,3.9,177,1,0,318,8.4,80.1,False,4.4,False
TL008025,TR008025,DR0038,VH00004,2022-08-02,59.3,132.24,0.5,125,0,1,1262,5.6,34.2,False,4.9,False
TL008026,TR008026,DR0010,VH00071,2025-11-25,1468.7,20.16,79.5,92,12,18,77,92.4,32.4,False,3.7,False
TL008031,TR008031,DR0025,VH00020,2025-10-03,12.9,838.56,0.0,158,0,0,5272,2.2,0.0,False,5.0,False
TL008032,TR008032,DR0020,VH00092,2026-03-10,124.9,12.0,11.4,126,1,3,101,14.2,86.2,False,4.3,False
TL008033,TR008033,DR0007,VH00116,2022-07-02,55.5,28.08,2.2,91,3,3,720,20.0,50.5,False,4.0,False
TL008040,TR008040,DR0010,VH00088,2026-01-01,25.1,57.84,0.5,118,0,0,514,1.3,73.9,False,4.5,False
TL008043,TR008043,DR0017,VH00071,2025-02-27,1454.8,9.12,174.0,175,30,28,137,273.2,0.0,False,4.7,False
TL008047,TR008047,DR0010,VH00059,2024-09-28,63.3,50.4,1.4,168,0,0,385,5.1,79.2,False,4.0,False
TL008048,TR008048,DR0018,VH00034,2024-04-27,61.7,13.92,4.8,161,0,0,98,4.2,93.8,False,3.8,False
TL008049,TR008049,DR0002,VH00051,2022-01-14,76.8,68.16,1.2,157,2,1,1013,12.8,41.5,False,4.1,False
TL008050,TR008050,DR0023,VH00099,2023-06-06,361.6,6.0,65.7,122,3,3,27,19.4,85.3,False,4.2,False
TL008051,TR008051,DR0057,VH00054,2025-02-16,1438.9,46.56,33.7,115,5,7,89,58.8,63.4,False,4.1,False
TL008052,TR008052,DR0023,VH00019,2026-02-09,17.1,86.88,0.2,81,0,0,431,1.1,78.1,False,4.4,False
TL008053,TR008053,DR0007,VH00010,2026-04-28,1552.0,43.44,39.0,133,126,66,679,821.0,0.0,False,4.8,False
TL008054,TR008054,DR0004,VH00063,2025-11-18,364.6,744.48,0.5,95,8,5,8131,59.2,0.0,False,3.6,True
TL008056,TR008056,DR0052,VH00043,2022-03-17,79.5,15.6,5.6,139,0,0,56,2.8,96.4,False,5.0,False
TL008057,TR008057,DR0029,VH00041,2025-02-11,27.4,67.44,0.4,105,0,0,1007,3.9,48.5,False,3.5,False
TL008059,TR008059,DR0027,VH00089,2023-11-29,1396.3,51.12,29.8,123,10,10,185,69.6,44.9,False,4.4,False
TL008062,TR008062,DR0054,VH00021,2026-02-16,18.9,37.44,0.6,178,0,0,177,1.8,90.6,False,3.1,False
TL008064,TR008064,DR0005,VH00107,2022-10-12,960.3,188.64,5.6,118,10,11,1192,65.9,0.0,False,4.4,False
TL008065,TR008065,DR0060,VH00016,2024-01-19,337.8,740.64,0.5,85,3,3,5216,25.1,0.0,False,3.1,False
TL008067,TR008067,DR0047,VH00068,2022-12-18,330.7,26.88,13.4,102,5,8,146,51.6,61.7,False,4.6,False
TL008068,TR008068,DR0022,VH00026,2025-03-09,75.3,6.0,13.7,81,1,1,38,15.1,91.1,False,3.2,False
TL008076,TR008076,DR0060,VH00044,2023-01-06,1440.2,16.8,93.5,95,10,13,127,136.7,24.6,False,3.0,False
TL008078,TR008078,DR0019,VH00074,2022-09-26,116.7,44.4,2.9,176,5,4,958,31.5,31.1,False,4.2,False
TL008080,TR008080,DR0003,VH00025,2025-05-25,386.7,36.96,11.4,100,19,27,1108,151.5,0.0,False,4.3,False
TL008081,TR008081,DR0034,VH00057,2022-07-06,390.5,32.16,13.2,139,7,9,482,46.9,42.3,False,4.1,False
TL008083,TR008083,DR0002,VH00117,2023-09-17,56.9,38.16,1.6,137,2,2,943,21.0,41.5,False,4.0,True
TL008084,TR008084,DR0033,VH00064,2026-06-06,257.2,69.84,4.0,148,4,4,877,27.4,37.9,False,4.3,False
TL008085,TR008085,DR0034,VH00111,2024-07-08,1440.2,74.16,21.2,107,26,36,419,259.0,0.0,False,4.6,False
TL008088,TR008088,DR0042,VH00063,2023-05-06,1468.7,41.52,38.6,107,12,16,235,109.6,21.4,False,4.9,False
TL008092,TR008092,DR0052,VH00032,2026-05-16,73.5,702.72,0.1,163,0,0,1179,2.2,40.4,False,3.7,False
TL008094,TR008094,DR0056,VH00092,2024-01-27,372.7,706.32,0.6,140,4,4,3845,33.2,0.0,False,4.3,False
TL008095,TR008095,DR0039,VH00020,2023-06-16,55.2,6.0,10.0,172,1,1,45,7.1,93.1,False,4.1,False
TL008097,TR008097,DR0044,VH00042,2025-11-15,68.3,30.48,2.4,117,1,1,326,10.4,78.1,False,3.3,False
TL008098,TR008098,DR0031,VH00054,2022-08-25,1440.2,197.04,8.0,176,27,36,2206,312.9,0.0,False,4.3,False
TL008101,TR008101,DR0003,VH00052,2022-09-18,14.4,745.68,0.0,104,0,0,19209,3.7,0.0,False,3.6,False
TL008103,TR008103,DR0059,VH00094,2026-01-24,68.5,9.6,7.8,143,1,1,137,14.1,86.4,False,3.8,False
TL008105,TR008105,DR0036,VH00062,2025-07-23,1403.0,7.68,199.3,127,24,27,82,105.5,1.2,False,3.2,False
TL008108,TR008108,DR0057,VH00087,2022-04-03,15.4,8.64,1.9,138,0,0,28,0.6,98.4,False,4.6,False
TL008109,TR008109,DR0058,VH00081,2022-09-15,14.4,5.28,3.0,140,0,0,79,1.5,95.6,False,4.3,False
TL008114,TR008114,DR0046,VH00017,2024-06-18,1173.0,25.44,50.3,140,77,87,669,385.2,0.0,False,3.5,False
TL008117,TR008117,DR0042,VH00034,2025-11-15,392.4,60.24,7.1,178,3,3,315,34.0,66.5,False,5.0,False
TL008121,TR008121,DR0007,VH00059,2023-08-03,68.4,9.12,8.2,86,4,3,169,14.1,78.3,False,2.8,False
TL008122,TR008122,DR0002,VH00087,2023-03-21,364.6,9.84,40.4,130,13,10,83,98.0,36.9,False,4.6,False
TL008123,TR008123,DR0051,VH00092,2024-10-07,43.2,124.56,0.4,124,0,0,1764,6.7,9.8,False,4.2,False
TL008126,TR008126,DR0055,VH00037,2023-05-12,14.3,150.48,0.1,131,0,0,2270,2.1,0.0,False,4.3,False
TL008130,TR008130,DR0017,VH00031,2022-06-01,69.5,71.76,1.1,112,1,1,1020,8.7,43.9,False,3.5,False
TL008132,TR008132,DR0044,VH00099,2023-03-13,73.3,34.56,2.3,100,1,1,267,8.3,81.7,False,4.6,False
TL008135,TR008135,DR0026,VH00037,2023-02-11,74.8,15.84,5.2,163,2,1,358,14.6,73.7,False,3.7,False
TL008137,TR008137,DR0047,VH00024,2024-02-10,78.6,6.72,12.8,118,1,1,84,16.1,88.5,False,3.7,False
TL008138,TR008138,DR0041,VH00011,2022-06-21,17.4,22.32,0.9,157,0,0,174,1.6,90.8,False,4.6,False
TL008139,TR008139,DR0058,VH00037,2023-08-08,23.7,6.48,4.0,158,0,0,98,3.7,94.0,False,4.1,False
TL008144,TR008144,DR0008,VH00025,2025-08-06,543.0,47.28,12.5,107,12,9,607,53.1,26.7,False,3.4,True
TL008147,TR008147,DR0041,VH00037,2023-11-25,936.4,9.12,112.0,101,8,10,36,75.5,53.6,False,3.1,False
TL008148,TR008148,DR0028,VH00118,2026-05-10,1552.0,71.76,23.6,116,15,12,383,56.9,29.3,False,4.5,False
TL008149,TR008149,DR0054,VH00114,2026-04-23,34.3,155.04,0.2,162,0,0,801,2.8,59.1,False,5.0,False
TL008155,TR008155,DR0058,VH00010,2026-04-22,936.4,57.36,17.8,99,23,19,574,157.5,0.0,False,4.1,False
TL008156,TR008156,DR0019,VH00065,2025-12-11,386.7,11.52,36.6,160,11,11,241,137.2,19.3,False,4.8,False
TL008158,TR008158,DR0033,VH00058,2026-05-12,30.7,17.76,1.9,138,0,0,158,5.8,90.4,False,4.4,False
TL008159,TR008159,DR0029,VH00059,2023-04-05,960.3,23.76,44.1,135,14,15,250,181.3,0.0,False,4.0,False
TL008160,TR008160,DR0037,VH00102,2026-02-08,337.8,20.4,18.1,90,8,7,213,27.8,62.0,False,3.7,False
TL008162,TR008162,DR0037,VH00061,2025-03-01,386.7,141.12,3.0,171,8,9,1467,79.8,0.0,False,3.5,False
TL008171,TR008171,DR0022,VH00089,2022-10-27,54.2,42.0,1.4,119,1,1,542,5.6,68.7,False,4.3,False
TL008173,TR008173,DR0022,VH00095,2022-10-08,49.8,65.04,0.8,161,0,1,768,5.8,58.9,False,5.0,False
TL008177,TR008177,DR0052,VH00084,2025-07-02,364.1,5.76,69.0,143,1,1,10,9.3,94.2,False,3.5,False
TL008178,TR008178,DR0004,VH00008,2022-04-23,55.8,53.28,1.1,173,1,0,836,8.2,54.2,False,4.3,False
TL008179,TR008179,DR0002,VH00039,2022-11-07,375.9,28.56,14.4,125,14,12,715,78.4,7.7,False,3.2,False
TL008182,TR008182,DR0011,VH00116,2023-08-27,38.9,73.2,0.6,174,0,0,590,3.9,69.3,False,4.6,False
TL008185,TR008185,DR0009,VH00095,2025-03-15,337.8,59.04,6.2,175,0,1,174,9.3,87.5,False,4.4,False
TL008186,TR008186,DR0005,VH00069,2024-07-21,1365.8,10.32,144.4,115,17,15,66,67.9,35.8,False,4.6,False
TL008189,TR008189,DR0017,VH00114,2022-04-27,384.0,7.68,54.5,159,6,7,107,81.2,54.3,False,4.2,False
TL008192,TR008192,DR0013,VH00019,2022-03-24,15.0,2.4,6.8,138,0,0,18,1.4,98.7,False,4.4,False
TL008196,TR008196,DR0010,VH00019,2023-11-06,41.7,124.8,0.4,128,0,0,944,3.2,51.8,False,4.3,False
TL008197,TR008197,DR0021,VH00040,2023-04-13,177.7,162.48,1.2,177,3,2,1831,22.2,0.0,False,3.7,False
TL008203,TR008203,DR0019,VH00107,2026-06-09,14.9,3.6,4.5,164,0,0,78,5.3,94.5,False,3.9,False
TL008207,TR008207,DR0025,VH00010,2026-03-17,54.4,19.44,3.1,120,0,1,306,10.2,80.6,False,4.5,False
TL008209,TR008209,DR0041,VH00038,2024-07-14,1392.3,15.36,98.9,166,11,16,127,119.2,25.4,False,5.0,False
TL008211,TR008211,DR0029,VH00068,2024-12-19,26.9,710.64,0.0,138,0,0,5369,3.8,0.0,False,4.3,False
TL008212,TR008212,DR0038,VH00074,2022-05-27,58.4,91.92,0.7,109,1,1,1131,4.6,39.6,False,3.7,False
TL008213,TR008213,DR0044,VH00064,2025-11-03,10.6,14.64,0.8,124,0,0,139,1.6,92.6,False,5.0,False
TL008216,TR008216,DR0021,VH00084,2024-04-22,1380.8,53.52,28.1,173,30,29,292,155.0,0.0,False,4.0,False
TL008222,TR008222,DR0008,VH00015,2024-04-02,58.2,7.68,8.3,130,0,1,102,5.6,92.2,False,4.5,False
TL008223,TR008223,DR0046,VH00042,2026-02-09,36.5,93.12,0.4,92,1,1,2281,14.5,0.0,False,4.2,False
TL008225,TR008225,DR0033,VH00102,2023-06-27,58.4,7.2,8.8,85,1,1,89,6.2,91.2,False,4.4,False
TL008230,TR008230,DR0038,VH00048,2024-10-15,35.4,5.52,7.0,80,0,0,71,6.9,94.4,False,4.5,False
TL008234,TR008234,DR0053,VH00064,2026-06-18,1172.6,14.4,88.8,85,12,14,89,50.7,48.3,False,3.3,False
TL008237,TR008237,DR0046,VH00028,2025-12-18,1478.1,13.2,122.2,171,119,93,141,485.5,0.0,False,3.6,False
TL008242,TR008242,DR0026,VH00058,2025-07-03,71.8,35.52,2.2,93,3,2,705,16.7,53.2,False,3.4,False
TL008243,TR008243,DR0015,VH00041,2023-12-17,257.2,54.24,5.2,102,5,6,705,25.8,43.5,False,4.1,False
TL008246,TR008246,DR0049,VH00078,2022-05-27,384.8,5.76,72.9,99,4,3,47,38.2,77.2,False,5.0,False
TL008249,TR008249,DR0043,VH00084,2024-07-01,66.9,21.36,3.4,158,0,0,75,3.9,95.1,False,3.9,False
TL008250,TR008250,DR0048,VH00095,2026-04-26,72.4,47.04,1.7,164,0,0,160,1.9,91.4,False,4.0,False
TL008256,TR008256,DR0008,VH00106,2023-10-03,273.7,119.04,2.5,158,4,4,896,26.5,37.2,False,3.1,False
TL008257,TR008257,DR0019,VH00037,2024-08-15,1431.2,12.48,125.1,86,49,62,146,386.7,0.0,False,4.7,False
TL008260,TR008260,DR0034,VH00019,2022-12-08,498.6,11.52,47.2,122,11,12,183,39.7,50.4,False,4.2,False
TL008261,TR008261,DR0012,VH00005,2023-07-09,125.0,6.72,20.3,121,4,3,82,18.4,81.4,False,4.1,False
TL008262,TR008262,DR0010,VH00047,2024-04-21,76.1,14.88,5.6,110,0,0,96,5.7,93.5,False,4.2,False
TL008265,TR008265,DR0060,VH00013,2022-02-28,1231.7,61.68,21.8,102,14,8,292,98.6,26.8,False,2.6,False
TL008266,TR008266,DR0032,VH00039,2022-12-22,1468.7,10.56,151.7,130,15,16,61,131.2,19.1,False,4.7,False
TL008269,TR008269,DR0008,VH00046,2025-10-27,16.4,12.24,1.5,167,0,0,170,2.6,90.7,False,3.3,False
TL008271,TR008271,DR0043,VH00119,2023-10-24,40.6,3.84,11.5,165,0,0,19,3.6,98.0,False,3.9,False
TL008276,TR008276,DR0036,VH00043,2024-10-10,27.1,17.52,1.7,130,0,0,181,5.3,89.4,False,4.1,False
TL008285,TR008285,DR0027,VH00056,2025-01-13,42.6,63.12,0.7,164,0,0,286,2.8,84.9,False,4.3,False
TL008286,TR008286,DR0048,VH00036,2024-02-14,58.0,33.12,1.9,163,0,0,145,1.6,92.3,False,4.5,False
TL008287,TR008287,DR0023,VH00053,2026-05-09,1552.0,46.08,36.7,157,14,15,304,69.5,27.9,False,4.7,False
TL008292,TR008292,DR0025,VH00007,2023-09-01,68.7,16.8,4.5,123,0,1,190,12.3,85.8,False,4.1,False
TL008293,TR008293,DR0048,VH00017,2023-01-02,79.2,23.76,3.6,159,0,0,69,1.5,96.1,False,4.9,False
TL008294,TR008294,DR0008,VH00081,2024-01-13,323.1,7.44,47.4,161,5,6,77,40.1,70.6,False,5.0,False
TL008295,TR008295,DR0049,VH00119,2023-08-07,337.8,203.76,1.8,128,3,3,1084,22.5,31.5,False,3.6,False
TL008296,TR008296,DR0055,VH00034,2024-09-22,364.6,48.96,8.1,174,7,6,751,49.0,31.2,False,3.9,False
TL008297,TR008297,DR0033,VH00015,2022-02-01,323.1,70.56,5.0,80,5,6,837,55.2,28.1,False,4.7,False
TL008306,TR008306,DR0032,VH00052,2023-07-06,15.8,233.28,0.1,151,0,0,1948,1.3,2.2,False,5.0,False
TL008308,TR008308,DR0036,VH00114,2023-12-11,28.0,23.52,1.3,106,0,0,204,2.6,89.0,False,4.2,False
TL008310,TR008310,DR0019,VH00020,2023-04-29,26.5,75.6,0.4,129,0,0,854,5.9,55.5,False,4.1,False
TL008312,TR008312,DR0011,VH00084,2024-07-09,56.3,15.6,3.9,100,0,0,133,5.5,91.7,False,4.1,False
TL008314,TR008314,DR0011,VH00063,2025-08-28,1231.7,43.68,30.8,154,13,14,275,55.5,36.1,False,4.3,False
TL008315,TR008315,DR0005,VH00078,2023-09-28,1468.7,26.88,59.6,100,18,18,209,56.4,27.6,False,5.0,False
TL008316,TR008316,DR0020,VH00020,2026-02-18,1195.3,60.24,21.6,168,17,23,778,121.5,0.0,False,4.9,False
TL008318,TR008318,DR0046,VH00111,2022-08-16,43.9,6.48,7.4,102,2,2,109,9.9,86.6,False,4.9,False
TL008320,TR008320,DR0002,VH00016,2024-09-09,1552.2,29.76,56.9,111,64,47,389,560.3,0.0,False,4.3,False
TL008322,TR008322,DR0055,VH00056,2022-12-26,32.2,16.32,2.2,85,0,0,110,6.0,92.7,False,3.5,False
TL008324,TR008324,DR0008,VH00032,2024-03-23,936.4,15.12,67.6,108,24,15,122,115.9,8.1,False,4.7,False
TL008327,TR008327,DR0011,VH00106,2023-07-03,70.6,125.28,0.6,108,0,0,776,4.1,60.0,False,4.2,False
TL008328,TR008328,DR0028,VH00081,2022-11-23,1552.0,56.88,29.8,98,12,16,229,65.7,34.8,False,4.5,False
TL008329,TR008329,DR0052,VH00063,2023-05-06,62.6,42.24,1.6,113,0,0,110,1.9,93.9,False,3.8,False
TL008331,TR008331,DR0007,VH00080,2022-06-19,73.2,16.8,4.8,174,3,3,390,40.7,60.8,False,5.0,False
TL008334,TR008334,DR0046,VH00042,2022-12-12,76.7,22.56,3.7,83,6,3,589,26.5,50.6,False,4.1,False
TL008335,TR008335,DR0042,VH00015,2023-08-22,15.7,6.0,2.9,172,0,0,25,0.6,98.6,False,4.2,False
TL008339,TR008339,DR0025,VH00036,2023-02-03,14.6,774.24,0.0,82,0,0,7175,1.2,0.0,False,4.2,False
TL008342,TR008342,DR0033,VH00005,2024-10-01,16.5,36.48,0.5,166,0,0,206,1.5,89.2,False,4.2,False
TL008343,TR008343,DR0017,VH00039,2024-04-09,33.2,19.2,1.9,172,0,0,200,5.6,88.3,False,4.0,False
TL008345,TR008345,DR0039,VH00004,2025-07-01,45.8,11.76,4.2,85,0,0,114,4.5,93.0,False,5.0,False
TL008347,TR008347,DR0026,VH00054,2026-04-11,19.5,20.64,1.0,155,0,0,413,6.8,77.3,False,3.8,False
TL008348,TR008348,DR0040,VH00071,2025-06-01,395.5,2.64,163.4,139,7,6,27,46.8,68.1,False,3.3,False
TL008351,TR008351,DR0003,VH00047,2024-07-05,498.6,43.68,12.5,157,29,21,1127,227.1,0.0,False,3.6,False
TL008354,TR008354,DR0009,VH00091,2024-08-03,396.2,161.28,2.7,164,1,1,462,12.0,70.8,False,3.3,False
TL008356,TR008356,DR0034,VH00022,2026-05-20,1283.9,11.04,126.9,83,18,25,164,207.3,0.0,False,4.1,False
TL008357,TR008357,DR0026,VH00031,2026-03-05,48.6,9.6,5.5,153,1,2,161,15.2,83.9,False,3.7,False
TL008358,TR008358,DR0047,VH00036,2022-03-01,32.7,7.92,4.5,128,0,0,91,5.0,94.0,False,3.5,False
TL008361,TR008361,DR0027,VH00057,2022-12-27,386.7,49.92,8.5,135,3,4,370,14.0,68.8,False,3.5,False
TL008365,TR008365,DR0057,VH00021,2025-01-13,337.8,23.52,15.7,86,1,1,83,9.4,90.5,False,4.3,False
TL008366,TR008366,DR0025,VH00023,2022-05-03,24.9,130.56,0.2,107,0,0,1437,2.3,27.5,False,3.8,False
TL008367,TR008367,DR0057,VH00046,2022-07-22,26.6,45.12,0.6,128,0,0,157,0.6,92.0,False,3.8,False
TL008369,TR008369,DR0035,VH00062,2026-03-06,59.5,56.64,1.1,111,1,2,1106,14.4,36.9,False,4.7,False
TL008370,TR008370,DR0042,VH00032,2025-01-09,24.0,12.0,2.2,157,0,0,38,0.9,97.8,False,4.1,False
TL008371,TR008371,DR0003,VH00016,2024-02-10,47.1,20.88,2.5,124,3,2,596,26.0,55.9,False,3.9,False
TL008373,TR008373,DR0029,VH00037,2026-03-15,1218.0,4.08,325.7,128,20,24,48,133.7,3.5,False,5.0,False
TL008374,TR008374,DR0019,VH00056,2024-11-02,15.1,32.88,0.5,137,0,0,428,5.4,77.0,False,4.3,False
TL008379,TR008379,DR0049,VH00043,2024-05-26,37.8,131.04,0.3,86,0,0,690,2.3,64.8,False,4.3,False
TL008382,TR008382,DR0025,VH00053,2022-10-18,404.3,13.68,32.2,103,8,8,144,50.8,57.6,False,4.4,False
TL008387,TR008387,DR0004,VH00088,2023-07-25,1440.2,48.48,32.4,83,35,34,574,211.2,0.0,False,2.8,False
TL008388,TR008388,DR0017,VH00095,2022-05-14,59.3,78.72,0.8,112,0,1,1105,8.8,41.1,False,3.7,False
TL008395,TR008395,DR0018,VH00043,2026-06-04,1398.7,11.28,135.3,174,12,14,61,110.9,31.7,False,4.1,False
TL008398,TR008398,DR0021,VH00057,2026-05-16,20.0,149.76,0.1,133,0,0,1419,3.0,28.1,False,4.3,False
TL008403,TR008403,DR0047,VH00020,2024-11-22,330.3,48.24,7.5,142,7,8,481,74.0,35.2,False,4.3,False
TL008407,TR008407,DR0041,VH00053,2026-03-05,543.0,6.24,94.9,148,4,5,30,38.4,76.0,False,4.3,False
TL008409,TR008409,DR0002,VH00091,2022-07-23,56.4,58.8,1.0,136,2,1,935,16.3,44.4,False,4.9,False
TL008410,TR008410,DR0031,VH00023,2024-05-09,15.0,210.72,0.1,126,0,0,2090,2.8,0.0,False,4.0,True
TL008411,TR008411,DR0047,VH00025,2023-10-03,51.7,15.36,3.7,120,0,0,154,6.9,90.2,False,3.1,False
TL008414,TR008414,DR0011,VH00062,2024-11-07,56.0,162.0,0.4,167,0,0,919,2.6,53.3,False,4.0,False
TL008415,TR008415,DR0033,VH00107,2025-01-13,768.9,57.6,14.6,178,12,17,766,78.0,3.3,False,3.9,False
TL008418,TR008418,DR0043,VH00104,2023-01-04,768.9,69.84,12.0,91,8,6,339,56.5,48.1,False,4.4,False
TL008419,TR008419,DR0002,VH00018,2025-01-06,17.9,728.88,0.0,157,0,0,6549,5.3,0.0,False,4.4,False
TL008424,TR008424,DR0005,VH00056,2024-12-19,1440.2,30.48,51.5,178,13,14,182,63.2,38.4,False,4.2,False
TL008427,TR008427,DR0056,VH00019,2022-02-20,323.1,38.4,9.2,97,3,3,148,16.6,80.1,False,3.8,False
TL008429,TR008429,DR0003,VH00111,2023-08-07,34.1,21.6,1.7,88,2,1,494,15.3,66.7,False,5.0,False
TL008432,TR008432,DR0060,VH00062,2026-01-09,33.3,17.52,2.1,134,0,0,133,1.7,92.8,False,4.6,False
TL008435,TR008435,DR0037,VH00036,2025-01-13,72.1,68.64,1.1,132,1,1,518,6.0,69.8,False,4.7,False
TL008436,TR008436,DR0003,VH00074,2022-10-23,58.7,12.24,5.2,141,4,4,368,18.4,66.1,False,4.1,False
TL008437,TR008437,DR0005,VH00031,2026-06-04,74.2,12.0,6.7,125,0,0,76,5.0,94.7,False,3.9,False
TL008440,TR008440,DR0047,VH00025,2026-05-09,391.4,70.32,6.1,129,7,8,838,50.3,24.5,False,5.0,False
TL008442,TR008442,DR0056,VH00021,2023-03-03,371.5,8.64,46.9,140,4,3,34,35.2,78.7,True,3.8,False
TL008443,TR008443,DR0019,VH00099,2023-03-05,543.0,75.36,7.9,180,19,20,1429,161.9,0.0,False,4.4,False
TL008444,TR008444,DR0036,VH00052,2025-09-10,56.6,102.24,0.6,179,0,0,791,9.0,57.7,False,4.5,False
TL008445,TR008445,DR0054,VH00110,2025-08-02,74.9,756.0,0.1,174,0,0,3645,7.6,0.0,False,5.0,False
TL008449,TR008449,DR0016,VH00111,2024-06-21,12.6,9.36,1.5,169,0,0,62,1.1,96.6,False,3.9,False
TL008452,TR008452,DR0057,VH00013,2026-06-17,525.5,25.44,22.5,102,1,1,46,22.6,88.4,False,5.0,False
TL008454,TR008454,DR0008,VH00099,2023-04-07,15.1,11.52,1.4,162,0,0,69,2.4,95.8,False,3.6,False
TL008460,TR008460,DR0026,VH00061,2026-05-10,224.2,12.48,19.6,103,9,5,150,64.1,54.8,False,3.5,False
TL008462,TR008462,DR0021,VH00053,2023-06-03,15.6,10.56,1.6,128,0,0,137,3.0,92.2,False,4.9,False
TL008464,TR008464,DR0052,VH00037,2023-10-26,77.5,82.08,1.0,177,0,0,218,2.8,88.3,False,4.4,False
TL008467,TR008467,DR0004,VH00111,2023-08-11,43.5,11.28,4.2,155,0,0,130,6.7,91.5,False,3.7,False
TL008469,TR008469,DR0021,VH00080,2022-05-09,374.3,41.52,9.8,109,6,5,430,48.0,50.1,False,3.6,False
TL008477,TR008477,DR0039,VH00046,2026-05-07,122.1,54.24,2.5,171,3,2,687,27.2,51.0,False,4.8,False
TL008478,TR008478,DR0004,VH00118,2025-05-07,1446.8,8.16,193.4,139,21,26,91,191.1,0.0,False,4.1,False
TL008479,TR008479,DR0041,VH00095,2026-04-10,33.8,14.88,2.5,180,0,0,79,2.5,95.3,False,4.7,False
TL008480,TR008480,DR0011,VH00062,2025-11-06,24.1,67.44,0.4,156,0,0,537,1.2,72.8,False,3.5,False
TL008481,TR008481,DR0008,VH00051,2026-06-19,79.9,4.08,21.4,126,1,1,41,6.2,93.6,False,3.7,False
TL008485,TR008485,DR0051,VH00034,2025-02-01,960.3,25.68,40.8,106,23,20,265,128.9,0.0,False,4.2,False
TL008486,TR008486,DR0039,VH00051,2022-07-27,337.8,36.72,10.0,165,7,7,261,49.6,54.6,False,4.7,False
TL008489,TR008489,DR0032,VH00025,2024-08-27,35.9,40.8,1.0,156,0,0,202,3.3,88.9,False,4.2,False
TL008491,TR008491,DR0009,VH00031,2022-06-05,170.5,6.48,28.7,120,0,0,25,3.7,97.6,False,3.7,True
TL008492,TR008492,DR0005,VH00059,2023-12-23,1417.2,67.2,23.0,87,10,11,297,80.7,34.9,False,4.4,False
TL008496,TR008496,DR0015,VH00010,2024-11-04,52.3,32.16,1.8,84,0,1,322,10.6,79.7,False,4.0,False
TL008497,TR008497,DR0015,VH00031,2022-11-21,14.4,62.16,0.3,134,0,0,941,1.8,52.4,False,3.8,False
TL008499,TR008499,DR0023,VH00089,2024-04-01,64.5,40.08,1.8,133,0,0,238,2.3,87.4,False,4.2,False
TL008500,TR008500,DR0029,VH00087,2022-08-04,55.9,7.68,7.9,93,0,0,98,10.5,91.9,False,4.2,False
TL008501,TR008501,DR0046,VH00036,2023-04-17,404.3,4.08,108.1,134,32,30,66,145.8,0.0,False,4.2,True
TL008502,TR008502,DR0004,VH00056,2025-09-07,382.6,7.92,52.7,91,6,9,96,41.1,64.9,False,4.3,False
TL008503,TR008503,DR0031,VH00104,2022-03-06,543.0,30.72,19.3,153,11,10,198,94.0,35.4,False,3.2,True
TL008508,TR008508,DR0058,VH00037,2023-08-16,26.6,70.08,0.4,98,0,0,717,2.7,63.3,False,3.5,False
TL008513,TR008513,DR0017,VH00042,2023-06-01,1365.1,7.44,200.2,158,28,24,68,241.8,0.0,False,4.8,False
TL008514,TR008514,DR0026,VH00073,2026-06-10,1534.7,148.56,11.3,165,61,45,1450,500.3,0.0,False,4.7,False
TL008517,TR008517,DR0057,VH00119,2025-04-05,20.0,51.36,0.4,85,0,0,153,0.5,92.2,False,3.8,False
TL008518,TR008518,DR0049,VH00052,2024-07-02,1489.2,10.8,150.4,173,12,11,75,120.8,31.0,False,4.9,False
TL008519,TR008519,DR0009,VH00116,2025-03-15,1242.0,12.0,112.9,136,4,4,50,28.9,78.8,False,4.4,False
TL008521,TR008521,DR0059,VH00051,2025-09-12,1440.2,31.44,50.0,125,28,32,216,274.5,0.0,False,4.3,False
TL008528,TR008528,DR0043,VH00107,2025-09-15,337.8,52.32,7.0,171,4,3,211,31.6,71.0,False,4.2,False
TL008529,TR008529,DR0026,VH00016,2024-07-17,1397.9,11.28,135.2,158,48,62,105,508.3,0.0,False,4.4,False
TL008531,TR008531,DR0018,VH00116,2024-10-23,66.6,42.24,1.7,112,0,0,172,5.7,89.7,False,5.0,False
TL008532,TR008532,DR0059,VH00052,2023-05-08,35.8,46.56,0.8,143,0,0,513,4.5,73.0,False,4.2,False
TL008534,TR008534,DR0046,VH00024,2026-06-03,71.4,5.28,14.8,80,5,3,75,14.8,81.3,True,5.0,False
TL008535,TR008535,DR0015,VH00110,2022-05-25,68.7,63.6,1.2,163,1,1,917,11.9,48.1,False,3.5,False
TL008538,TR008538,DR0004,VH00031,2025-09-14,368.4,828.24,0.5,122,6,8,6943,73.7,0.0,False,4.2,False
TL008540,TR008540,DR0049,VH00102,2023-10-11,14.9,7.44,2.2,140,0,0,65,1.5,96.3,False,3.7,False
TL008542,TR008542,DR0015,VH00019,2023-02-11,498.6,95.04,5.7,111,8,10,1119,94.9,0.0,False,3.6,False
TL008543,TR008543,DR0039,VH00094,2025-01-12,117.4,42.24,3.0,95,2,1,423,16.2,70.0,False,4.9,False
TL008545,TR008545,DR0036,VH00052,2025-04-22,32.2,14.64,2.4,154,0,0,150,4.8,91.1,False,4.1,False
TL008546,TR008546,DR0012,VH00062,2024-12-03,14.3,69.6,0.2,143,0,0,1302,4.5,33.5,False,3.9,False
TL008547,TR008547,DR0012,VH00038,2025-03-03,323.1,14.88,23.7,123,11,12,342,44.3,41.1,False,4.6,False
TL008548,TR008548,DR0047,VH00069,2024-09-19,337.8,39.84,9.2,166,6,6,527,27.9,50.3,False,4.1,False
TL008549,TR008549,DR0053,VH00089,2024-09-12,46.9,10.32,5.0,138,0,0,52,2.6,96.6,False,4.1,False
TL008551,TR008551,DR0004,VH00053,2024-04-02,1478.2,54.96,29.3,144,31,30,858,184.3,0.0,False,5.0,False
TL008553,TR008553,DR0017,VH00038,2025-09-05,58.3,8.4,7.6,120,1,1,121,9.2,88.7,False,4.0,False
TL008559,TR008559,DR0018,VH00036,2023-10-14,15.3,6.0,2.8,149,0,0,32,1.2,98.0,False,4.4,False
TL008560,TR008560,DR0037,VH00044,2024-08-12,319.5,44.4,7.9,171,4,6,247,70.6,54.5,False,3.6,False
TL008561,TR008561,DR0012,VH00011,2023-11-26,1231.7,46.32,29.0,118,50,43,1072,404.5,0.0,False,4.7,False
TL008563,TR008563,DR0032,VH00068,2023-10-20,28.6,78.72,0.4,119,0,0,482,1.2,75.5,False,5.0,False
TL008573,TR008573,DR0047,VH00010,2026-01-14,1397.9,7.44,205.0,81,24,28,117,256.5,0.0,False,4.2,False
TL008574,TR008574,DR0015,VH00047,2025-01-15,55.6,9.36,6.5,124,1,1,120,9.7,88.6,False,4.0,False
TL008575,TR008575,DR0039,VH00110,2023-05-11,27.3,20.64,1.4,156,0,0,235,5.9,86.5,False,5.0,False
TL008576,TR008576,DR0054,VH00118,2023-08-21,224.2,94.56,2.6,89,1,2,319,21.5,74.1,False,4.7,False
TL008577,TR008577,DR0007,VH00095,2026-04-07,366.0,8.64,46.2,103,19,18,182,118.2,8.9,False,5.0,False
TL008578,TR008578,DR0022,VH00056,2026-04-26,386.7,36.48,11.6,105,5,7,416,45.7,51.0,False,3.8,False
TL008584,TR008584,DR0053,VH00056,2024-08-05,362.9,64.08,6.2,162,4,2,396,29.8,63.3,False,4.5,False
TL008586,TR008586,DR0008,VH00061,2025-03-23,14.9,8.88,1.8,90,0,0,98,3.2,94.1,False,4.8,False
TL008590,TR008590,DR0048,VH00114,2026-04-13,68.1,41.76,1.8,152,0,0,181,1.4,90.5,False,4.0,False
TL008591,TR008591,DR0032,VH00038,2025-11-07,37.5,36.72,1.1,90,0,0,192,3.9,89.2,False,4.9,False
TL008594,TR008594,DR0053,VH00039,2022-08-22,173.7,3.36,56.4,162,1,1,27,6.1,94.3,False,4.4,False
TL008596,TR008596,DR0032,VH00017,2024-10-14,66.9,13.44,5.4,140,0,0,45,5.1,96.2,False,4.3,True
TL008603,TR008603,DR0036,VH00010,2026-03-06,257.2,10.08,27.8,88,4,4,157,27.6,73.9,False,5.0,False
TL008605,TR008605,DR0039,VH00102,2024-10-25,73.3,71.04,1.1,159,1,1,387,8.6,75.6,False,4.5,False
TL008608,TR008608,DR0018,VH00037,2022-10-11,1468.7,58.08,27.6,160,15,11,317,83.1,25.7,False,4.0,False
TL008609,TR008609,DR0009,VH00032,2024-08-03,174.3,11.76,16.2,95,0,0,29,6.4,96.6,False,4.7,False
TL008610,TR008610,DR0010,VH00007,2022-06-17,364.6,42.24,9.4,134,3,3,256,18.1,74.3,False,3.0,False
TL008612,TR008612,DR0049,VH00117,2022-12-15,1552.0,67.2,25.2,131,18,17,209,91.6,18.1,False,5.0,False
TL008613,TR008613,DR0015,VH00040,2022-12-28,498.6,35.04,15.5,89,10,7,500,69.7,32.1,False,3.0,False
TL008614,TR008614,DR0056,VH00081,2024-07-24,26.5,33.36,0.9,105,0,0,253,1.6,86.9,False,3.9,False
TL008616,TR008616,DR0032,VH00115,2023-02-07,17.3,7.2,2.6,123,0,0,32,1.2,98.0,False,4.5,False
TL008618,TR008618,DR0059,VH00040,2026-03-11,498.6,25.44,21.4,140,12,11,345,61.3,35.4,False,3.2,False
TL008621,TR008621,DR0044,VH00118,2022-09-25,543.0,26.16,22.6,101,8,12,375,62.5,38.5,False,4.6,True
TL008623,TR008623,DR0009,VH00078,2022-10-03,57.2,797.76,0.1,131,0,0,2988,1.4,0.0,False,3.4,False
TL008626,TR008626,DR0031,VH00038,2022-07-24,52.7,21.84,2.6,86,1,1,322,10.9,78.1,False,3.0,False
TL008630,TR008630,DR0059,VH00004,2025-05-17,74.9,16.32,5.0,123,1,1,164,10.0,86.3,False,3.8,False
TL008632,TR008632,DR0034,VH00058,2025-07-16,33.1,100.56,0.4,154,0,0,563,7.3,69.7,False,5.0,False
TL008633,TR008633,DR0031,VH00119,2024-08-14,32.3,133.44,0.3,154,0,0,1181,2.4,40.2,False,4.3,False
TL008635,TR008635,DR0033,VH00117,2022-06-06,1368.4,5.76,259.2,115,28,20,76,106.1,2.4,False,4.9,False
TL008638,TR008638,DR0042,VH00031,2025-12-10,394.9,45.36,9.5,86,4,3,354,21.9,66.7,False,4.5,False
TL008645,TR008645,DR0056,VH00056,2025-01-25,68.5,70.8,1.1,142,0,0,456,5.9,75.4,False,3.8,False
TL008647,TR008647,DR0036,VH00044,2023-04-25,59.6,6.0,10.8,104,1,1,43,5.1,93.8,False,3.9,False
TL008648,TR008648,DR0024,VH00021,2025-12-05,1468.7,170.4,9.4,141,17,15,746,105.3,0.0,False,4.2,False
TL008650,TR008650,DR0052,VH00040,2026-05-26,24.3,21.84,1.2,117,0,0,94,0.5,95.1,False,3.1,False
TL008652,TR008652,DR0015,VH00026,2024-01-21,75.9,7.44,11.1,180,1,1,52,11.2,91.5,False,4.2,False
TL008654,TR008654,DR0056,VH00114,2025-02-16,543.0,9.12,65.0,163,5,4,66,25.3,77.6,False,4.2,False
TL008658,TR008658,DR0011,VH00110,2026-06-22,73.4,29.04,2.8,134,0,0,131,3.6,92.4,False,5.0,False
TL008666,TR008666,DR0003,VH00115,2024-10-19,397.4,32.88,13.2,109,25,29,921,146.7,0.0,False,4.9,False
TL008668,TR008668,DR0049,VH00040,2024-09-28,29.9,42.0,0.8,151,0,0,296,2.5,84.5,False,4.4,False
TL008680,TR008680,DR0048,VH00065,2022-11-10,125.0,62.88,2.2,120,0,0,240,5.4,86.4,False,4.2,False
TL008681,TR008681,DR0015,VH00004,2026-05-05,1422.2,11.28,137.5,92,28,22,148,317.8,0.0,False,4.7,False
TL008685,TR008685,DR0044,VH00116,2023-04-07,337.8,7.92,46.5,111,5,7,88,26.4,73.2,False,5.0,False
TL008690,TR008690,DR0041,VH00042,2026-04-19,21.2,115.44,0.2,149,0,0,1011,0.8,49.2,False,3.6,False
TL008692,TR008692,DR0044,VH00022,2026-01-06,19.7,10.8,2.0,160,0,0,94,2.5,94.5,False,5.0,False
TL008694,TR008694,DR0013,VH00115,2023-11-23,543.0,5.76,102.8,139,4,5,18,30.5,78.9,False,3.3,True
TL008695,TR008695,DR0052,VH00040,2025-12-24,47.3,46.56,1.1,137,0,0,161,1.5,91.5,False,3.1,False
TL008701,TR008701,DR0043,VH00094,2023-11-17,18.2,696.24,0.0,83,0,0,2159,1.1,0.0,False,3.7,False
TL008703,TR008703,DR0056,VH00091,2025-12-01,1207.7,45.36,29.0,136,9,12,325,78.5,34.7,False,4.4,False
TL008706,TR008706,DR0002,VH00106,2024-09-20,16.1,75.6,0.2,138,0,0,1847,4.2,6.4,False,4.1,False
TL008707,TR008707,DR0020,VH00039,2023-01-22,40.0,72.72,0.6,107,0,0,918,4.0,52.9,False,4.0,False
TL008712,TR008712,DR0028,VH00053,2025-08-10,47.6,17.28,3.0,98,0,0,55,2.2,96.6,False,4.9,False
TL008716,TR008716,DR0026,VH00092,2026-05-08,40.3,54.24,0.8,123,1,1,1164,11.7,35.8,False,4.7,False
TL008717,TR008717,DR0019,VH00061,2026-03-11,15.2,57.12,0.3,148,0,0,1033,3.3,47.4,False,5.0,False
TL008718,TR008718,DR0034,VH00017,2023-11-12,64.0,78.72,0.9,151,1,1,1100,6.5,40.5,False,3.9,False
TL008719,TR008719,DR0018,VH00032,2022-05-23,363.1,153.6,2.6,168,3,4,896,25.2,39.1,False,3.6,False
TL008720,TR008720,DR0058,VH00036,2022-07-21,21.0,16.32,1.4,80,0,0,184,2.9,89.9,False,4.2,False
TL008725,TR008725,DR0009,VH00088,2026-01-14,368.8,8.4,47.9,93,1,1,28,10.5,92.9,False,3.2,False
TL008727,TR008727,DR0016,VH00106,2025-09-23,61.8,21.36,3.2,99,0,0,189,5.5,88.9,False,4.7,False
TL008729,TR008729,DR0031,VH00095,2024-12-01,1468.7,69.6,23.0,155,30,28,511,165.4,0.0,False,2.9,False
TL008734,TR008734,DR0018,VH00106,2022-07-15,23.4,57.84,0.4,145,0,0,476,1.5,75.8,False,3.9,False
TL008735,TR008735,DR0055,VH00112,2023-05-12,1534.7,27.12,61.7,176,39,39,414,252.9,0.0,False,3.7,False
TL008738,TR008738,DR0007,VH00011,2024-12-10,24.8,21.12,1.3,157,1,1,283,10.7,80.1,False,4.4,False
TL008740,TR008740,DR0007,VH00099,2023-08-03,59.4,22.8,2.8,86,3,2,299,27.6,70.3,False,3.6,False
TL008747,TR008747,DR0031,VH00081,2024-03-17,498.6,22.32,24.4,157,12,7,192,78.0,42.0,False,3.2,False
TL008750,TR008750,DR0002,VH00064,2024-07-23,1468.7,9.84,162.8,116,52,67,89,328.6,0.0,False,4.5,True
TL008751,TR008751,DR0005,VH00110,2025-01-08,38.5,10.56,4.0,112,0,0,44,1.8,97.3,False,4.7,False
TL008755,TR008755,DR0051,VH00039,2022-03-04,73.1,13.2,6.0,150,1,1,93,11.4,89.4,False,4.2,False
TL008758,TR008758,DR0058,VH00022,2022-05-26,1357.2,32.64,45.4,159,21,33,186,257.1,0.0,False,3.4,False
TL008759,TR008759,DR0020,VH00074,2026-06-08,15.1,10.56,1.6,92,0,0,144,1.7,92.3,False,4.9,False
TL008760,TR008760,DR0019,VH00117,2022-07-10,21.8,69.6,0.3,115,0,0,1510,7.5,22.2,False,3.6,False
TL008761,TR008761,DR0035,VH00065,2024-05-20,41.0,17.28,2.6,138,1,1,420,11.1,73.2,False,3.5,False
TL008765,TR008765,DR0010,VH00026,2024-06-07,47.1,160.32,0.3,169,0,0,1090,3.6,44.4,False,5.0,False
TL008767,TR008767,DR0026,VH00074,2026-04-15,1552.0,66.96,25.3,111,78,53,1410,426.8,0.0,False,4.5,False
TL008774,TR008774,DR0024,VH00051,2024-09-27,1209.0,35.28,37.4,164,11,12,279,103.9,26.4,False,4.1,False
TL008778,TR008778,DR0044,VH00061,2023-03-14,1375.8,57.84,25.9,163,24,32,406,224.4,0.0,False,4.5,False
TL008779,TR008779,DR0044,VH00062,2025-08-04,54.1,15.6,3.8,126,1,0,179,8.8,86.9,False,4.4,True
TL008780,TR008780,DR0037,VH00005,2024-01-12,498.6,82.56,6.6,103,9,7,630,73.0,26.1,False,3.9,False
TL008781,TR008781,DR0013,VH00048,2026-01-19,29.7,34.08,1.0,108,0,0,205,1.6,89.3,False,4.4,False
TL008783,TR008783,DR0044,VH00025,2026-05-23,329.4,55.44,6.5,120,6,7,777,47.3,31.0,False,4.1,False
TL008784,TR008784,DR0026,VH00034,2026-01-06,24.2,13.68,1.9,117,0,0,206,8.2,87.2,False,4.1,False
TL008786,TR008786,DR0040,VH00004,2024-08-18,78.9,8.64,10.0,138,1,1,70,15.4,89.4,False,3.1,False
TL008787,TR008787,DR0011,VH00092,2026-04-27,1468.7,20.4,78.5,122,13,10,156,71.0,41.4,False,2.7,False
TL008788,TR008788,DR0058,VH00118,2024-05-18,1534.7,56.88,29.4,145,38,28,760,316.1,0.0,False,3.9,False
TL008789,TR008789,DR0007,VH00026,2025-09-14,116.8,51.36,2.5,148,10,7,1607,62.4,0.0,False,3.7,False
TL008790,TR008790,DR0052,VH00107,2023-05-25,66.5,5.04,14.4,106,0,0,8,2.2,98.9,False,4.1,False
TL008791,TR008791,DR0056,VH00110,2025-07-22,1448.3,3.36,470.2,178,13,17,27,69.5,41.3,False,4.4,False
TL008792,TR008792,DR0046,VH00017,2026-04-24,19.7,44.16,0.5,104,0,1,1178,6.0,38.3,False,4.5,False
TL008793,TR008793,DR0060,VH00087,2022-11-08,315.8,28.8,12.0,85,3,3,217,24.9,74.2,False,4.6,False
TL008794,TR008794,DR0028,VH00017,2022-08-01,40.6,210.72,0.2,130,0,0,971,3.3,50.5,False,4.0,False
TL008798,TR008798,DR0047,VH00117,2023-12-20,398.9,12.96,33.6,145,8,9,96,43.4,61.2,False,5.0,False
TL008799,TR008799,DR0031,VH00104,2025-09-16,41.5,22.32,2.0,165,0,0,126,4.7,92.3,False,4.9,False
TL008800,TR008800,DR0029,VH00020,2022-10-18,1489.8,5.52,294.4,159,31,37,73,236.9,0.0,False,3.5,False
TL008803,TR008803,DR0053,VH00020,2025-07-23,888.3,54.0,17.9,175,7,8,430,74.2,37.7,False,2.7,True
TL008804,TR008804,DR0026,VH00110,2026-01-10,1440.2,142.8,11.0,120,45,60,3194,479.7,0.0,False,4.5,False
TL008806,TR008806,DR0005,VH00091,2022-07-20,1391.9,137.76,11.0,113,15,11,449,95.7,15.3,False,5.0,False
TL008808,TR008808,DR0058,VH00119,2025-11-12,364.6,65.28,6.1,84,6,8,980,73.4,12.0,False,2.9,False
TL008810,TR008810,DR0020,VH00054,2026-04-20,15.3,183.6,0.1,113,0,0,1855,3.3,6.3,False,3.7,False
TL008811,TR008811,DR0003,VH00081,2025-10-21,1231.7,67.68,19.9,166,95,87,765,458.3,0.0,False,5.0,False
TL008813,TR008813,DR0015,VH00065,2025-09-02,498.6,64.56,8.4,132,9,11,384,79.6,32.4,False,4.6,False
TL008815,TR008815,DR0018,VH00057,2025-05-01,21.4,74.88,0.3,99,0,0,440,2.1,77.4,False,2.6,False
TL008818,TR008818,DR0043,VH00111,2022-07-27,50.0,7.2,7.6,93,0,0,47,3.2,96.7,False,4.6,False
TL008820,TR008820,DR0032,VH00080,2025-04-05,24.8,16.8,1.6,112,0,0,114,1.7,93.8,False,3.8,False
TL008821,TR008821,DR0037,VH00028,2025-11-25,1482.5,725.04,2.2,119,23,23,7218,176.8,0.0,False,3.7,False
TL008822,TR008822,DR0034,VH00112,2023-05-16,1385.2,65.52,23.1,117,28,33,369,133.0,0.0,False,5.0,False
TL008826,TR008826,DR0013,VH00074,2023-12-03,543.0,10.08,58.8,87,5,6,33,32.9,75.0,False,4.8,True
TL008828,TR008828,DR0056,VH00025,2024-08-20,24.7,22.32,1.2,154,0,0,158,1.6,91.6,False,4.5,False
TL008829,TR008829,DR0044,VH00024,2026-02-06,63.7,18.72,3.7,141,1,1,237,7.7,83.3,False,3.3,False
TL008830,TR008830,DR0053,VH00112,2022-07-15,1231.7,67.92,19.8,142,12,11,588,94.5,13.2,False,3.1,False
TL008833,TR008833,DR0019,VH00005,2022-02-18,73.4,9.12,8.8,147,2,3,162,24.6,78.5,False,4.0,False
TL008834,TR008834,DR0003,VH00007,2023-02-27,71.3,5.52,14.1,175,5,3,129,29.2,74.3,False,4.1,False
TL008836,TR008836,DR0032,VH00038,2022-04-17,21.2,150.96,0.2,136,0,0,616,1.8,68.7,False,4.5,False
TL008839,TR008839,DR0009,VH00073,2026-05-25,1354.1,20.64,71.6,110,6,4,76,57.2,66.0,False,4.9,False
TL008842,TR008842,DR0053,VH00028,2024-08-08,68.9,58.8,1.3,90,0,0,289,6.5,83.6,False,4.9,False
TL008845,TR008845,DR0024,VH00064,2025-07-03,37.8,21.12,2.0,150,0,0,83,3.3,94.9,False,3.6,False
TL008847,TR008847,DR0028,VH00116,2025-06-12,56.6,96.72,0.6,112,0,0,421,2.7,78.1,False,3.8,False
TL008848,TR008848,DR0019,VH00032,2023-08-04,365.6,36.96,10.8,162,12,10,438,63.3,31.1,False,5.0,False
TL008852,TR008852,DR0058,VH00080,2022-06-02,257.2,33.84,8.3,163,5,5,458,34.2,54.3,False,5.0,False
TL008854,TR008854,DR0031,VH00039,2022-08-10,71.3,16.8,4.6,179,1,1,150,13.5,86.0,False,3.9,False
TL008858,TR008858,DR0032,VH00052,2022-09-02,68.3,60.96,1.2,174,0,0,471,2.8,75.6,False,3.0,False
TL008867,TR008867,DR0049,VH00048,2024-07-27,70.9,39.84,1.9,98,0,0,204,4.3,88.5,False,4.1,False
TL008868,TR008868,DR0020,VH00040,2025-03-12,380.5,7.92,52.4,163,9,7,54,74.6,54.4,False,4.5,False
TL008872,TR008872,DR0039,VH00036,2022-03-21,78.7,84.0,1.0,85,1,1,1155,9.4,36.9,False,4.4,False
TL008873,TR008873,DR0027,VH00048,2022-07-09,341.2,136.56,2.7,105,3,2,837,24.6,44.3,False,5.0,False
TL008875,TR008875,DR0025,VH00106,2023-11-10,1388.7,705.36,2.1,118,27,25,10511,179.6,0.0,False,4.5,False
TL008877,TR008877,DR0052,VH00004,2025-09-07,1466.1,7.68,208.3,140,5,4,31,57.6,69.7,False,5.0,False
TL008880,TR008880,DR0025,VH00032,2026-05-26,1382.6,43.44,34.7,120,34,32,490,177.4,0.0,False,4.0,False
TL008881,TR008881,DR0037,VH00118,2024-04-15,1231.7,11.52,116.6,105,24,23,76,130.4,0.0,False,4.5,False
TL008882,TR008882,DR0002,VH00040,2024-06-15,364.6,40.8,9.7,109,10,10,706,107.2,7.5,False,3.9,False
TL008883,TR008883,DR0010,VH00119,2023-04-19,337.8,9.84,37.5,131,3,3,43,26.9,82.3,False,3.9,False
TL008886,TR008886,DR0011,VH00106,2023-07-09,888.3,230.4,4.2,157,11,9,1271,63.0,0.0,False,4.7,False
TL008888,TR008888,DR0015,VH00042,2024-11-15,133.0,2.88,50.4,94,3,2,28,27.9,83.7,False,5.0,False
TL008889,TR008889,DR0056,VH00110,2023-07-05,64.9,14.64,4.8,150,0,0,60,2.6,96.2,False,4.3,False
TL008892,TR008892,DR0021,VH00025,2024-04-21,1394.6,200.64,7.6,143,22,22,2788,127.4,0.0,False,4.6,False
TL008898,TR008898,DR0035,VH00102,2026-05-18,16.8,824.4,0.0,130,0,0,17023,4.7,0.0,False,4.5,False
TL008901,TR008901,DR0029,VH00089,2024-02-10,32.0,761.76,0.0,98,0,0,6629,6.2,0.0,False,4.6,False
TL008908,TR008908,DR0046,VH00081,2023-05-07,43.5,6.24,7.6,159,2,2,133,23.9,81.2,False,5.0,False
TL008909,TR008909,DR0056,VH00074,2026-03-19,74.4,38.16,2.1,86,0,0,295,6.7,83.2,False,3.6,False
TL008910,TR008910,DR0021,VH00099,2022-12-17,960.3,40.32,26.0,160,20,22,533,116.1,0.0,False,4.5,False
TL008911,TR008911,DR0009,VH00118,2024-02-15,1381.0,9.84,153.1,92,6,5,37,40.8,71.9,False,4.6,False
TL008913,TR008913,DR0047,VH00053,2022-07-10,18.6,70.32,0.3,153,0,0,498,2.4,74.4,False,4.3,False
TL008915,TR008915,DR0009,VH00107,2023-08-11,385.7,22.8,18.5,110,1,1,58,10.9,91.3,False,4.5,False
TL008919,TR008919,DR0055,VH00092,2026-01-27,15.5,39.12,0.4,112,0,0,420,1.7,78.5,False,3.7,False
TL008920,TR008920,DR0016,VH00081,2022-08-01,61.6,758.16,0.1,98,0,0,4101,3.5,0.0,False,3.7,False
TL008923,TR008923,DR0019,VH00032,2023-03-01,12.4,776.16,0.0,156,0,0,6542,2.7,0.0,False,4.4,False
TL008926,TR008926,DR0029,VH00104,2026-01-17,391.2,11.76,36.3,179,6,10,100,74.3,53.7,False,4.4,False
TL008927,TR008927,DR0058,VH00018,2023-08-04,323.1,24.0,14.7,89,7,7,173,37.2,62.7,False,3.5,False
TL008931,TR008931,DR0021,VH00095,2023-09-07,117.9,149.04,0.9,95,2,2,1269,12.4,27.8,False,4.4,False
TL008932,TR008932,DR0036,VH00068,2024-05-02,136.2,65.28,2.3,148,3,2,1023,27.5,34.1,False,3.2,False
TL008933,TR008933,DR0002,VH00020,2024-12-14,36.2,10.56,3.7,174,1,1,110,12.9,88.1,False,4.4,False
TL008934,TR008934,DR0053,VH00112,2023-02-10,1479.1,50.4,32.0,93,15,12,302,113.1,16.5,False,4.0,False
TL008937,TR008937,DR0040,VH00069,2025-03-02,369.6,5.04,80.0,150,8,7,45,41.0,66.5,False,5.0,False
TL008938,TR008938,DR0019,VH00110,2025-02-02,51.9,19.2,2.9,119,1,1,458,8.4,72.1,False,5.0,False
TL008940,TR008940,DR0008,VH00063,2026-03-10,70.7,63.12,1.2,88,1,1,435,13.6,71.7,False,3.7,False
TL008942,TR008942,DR0002,VH00061,2022-09-04,337.8,7.68,48.0,98,15,11,151,78.9,35.3,False,3.7,False
TL008943,TR008943,DR0011,VH00025,2025-05-27,22.8,29.52,0.8,151,0,0,161,0.9,91.7,False,4.4,False
TL008950,TR008950,DR0022,VH00020,2024-09-02,337.8,8.16,45.2,95,7,6,97,28.2,70.2,False,4.5,False
TL008951,TR008951,DR0018,VH00058,2023-10-27,888.3,8.64,112.2,155,10,7,36,34.9,65.7,False,5.0,False
TL008956,TR008956,DR0024,VH00037,2026-02-15,364.1,6.96,57.1,121,4,2,27,18.0,85.2,False,3.5,False
TL008957,TR008957,DR0012,VH00022,2023-03-13,69.0,59.04,1.3,169,2,2,591,15.8,60.7,False,4.3,False
TL008959,TR008959,DR0039,VH00080,2023-09-11,1534.7,13.44,124.6,158,36,35,158,289.3,0.0,False,4.0,False
TL008963,TR008963,DR0027,VH00020,2024-12-09,14.5,26.88,0.6,141,0,0,226,0.9,88.4,False,3.6,False
TL008966,TR008966,DR0020,VH00099,2026-02-24,72.5,5.52,14.3,120,1,1,79,6.2,91.7,False,4.6,False
TL008967,TR008967,DR0020,VH00025,2025-09-17,398.0,39.12,11.1,143,7,6,233,76.8,48.8,False,4.6,False
TL008968,TR008968,DR0013,VH00020,2024-08-04,389.2,62.88,6.8,121,3,3,257,23.8,72.5,False,4.4,False
TL008971,TR008971,DR0022,VH00011,2025-03-04,1373.8,16.8,89.2,97,33,26,120,243.6,0.0,False,3.5,True
TL008972,TR008972,DR0058,VH00057,2026-01-13,53.9,12.48,4.7,113,0,1,113,5.2,91.8,False,2.9,False
TL008973,TR008973,DR0002,VH00020,2023-11-06,66.1,14.88,4.8,125,2,2,206,13.8,80.6,False,3.9,False
TL008974,TR008974,DR0016,VH00042,2024-07-14,35.6,15.12,2.6,177,0,0,87,2.6,94.9,False,4.0,False
TL008976,TR008976,DR0060,VH00118,2024-03-01,67.9,33.12,2.2,127,0,0,151,5.6,90.8,False,3.9,False
TL008978,TR008978,DR0046,VH00065,2023-05-05,79.1,12.96,6.7,129,5,5,181,40.4,66.3,False,3.5,False
TL008981,TR008981,DR0018,VH00073,2026-01-28,36.1,754.56,0.1,142,0,0,4015,1.5,0.0,False,3.8,False
TL008982,TR008982,DR0016,VH00074,2025-05-11,58.3,113.04,0.6,142,0,0,930,4.5,52.1,False,3.4,False
TL008984,TR008984,DR0053,VH00065,2022-12-15,57.4,8.88,7.1,112,0,0,70,2.7,95.7,False,3.6,False
TL008986,TR008986,DR0044,VH00010,2022-05-02,56.2,11.76,5.2,153,1,1,177,7.3,86.5,False,4.4,False
TL008989,TR008989,DR0051,VH00080,2026-05-22,1468.7,9.84,162.8,117,34,34,92,288.9,0.0,False,4.2,False
TL008992,TR008992,DR0058,VH00036,2024-12-13,404.3,45.6,9.7,133,8,6,294,88.8,40.7,False,4.8,False
TL008994,TR008994,DR0016,VH00107,2023-09-05,1279.6,14.88,93.8,116,10,11,104,51.1,53.5,False,5.0,False
TL008996,TR008996,DR0023,VH00092,2023-12-26,35.2,13.2,2.9,149,0,0,50,3.5,96.5,False,3.7,False
TL008998,TR008998,DR0037,VH00106,2026-04-11,45.6,199.68,0.2,124,1,1,1459,5.6,22.9,False,3.9,False
TL009007,TR009007,DR0040,VH00044,2026-05-08,1468.7,27.84,57.6,133,35,35,243,113.3,0.0,False,4.6,False
TL009010,TR009010,DR0057,VH00091,2024-03-16,73.4,53.28,1.5,139,0,0,184,2.8,90.0,False,4.0,False
TL009011,TR009011,DR0059,VH00073,2023-05-10,404.3,49.44,8.9,161,8,5,782,74.0,21.7,False,2.8,False
TL009013,TR009013,DR0037,VH00102,2022-06-14,37.0,191.52,0.2,178,0,0,1594,5.2,18.7,False,3.8,False
TL009014,TR009014,DR0002,VH00038,2024-01-17,338.4,11.04,33.4,145,15,11,102,113.4,27.4,False,4.3,False
TL009020,TR009020,DR0019,VH00061,2026-04-17,543.0,7.92,74.8,116,23,21,161,102.7,5.6,False,4.2,False
TL009024,TR009024,DR0055,VH00019,2024-08-07,190.7,17.28,12.0,93,4,4,181,21.5,74.5,False,4.9,False
TL009025,TR009025,DR0009,VH00007,2026-02-27,1235.7,22.56,59.8,116,3,3,73,24.3,81.6,False,4.1,False
TL009026,TR009026,DR0013,VH00040,2026-01-02,30.4,21.12,1.6,178,0,0,138,1.6,92.6,False,5.0,False
TL009028,TR009028,DR0020,VH00088,2026-01-03,386.7,11.04,38.2,153,6,9,171,70.1,52.4,False,4.4,False
TL009030,TR009030,DR0029,VH00018,2023-10-03,69.9,12.0,6.4,103,1,0,177,6.5,87.7,False,4.1,True
TL009032,TR009032,DR0047,VH00062,2023-10-27,72.3,18.24,4.3,162,1,1,109,15.7,87.3,False,5.0,False
TL009037,TR009037,DR0046,VH00107,2023-07-07,1552.0,11.52,147.0,148,103,70,207,366.2,0.0,False,3.4,False
TL009040,TR009040,DR0029,VH00057,2023-10-19,69.0,15.84,4.8,86,1,1,147,9.8,87.2,False,3.8,False
TL009042,TR009042,DR0005,VH00044,2026-01-13,498.6,218.16,2.5,109,5,5,969,20.3,33.0,False,4.7,False
TL009043,TR009043,DR0009,VH00013,2026-02-08,1440.2,48.72,32.2,87,5,5,192,46.2,64.0,False,4.0,False
TL009046,TR009046,DR0055,VH00059,2024-03-09,498.6,39.12,13.9,113,8,7,443,47.8,44.5,False,4.3,False
TL009050,TR009050,DR0033,VH00087,2022-06-10,59.2,7.68,8.4,144,1,0,84,11.8,90.8,False,4.4,False
TL009052,TR009052,DR0048,VH00117,2025-09-02,70.4,75.12,1.0,95,0,0,188,1.4,90.2,False,4.0,False
TL009055,TR009055,DR0019,VH00092,2022-02-21,365.7,65.76,6.1,105,15,13,594,109.6,1.9,False,4.7,False
TL009057,TR009057,DR0055,VH00020,2023-07-14,1397.9,70.8,21.5,174,26,28,1092,127.9,0.0,False,3.9,False
TL009059,TR009059,DR0019,VH00063,2024-02-23,60.7,756.0,0.1,112,1,1,9827,19.6,0.0,False,5.0,False
TL009060,TR009060,DR0024,VH00069,2022-05-02,168.7,8.88,20.7,138,1,1,27,8.8,93.5,False,4.8,True
TL009067,TR009067,DR0044,VH00026,2022-09-22,960.3,41.04,25.5,152,14,15,380,200.9,0.0,False,4.3,True
TL009072,TR009072,DR0046,VH00032,2025-12-13,49.7,56.16,1.0,128,3,2,1394,11.5,20.3,False,4.8,False
TL009074,TR009074,DR0023,VH00047,2024-02-22,53.5,73.68,0.8,87,0,0,417,4.1,77.9,False,3.4,False
TL009076,TR009076,DR0035,VH00037,2024-08-23,1534.7,42.72,39.2,169,65,40,366,401.1,0.0,False,4.4,False
TL009077,TR009077,DR0047,VH00058,2025-05-15,57.4,71.52,0.9,96,1,0,933,4.7,50.4,False,5.0,False
TL009083,TR009083,DR0020,VH00078,2023-02-27,42.4,138.96,0.3,89,0,0,958,4.5,50.7,False,3.9,False
TL009086,TR009086,DR0012,VH00057,2023-03-25,72.7,19.68,4.0,100,2,2,339,10.5,74.9,False,4.6,False
TL009087,TR009087,DR0036,VH00023,2023-03-13,397.1,9.12,47.5,103,7,7,55,59.1,62.0,False,3.8,False
TL009088,TR009088,DR0046,VH00024,2022-01-24,288.9,11.04,28.5,83,22,20,215,123.7,0.0,False,5.0,False
TL009090,TR009090,DR0052,VH00039,2022-11-09,1552.0,830.64,2.0,132,6,7,2922,43.9,0.0,False,4.1,True
TL009092,TR009092,DR0057,VH00021,2024-09-12,14.5,7.2,2.2,136,0,0,17,0.4,99.0,False,4.6,False
TL009094,TR009094,DR0035,VH00112,2023-10-08,16.0,56.16,0.3,106,0,0,644,2.7,67.0,False,4.3,False
TL009095,TR009095,DR0022,VH00028,2023-01-19,171.8,25.68,7.3,156,3,3,272,25.0,71.4,False,3.8,False
TL009097,TR009097,DR0016,VH00019,2023-08-02,47.0,21.6,2.4,139,0,0,103,1.6,94.4,False,3.3,False
TL009098,TR009098,DR0052,VH00034,2022-04-24,608.0,11.52,57.6,167,2,2,40,10.5,89.8,False,5.0,False
TL009100,TR009100,DR0051,VH00095,2022-02-20,323.1,32.64,10.8,164,8,7,193,59.1,53.6,False,4.9,False
TL009101,TR009101,DR0007,VH00043,2026-06-05,370.6,57.6,7.0,115,28,17,1681,165.0,0.0,False,4.2,False
TL009106,TR009106,DR0060,VH00094,2024-07-26,50.5,6.72,8.2,100,0,0,52,5.0,95.9,False,3.5,False
TL009107,TR009107,DR0055,VH00080,2026-06-14,163.7,3.84,46.5,124,3,2,57,23.0,83.8,False,3.1,False
TL009108,TR009108,DR0020,VH00004,2026-04-12,11.3,28.32,0.4,155,0,0,182,2.1,90.3,False,3.5,False
TL009109,TR009109,DR0021,VH00046,2023-02-05,15.6,29.28,0.6,178,0,0,373,2.1,80.7,False,4.2,False
TL009110,TR009110,DR0020,VH00041,2025-06-05,1174.8,15.12,84.8,107,17,18,184,118.7,11.7,False,4.4,False
TL009112,TR009112,DR0037,VH00053,2026-06-17,59.4,131.52,0.5,132,0,1,1031,12.1,43.8,False,3.8,False
TL009113,TR009113,DR0035,VH00005,2024-10-13,257.2,21.84,12.8,175,8,7,491,93.2,28.5,False,4.4,False
TL009118,TR009118,DR0005,VH00089,2023-11-20,337.8,21.6,17.1,136,4,2,133,22.3,78.7,False,4.8,False
TL009119,TR009119,DR0020,VH00119,2026-05-21,1482.0,695.52,2.3,92,32,27,6783,173.3,0.0,False,4.0,False
TL009120,TR009120,DR0046,VH00036,2025-09-19,31.8,23.04,1.5,153,2,1,701,16.5,56.0,False,4.5,False
TL009121,TR009121,DR0046,VH00102,2026-02-15,27.7,105.6,0.3,135,1,1,1931,14.3,0.0,False,4.4,False
TL009124,TR009124,DR0056,VH00031,2022-11-20,337.8,9.36,39.4,102,2,2,54,24.1,85.1,False,5.0,False
TL009127,TR009127,DR0007,VH00037,2025-10-21,1534.7,30.0,55.8,145,113,98,390,769.5,0.0,False,3.8,False
TL009131,TR009131,DR0057,VH00025,2026-03-24,936.4,46.32,22.1,118,3,4,109,16.8,81.0,False,4.0,False
TL009133,TR009133,DR0015,VH00011,2025-07-02,1415.9,9.84,157.0,178,27,33,79,121.0,0.0,False,4.7,False
TL009134,TR009134,DR0013,VH00054,2025-11-08,936.4,17.52,58.3,177,9,9,146,90.9,42.9,False,4.2,True
TL009135,TR009135,DR0007,VH00059,2026-01-08,257.2,59.52,4.7,163,15,17,1259,82.5,0.0,False,3.5,False
TL009139,TR009139,DR0010,VH00041,2023-07-23,1440.2,48.72,32.2,161,15,17,182,81.8,26.9,False,4.4,False
TL009140,TR009140,DR0013,VH00032,2022-04-09,46.4,11.04,4.6,111,0,0,36,3.9,97.0,False,3.7,False
TL009141,TR009141,DR0032,VH00057,2024-02-06,14.5,170.64,0.1,132,0,0,1455,0.9,27.0,False,4.8,False
TL009144,TR009144,DR0016,VH00089,2023-05-27,323.1,3.84,91.8,174,2,2,32,27.7,85.1,False,4.8,False
TL009145,TR009145,DR0023,VH00038,2023-01-02,70.7,34.32,2.2,160,0,0,235,4.4,86.9,False,3.7,False
TL009146,TR009146,DR0023,VH00042,2023-12-27,543.0,71.28,8.3,158,5,6,610,19.6,50.1,False,4.2,False
TL009148,TR009148,DR0027,VH00080,2024-09-06,37.7,12.24,3.4,174,0,0,36,2.0,97.6,False,4.9,False
TL009149,TR009149,DR0054,VH00102,2025-05-06,404.3,6.24,70.7,99,4,3,34,40.7,77.1,False,4.3,False
TL009153,TR009153,DR0009,VH00054,2023-03-01,1196.8,60.96,21.4,144,5,4,225,36.0,66.5,False,4.2,False
TL009156,TR009156,DR0060,VH00048,2022-07-01,41.0,3.36,13.3,157,0,0,10,3.6,98.4,False,3.7,False
TL009158,TR009158,DR0028,VH00037,2025-03-03,70.4,48.48,1.6,88,0,0,183,5.2,89.3,False,3.9,False
TL009161,TR009161,DR0049,VH00074,2025-12-16,1552.0,32.4,52.3,161,12,13,139,157.0,14.9,False,5.0,False
TL009162,TR009162,DR0003,VH00111,2024-05-11,364.6,44.64,8.9,158,27,15,949,156.2,0.0,False,3.7,False
TL009163,TR009163,DR0042,VH00073,2023-08-03,20.7,199.68,0.1,166,0,0,725,1.3,63.4,False,3.3,False
TL009167,TR009167,DR0027,VH00080,2022-11-09,1440.2,39.36,39.9,102,15,18,182,142.7,7.6,False,4.4,False
TL009168,TR009168,DR0018,VH00052,2026-04-15,900.7,18.48,53.2,167,7,8,101,37.1,65.3,False,4.5,True
TL009169,TR009169,DR0035,VH00073,2024-10-13,54.4,824.64,0.1,105,1,2,17301,16.1,0.0,False,4.5,False
TL009171,TR009171,DR0032,VH00091,2026-02-21,391.8,9.36,45.7,83,4,3,40,14.0,84.8,False,5.0,False
TL009172,TR009172,DR0031,VH00115,2022-05-13,72.8,788.4,0.1,155,1,1,12092,13.8,0.0,False,4.3,False
TL009174,TR009174,DR0042,VH00104,2026-02-17,498.6,16.32,33.3,126,5,4,68,47.1,71.0,False,3.8,False
TL009175,TR009175,DR0044,VH00088,2025-03-09,60.2,752.16,0.1,98,1,1,10384,9.3,0.0,False,4.4,False
TL009176,TR009176,DR0053,VH00048,2026-01-08,69.8,30.0,2.5,103,0,0,209,5.6,87.9,False,4.3,False
TL009179,TR009179,DR0032,VH00117,2022-03-04,786.4,90.96,9.4,127,7,6,528,54.9,40.6,False,4.7,False
TL009182,TR009182,DR0054,VH00022,2025-11-10,29.6,231.36,0.1,131,0,0,1249,2.2,36.9,False,3.7,False
TL009183,TR009183,DR0055,VH00016,2023-07-07,17.7,64.8,0.3,83,0,0,550,2.5,71.8,False,4.7,False
TL009184,TR009184,DR0015,VH00038,2024-08-25,45.7,15.36,3.2,80,0,0,163,5.0,90.3,False,5.0,False
TL009189,TR009189,DR0048,VH00089,2024-03-19,70.8,34.8,2.2,147,0,0,124,1.8,93.3,False,4.2,False
TL009190,TR009190,DR0018,VH00010,2026-04-04,1552.2,58.32,29.0,131,18,16,208,93.9,18.4,False,4.5,False
TL009192,TR009192,DR0007,VH00106,2022-12-16,543.0,22.32,26.5,106,44,37,374,302.4,0.0,False,4.1,False
TL009193,TR009193,DR0018,VH00016,2023-05-25,68.4,30.96,2.4,88,0,0,151,5.0,91.0,False,5.0,False
TL009203,TR009203,DR0028,VH00099,2025-09-28,404.3,4.56,96.7,149,3,3,33,25.6,83.2,False,3.6,False
TL009205,TR009205,DR0044,VH00106,2026-02-16,63.3,141.6,0.5,165,1,1,1576,14.1,14.5,False,4.1,False
TL009206,TR009206,DR0058,VH00088,2024-03-24,19.1,17.04,1.2,89,0,0,216,2.0,88.6,False,4.4,False
TL009209,TR009209,DR0031,VH00020,2024-08-21,12.7,19.2,0.7,97,0,0,306,1.6,84.2,False,4.1,False
TL009212,TR009212,DR0016,VH00063,2022-07-19,1485.2,3.12,519.3,86,18,15,26,79.3,32.9,False,3.9,False
TL009215,TR009215,DR0018,VH00057,2026-04-08,24.7,12.96,2.1,180,0,0,67,1.1,96.3,False,3.7,False
TL009216,TR009216,DR0011,VH00065,2023-08-03,36.6,17.28,2.3,116,0,0,93,2.0,94.8,False,3.3,False
TL009217,TR009217,DR0058,VH00110,2026-01-21,900.7,28.8,34.1,108,19,19,214,93.0,13.9,False,4.5,False
TL009221,TR009221,DR0019,VH00021,2023-04-16,41.9,14.16,3.2,86,1,1,222,11.6,82.9,False,3.7,False
TL009223,TR009223,DR0015,VH00092,2025-04-26,391.5,8.4,50.8,129,6,6,51,55.7,65.7,False,5.0,False
TL009226,TR009226,DR0034,VH00054,2023-12-12,366.8,3.84,104.2,152,9,9,24,28.1,67.9,False,4.1,False
TL009227,TR009227,DR0052,VH00039,2024-12-09,32.3,31.2,1.1,126,0,0,95,0.6,95.1,False,4.4,False
TL009228,TR009228,DR0060,VH00062,2026-05-28,43.4,119.52,0.4,88,0,0,505,3.5,73.7,False,5.0,False
TL009230,TR009230,DR0043,VH00037,2026-04-18,960.3,31.44,33.3,97,11,11,98,68.5,47.0,False,3.8,False
TL009232,TR009232,DR0035,VH00081,2022-05-18,78.6,16.08,5.3,91,2,2,230,12.2,79.8,False,4.5,False
TL009233,TR009233,DR0055,VH00107,2024-08-23,364.6,41.28,9.6,142,7,5,442,27.8,54.1,False,4.0,True
TL009234,TR009234,DR0060,VH00016,2024-04-10,30.5,783.12,0.0,93,0,0,3319,1.1,0.0,False,3.8,False
TL009235,TR009235,DR0019,VH00099,2022-08-21,39.4,63.36,0.7,167,1,1,1009,5.0,45.5,False,4.9,False
TL009238,TR009238,DR0047,VH00112,2024-09-12,24.8,9.36,2.9,171,0,0,77,2.0,95.6,False,4.5,False
TL009239,TR009239,DR0046,VH00088,2026-01-10,15.2,7.2,2.3,150,0,1,134,6.9,90.2,False,3.6,False
TL009240,TR009240,DR0023,VH00044,2022-01-19,396.9,6.72,64.4,135,2,3,34,19.0,86.6,False,4.2,False
TL009242,TR009242,DR0031,VH00104,2026-02-08,543.0,53.52,11.1,108,9,12,340,59.8,39.6,False,4.6,False
TL009243,TR009243,DR0044,VH00119,2025-06-11,377.9,4.56,90.4,158,5,5,58,77.7,61.3,False,3.6,False
TL009247,TR009247,DR0058,VH00099,2025-05-01,1480.9,18.0,89.8,111,25,32,240,180.2,0.0,False,3.9,False
TL009249,TR009249,DR0048,VH00022,2024-10-21,1221.8,8.16,163.3,109,3,4,14,26.9,82.7,False,4.7,False
TL009253,TR009253,DR0052,VH00044,2023-06-18,115.9,10.56,12.0,141,0,0,34,3.3,97.3,False,3.8,False
TL009259,TR009259,DR0023,VH00019,2023-03-07,28.7,8.4,3.7,149,0,0,30,2.1,97.9,False,4.4,False
TL009264,TR009264,DR0018,VH00042,2025-05-26,960.3,58.32,18.0,137,9,10,283,62.3,43.7,False,4.1,False
TL009265,TR009265,DR0044,VH00018,2025-12-13,19.6,63.84,0.3,118,0,0,744,3.0,61.9,False,3.8,False
TL009266,TR009266,DR0009,VH00089,2024-05-19,404.3,108.24,4.1,107,1,1,419,17.8,71.2,False,4.6,False
TL009274,TR009274,DR0060,VH00017,2023-08-13,288.9,732.96,0.4,91,3,2,5878,25.4,0.0,False,4.5,False
TL009275,TR009275,DR0020,VH00068,2024-12-19,1190.4,16.8,77.3,91,22,18,201,233.3,0.0,False,3.7,True
TL009276,TR009276,DR0028,VH00065,2022-08-12,936.4,11.76,86.9,101,8,6,78,36.5,67.1,False,4.4,False
TL009279,TR009279,DR0046,VH00078,2022-03-22,1383.4,31.68,47.6,150,87,60,664,745.1,0.0,False,4.5,False
TL009282,TR009282,DR0009,VH00057,2026-01-22,1468.7,233.28,6.9,146,5,4,946,65.3,21.6,False,3.4,False
TL009285,TR009285,DR0020,VH00111,2026-05-18,27.8,10.08,3.0,130,0,0,108,4.6,93.2,False,3.9,False
TL009287,TR009287,DR0023,VH00116,2022-08-19,1420.1,38.4,40.3,95,13,13,174,98.4,29.3,False,3.4,False
TL009290,TR009290,DR0008,VH00021,2026-04-18,32.8,158.16,0.2,103,0,0,2428,5.8,0.0,False,3.6,False
TL009291,TR009291,DR0003,VH00024,2025-11-05,69.3,14.64,5.2,106,3,4,241,34.1,69.2,False,4.3,True
TL009300,TR009300,DR0019,VH00005,2025-04-11,388.0,23.76,17.8,172,14,10,373,140.8,8.1,False,4.4,False
TL009301,TR009301,DR0036,VH00019,2024-07-01,123.3,6.72,20.0,139,1,3,39,20.2,87.5,False,4.3,False
TL009302,TR009302,DR0052,VH00021,2022-07-21,42.3,79.44,0.6,85,0,0,335,1.5,82.8,False,4.9,False
TL009303,TR009303,DR0040,VH00031,2024-04-10,60.8,773.04,0.1,174,1,1,7788,5.9,0.0,False,4.3,False
TL009309,TR009309,DR0028,VH00099,2022-12-12,70.2,57.12,1.3,134,0,0,244,7.0,85.7,False,4.2,False
TL009311,TR009311,DR0051,VH00018,2024-02-17,936.4,55.68,18.3,85,19,23,302,153.3,0.0,False,3.9,False
TL009315,TR009315,DR0018,VH00037,2024-12-28,75.4,70.8,1.2,124,0,0,298,3.5,84.0,False,4.5,False
TL009317,TR009317,DR0051,VH00062,2022-02-04,175.2,47.76,4.0,113,4,2,507,31.6,57.2,False,3.4,False
TL009325,TR009325,DR0004,VH00119,2026-05-21,60.3,18.96,3.5,89,1,0,212,5.5,86.2,False,4.6,False
TL009327,TR009327,DR0010,VH00099,2024-06-25,543.0,3.36,176.3,145,5,5,27,43.2,73.2,False,4.4,False
TL009329,TR009329,DR0012,VH00117,2025-07-01,1353.6,2.88,512.7,163,38,44,54,352.7,0.0,False,3.6,False
TL009335,TR009335,DR0005,VH00026,2024-03-13,1552.2,156.72,10.8,121,12,14,1089,64.9,0.0,False,3.8,False
TL009338,TR009338,DR0005,VH00021,2026-06-05,39.7,134.64,0.3,123,0,0,637,3.3,67.2,False,5.0,False
TL009339,TR009339,DR0033,VH00106,2022-07-02,70.3,60.0,1.3,114,1,1,881,13.5,49.4,False,4.5,False
TL009341,TR009341,DR0039,VH00111,2024-05-10,13.5,42.0,0.4,82,0,0,526,2.3,73.0,False,4.1,False
TL009344,TR009344,DR0018,VH00061,2022-09-15,190.7,98.88,2.1,117,1,1,761,17.3,54.3,False,3.5,False
TL009345,TR009345,DR0054,VH00039,2026-04-25,395.5,6.48,66.6,175,3,2,27,31.2,82.8,False,4.1,False
TL009348,TR009348,DR0036,VH00052,2023-06-18,1428.2,44.16,35.3,110,24,29,522,132.1,0.0,False,3.8,False
TL009352,TR009352,DR0040,VH00080,2024-02-07,38.6,206.16,0.2,109,0,0,3082,4.5,0.0,False,4.3,False
TL009356,TR009356,DR0036,VH00068,2023-05-05,1534.7,38.64,43.3,88,29,26,453,272.6,0.0,False,5.0,False
TL009357,TR009357,DR0038,VH00023,2024-11-02,14.4,211.92,0.1,112,0,0,2764,2.6,0.0,False,3.9,False
TL009358,TR009358,DR0007,VH00062,2025-04-13,72.3,37.68,2.1,140,6,3,803,22.8,41.0,False,4.7,False
TL009366,TR009366,DR0048,VH00088,2022-12-24,22.4,681.84,0.0,122,0,0,1481,0.7,25.7,False,4.3,False
TL009367,TR009367,DR0031,VH00011,2023-06-19,1534.7,56.4,29.7,165,25,39,912,275.1,0.0,False,4.9,False
TL009370,TR009370,DR0025,VH00007,2025-09-21,53.2,61.2,0.9,137,0,1,978,5.3,48.5,False,4.4,False
TL009373,TR009373,DR0012,VH00021,2026-01-17,20.9,7.44,3.1,138,0,0,113,3.8,93.2,False,3.6,False
TL009377,TR009377,DR0032,VH00040,2026-02-19,10.4,65.28,0.2,116,0,0,536,0.5,73.0,False,3.7,False
TL009378,TR009378,DR0028,VH00038,2025-04-15,245.1,44.16,6.1,112,3,1,370,18.9,70.3,False,4.5,False
TL009381,TR009381,DR0003,VH00031,2024-09-12,337.8,6.48,56.9,169,19,23,88,167.5,0.0,False,5.0,False
TL009388,TR009388,DR0005,VH00044,2023-12-17,15.7,38.64,0.4,97,0,0,165,1.3,91.4,False,4.4,False
TL009389,TR009389,DR0020,VH00095,2025-05-28,29.5,57.12,0.6,145,0,0,786,3.7,59.6,False,4.2,False
TL009390,TR009390,DR0010,VH00017,2024-10-01,50.2,99.36,0.6,123,0,0,504,3.1,73.9,False,3.4,False
TL009391,TR009391,DR0036,VH00061,2022-12-14,67.4,69.6,1.1,91,1,1,412,5.4,75.3,False,3.4,False
TL009392,TR009392,DR0029,VH00071,2023-08-14,382.0,11.04,37.7,116,9,6,140,39.9,61.5,False,4.7,False
TL009393,TR009393,DR0038,VH00080,2022-12-14,768.9,51.36,16.3,135,14,13,300,165.4,1.4,False,4.3,False
TL009396,TR009396,DR0015,VH00031,2025-11-17,1397.9,27.36,55.7,109,23,33,183,239.3,0.0,False,5.0,False
TL009399,TR009399,DR0022,VH00044,2023-07-26,13.9,802.8,0.0,127,0,0,7306,3.0,0.0,False,4.7,False
TL009401,TR009401,DR0016,VH00023,2023-12-17,52.1,4.32,13.2,147,0,0,37,4.6,96.8,False,4.8,False
TL009402,TR009402,DR0013,VH00095,2025-07-23,936.4,25.92,39.4,135,8,9,181,92.9,42.1,False,3.6,False
TL009403,TR009403,DR0029,VH00084,2022-01-20,61.5,746.88,0.1,137,1,0,10131,13.4,0.0,False,4.5,False
TL009404,TR009404,DR0060,VH00039,2023-10-03,1376.5,7.44,201.8,127,14,13,57,62.6,44.4,False,3.9,False
TL009406,TR009406,DR0035,VH00044,2025-06-07,1468.7,160.32,10.0,123,73,54,3684,454.9,0.0,False,4.4,False
TL009409,TR009409,DR0026,VH00056,2024-03-07,24.7,18.72,1.4,95,0,0,178,4.0,89.9,False,4.8,False
TL009413,TR009413,DR0037,VH00088,2023-02-15,70.3,42.96,1.8,171,1,1,535,8.1,68.3,False,4.5,False
TL009415,TR009415,DR0005,VH00054,2026-03-24,71.6,8.64,9.0,93,0,0,45,3.6,96.7,False,3.7,False
TL009416,TR009416,DR0048,VH00095,2022-04-06,337.8,7.68,48.0,156,0,1,20,6.0,96.2,False,3.7,False
TL009424,TR009424,DR0042,VH00054,2024-07-19,87.2,218.16,0.4,131,0,1,1363,3.3,29.9,False,3.9,False
TL009425,TR009425,DR0011,VH00040,2023-12-28,16.8,164.64,0.1,156,0,0,694,1.7,64.8,False,3.9,False
TL009427,TR009427,DR0037,VH00008,2024-07-20,18.0,46.32,0.4,162,0,0,522,3.9,72.7,False,3.3,False
TL009428,TR009428,DR0041,VH00080,2025-08-13,67.3,40.56,1.8,92,0,0,342,2.5,82.2,False,3.7,False
TL009431,TR009431,DR0012,VH00119,2022-04-18,51.6,23.76,2.4,85,1,2,261,11.6,80.0,False,4.6,False
TL009434,TR009434,DR0011,VH00074,2024-02-03,17.2,55.68,0.3,98,0,0,321,0.8,83.7,False,3.7,False
TL009436,TR009436,DR0020,VH00044,2023-12-19,17.3,19.68,1.0,102,0,0,179,2.4,90.3,False,4.2,False
TL009438,TR009438,DR0003,VH00059,2025-05-25,48.9,32.16,1.7,117,3,3,596,12.7,58.9,False,3.2,False
TL009440,TR009440,DR0022,VH00048,2023-05-19,900.7,29.52,33.3,177,16,13,478,89.1,12.4,False,4.7,False
TL009441,TR009441,DR0046,VH00015,2024-09-18,888.3,128.4,7.5,129,77,60,3622,307.5,0.0,False,5.0,False
TL009442,TR009442,DR0052,VH00089,2025-09-02,371.7,8.64,46.9,159,1,1,26,5.9,94.4,False,3.6,False
TL009443,TR009443,DR0041,VH00039,2024-09-04,1457.2,6.0,264.9,106,13,13,33,76.1,43.0,False,4.8,False
TL009446,TR009446,DR0020,VH00042,2023-09-08,75.3,799.44,0.1,145,1,1,10556,11.5,0.0,False,4.6,True
TL009447,TR009447,DR0057,VH00037,2026-04-01,1231.7,15.84,84.8,129,6,6,43,36.9,71.8,False,3.1,False
TL009448,TR009448,DR0007,VH00059,2023-09-17,543.0,16.8,35.3,89,35,30,393,205.6,0.0,False,4.1,False
TL009452,TR009452,DR0024,VH00037,2025-05-14,69.2,225.12,0.3,84,0,0,1219,5.6,37.4,False,4.3,False
TL009453,TR009453,DR0049,VH00081,2024-03-06,1440.2,50.4,31.2,161,11,17,204,83.7,31.2,False,4.0,False
TL009457,TR009457,DR0031,VH00032,2022-06-18,58.2,49.92,1.3,140,1,0,304,5.6,81.6,False,4.4,False
TL009458,TR009458,DR0018,VH00058,2026-02-15,41.1,25.44,1.8,127,0,0,166,2.4,91.0,False,4.4,False
TL009460,TR009460,DR0009,VH00048,2023-06-07,11.8,14.4,0.9,91,0,0,44,0.5,97.6,False,3.9,False
TL009463,TR009463,DR0027,VH00087,2025-04-23,33.4,52.8,0.7,91,0,0,228,1.5,88.1,False,3.9,False
TL009466,TR009466,DR0029,VH00106,2023-07-09,16.3,68.88,0.3,160,0,0,1025,1.7,48.2,False,4.1,False
TL009469,TR009469,DR0048,VH00004,2025-12-03,31.2,703.68,0.0,98,0,0,2191,1.0,0.0,False,4.1,False
TL009472,TR009472,DR0025,VH00005,2023-09-18,22.9,14.88,1.7,85,0,0,143,3.6,91.8,False,4.0,False
TL009473,TR009473,DR0060,VH00041,2024-10-25,61.4,81.36,0.8,140,0,0,453,6.4,75.4,False,4.2,False
TL009474,TR009474,DR0013,VH00094,2023-09-10,38.7,89.04,0.5,91,0,0,517,2.0,73.6,False,4.0,False
TL009476,TR009476,DR0060,VH00054,2026-01-09,30.2,748.8,0.0,158,0,0,4011,1.7,0.0,False,4.5,False
TL009484,TR009484,DR0042,VH00119,2024-04-16,17.9,104.88,0.2,127,0,0,595,1.7,69.7,False,4.2,False
TL009485,TR009485,DR0042,VH00112,2026-03-06,1552.0,130.08,13.0,158,16,19,765,86.3,0.0,False,4.1,False
TL009486,TR009486,DR0007,VH00062,2024-11-22,37.5,701.52,0.1,150,2,1,12254,10.9,0.0,False,3.2,False
TL009487,TR009487,DR0029,VH00020,2023-08-07,1246.6,30.48,44.6,148,21,21,355,98.2,0.3,False,4.8,False
TL009490,TR009490,DR0047,VH00037,2023-06-16,16.7,745.92,0.0,148,0,0,10389,1.5,0.0,False,3.6,False
TL009493,TR009493,DR0039,VH00095,2026-02-11,30.6,11.52,2.9,137,0,0,153,3.9,91.2,False,4.9,False
TL009494,TR009494,DR0041,VH00110,2025-06-03,18.3,18.72,1.1,128,0,0,87,1.3,95.3,False,3.6,False
TL009500,TR009500,DR0040,VH00073,2025-05-15,61.7,97.68,0.7,115,0,1,610,10.3,65.4,False,4.4,False
TL009502,TR009502,DR0040,VH00107,2025-03-20,1231.7,66.72,20.1,84,29,22,903,194.5,0.0,False,4.2,False
TL009503,TR009503,DR0011,VH00112,2025-08-17,404.3,36.48,12.1,109,4,3,201,35.2,70.4,False,4.6,False
TL009505,TR009505,DR0032,VH00080,2024-11-09,1534.7,62.4,26.8,133,15,19,456,111.1,2.4,False,4.2,False
TL009506,TR009506,DR0036,VH00116,2024-04-18,49.8,8.64,6.3,89,0,1,113,9.0,90.6,False,3.4,False
TL009507,TR009507,DR0060,VH00064,2026-02-19,385.8,58.32,7.2,82,4,4,486,36.6,54.7,False,4.8,False
TL009509,TR009509,DR0034,VH00119,2026-01-10,900.7,69.36,14.2,140,21,21,891,80.6,0.0,False,4.5,False
TL009510,TR009510,DR0060,VH00004,2024-08-03,54.9,26.4,2.3,124,0,0,107,2.2,94.0,False,4.6,False
TL009514,TR009514,DR0057,VH00005,2025-03-01,26.9,162.96,0.2,126,0,0,690,0.6,65.3,False,4.1,False
TL009516,TR009516,DR0049,VH00068,2026-02-10,61.8,21.6,3.1,121,0,0,114,5.5,92.6,False,4.7,False
TL009517,TR009517,DR0012,VH00017,2023-01-02,11.3,22.8,0.5,125,0,0,551,2.9,71.6,False,3.4,False
TL009520,TR009520,DR0041,VH00104,2024-05-25,24.3,684.72,0.0,120,0,0,2707,2.5,0.0,False,4.4,False
TL009522,TR009522,DR0055,VH00032,2023-07-22,1534.7,68.64,24.4,82,24,38,689,269.4,0.0,False,4.8,False
TL009523,TR009523,DR0047,VH00073,2025-12-13,39.8,7.68,5.7,176,0,0,81,3.0,95.0,False,4.3,False
TL009525,TR009525,DR0015,VH00017,2024-06-08,387.1,59.28,7.1,175,9,7,416,67.8,38.4,False,4.1,False
TL009527,TR009527,DR0023,VH00048,2024-10-06,120.2,28.08,4.7,121,1,0,252,11.7,82.4,False,4.2,False
TL009529,TR009529,DR0039,VH00094,2026-06-25,74.6,111.84,0.7,173,1,0,1006,11.5,44.7,False,4.3,False
TL009531,TR009531,DR0008,VH00048,2025-07-11,77.8,12.48,6.8,170,1,1,104,9.4,89.5,False,4.7,False
TL009536,TR009536,DR0018,VH00016,2022-12-01,170.4,6.48,28.7,82,2,1,27,8.8,92.0,False,3.5,False
TL009537,TR009537,DR0055,VH00115,2023-09-21,15.7,12.72,1.3,106,0,0,110,3.0,93.6,False,4.1,False
TL009539,TR009539,DR0031,VH00107,2022-05-14,123.8,41.52,3.3,152,2,2,632,19.2,57.6,False,5.0,False
TL009542,TR009542,DR0020,VH00026,2024-07-22,14.9,36.0,0.5,95,0,0,423,3.3,77.9,False,3.7,False
TL009545,TR009545,DR0018,VH00089,2024-05-07,60.7,16.08,4.1,125,0,0,60,5.1,95.5,False,3.9,False
TL009548,TR009548,DR0022,VH00117,2024-10-22,38.6,131.04,0.3,168,0,0,1799,5.5,8.4,False,4.3,False
TL009552,TR009552,DR0032,VH00025,2022-03-20,1359.0,50.64,29.3,118,11,12,422,81.9,25.8,False,4.0,False
TL009553,TR009553,DR0005,VH00017,2024-07-04,370.2,7.68,52.6,144,3,3,47,26.4,82.2,False,4.4,False
TL009554,TR009554,DR0002,VH00063,2024-02-02,15.3,10.8,1.5,140,0,0,205,3.2,88.8,False,4.2,False
TL009555,TR009555,DR0040,VH00099,2026-02-06,498.6,9.36,58.1,146,6,12,94,105.9,42.5,False,3.3,False
TL009556,TR009556,DR0025,VH00051,2026-01-01,12.1,16.08,0.8,160,0,0,129,1.7,93.0,False,4.3,False
TL009558,TR009558,DR0031,VH00015,2025-04-02,58.7,158.16,0.4,105,1,0,1088,12.5,40.3,False,4.3,False
TL009560,TR009560,DR0013,VH00021,2023-01-11,364.7,8.88,44.8,124,3,3,63,34.0,79.1,False,4.6,False
TL009563,TR009563,DR0032,VH00044,2023-05-11,53.1,127.44,0.5,88,0,0,1097,3.7,44.0,False,4.0,False
TL009564,TR009564,DR0046,VH00074,2025-03-22,37.4,23.76,1.7,103,2,2,554,14.7,62.9,False,3.4,False
TL009566,TR009566,DR0047,VH00063,2023-05-13,36.7,16.08,2.5,162,0,0,232,4.7,87.0,False,4.9,False
TL009567,TR009567,DR0047,VH00019,2022-06-01,69.1,28.32,2.7,130,1,1,236,5.2,84.1,False,3.1,False
TL009569,TR009569,DR0033,VH00015,2024-01-11,54.3,13.92,4.3,158,1,0,133,5.4,90.2,False,4.0,True
TL009574,TR009574,DR0027,VH00119,2025-02-09,72.2,8.64,9.1,92,0,0,41,2.9,97.1,False,3.6,False
TL009577,TR009577,DR0057,VH00071,2023-11-19,1361.8,38.16,38.9,85,4,6,67,56.7,67.6,False,4.3,False
TL009579,TR009579,DR0044,VH00091,2024-08-14,43.5,172.08,0.3,162,1,0,1962,6.4,0.0,False,3.7,False
TL009584,TR009584,DR0013,VH00025,2025-01-16,21.8,20.64,1.2,120,0,0,117,2.0,93.6,False,4.9,False
TL009585,TR009585,DR0019,VH00068,2024-09-17,126.8,45.84,3.0,168,5,3,808,29.3,40.3,False,5.0,False
TL009591,TR009591,DR0059,VH00073,2026-01-26,1172.0,54.96,23.3,144,19,17,405,170.4,0.0,False,3.7,True
TL009592,TR009592,DR0058,VH00017,2022-11-25,10.1,78.0,0.1,91,0,0,514,1.9,73.7,False,4.8,False
TL009593,TR009593,DR0007,VH00119,2024-09-14,419.2,16.08,28.4,111,32,20,478,209.6,0.0,False,4.0,False
TL009596,TR009596,DR0005,VH00039,2023-12-03,20.7,20.64,1.1,165,0,0,94,1.0,95.0,False,4.8,False
TL009597,TR009597,DR0026,VH00047,2026-04-01,257.2,8.88,31.6,119,12,9,212,85.2,36.8,False,4.2,False
TL009598,TR009598,DR0042,VH00064,2022-04-05,87.2,36.48,2.6,111,0,0,113,6.4,92.4,False,3.4,False
TL009599,TR009599,DR0036,VH00010,2026-01-01,19.2,11.28,1.9,160,0,0,86,2.8,94.9,False,4.0,False
TL009604,TR009604,DR0033,VH00095,2024-10-11,49.8,8.4,6.5,176,0,0,108,5.5,92.9,False,3.6,False
TL009605,TR009605,DR0015,VH00056,2022-02-25,31.1,19.44,1.7,138,0,0,314,2.8,83.5,False,2.9,False
TL009608,TR009608,DR0011,VH00008,2026-06-26,11.0,759.12,0.0,110,0,0,5776,0.6,0.0,False,4.3,False
TL009610,TR009610,DR0027,VH00039,2023-02-13,900.7,70.56,13.9,147,11,10,542,92.3,18.7,False,4.9,False
TL009611,TR009611,DR0032,VH00074,2024-05-26,10.4,215.76,0.1,91,0,0,910,0.7,54.3,False,4.7,False
TL009612,TR009612,DR0056,VH00073,2024-04-17,49.3,134.16,0.4,147,0,0,456,1.8,76.7,False,3.7,False
TL009614,TR009614,DR0046,VH00080,2023-08-04,69.7,10.08,7.5,176,3,4,208,22.3,74.4,False,3.8,False
TL009617,TR009617,DR0049,VH00040,2025-09-12,77.8,162.72,0.5,143,0,0,609,7.9,67.2,False,4.0,False
TL009618,TR009618,DR0031,VH00046,2026-06-12,337.8,36.48,10.1,83,8,8,230,67.9,48.1,False,4.7,False
TL009619,TR009619,DR0035,VH00041,2022-04-23,167.2,134.16,1.4,141,7,5,1932,50.1,0.0,False,3.4,False
TL009620,TR009620,DR0035,VH00068,2026-05-25,37.1,24.24,1.7,97,1,1,538,8.4,68.1,False,3.8,False
TL009624,TR009624,DR0017,VH00026,2024-10-05,36.4,8.4,4.7,106,0,0,46,3.0,96.8,False,3.6,False
TL009625,TR009625,DR0021,VH00026,2022-05-13,47.1,10.8,4.8,169,1,0,96,10.0,90.7,False,5.0,False
TL009626,TR009626,DR0013,VH00017,2023-02-13,46.9,797.52,0.1,104,0,0,5064,4.5,0.0,False,4.5,False
TL009627,TR009627,DR0054,VH00088,2024-08-24,498.6,57.84,9.4,87,5,6,370,42.4,55.3,False,4.4,False
TL009630,TR009630,DR0051,VH00081,2022-04-18,397.2,10.56,41.0,169,5,6,130,71.5,58.5,False,3.8,False
TL009631,TR009631,DR0011,VH00039,2025-10-01,1249.1,23.76,57.4,97,9,9,101,77.1,49.3,False,3.7,False
TL009634,TR009634,DR0023,VH00084,2024-12-21,43.6,12.48,3.8,179,0,0,86,2.0,95.1,False,3.0,False
TL009637,TR009637,DR0057,VH00057,2022-05-19,130.2,51.84,2.7,80,0,0,173,3.7,90.2,False,3.7,False
TL009641,TR009641,DR0021,VH00031,2026-05-08,73.4,66.24,1.2,174,1,1,473,12.4,70.1,False,4.4,False
TL009642,TR009642,DR0059,VH00043,2025-04-22,337.8,34.32,10.7,147,6,5,376,52.4,51.5,False,4.1,False
TL009645,TR009645,DR0051,VH00078,2026-01-25,35.1,98.88,0.4,132,0,0,584,6.8,68.8,False,4.3,False
TL009647,TR009647,DR0028,VH00112,2022-10-20,28.4,8.88,3.5,104,0,0,58,1.1,96.8,False,5.0,False
TL009649,TR009649,DR0022,VH00054,2025-09-26,1231.7,42.24,31.8,81,26,20,611,176.3,0.0,False,4.8,False
TL009652,TR009652,DR0052,VH00068,2023-01-19,30.5,11.04,3.0,80,0,0,21,1.2,98.6,False,4.5,False
TL009654,TR009654,DR0058,VH00112,2024-10-03,37.9,131.04,0.3,129,0,0,1919,4.3,2.8,False,4.0,False
TL009655,TR009655,DR0037,VH00089,2024-03-03,323.1,25.68,13.7,83,6,5,386,70.9,45.4,False,4.0,False
TL009656,TR009656,DR0029,VH00024,2024-11-13,17.0,19.44,1.0,113,0,0,314,2.4,83.6,False,3.7,False
TL009661,TR009661,DR0009,VH00118,2023-03-24,67.1,15.6,4.7,163,0,0,62,2.9,96.0,False,4.8,False
TL009662,TR009662,DR0035,VH00071,2022-10-16,172.5,26.4,7.1,91,8,7,486,22.3,50.0,False,4.3,False
TL009664,TR009664,DR0023,VH00020,2025-08-01,1386.4,16.32,92.7,120,17,16,103,114.0,19.2,False,4.1,False
TL009665,TR009665,DR0055,VH00089,2024-02-18,1534.7,55.68,30.1,161,37,31,878,320.9,0.0,False,4.0,False
TL009667,TR009667,DR0013,VH00037,2024-08-03,1393.9,11.04,137.7,110,11,14,50,131.7,27.5,False,5.0,False
TL009668,TR009668,DR0021,VH00037,2024-02-13,65.3,162.0,0.4,170,1,1,1477,12.2,20.0,False,3.4,False
TL009671,TR009671,DR0044,VH00074,2025-09-24,337.8,42.96,8.6,80,7,6,427,55.5,45.5,False,3.3,False
TL009674,TR009674,DR0031,VH00022,2023-09-15,69.3,65.04,1.2,97,1,1,578,9.6,65.7,False,4.2,False
TL009675,TR009675,DR0017,VH00036,2023-04-26,1231.7,739.2,1.8,154,21,31,7846,220.9,0.0,False,4.4,False
TL009676,TR009676,DR0005,VH00119,2025-09-10,66.0,41.52,1.7,161,0,0,309,6.5,82.6,False,3.1,False
TL009677,TR009677,DR0026,VH00114,2026-03-05,68.6,25.44,2.9,126,3,1,479,13.0,66.6,False,5.0,False
TL009678,TR009678,DR0005,VH00019,2026-06-15,79.2,63.36,1.4,173,0,0,334,5.2,81.7,False,3.8,False
TL009679,TR009679,DR0051,VH00059,2025-06-10,72.5,19.2,4.1,141,1,1,285,15.4,78.6,False,3.9,False
TL009680,TR009680,DR0032,VH00074,2026-05-14,337.8,39.12,9.4,144,2,3,332,32.7,67.6,False,4.2,False
TL009681,TR009681,DR0002,VH00118,2025-05-07,67.2,18.0,4.1,146,3,1,364,15.0,71.8,False,3.7,False
TL009682,TR009682,DR0053,VH00022,2025-10-28,337.8,72.96,5.1,171,3,2,580,24.5,57.1,False,4.1,False
TL009688,TR009688,DR0013,VH00048,2022-02-05,43.3,13.44,3.5,153,0,0,71,4.1,95.2,False,3.7,False
TL009695,TR009695,DR0018,VH00042,2025-03-13,15.0,59.04,0.3,157,0,0,200,1.5,89.5,False,4.2,False
TL009700,TR009700,DR0051,VH00058,2023-01-14,1231.7,27.6,48.7,149,18,20,173,111.8,10.8,False,4.0,False
TL009704,TR009704,DR0059,VH00114,2025-02-25,365.0,11.04,36.1,127,8,5,177,62.1,55.5,False,4.4,False
TL009708,TR009708,DR0039,VH00073,2023-08-13,21.8,45.84,0.5,125,0,0,590,3.4,69.5,False,4.0,False
TL009710,TR009710,DR0008,VH00089,2023-03-14,65.7,11.04,6.5,163,1,1,110,8.1,89.6,False,4.5,False
TL009711,TR009711,DR0018,VH00039,2024-01-20,176.0,9.6,20.0,117,2,1,75,6.2,90.4,False,3.7,False
TL009717,TR009717,DR0034,VH00061,2023-07-01,43.8,4.32,11.1,149,0,0,33,4.9,96.9,False,5.0,False
TL009718,TR009718,DR0028,VH00104,2026-05-24,27.6,45.84,0.7,110,0,0,344,2.2,82.1,False,4.8,False
TL009720,TR009720,DR0012,VH00021,2023-06-18,386.7,40.32,10.5,168,14,14,388,92.2,17.9,False,4.5,False
TL009722,TR009722,DR0035,VH00104,2025-01-06,14.8,18.96,0.9,138,0,0,261,4.6,85.6,False,3.9,False
TL009726,TR009726,DR0018,VH00013,2024-09-26,69.8,71.04,1.1,84,0,0,500,2.8,74.2,False,4.1,False
TL009729,TR009729,DR0022,VH00106,2023-07-01,1216.5,29.28,45.3,108,18,20,280,132.2,0.0,False,3.9,False
TL009730,TR009730,DR0016,VH00004,2025-12-22,382.7,7.92,52.7,110,4,4,41,38.9,76.3,False,4.5,False
TL009731,TR009731,DR0025,VH00026,2026-01-08,45.4,12.24,4.0,140,1,0,99,4.1,92.3,False,3.7,False
TL009732,TR009732,DR0041,VH00040,2025-10-22,29.3,20.16,1.6,111,0,0,61,2.6,96.2,False,4.5,False
TL009734,TR009734,DR0046,VH00068,2026-05-26,57.3,191.28,0.3,138,4,3,4963,25.5,0.0,False,4.0,False
TL009736,TR009736,DR0037,VH00062,2023-12-05,119.7,13.68,9.5,157,1,2,167,9.3,85.4,False,3.6,False
TL009737,TR009737,DR0040,VH00061,2023-09-06,366.2,66.0,6.1,136,7,9,561,79.8,28.5,False,4.8,False
TL009738,TR009738,DR0013,VH00089,2026-03-26,64.6,164.88,0.4,109,0,0,730,5.1,62.0,False,4.0,False
TL009742,TR009742,DR0032,VH00106,2023-11-02,1369.5,158.16,9.4,92,11,16,593,68.6,17.3,False,3.8,False
TL009744,TR009744,DR0040,VH00115,2026-03-21,54.7,57.12,1.0,126,1,0,810,6.0,56.2,False,3.9,False
TL009747,TR009747,DR0041,VH00034,2026-05-09,936.4,62.4,16.4,149,10,6,360,95.6,32.3,False,4.0,False
TL009748,TR009748,DR0017,VH00047,2025-09-27,20.4,17.04,1.3,165,0,0,174,1.6,90.8,False,4.3,False
TL009753,TR009753,DR0029,VH00111,2022-03-18,1430.4,17.76,87.9,139,23,29,161,276.0,0.0,False,3.6,False
TL009755,TR009755,DR0015,VH00053,2024-04-20,386.6,11.04,38.2,156,7,6,135,73.3,54.8,False,3.7,True
TL009756,TR009756,DR0018,VH00008,2024-08-14,395.1,21.36,20.2,166,4,3,111,22.5,78.7,False,3.5,False
TL009757,TR009757,DR0054,VH00047,2022-09-15,17.8,83.28,0.2,116,0,0,409,1.0,79.2,False,4.5,False
TL009762,TR009762,DR0056,VH00107,2022-10-08,337.8,2.4,153.5,95,3,2,9,30.8,83.8,False,5.0,False
TL009763,TR009763,DR0031,VH00031,2026-06-11,1476.2,89.28,18.0,179,36,23,970,124.1,0.0,False,5.0,False
TL009764,TR009764,DR0020,VH00019,2022-11-05,51.1,127.2,0.4,151,0,1,853,5.7,54.6,False,5.0,False
TL009769,TR009769,DR0009,VH00056,2022-11-04,363.3,26.64,14.9,145,1,1,110,8.1,89.6,False,4.2,False
TL009772,TR009772,DR0005,VH00034,2022-05-27,44.5,16.8,2.9,147,0,0,99,4.5,93.7,False,4.4,False
TL009774,TR009774,DR0017,VH00031,2023-03-13,1552.2,34.32,49.3,105,38,25,456,199.7,0.0,False,4.0,False
TL009777,TR009777,DR0037,VH00053,2022-11-26,40.6,31.2,1.4,148,0,0,403,6.9,77.8,False,3.9,False
TL009779,TR009779,DR0012,VH00117,2022-06-08,43.5,7.92,6.0,119,1,1,135,9.0,88.0,False,4.3,False
TL009781,TR009781,DR0051,VH00017,2023-01-10,1357.0,699.36,2.1,118,21,28,7247,291.7,0.0,False,4.2,False
TL009782,TR009782,DR0008,VH00023,2024-01-24,24.3,61.2,0.4,175,0,0,752,5.4,60.8,False,3.9,False
TL009783,TR009783,DR0031,VH00095,2022-07-21,1396.1,16.56,92.0,101,35,26,129,199.6,0.0,False,3.3,False
TL009784,TR009784,DR0008,VH00017,2024-08-10,72.9,12.0,6.6,147,1,1,79,6.8,91.5,False,4.3,False
TL009785,TR009785,DR0043,VH00074,2022-04-06,1440.2,19.2,81.8,101,13,13,170,60.6,40.8,False,4.0,False
TL009786,TR009786,DR0029,VH00052,2024-01-05,43.9,195.84,0.2,154,0,0,1983,6.9,0.0,False,4.5,False
TL009787,TR009787,DR0021,VH00021,2023-06-02,1468.6,8.64,185.4,129,26,26,68,161.4,0.0,False,4.3,False
TL009788,TR009788,DR0059,VH00094,2022-08-13,37.7,15.12,2.7,170,0,0,158,7.3,89.9,True,3.2,False
TL009789,TR009789,DR0022,VH00064,2026-06-18,382.9,36.0,11.6,133,8,6,347,57.3,47.5,False,4.7,False
TL009791,TR009791,DR0032,VH00087,2022-01-16,337.8,9.12,40.4,84,3,2,80,32.2,79.8,False,4.8,False
TL009792,TR009792,DR0028,VH00063,2025-08-15,498.6,49.68,10.9,149,3,4,239,43.3,66.6,False,4.4,False
TL009793,TR009793,DR0037,VH00023,2024-05-20,1361.9,4.08,364.1,131,22,34,51,228.4,0.0,False,4.7,False
TL009795,TR009795,DR0054,VH00023,2025-10-22,14.9,63.36,0.3,121,0,0,412,1.1,79.1,False,3.2,False
TL009796,TR009796,DR0034,VH00048,2022-07-10,323.1,50.4,7.0,124,5,5,709,32.6,42.3,False,4.2,False
TL009803,TR009803,DR0060,VH00021,2023-08-24,364.6,27.36,14.5,158,3,4,131,15.5,80.3,False,4.2,False
TL009804,TR009804,DR0055,VH00091,2024-04-23,1277.8,49.2,28.3,102,19,30,508,273.9,0.0,False,4.1,False
TL009806,TR009806,DR0028,VH00036,2026-06-25,396.4,167.28,2.6,177,3,5,618,33.0,49.7,False,4.7,False
TL009807,TR009807,DR0040,VH00078,2022-10-21,900.7,33.12,29.7,159,12,15,506,166.3,0.0,False,4.8,False
TL009808,TR009808,DR0052,VH00038,2022-01-05,337.8,38.88,9.5,118,1,1,161,9.5,86.6,False,4.2,False
TL009809,TR009809,DR0016,VH00031,2025-04-10,37.8,837.12,0.0,93,0,0,6092,3.4,0.0,False,4.9,False
TL009812,TR009812,DR0055,VH00104,2022-04-16,125.4,63.12,2.2,152,1,1,662,17.9,59.0,False,4.2,False
TL009813,TR009813,DR0040,VH00102,2022-04-10,124.9,48.96,2.8,80,1,2,756,13.4,54.7,False,4.9,False
TL009814,TR009814,DR0054,VH00020,2025-03-28,337.8,7.44,49.5,111,4,3,59,27.9,79.7,False,3.5,False
TL009817,TR009817,DR0022,VH00056,2023-08-17,374.5,102.24,4.0,144,7,8,1279,32.5,7.8,False,4.6,False
TL009818,TR009818,DR0003,VH00102,2026-05-28,323.1,7.92,44.5,116,16,23,101,71.7,26.4,False,4.7,False
TL009821,TR009821,DR0015,VH00026,2025-01-06,36.9,13.92,2.9,130,0,0,183,6.1,89.0,False,4.1,False
TL009823,TR009823,DR0013,VH00018,2023-06-13,337.8,42.48,8.7,162,3,4,142,30.2,75.3,False,3.7,False
TL009827,TR009827,DR0002,VH00005,2022-09-09,34.7,10.08,3.8,131,1,1,141,5.4,88.8,False,5.0,False
TL009828,TR009828,DR0004,VH00008,2023-07-07,72.7,9.12,8.7,83,1,1,54,7.7,92.5,False,4.8,False
TL009832,TR009832,DR0026,VH00114,2025-10-18,33.6,18.96,1.9,136,1,0,235,4.3,85.5,False,4.2,False
TL009835,TR009835,DR0047,VH00023,2022-07-18,76.5,30.24,2.8,133,1,1,459,12.6,70.8,False,4.3,False
TL009836,TR009836,DR0039,VH00092,2024-03-01,30.5,16.8,2.0,110,0,0,245,5.9,86.0,False,3.7,False
TL009837,TR009837,DR0021,VH00081,2025-09-03,1468.7,78.48,20.4,145,37,37,969,170.7,0.0,False,3.7,True
TL009845,TR009845,DR0020,VH00053,2024-12-13,337.8,60.0,6.1,173,7,8,880,39.7,25.6,False,4.0,False
TL009847,TR009847,DR0059,VH00053,2022-11-11,900.7,5.52,178.0,150,16,23,53,82.7,25.5,False,4.4,False
TL009848,TR009848,DR0044,VH00026,2022-09-05,46.0,30.0,1.7,106,1,0,317,5.1,81.1,False,3.6,False
TL009849,TR009849,DR0036,VH00004,2024-03-18,1356.5,148.08,10.0,159,28,26,1091,203.9,0.0,False,4.2,False
TL009851,TR009851,DR0046,VH00021,2024-09-25,364.8,16.56,24.0,123,30,20,247,175.9,0.0,False,4.4,False
TL009854,TR009854,DR0016,VH00036,2024-10-14,71.9,60.24,1.3,166,0,0,475,3.5,75.2,False,3.7,False
TL009857,TR009857,DR0004,VH00094,2024-10-13,44.8,17.52,2.8,127,1,0,170,9.8,87.1,False,3.2,False
TL009858,TR009858,DR0029,VH00110,2025-01-19,398.2,3.36,129.3,122,8,7,43,68.4,58.3,False,3.3,False
TL009861,TR009861,DR0035,VH00065,2026-04-21,18.5,20.4,1.0,167,0,0,237,6.3,86.3,False,4.2,False
TL009866,TR009866,DR0036,VH00021,2023-11-12,68.2,23.76,3.1,89,1,1,140,6.9,88.4,False,3.0,False
TL009867,TR009867,DR0002,VH00020,2022-04-27,44.1,22.8,2.1,88,1,1,534,13.5,66.8,False,4.7,False
TL009869,TR009869,DR0037,VH00112,2026-05-20,386.7,68.4,6.2,158,6,8,994,42.5,20.5,False,4.4,False
TL009870,TR009870,DR0060,VH00095,2026-01-03,42.1,18.48,2.5,99,0,0,108,2.3,93.9,False,3.4,False
TL009874,TR009874,DR0021,VH00091,2026-05-04,364.6,10.56,37.7,180,7,7,170,48.1,59.6,False,3.4,False
TL009876,TR009876,DR0012,VH00065,2024-06-22,15.7,7.92,2.2,178,0,0,79,2.2,95.4,False,5.0,False
TL009879,TR009879,DR0017,VH00056,2024-10-15,900.7,66.96,14.7,113,16,18,409,173.1,0.0,False,3.6,False
TL009880,TR009880,DR0042,VH00043,2024-03-10,20.2,145.92,0.2,134,0,0,1221,1.0,38.6,False,3.6,False
TL009881,TR009881,DR0008,VH00010,2022-02-04,960.3,31.68,33.1,126,24,17,335,117.5,0.0,False,4.5,False
TL009882,TR009882,DR0029,VH00040,2023-01-16,1382.6,9.84,153.3,86,35,34,153,303.8,0.0,False,3.6,False
TL009887,TR009887,DR0043,VH00042,2024-08-17,68.1,74.64,1.0,80,0,0,664,4.7,65.4,False,4.0,True
TL009888,TR009888,DR0015,VH00018,2024-05-28,23.9,715.92,0.0,127,0,0,10051,2.4,0.0,False,3.0,False
TL009891,TR009891,DR0025,VH00062,2023-07-10,70.7,736.56,0.1,108,1,1,6462,6.3,0.0,False,5.0,False
TL009895,TR009895,DR0009,VH00071,2025-08-01,16.0,46.56,0.4,106,0,0,143,0.6,92.7,False,3.6,False
TL009896,TR009896,DR0040,VH00115,2026-05-01,76.2,8.88,9.4,138,1,1,128,7.9,88.7,False,4.6,False
TL009898,TR009898,DR0024,VH00007,2022-10-19,29.7,54.96,0.6,132,0,0,230,2.3,87.8,False,4.5,False
TL009899,TR009899,DR0056,VH00043,2025-10-01,17.6,14.4,1.3,164,0,0,57,0.7,96.9,False,4.6,False
TL009901,TR009901,DR0040,VH00081,2022-07-23,35.6,189.12,0.2,94,0,0,1274,7.3,34.1,False,3.5,False
TL009902,TR009902,DR0021,VH00118,2026-02-12,257.2,25.44,11.0,127,4,3,291,25.5,68.8,False,3.6,False
TL009903,TR009903,DR0022,VH00017,2023-04-28,167.3,14.64,12.5,169,4,4,229,34.4,68.2,False,4.4,False
TL009906,TR009906,DR0023,VH00017,2024-01-14,27.4,29.52,1.0,155,0,0,182,1.0,90.6,False,3.8,True
TL009908,TR009908,DR0019,VH00078,2023-02-04,498.6,21.12,25.8,122,17,20,524,68.8,7.7,False,3.1,False
TL009911,TR009911,DR0005,VH00056,2025-12-06,40.8,31.2,1.4,179,0,0,146,3.7,91.6,False,4.8,False
TL009912,TR009912,DR0052,VH00119,2024-01-04,257.2,5.76,48.7,173,1,1,10,4.5,95.7,False,4.2,False
TL009913,TR009913,DR0047,VH00010,2025-07-06,60.6,165.12,0.4,109,1,1,1603,11.7,13.8,False,4.7,True
TL009915,TR009915,DR0038,VH00022,2024-12-04,19.5,35.28,0.6,127,0,0,552,3.0,71.5,False,4.8,False
TL009919,TR009919,DR0020,VH00053,2026-02-02,64.3,12.48,5.6,103,1,1,108,9.8,89.2,False,5.0,False
TL009922,TR009922,DR0029,VH00092,2024-08-23,23.8,13.44,1.9,128,0,0,159,3.9,90.9,False,4.3,False
TL009924,TR009924,DR0035,VH00019,2024-08-09,1552.2,43.2,39.2,115,49,70,869,482.3,0.0,False,3.7,False
TL009926,TR009926,DR0035,VH00040,2022-07-02,59.7,38.88,1.7,167,2,1,437,7.5,71.9,False,4.5,False
TL009927,TR009927,DR0013,VH00061,2023-04-03,25.5,23.76,1.2,103,0,0,72,1.7,95.9,False,5.0,False
TL009928,TR009928,DR0039,VH00068,2026-01-12,40.3,238.56,0.2,80,0,0,2923,7.8,0.0,False,4.5,False
TL009930,TR009930,DR0024,VH00095,2025-06-01,1397.2,43.68,34.9,153,13,10,314,112.6,21.0,False,4.1,False
TL009932,TR009932,DR0054,VH00099,2023-05-17,16.8,792.0,0.0,136,0,0,6822,1.3,0.0,False,4.0,False
TL009933,TR009933,DR0039,VH00004,2026-01-11,29.3,188.88,0.2,138,0,0,1378,5.9,29.3,False,5.0,False
TL009934,TR009934,DR0025,VH00021,2024-08-24,12.2,219.36,0.1,114,0,0,1415,2.4,28.5,False,3.6,False
TL009937,TR009937,DR0017,VH00007,2026-03-20,936.4,71.52,14.3,167,17,14,970,99.0,0.0,False,4.6,False
TL009941,TR009941,DR0005,VH00069,2024-02-02,76.0,11.28,7.4,135,0,0,80,5.4,94.4,False,4.4,False
TL009942,TR009942,DR0049,VH00032,2025-07-02,78.5,7.92,10.8,133,0,0,36,5.3,96.6,False,4.6,False
TL009946,TR009946,DR0053,VH00110,2025-10-26,1268.7,21.84,63.4,138,12,14,93,125.0,25.9,False,3.7,False
TL009949,TR009949,DR0032,VH00036,2026-04-07,1468.7,68.4,23.4,143,18,12,386,137.1,0.6,False,4.5,False
TL009952,TR009952,DR0059,VH00118,2022-08-10,323.1,165.36,2.1,132,8,5,1058,60.3,12.0,False,4.0,False
TL009956,TR009956,DR0034,VH00007,2025-01-17,337.8,42.96,8.6,118,6,7,655,40.5,39.1,False,4.3,False
TL009962,TR009962,DR0002,VH00104,2024-03-02,1477.6,4.08,395.1,94,54,63,93,467.1,0.0,False,4.8,False
TL009963,TR009963,DR0029,VH00118,2025-05-01,35.0,70.32,0.5,129,0,0,767,7.2,59.5,False,4.6,True
TL009964,TR009964,DR0003,VH00118,2023-01-28,46.5,38.88,1.3,105,4,2,484,25.6,60.1,False,4.3,False
TL009965,TR009965,DR0037,VH00078,2026-03-01,380.7,56.16,7.4,117,7,7,843,52.7,24.5,False,4.0,False
TL009969,TR009969,DR0049,VH00102,2022-05-11,75.4,65.76,1.3,154,0,0,512,7.2,72.2,False,4.7,False
TL009977,TR009977,DR0058,VH00036,2023-08-05,960.3,26.88,39.0,179,22,13,416,135.9,0.0,False,5.0,False
TL009979,TR009979,DR0037,VH00112,2024-02-03,46.2,159.12,0.3,80,0,0,1171,8.1,39.0,False,5.0,True
TL009982,TR009982,DR0037,VH00034,2024-06-27,45.9,6.24,8.0,127,0,0,36,6.6,96.2,False,4.0,False
TL009983,TR009983,DR0049,VH00054,2023-03-18,59.5,10.56,6.1,102,0,0,64,4.8,95.4,False,5.0,False
TL009985,TR009985,DR0037,VH00028,2024-08-13,26.8,17.28,1.7,111,0,0,226,2.5,88.0,False,3.7,False
TL009986,TR009986,DR0058,VH00069,2026-06-22,1228.5,55.44,24.2,117,17,19,335,140.9,0.0,False,4.3,True
TL009987,TR009987,DR0024,VH00089,2024-04-22,404.3,54.24,8.1,101,4,3,381,37.2,60.8,False,4.4,False
TL009990,TR009990,DR0010,VH00011,2024-02-01,25.2,13.68,2.0,146,0,0,89,1.3,95.2,False,4.9,False
TL009991,TR009991,DR0055,VH00005,2022-01-17,32.6,21.36,1.7,151,0,0,142,3.3,91.9,False,4.5,False
TL009992,TR009992,DR0048,VH00099,2022-08-27,18.2,16.56,1.2,83,0,0,45,0.7,97.5,False,5.0,False
TL009993,TR009993,DR0015,VH00026,2022-08-19,23.4,21.36,1.2,134,0,0,296,1.9,84.6,False,3.7,False
TL009994,TR009994,DR0035,VH00011,2025-12-08,72.1,63.6,1.2,127,2,2,1478,25.4,13.5,False,4.0,False
TL009995,TR009995,DR0007,VH00104,2024-07-13,73.2,41.52,1.9,133,4,4,798,33.4,40.1,False,5.0,False
TL009998,TR009998,DR0059,VH00010,2022-02-10,66.0,106.8,0.7,139,1,0,667,10.3,62.1,False,3.7,False
TL010002,TR010002,DR0060,VH00024,2022-06-15,35.2,69.12,0.6,179,0,0,407,3.7,78.5,False,4.4,False
TL010004,TR010004,DR0047,VH00026,2024-04-21,1208.7,4.56,289.2,138,22,23,51,263.3,0.0,False,4.7,False
TL010006,TR010006,DR0037,VH00115,2022-10-09,60.0,87.6,0.7,113,1,1,559,5.4,67.9,False,4.0,False
TL010010,TR010010,DR0026,VH00119,2024-08-08,67.8,91.68,0.8,137,2,1,2042,20.6,0.0,False,3.2,True
TL010012,TR010012,DR0044,VH00026,2023-06-13,363.7,11.28,35.2,137,5,8,100,61.7,61.0,False,5.0,False
TL010015,TR010015,DR0059,VH00071,2022-10-26,15.0,43.68,0.4,112,0,0,303,1.9,84.3,False,5.0,False
TL010017,TR010017,DR0002,VH00032,2022-04-21,22.0,20.88,1.1,125,0,0,424,2.8,78.0,False,3.8,False
TL010018,TR010018,DR0046,VH00078,2022-02-10,32.9,18.72,1.9,160,2,1,369,8.0,75.1,False,4.8,False
TL010020,TR010020,DR0054,VH00019,2025-06-07,392.6,5.52,77.6,106,4,4,23,16.3,84.0,False,4.6,False
TL010022,TR010022,DR0025,VH00042,2022-03-20,42.5,9.36,5.0,144,0,1,138,7.3,89.9,False,3.6,False
TL010024,TR010024,DR0017,VH00011,2026-06-04,364.6,194.88,2.0,92,8,7,2997,41.2,0.0,False,4.4,False
TL010026,TR010026,DR0029,VH00053,2026-05-28,64.4,8.64,8.1,82,1,1,94,5.4,91.2,False,4.5,False
TL010027,TR010027,DR0059,VH00102,2022-11-20,323.1,4.56,77.3,151,4,7,27,29.9,76.7,False,3.5,False
TL010029,TR010029,DR0038,VH00107,2025-12-22,19.8,38.88,0.6,126,0,0,591,3.3,69.5,False,4.6,False
TL010030,TR010030,DR0046,VH00111,2026-02-25,70.9,157.2,0.5,170,3,3,3933,21.0,0.0,False,2.9,False
TL010031,TR010031,DR0052,VH00017,2022-07-06,498.6,49.92,10.9,116,1,2,144,9.2,86.5,False,3.5,False
TL010032,TR010032,DR0057,VH00034,2024-04-11,26.7,148.56,0.2,121,0,0,498,0.7,74.9,False,5.0,False
TL010034,TR010034,DR0058,VH00104,2025-03-07,52.4,11.28,5.1,149,1,1,79,6.6,91.6,False,5.0,False
TL010040,TR010040,DR0003,VH00059,2025-11-01,1397.9,42.72,35.7,110,69,101,955,388.7,0.0,False,3.9,False
TL010041,TR010041,DR0002,VH00089,2026-02-03,71.6,194.88,0.4,100,2,2,2887,25.2,0.0,False,4.3,False
TL010042,TR010042,DR0005,VH00036,2022-02-05,498.6,32.16,16.9,172,4,6,207,34.8,67.2,False,3.6,False
TL010043,TR010043,DR0027,VH00102,2024-10-27,77.6,19.44,4.4,179,0,0,150,7.7,90.2,False,3.9,False
TL010044,TR010044,DR0040,VH00051,2023-04-17,11.5,9.12,1.4,146,0,0,49,1.4,97.1,False,4.2,False
TL010045,TR010045,DR0020,VH00018,2023-04-26,23.5,20.16,1.3,156,0,0,125,2.6,93.0,False,4.3,False
TL010046,TR010046,DR0043,VH00069,2025-08-04,70.9,3.12,24.8,148,0,0,22,3.7,97.8,False,3.0,False
TL010050,TR010050,DR0019,VH00081,2023-08-18,390.5,10.08,42.3,180,19,16,92,86.3,25.0,False,4.2,False
TL010051,TR010051,DR0055,VH00040,2024-07-18,25.1,18.72,1.5,112,0,0,106,3.2,93.7,False,4.2,False
TL010054,TR010054,DR0038,VH00058,2025-05-11,78.9,129.6,0.7,155,1,1,1527,10.9,17.9,False,4.4,False
TL010055,TR010055,DR0002,VH00087,2023-05-02,62.3,22.8,3.0,140,2,1,334,19.1,73.6,False,4.3,False
TL010059,TR010059,DR0025,VH00015,2023-06-17,75.9,57.12,1.4,155,1,1,738,11.0,57.3,False,3.3,False
TL010062,TR010062,DR0057,VH00037,2023-11-21,1279.5,11.04,126.4,135,5,6,43,48.9,69.7,False,4.0,False
TL010063,TR010063,DR0055,VH00015,2024-05-08,498.6,37.2,14.6,126,8,7,483,97.8,27.5,False,4.3,False
TL010064,TR010064,DR0052,VH00104,2024-07-13,74.7,32.64,2.5,136,0,0,131,2.0,92.9,False,4.1,False
TL010065,TR010065,DR0013,VH00061,2025-04-28,36.3,60.48,0.7,165,0,0,485,1.5,75.3,False,4.3,False
TL010066,TR010066,DR0029,VH00063,2022-09-09,42.1,19.44,2.4,129,0,0,157,6.2,90.3,False,4.2,False
TL010069,TR010069,DR0041,VH00020,2023-07-21,23.2,72.96,0.3,102,0,0,260,1.6,86.5,False,5.0,False
TL010072,TR010072,DR0011,VH00007,2025-11-07,69.0,19.92,3.8,128,0,0,127,3.6,92.6,False,4.6,False
TL010077,TR010077,DR0059,VH00084,2026-01-22,43.9,8.64,5.5,114,0,0,90,7.9,93.1,False,4.5,False
TL010080,TR010080,DR0049,VH00061,2024-04-21,119.3,12.0,10.8,101,0,1,94,11.5,90.8,False,5.0,False
TL010082,TR010082,DR0021,VH00087,2024-07-02,55.9,52.32,1.2,124,1,1,788,6.3,56.2,False,4.2,True
TL010085,TR010085,DR0007,VH00104,2022-04-20,1423.6,10.08,154.1,137,80,96,276,707.3,0.0,False,3.8,False
TL010086,TR010086,DR0009,VH00023,2024-06-18,65.2,10.8,6.6,88,0,0,43,2.0,97.2,False,4.6,False
TL010088,TR010088,DR0024,VH00042,2023-06-07,377.4,8.88,46.4,106,2,4,36,26.5,83.2,False,4.3,False
TL010089,TR010089,DR0042,VH00111,2025-12-01,1412.4,63.6,24.2,102,16,11,226,80.2,29.6,False,3.0,False
TL010090,TR010090,DR0003,VH00080,2023-01-19,24.4,708.0,0.0,105,1,1,17388,5.5,0.0,False,5.0,False
TL010093,TR010093,DR0042,VH00069,2023-11-14,1468.7,67.68,23.7,107,10,14,353,61.0,35.0,False,3.4,False
TL010094,TR010094,DR0025,VH00099,2026-06-23,15.2,9.6,1.7,82,0,0,59,3.2,96.1,False,3.3,False
TL010095,TR010095,DR0047,VH00099,2024-05-13,22.6,23.28,1.1,171,0,0,196,4.8,88.8,False,4.7,False
TL010097,TR010097,DR0029,VH00043,2026-04-04,768.9,38.64,21.7,146,18,11,423,74.6,18.5,False,4.1,False
TL010100,TR010100,DR0003,VH00057,2026-01-22,396.7,8.64,50.1,135,21,19,259,137.1,0.0,False,4.6,False
TL010102,TR010102,DR0054,VH00081,2022-05-24,20.5,55.2,0.4,167,0,0,187,1.2,90.3,False,4.1,False
TL010104,TR010104,DR0032,VH00022,2024-07-01,75.8,720.48,0.1,121,0,0,6346,2.7,0.0,False,3.9,False
TL010109,TR010109,DR0005,VH00013,2022-09-05,22.6,115.68,0.2,162,0,0,930,1.6,53.0,False,5.0,False
TL010111,TR010111,DR0024,VH00111,2025-07-28,67.9,3.84,19.3,105,0,0,25,4.9,97.3,False,4.3,False
TL010113,TR010113,DR0012,VH00042,2024-07-27,1440.2,73.92,21.3,125,48,58,1791,195.1,0.0,False,4.1,False
TL010122,TR010122,DR0011,VH00004,2025-03-06,125.6,34.8,3.9,154,1,1,201,7.5,85.2,False,4.1,False
TL010128,TR010128,DR0057,VH00118,2024-08-13,27.0,138.24,0.2,112,0,0,382,0.5,80.8,False,5.0,False
TL010130,TR010130,DR0017,VH00065,2026-05-07,77.0,4.8,17.5,86,1,1,36,12.5,92.0,False,4.1,False
TL010132,TR010132,DR0036,VH00019,2024-03-02,20.8,6.96,3.3,84,0,0,75,2.9,95.4,False,3.7,False
TL010133,TR010133,DR0011,VH00064,2022-12-17,60.9,74.88,0.9,125,0,0,312,2.6,83.6,False,3.1,False
TL010134,TR010134,DR0046,VH00031,2025-12-01,1440.2,732.24,2.1,107,113,83,12262,349.7,0.0,False,3.6,False
TL010137,TR010137,DR0016,VH00046,2025-03-03,14.6,8.64,1.8,154,0,0,40,0.8,97.8,False,4.6,False
TL010140,TR010140,DR0009,VH00053,2025-04-07,960.3,25.2,41.6,172,3,4,98,31.1,77.3,False,3.5,False
TL010142,TR010142,DR0012,VH00034,2023-08-05,28.6,225.6,0.1,80,1,1,2815,6.2,0.0,False,4.5,False
TL010147,TR010147,DR0018,VH00104,2025-05-15,1440.4,2.88,545.6,120,18,10,25,78.1,38.3,False,4.2,True
TL010148,TR010148,DR0019,VH00036,2024-07-10,14.8,50.16,0.3,179,0,0,920,2.2,53.3,False,4.3,False
TL010150,TR010150,DR0052,VH00088,2024-10-19,168.7,9.36,19.7,144,0,0,20,2.8,98.2,False,4.2,False
TL010151,TR010151,DR0046,VH00005,2023-10-23,69.3,6.48,11.7,124,5,4,99,24.8,76.1,False,3.9,True
TL010152,TR010152,DR0036,VH00110,2024-08-19,960.3,46.08,22.7,121,16,19,439,99.1,5.3,False,4.7,False
TL010155,TR010155,DR0027,VH00005,2024-03-06,58.0,8.4,7.5,103,0,0,55,5.9,95.5,False,3.6,False
TL010156,TR010156,DR0007,VH00022,2022-08-17,24.4,150.24,0.2,165,1,1,3460,9.9,0.0,False,3.6,False
TL010158,TR010158,DR0027,VH00036,2023-06-02,30.5,29.28,1.1,113,0,0,243,2.2,87.2,False,4.0,False
TL010159,TR010159,DR0048,VH00114,2023-09-09,498.6,108.48,5.0,136,2,2,293,9.8,77.4,False,3.4,False
TL010162,TR010162,DR0009,VH00025,2022-09-04,68.2,66.48,1.1,129,0,0,130,2.2,92.8,False,4.1,False
TL010166,TR010166,DR0060,VH00112,2023-03-22,888.3,85.92,11.3,168,7,6,726,41.5,34.8,False,3.9,False
TL010170,TR010170,DR0020,VH00061,2026-03-17,936.4,66.0,15.5,136,23,21,696,193.3,0.0,False,4.4,False
TL010172,TR010172,DR0019,VH00110,2024-07-01,960.3,59.04,17.7,116,28,30,661,191.2,0.0,False,4.4,False
TL010173,TR010173,DR0016,VH00044,2025-08-10,15.1,9.12,1.8,131,0,0,79,0.8,95.8,False,5.0,False
TL010177,TR010177,DR0005,VH00018,2026-04-06,373.7,7.92,51.5,93,3,3,55,30.8,80.5,False,4.4,False
TL010178,TR010178,DR0046,VH00063,2026-01-18,35.5,10.08,3.8,102,2,2,212,8.8,81.8,False,4.9,False
TL010179,TR010179,DR0036,VH00017,2026-01-18,172.2,52.8,3.6,156,4,3,844,26.6,40.8,False,4.5,False
TL010184,TR010184,DR0058,VH00074,2022-08-12,46.5,22.08,2.3,107,0,1,264,7.5,83.5,False,4.1,False
TL010186,TR010186,DR0020,VH00056,2026-05-08,14.3,763.44,0.0,128,0,0,7326,3.1,0.0,False,3.9,True
TL010188,TR010188,DR0039,VH00051,2025-06-20,47.2,8.16,6.3,108,0,0,112,9.2,91.6,False,4.4,False
TL010189,TR010189,DR0044,VH00114,2023-12-25,257.2,46.8,6.0,81,3,5,306,43.2,62.2,False,4.0,False
TL010197,TR010197,DR0011,VH00102,2025-10-16,323.1,37.68,9.4,176,3,2,198,14.6,79.2,False,3.2,False
TL010198,TR010198,DR0051,VH00008,2025-12-13,386.5,48.48,8.7,154,8,9,421,85.6,32.3,False,3.7,False
TL010200,TR010200,DR0019,VH00089,2024-02-09,15.0,30.48,0.5,142,0,0,659,5.3,65.5,False,4.8,False
TL010206,TR010206,DR0004,VH00022,2026-04-16,26.0,7.68,3.7,177,0,0,110,4.8,93.1,False,5.0,False
TL010207,TR010207,DR0060,VH00087,2023-06-22,119.1,55.2,2.4,151,1,0,295,4.7,82.3,False,3.8,False
TL010209,TR010209,DR0042,VH00068,2024-08-12,17.9,192.24,0.1,133,0,0,1324,1.7,33.3,False,4.6,False
TL010210,TR010210,DR0008,VH00028,2022-06-19,39.8,158.64,0.3,118,0,0,1475,3.8,25.1,False,4.5,False
TL010211,TR010211,DR0033,VH00038,2025-01-13,337.8,14.88,24.8,99,7,8,156,31.7,64.2,False,4.5,False
TL010214,TR010214,DR0005,VH00068,2024-04-11,34.0,76.8,0.5,82,0,0,661,3.0,66.0,False,4.0,False
TL010215,TR010215,DR0040,VH00081,2026-03-17,166.9,6.48,28.1,104,2,3,38,22.9,85.2,False,4.0,False
TL010216,TR010216,DR0009,VH00026,2024-02-28,70.9,36.72,2.1,96,0,0,58,2.4,96.4,False,5.0,False
TL010220,TR010220,DR0023,VH00065,2025-05-23,28.4,57.6,0.5,113,0,0,409,2.9,78.7,False,3.8,False
TL010221,TR010221,DR0042,VH00062,2023-12-20,319.1,54.96,6.3,107,4,3,311,26.5,67.5,False,3.9,False
TL010222,TR010222,DR0056,VH00119,2026-03-27,36.9,13.2,3.0,151,0,0,68,1.6,96.1,False,4.4,False
TL010226,TR010226,DR0041,VH00013,2023-12-03,1440.2,116.16,13.5,179,11,13,756,145.8,0.0,False,4.0,False
TL010228,TR010228,DR0010,VH00115,2022-01-05,29.4,30.24,1.1,149,0,0,183,2.8,90.0,False,3.6,False
TL010229,TR010229,DR0002,VH00102,2024-09-21,1231.7,37.2,36.1,144,58,51,567,368.0,0.0,False,5.0,False
TL010231,TR010231,DR0026,VH00094,2026-03-02,57.3,120.96,0.5,113,2,2,2412,15.1,0.0,False,4.4,False
TL010233,TR010233,DR0037,VH00037,2024-02-12,364.6,10.8,36.8,94,6,6,94,77.4,57.1,False,3.7,False
TL010244,TR010244,DR0047,VH00058,2025-10-04,48.1,86.64,0.6,133,0,0,1402,9.5,27.0,False,5.0,False
TL010245,TR010245,DR0055,VH00069,2022-04-14,15.4,6.72,2.5,145,0,0,64,1.4,96.4,False,4.0,False
TL010246,TR010246,DR0041,VH00020,2023-09-25,1349.5,20.88,70.5,148,13,17,95,73.5,36.7,False,3.9,False
TL010250,TR010250,DR0051,VH00087,2023-01-12,87.2,134.4,0.7,152,1,1,902,18.8,46.8,False,4.2,False
TL010254,TR010254,DR0007,VH00115,2023-11-10,1386.0,765.84,2.0,148,105,92,11446,455.9,0.0,False,5.0,False
TL010255,TR010255,DR0018,VH00021,2026-05-02,384.0,21.84,19.2,126,4,3,182,19.7,76.0,False,3.5,False
TL010256,TR010256,DR0060,VH00058,2026-06-10,364.6,71.28,5.6,128,2,4,617,29.5,53.3,False,3.5,False
TL010258,TR010258,DR0044,VH00116,2025-12-22,15.5,9.84,1.7,172,0,0,71,1.5,96.0,False,4.1,False
TL010260,TR010260,DR0036,VH00081,2026-06-22,38.2,36.72,1.1,164,0,0,372,4.1,80.2,False,4.1,False
TL010262,TR010262,DR0011,VH00019,2026-02-09,31.3,184.8,0.2,94,0,0,1125,1.9,43.2,False,4.8,False
TL010264,TR010264,DR0056,VH00016,2025-12-13,378.5,9.6,43.0,125,3,3,29,14.6,86.7,False,4.1,False
TL010267,TR010267,DR0034,VH00058,2023-02-21,16.6,19.92,0.9,133,0,0,316,1.4,83.8,False,3.7,False
TL010279,TR010279,DR0004,VH00068,2022-02-22,26.7,676.8,0.0,180,0,0,9042,3.8,0.0,False,5.0,False
TL010282,TR010282,DR0056,VH00110,2022-03-07,69.9,213.6,0.4,161,0,0,1064,5.4,45.2,False,4.5,True
TL010283,TR010283,DR0027,VH00016,2024-05-07,1362.2,212.88,7.0,101,11,15,1152,95.6,0.0,False,3.9,False
TL010286,TR010286,DR0007,VH00016,2026-05-18,316.8,57.84,6.0,180,18,24,716,151.8,0.0,False,3.5,False
TL010289,TR010289,DR0044,VH00008,2022-09-19,15.3,16.8,1.0,144,0,0,112,2.5,93.7,False,4.0,False
TL010295,TR010295,DR0056,VH00022,2022-06-21,75.8,28.56,2.9,93,0,0,217,7.3,87.0,False,4.6,False
TL010298,TR010298,DR0002,VH00008,2024-05-15,900.7,53.28,18.4,102,32,34,570,113.8,0.0,False,4.3,False
TL010300,TR010300,DR0004,VH00071,2023-06-28,14.8,54.96,0.3,80,0,0,594,2.9,69.4,False,4.3,False
TL010301,TR010301,DR0039,VH00038,2025-02-17,42.0,150.96,0.3,178,0,0,1907,5.8,2.9,False,3.7,False
TL010302,TR010302,DR0044,VH00081,2024-08-01,55.5,118.08,0.5,127,1,1,997,9.3,44.9,False,3.9,False
TL010305,TR010305,DR0017,VH00017,2022-07-26,70.5,8.64,8.9,162,1,1,55,9.1,92.0,False,4.0,False
TL010307,TR010307,DR0048,VH00088,2025-05-17,543.0,30.24,19.6,121,2,2,98,11.2,86.7,False,4.4,False
TL010310,TR010310,DR0036,VH00094,2023-06-22,22.0,35.04,0.7,128,0,0,278,3.0,85.2,False,4.6,False
TL010312,TR010312,DR0057,VH00024,2025-04-14,26.4,17.28,1.7,169,0,0,43,1.0,97.5,False,4.4,False
TL010313,TR010313,DR0060,VH00024,2026-04-06,362.3,4.32,91.5,109,3,3,31,32.5,81.2,False,4.7,False
TL010314,TR010314,DR0051,VH00088,2022-04-25,1357.8,49.44,30.0,122,31,30,500,301.6,0.0,False,3.4,False
TL010315,TR010315,DR0053,VH00052,2023-11-19,37.2,20.4,2.0,145,0,0,95,3.0,94.3,False,3.7,False
TL010316,TR010316,DR0027,VH00032,2026-05-22,323.1,29.52,11.9,83,3,3,129,29.6,77.2,False,4.7,False
TL010318,TR010318,DR0040,VH00048,2022-01-13,44.7,29.28,1.7,179,0,1,343,5.9,80.1,False,3.6,False
TL010321,TR010321,DR0008,VH00005,2024-11-10,1231.7,30.24,44.4,129,20,19,348,159.9,0.0,False,4.2,False
TL010322,TR010322,DR0005,VH00022,2024-03-24,65.7,20.4,3.5,83,0,0,154,5.3,90.7,False,4.8,False
TL010325,TR010325,DR0051,VH00114,2024-02-04,33.3,69.36,0.5,86,0,0,732,5.0,61.9,False,3.2,False
TL010329,TR010329,DR0025,VH00069,2025-04-17,63.0,18.96,3.6,170,1,1,191,11.1,84.6,False,3.7,False
TL010330,TR010330,DR0020,VH00054,2025-09-06,1168.6,27.6,46.2,82,19,21,215,143.5,0.0,False,3.6,False
TL010332,TR010332,DR0010,VH00059,2024-04-21,384.4,2.88,145.6,96,4,4,17,29.0,80.5,False,4.7,False
TL010336,TR010336,DR0036,VH00063,2026-04-16,257.2,6.72,41.8,103,3,4,53,53.7,72.7,False,4.3,False
TL010337,TR010337,DR0044,VH00036,2022-12-08,389.9,10.32,41.2,123,8,9,92,32.2,64.7,False,4.4,False
TL010343,TR010343,DR0020,VH00022,2026-06-20,53.6,14.64,4.0,85,1,0,86,6.3,92.3,False,3.7,False
TL010344,TR010344,DR0011,VH00017,2022-09-23,53.9,135.36,0.4,135,0,0,814,2.8,58.5,False,3.9,False
TL010345,TR010345,DR0058,VH00047,2025-07-17,1417.0,8.16,189.4,165,32,23,83,238.3,0.0,False,4.3,False
TL010351,TR010351,DR0025,VH00051,2023-07-16,77.1,17.04,4.9,127,1,1,201,16.4,82.5,False,4.3,False
TL010352,TR010352,DR0060,VH00064,2025-11-28,35.1,11.52,3.3,99,0,0,52,2.3,96.7,False,2.7,False
TL010353,TR010353,DR0024,VH00117,2023-07-17,51.1,833.76,0.1,87,0,0,3481,5.0,0.0,False,4.0,False
TL010356,TR010356,DR0060,VH00094,2024-02-09,373.1,9.12,44.6,100,4,2,77,22.1,81.5,False,4.5,False
TL010358,TR010358,DR0021,VH00094,2025-06-12,367.9,221.52,1.8,155,8,8,3139,69.0,0.0,False,3.5,False
TL010359,TR010359,DR0060,VH00057,2025-02-02,33.1,14.64,2.5,127,0,0,77,1.2,95.8,False,4.9,False
TL010360,TR010360,DR0035,VH00089,2023-08-28,14.8,23.52,0.7,129,0,0,461,2.6,76.2,False,4.8,False
TL010361,TR010361,DR0056,VH00011,2026-04-22,1436.4,9.6,163.2,97,13,13,47,111.5,31.7,False,4.4,False
TL010362,TR010362,DR0034,VH00078,2026-03-05,1427.7,11.76,132.4,155,23,31,162,128.5,0.0,False,4.4,False
TL010364,TR010364,DR0025,VH00043,2026-01-23,10.7,100.08,0.1,84,0,0,1578,1.1,20.8,False,3.9,False
TL010368,TR010368,DR0008,VH00013,2026-04-05,22.6,16.08,1.5,139,0,0,107,2.6,93.9,False,4.4,False
TL010370,TR010370,DR0037,VH00058,2023-12-07,75.4,34.32,2.4,91,1,1,420,7.3,74.3,False,4.1,False
TL010374,TR010374,DR0056,VH00007,2024-09-26,63.8,23.04,3.0,168,0,0,130,4.2,92.2,False,3.9,False
TL010381,TR010381,DR0018,VH00117,2022-02-02,30.2,14.64,2.3,102,0,0,45,1.9,97.2,False,3.1,True
TL010382,TR010382,DR0049,VH00092,2026-01-03,1282.1,48.48,28.9,136,11,12,254,71.0,37.5,False,4.0,False
TL010384,TR010384,DR0012,VH00080,2024-11-13,19.0,6.72,3.1,108,0,0,133,4.7,91.9,False,4.7,False
TL010386,TR010386,DR0028,VH00059,2023-06-08,60.5,20.4,3.2,158,0,0,61,4.0,95.8,False,3.9,False
TL010388,TR010388,DR0051,VH00081,2022-05-26,900.7,105.12,9.3,82,18,20,1349,122.8,0.0,False,3.4,True
TL010393,TR010393,DR0033,VH00061,2026-04-28,257.2,42.96,6.5,144,6,5,658,54.7,36.7,False,3.8,False
TL010400,TR010400,DR0044,VH00054,2022-10-18,1442.1,79.92,19.7,99,37,22,1262,110.3,0.0,False,2.9,False
TL010401,TR010401,DR0009,VH00025,2023-06-06,163.3,9.6,18.6,91,0,0,26,3.0,97.8,False,3.9,True
TL010402,TR010402,DR0008,VH00059,2025-09-08,45.6,17.04,2.9,86,0,0,119,8.9,91.4,False,5.0,False
TL010403,TR010403,DR0023,VH00013,2022-12-09,37.5,23.04,1.8,149,0,0,135,1.4,92.8,False,3.5,False
TL010407,TR010407,DR0012,VH00071,2026-01-10,27.7,751.92,0.0,138,1,1,14441,6.0,0.0,False,4.0,False
TL010408,TR010408,DR0007,VH00073,2025-04-11,367.1,8.64,46.4,121,19,17,168,159.1,0.0,False,2.6,False
TL010409,TR010409,DR0025,VH00059,2022-01-19,371.7,5.04,80.5,167,9,7,77,55.3,59.1,False,4.6,False
TL010411,TR010411,DR0057,VH00005,2026-04-09,70.8,8.16,9.5,143,0,0,12,2.7,98.6,False,4.7,False
TL010412,TR010412,DR0027,VH00054,2026-03-20,41.9,22.56,2.0,180,0,0,137,3.9,92.0,False,4.4,False
TL010413,TR010413,DR0025,VH00063,2022-06-05,1397.9,175.2,8.7,103,28,22,1091,121.4,0.0,False,4.0,False
TL010414,TR010414,DR0003,VH00094,2022-11-12,77.8,201.6,0.4,126,5,4,5545,45.8,0.0,False,4.5,False
TL010422,TR010422,DR0023,VH00054,2026-06-26,47.0,137.52,0.4,126,0,0,476,4.9,74.7,False,4.9,True
TL010423,TR010423,DR0035,VH00041,2024-07-24,257.2,24.0,11.7,169,8,9,378,87.1,34.0,False,4.7,False
TL010424,TR010424,DR0057,VH00080,2024-10-21,63.1,21.36,3.2,141,0,0,89,2.0,95.0,False,5.0,False
TL010425,TR010425,DR0060,VH00016,2025-01-01,71.7,64.08,1.2,140,0,0,555,4.6,70.9,False,4.3,False
TL010433,TR010433,DR0051,VH00031,2023-02-05,39.9,52.8,0.8,132,0,0,385,4.2,79.5,False,3.4,False
TL010434,TR010434,DR0002,VH00087,2023-10-17,21.1,23.04,1.0,154,0,0,213,6.7,87.3,False,5.0,False
TL010438,TR010438,DR0025,VH00017,2026-02-20,323.1,42.72,8.3,96,4,5,679,52.7,39.2,False,4.6,False
TL010440,TR010440,DR0012,VH00089,2022-07-14,57.3,23.28,2.7,85,2,2,539,11.0,64.8,False,4.4,False
TL010441,TR010441,DR0057,VH00025,2025-06-20,1442.7,4.56,345.1,89,5,4,8,63.5,69.0,False,4.1,False
TL010442,TR010442,DR0004,VH00059,2025-03-11,960.3,42.24,24.8,151,21,20,484,147.8,0.0,False,2.7,False
TL010447,TR010447,DR0004,VH00073,2024-06-06,936.4,63.84,16.0,105,13,18,366,148.4,0.0,False,3.9,False
TL010449,TR010449,DR0012,VH00031,2026-01-16,50.6,46.8,1.2,150,2,1,953,13.1,44.4,False,4.0,False
TL010450,TR010450,DR0054,VH00021,2023-04-07,323.1,4.56,77.3,161,3,3,28,12.7,87.3,False,4.4,False
TL010451,TR010451,DR0020,VH00084,2023-02-07,177.0,4.8,40.2,104,3,3,30,15.8,86.3,False,4.0,False
TL010456,TR010456,DR0038,VH00091,2026-02-26,330.8,40.32,9.0,86,4,7,427,26.7,57.6,False,5.0,False
TL010457,TR010457,DR0010,VH00110,2023-01-02,54.1,9.12,6.5,81,0,0,42,2.0,97.3,False,5.0,False
TL010461,TR010461,DR0060,VH00054,2023-12-20,14.2,8.4,1.8,156,0,0,53,1.2,97.0,False,4.1,False
TL010463,TR010463,DR0053,VH00042,2024-10-01,24.1,8.4,3.1,119,0,0,34,2.2,97.6,False,4.7,False
TL010466,TR010466,DR0020,VH00052,2026-06-24,59.0,15.6,4.1,146,1,1,190,6.1,86.2,False,4.0,False
TL010467,TR010467,DR0044,VH00063,2026-01-09,1468.7,12.0,133.5,96,20,23,186,304.3,0.0,False,4.6,False
TL010468,TR010468,DR0019,VH00068,2023-10-24,394.6,35.28,12.2,87,13,12,888,127.1,0.0,False,4.7,False
TL010469,TR010469,DR0054,VH00022,2022-06-02,404.3,8.4,52.5,83,5,3,57,35.0,76.2,False,4.9,False
TL010471,TR010471,DR0023,VH00011,2023-07-04,543.0,9.36,63.3,110,5,6,30,41.7,72.5,False,3.8,False
TL010473,TR010473,DR0008,VH00094,2025-03-07,41.2,22.8,2.0,108,0,1,145,5.5,90.1,False,4.6,False
TL010477,TR010477,DR0040,VH00008,2025-08-28,14.9,43.2,0.4,120,0,0,371,1.7,80.9,False,5.0,False
TL010481,TR010481,DR0022,VH00110,2026-06-04,1424.5,6.48,239.8,129,27,36,49,279.0,0.0,False,4.3,False
TL010482,TR010482,DR0026,VH00059,2025-03-02,65.7,679.92,0.1,117,2,2,15972,20.1,0.0,False,3.2,False
TL010486,TR010486,DR0013,VH00061,2024-05-22,14.6,39.36,0.4,112,0,0,252,0.8,87.2,False,4.0,False
TL010492,TR010492,DR0046,VH00112,2024-05-13,15.5,101.76,0.2,117,1,0,2469,8.4,0.0,False,4.1,False
TL010494,TR010494,DR0049,VH00088,2024-06-08,67.7,43.44,1.7,174,0,0,374,2.9,80.4,False,3.9,False
TL010501,TR010501,DR0035,VH00007,2023-12-17,26.8,29.28,1.0,164,1,0,362,4.7,79.0,False,4.2,False
TL010504,TR010504,DR0054,VH00039,2023-07-05,38.3,10.56,4.0,141,0,0,67,2.7,95.8,False,4.5,False
TL010506,TR010506,DR0038,VH00007,2024-12-22,11.1,9.12,1.3,165,0,0,133,1.3,93.0,False,5.0,False
TL010509,TR010509,DR0024,VH00111,2022-05-06,53.9,6.72,8.8,88,0,0,55,3.2,96.3,False,4.6,False
TL010510,TR010510,DR0005,VH00081,2026-03-24,69.5,139.68,0.5,156,0,0,724,5.8,62.1,False,3.7,False
TL010511,TR010511,DR0034,VH00010,2022-01-12,34.0,13.68,2.7,97,0,0,125,7.0,91.7,False,4.8,False
TL010514,TR010514,DR0008,VH00036,2025-09-14,37.5,82.32,0.5,163,0,0,1026,5.9,46.9,False,4.3,False
TL010515,TR010515,DR0022,VH00117,2022-09-15,387.3,132.72,3.2,84,5,9,1452,69.7,0.0,False,4.0,False
TL010518,TR010518,DR0031,VH00063,2026-05-19,68.2,59.76,1.2,118,1,1,966,8.3,46.7,False,3.8,False
TL010520,TR010520,DR0043,VH00043,2026-05-27,175.2,11.52,16.6,104,2,2,50,10.6,89.3,False,4.2,False
TL010521,TR010521,DR0003,VH00036,2025-01-28,47.0,10.08,5.1,169,3,3,138,27.9,77.2,False,3.7,False
TL010522,TR010522,DR0038,VH00084,2025-06-25,1440.2,111.6,14.1,108,28,29,1282,122.3,0.0,False,3.2,False
TL010523,TR010523,DR0051,VH00110,2025-08-20,16.5,5.28,3.4,85,0,0,83,1.5,95.4,False,4.1,False
TL010525,TR010525,DR0028,VH00102,2023-04-11,73.9,6.96,11.6,106,0,0,52,5.2,95.8,False,2.8,False
TL010529,TR010529,DR0013,VH00059,2022-12-07,16.3,28.8,0.6,112,0,0,236,1.6,87.7,False,4.3,False
TL010530,TR010530,DR0019,VH00020,2024-06-28,14.6,67.92,0.2,106,0,0,1078,2.1,45.5,False,4.4,False
TL010531,TR010531,DR0044,VH00062,2025-01-18,1460.7,791.04,2.0,170,35,26,4413,249.6,0.0,False,4.7,False
TL010532,TR010532,DR0060,VH00024,2023-11-14,72.3,21.84,3.6,151,0,0,127,7.6,91.4,False,5.0,False
TL010533,TR010533,DR0024,VH00010,2024-03-26,386.7,69.12,6.1,136,2,2,463,22.0,65.2,False,3.6,False
TL010535,TR010535,DR0037,VH00064,2023-07-01,25.9,38.64,0.7,176,0,0,538,5.0,71.6,False,4.3,False
TL010536,TR010536,DR0041,VH00091,2024-05-22,1173.7,13.2,97.0,110,10,14,115,54.0,49.0,False,3.9,False
TL010538,TR010538,DR0034,VH00057,2024-05-06,72.7,102.0,0.8,120,1,1,872,7.6,51.6,False,4.2,False
TL010540,TR010540,DR0022,VH00058,2024-07-28,362.8,5.52,71.7,122,6,6,59,45.0,68.5,False,3.0,False
TL010541,TR010541,DR0052,VH00071,2026-01-22,131.9,5.52,26.1,96,0,0,21,3.7,97.8,False,3.5,False
TL010543,TR010543,DR0041,VH00112,2022-07-11,1480.5,5.76,280.4,161,19,16,46,68.3,32.7,False,3.4,False
TL010544,TR010544,DR0013,VH00005,2026-06-22,31.8,82.56,0.4,175,0,0,367,2.4,80.9,False,5.0,False
TL010547,TR010547,DR0017,VH00047,2025-04-18,28.4,17.04,1.8,100,0,0,257,3.6,86.1,False,4.5,False
TL010553,TR010553,DR0041,VH00068,2025-08-05,28.7,9.84,3.2,124,0,0,58,2.6,96.3,False,3.9,False
TL010555,TR010555,DR0017,VH00019,2024-10-05,56.5,147.12,0.4,154,1,1,2342,4.7,0.0,False,4.9,False
TL010559,TR010559,DR0055,VH00092,2025-09-02,361.4,147.36,2.7,174,6,6,1965,73.9,0.0,False,4.6,False
TL010560,TR010560,DR0039,VH00111,2023-12-21,15.3,10.32,1.6,118,0,0,138,1.9,92.5,False,4.7,False
TL010562,TR010562,DR0012,VH00038,2025-11-10,75.8,37.2,2.2,120,3,2,807,10.4,50.0,False,4.8,False
TL010563,TR010563,DR0055,VH00046,2023-01-15,49.2,185.76,0.3,111,0,1,2718,9.4,0.0,False,3.9,False
TL010565,TR010565,DR0031,VH00095,2022-05-08,364.6,16.56,24.0,93,8,8,103,35.4,64.2,False,4.0,False
TL010570,TR010570,DR0024,VH00031,2026-06-18,18.5,55.92,0.4,179,0,0,251,1.6,87.0,False,3.8,False
TL010571,TR010571,DR0048,VH00118,2023-05-05,15.5,14.16,1.2,120,0,0,51,0.4,97.3,False,4.4,False
TL010572,TR010572,DR0032,VH00102,2026-06-21,43.8,14.88,3.2,115,0,0,83,1.6,95.4,False,4.8,False
TL010575,TR010575,DR0036,VH00013,2026-03-17,66.8,8.88,8.2,178,1,0,64,6.5,93.3,False,3.0,False
TL010576,TR010576,DR0019,VH00054,2024-03-26,73.8,132.48,0.6,158,3,2,3276,26.0,0.0,False,4.9,False
TL010578,TR010578,DR0023,VH00117,2024-04-18,74.3,135.12,0.6,95,0,0,649,4.6,66.2,False,4.1,False
TL010580,TR010580,DR0041,VH00016,2025-08-02,368.2,9.12,44.0,118,2,4,41,14.3,86.7,False,4.3,False
TL010581,TR010581,DR0004,VH00015,2025-07-06,69.2,45.84,1.6,160,1,0,349,8.6,78.5,False,5.0,False
TL010587,TR010587,DR0007,VH00112,2023-12-17,1552.2,8.16,207.5,167,103,114,154,614.7,0.0,False,4.6,False
TL010588,TR010588,DR0022,VH00007,2022-08-18,1266.8,15.84,87.2,180,23,24,100,216.1,0.0,False,3.5,False
TL010589,TR010589,DR0029,VH00023,2022-01-04,33.4,17.04,2.1,115,0,0,127,5.4,92.0,False,4.3,False
TL010591,TR010591,DR0021,VH00051,2024-01-05,16.1,697.68,0.0,128,0,0,6133,3.5,0.0,False,3.2,False
TL010592,TR010592,DR0060,VH00048,2023-08-23,47.5,17.04,3.0,169,0,0,117,2.7,93.3,False,3.9,False
TL010594,TR010594,DR0027,VH00112,2023-06-04,14.7,812.88,0.0,102,0,0,2870,1.4,0.0,False,3.8,False
TL010595,TR010595,DR0005,VH00015,2024-02-04,1351.1,35.76,41.2,154,16,13,263,86.4,23.9,False,4.0,False
TL010597,TR010597,DR0044,VH00084,2025-02-09,543.0,707.04,0.8,153,8,8,4997,82.1,0.0,False,5.0,False
TL010600,TR010600,DR0031,VH00031,2023-07-19,1199.4,41.52,31.5,176,16,24,603,93.4,0.0,False,4.2,False
TL010602,TR010602,DR0015,VH00011,2023-09-11,373.5,6.0,67.9,112,7,7,56,52.0,64.1,False,3.7,False
TL010605,TR010605,DR0056,VH00110,2025-12-07,126.7,8.16,16.9,102,0,1,55,12.0,92.7,False,4.3,False
TL010608,TR010608,DR0046,VH00022,2024-09-25,65.1,17.52,4.1,162,4,4,449,24.9,60.1,False,3.6,False
TL010609,TR010609,DR0023,VH00091,2024-10-06,25.6,68.16,0.4,103,0,0,609,1.1,69.2,False,2.9,False
TL010610,TR010610,DR0027,VH00039,2024-02-21,325.1,19.2,18.5,136,4,3,139,23.8,76.9,False,3.2,False
TL010611,TR010611,DR0016,VH00023,2022-12-15,900.7,26.88,36.6,114,8,10,189,65.6,48.9,False,4.6,False
TL010614,TR010614,DR0060,VH00031,2024-04-08,70.4,2.64,29.1,124,0,0,21,3.1,98.0,False,3.9,False
TL010617,TR010617,DR0038,VH00042,2024-05-25,323.1,24.72,14.3,134,6,7,195,46.4,60.3,False,3.8,False
TL010620,TR010620,DR0051,VH00119,2026-06-12,21.6,8.4,2.8,141,0,0,128,2.4,92.9,False,4.0,False
TL010622,TR010622,DR0018,VH00116,2022-05-10,1357.4,19.44,76.2,106,17,14,149,136.1,12.2,False,4.0,False
TL010626,TR010626,DR0023,VH00040,2026-02-12,498.6,25.92,21.0,107,5,3,104,51.9,68.7,False,4.1,False
TL010628,TR010628,DR0058,VH00056,2026-04-06,67.3,11.76,6.2,150,1,1,163,5.4,87.7,False,4.3,False
TL010630,TR010630,DR0012,VH00063,2023-09-09,337.8,42.96,8.6,145,9,9,966,72.1,7.6,False,4.3,False
TL010634,TR010634,DR0027,VH00024,2024-09-08,51.8,31.68,1.8,135,0,0,260,5.2,85.4,False,4.1,False
TL010635,TR010635,DR0005,VH00073,2025-05-16,15.4,3.36,5.0,88,0,0,11,1.2,99.1,False,4.7,False
TL010636,TR010636,DR0058,VH00007,2023-03-21,31.8,119.04,0.3,176,0,0,845,5.5,56.1,False,3.2,False
TL010640,TR010640,DR0026,VH00028,2024-05-21,36.9,3.36,12.0,118,1,1,79,10.5,90.4,False,3.4,False
TL010641,TR010641,DR0053,VH00034,2025-07-08,27.1,56.64,0.5,167,0,0,303,1.7,84.3,False,3.9,False
TL010644,TR010644,DR0018,VH00078,2022-06-27,69.8,156.24,0.5,123,0,0,805,4.0,58.5,False,3.3,False
TL010646,TR010646,DR0037,VH00017,2022-06-12,1466.4,95.04,16.8,137,27,36,1072,158.6,0.0,False,4.3,False
TL010653,TR010653,DR0023,VH00007,2025-10-08,25.3,8.88,3.1,149,0,0,40,1.9,97.4,False,4.5,False
TL010654,TR010654,DR0048,VH00053,2022-01-14,14.9,31.92,0.5,86,0,0,134,0.4,93.2,False,4.5,False
TL010658,TR010658,DR0055,VH00058,2023-10-18,51.0,11.28,4.9,178,1,1,151,10.9,86.7,False,5.0,False
TL010666,TR010666,DR0019,VH00044,2023-03-14,1211.2,47.28,27.9,145,54,41,777,285.9,0.0,False,4.9,False
TL010667,TR010667,DR0004,VH00028,2025-03-13,24.3,106.08,0.2,167,0,0,1153,2.1,41.7,False,4.2,False
TL010675,TR010675,DR0017,VH00061,2024-03-26,14.9,62.16,0.3,111,0,0,494,2.5,74.5,False,3.7,False
TL010677,TR010677,DR0022,VH00065,2026-05-16,323.1,10.56,33.4,82,7,6,98,35.2,68.0,False,3.6,False
TL010679,TR010679,DR0013,VH00004,2022-12-12,1485.9,43.92,36.9,118,15,16,167,139.1,11.4,False,4.2,False
TL010680,TR010680,DR0010,VH00013,2024-08-14,396.9,10.32,42.0,121,4,4,61,40.3,74.9,False,5.0,False
TL010681,TR010681,DR0041,VH00020,2022-05-22,61.8,8.88,7.6,159,0,0,64,2.9,95.9,False,3.5,False
TL010682,TR010682,DR0023,VH00118,2022-06-17,1373.4,194.4,7.7,115,9,16,1617,59.4,0.0,False,3.2,False
TL010684,TR010684,DR0042,VH00073,2023-01-05,163.1,79.68,2.2,133,1,1,284,16.6,78.3,False,4.4,False
TL010685,TR010685,DR0055,VH00040,2024-08-03,404.3,35.52,12.4,123,7,10,255,65.3,47.2,False,4.4,False
TL010686,TR010686,DR0036,VH00080,2026-06-21,166.1,36.0,5.0,81,2,2,288,37.3,69.4,False,3.8,False
TL010688,TR010688,DR0020,VH00048,2026-01-04,38.1,158.4,0.3,82,0,0,2524,5.5,0.0,False,3.4,False
TL010689,TR010689,DR0049,VH00073,2024-01-26,16.9,84.96,0.2,120,0,0,669,0.7,66.3,False,4.9,False
TL010690,TR010690,DR0043,VH00094,2022-02-01,1534.7,62.16,26.9,102,12,15,244,61.9,36.2,False,3.7,False
TL010691,TR010691,DR0010,VH00036,2024-03-03,14.9,19.44,0.8,113,0,0,153,1.1,92.0,False,3.5,False
TL010693,TR010693,DR0053,VH00021,2026-01-11,337.8,71.76,5.1,85,2,2,344,34.9,67.3,False,4.5,False
TL010699,TR010699,DR0041,VH00028,2024-05-05,69.6,711.36,0.1,172,0,0,3089,6.0,0.0,False,4.1,False
TL010704,TR010704,DR0021,VH00064,2024-03-13,1416.7,34.32,45.0,114,27,23,446,196.9,0.0,False,4.7,False
TL010707,TR010707,DR0002,VH00080,2026-01-18,389.8,38.4,11.1,92,14,17,755,89.4,0.0,False,3.6,False
TL010709,TR010709,DR0053,VH00094,2025-06-14,21.9,34.08,0.7,141,0,0,287,1.2,85.3,False,4.3,False
TL010711,TR010711,DR0060,VH00088,2025-05-02,14.5,3.36,4.7,98,0,0,15,1.1,98.9,False,4.1,False
TL010714,TR010714,DR0048,VH00011,2022-11-02,361.3,3.84,102.6,91,1,1,17,15.9,91.9,False,3.7,False
TL010715,TR010715,DR0033,VH00043,2022-11-02,1231.7,26.4,50.9,123,26,23,415,101.4,0.0,False,3.5,False
TL010717,TR010717,DR0046,VH00036,2023-02-03,67.1,56.88,1.3,101,4,4,977,32.6,31.4,False,3.8,False
TL010718,TR010718,DR0021,VH00018,2022-08-06,378.8,149.76,2.8,132,7,9,1106,35.4,14.6,False,3.2,False
TL010719,TR010719,DR0036,VH00074,2023-09-09,15.5,57.6,0.3,104,0,0,883,3.0,54.9,False,4.0,False
TL010720,TR010720,DR0013,VH00089,2026-03-14,79.1,7.44,11.6,157,0,0,61,4.1,95.7,False,3.7,True
TL010724,TR010724,DR0059,VH00081,2022-09-26,323.1,9.12,38.6,132,8,5,58,61.1,61.8,False,3.8,False
TL010725,TR010725,DR0017,VH00034,2026-02-15,54.0,18.96,3.1,164,1,0,186,5.9,87.4,False,4.1,False
TL010727,TR010727,DR0039,VH00099,2025-03-22,1175.1,64.32,19.9,110,19,16,437,184.0,0.0,False,4.6,False
TL010728,TR010728,DR0003,VH00025,2023-02-21,383.3,30.48,13.7,96,29,21,553,149.2,0.0,False,3.6,False
TL010729,TR010729,DR0049,VH00004,2025-09-15,365.8,7.68,52.0,131,4,4,61,20.5,80.8,False,4.5,False
TL010730,TR010730,DR0051,VH00051,2024-03-04,72.5,40.56,1.9,171,1,1,356,10.2,76.6,False,3.2,False
TL010732,TR010732,DR0016,VH00043,2024-07-12,126.0,5.04,27.3,83,0,1,19,12.9,94.2,False,4.4,False
TL010733,TR010733,DR0047,VH00058,2023-12-18,1552.0,18.72,90.4,178,26,33,204,308.0,0.0,False,4.0,True
TL010738,TR010738,DR0003,VH00117,2026-02-17,24.4,16.32,1.6,139,1,0,191,5.5,87.3,False,3.5,False
TL010739,TR010739,DR0046,VH00088,2024-03-02,55.9,103.68,0.6,90,3,3,1769,24.7,0.0,False,4.9,False
TL010740,TR010740,DR0043,VH00095,2025-09-14,20.6,6.96,3.2,148,0,0,23,1.0,98.5,False,4.1,False
TL010741,TR010741,DR0025,VH00059,2026-04-16,1468.7,42.96,37.3,136,29,34,276,323.3,0.0,False,4.4,False
TL010744,TR010744,DR0002,VH00081,2026-02-05,22.8,30.24,0.8,171,0,0,269,3.4,85.5,False,3.6,False
TL010745,TR010745,DR0002,VH00058,2023-12-27,62.3,21.12,3.2,115,2,2,272,11.4,78.0,False,4.6,False
TL010747,TR010747,DR0028,VH00022,2026-05-04,62.9,8.4,8.2,144,0,0,54,5.3,95.7,False,4.3,False
TL010751,TR010751,DR0021,VH00043,2022-10-19,78.3,10.8,7.9,161,1,1,131,9.7,88.0,False,3.9,False
TL010752,TR010752,DR0017,VH00062,2026-04-11,1178.3,10.08,127.5,159,27,22,83,147.5,0.0,False,3.5,False
TL010753,TR010753,DR0019,VH00013,2022-08-24,75.1,81.12,1.0,150,2,2,1809,10.6,1.4,False,4.1,False
TL010756,TR010756,DR0007,VH00118,2022-08-18,17.9,4.56,4.3,134,1,1,78,7.0,91.5,False,3.6,False
TL010761,TR010761,DR0046,VH00032,2023-05-07,900.7,57.36,17.1,162,80,45,1353,321.5,0.0,False,2.9,False
TL010762,TR010762,DR0023,VH00028,2022-08-25,337.8,11.76,31.3,125,2,4,74,22.0,82.7,False,5.0,False
TL010765,TR010765,DR0009,VH00015,2022-11-18,19.6,122.4,0.2,145,0,0,259,0.5,86.9,False,4.2,False
TL010766,TR010766,DR0027,VH00056,2023-10-04,364.6,24.96,15.9,175,2,3,134,22.0,80.7,False,5.0,False
TL010770,TR010770,DR0042,VH00104,2025-07-25,14.9,6.24,2.6,180,0,0,33,1.0,98.0,False,3.8,False
TL010771,TR010771,DR0019,VH00062,2026-05-28,379.7,5.76,71.9,117,15,16,49,99.5,29.2,False,4.0,False
TL010772,TR010772,DR0057,VH00114,2025-07-23,371.3,27.36,14.8,134,1,1,82,15.8,88.7,False,4.0,False
TL010774,TR010774,DR0051,VH00102,2026-06-02,1373.9,38.16,39.3,173,29,34,282,150.5,0.0,False,3.8,False
TL010775,TR010775,DR0029,VH00106,2026-04-03,43.9,157.44,0.3,124,0,0,2323,9.3,0.0,False,3.1,False
TL010777,TR010777,DR0010,VH00028,2023-05-15,378.8,53.52,7.7,123,2,3,172,16.4,80.5,False,3.6,False
TL010778,TR010778,DR0024,VH00042,2026-02-27,543.0,23.28,25.4,160,5,4,195,42.5,66.0,False,5.0,False
TL010779,TR010779,DR0031,VH00044,2025-08-24,18.7,17.76,1.1,145,0,0,248,2.3,86.9,False,4.3,False
TL010780,TR010780,DR0008,VH00056,2025-04-01,15.4,3.12,5.4,178,0,0,24,3.3,97.8,False,3.9,False
TL010781,TR010781,DR0024,VH00005,2023-05-04,396.1,43.92,9.8,137,4,3,176,16.7,77.2,False,3.4,False
TL010795,TR010795,DR0043,VH00022,2026-01-07,1490.4,9.84,165.2,137,12,11,66,74.2,45.4,False,4.2,True
TL010798,TR010798,DR0043,VH00043,2025-08-27,41.0,13.44,3.3,147,0,0,66,1.5,96.2,False,3.2,False
TL010800,TR010800,DR0028,VH00080,2023-02-01,32.0,34.08,1.0,147,0,0,102,2.6,94.1,False,4.2,False
TL010801,TR010801,DR0047,VH00021,2026-06-16,386.7,53.04,8.0,92,6,9,694,69.1,26.6,False,3.7,False
TL010802,TR010802,DR0015,VH00116,2023-11-27,381.5,62.64,6.6,108,9,7,710,63.7,24.9,False,3.0,False
TL010803,TR010803,DR0021,VH00064,2023-11-13,1370.7,3.12,479.3,166,22,25,30,304.9,0.0,False,4.3,False
TL010804,TR010804,DR0055,VH00032,2026-06-09,56.1,44.88,1.4,174,1,0,431,5.9,75.2,False,4.7,False
TL010809,TR010809,DR0012,VH00059,2026-01-28,64.0,114.96,0.6,93,1,2,2642,19.4,0.0,False,4.0,False
TL010810,TR010810,DR0008,VH00111,2022-02-12,76.6,7.2,11.6,131,1,1,111,8.1,89.5,False,3.3,False
TL010813,TR010813,DR0021,VH00073,2023-11-27,66.4,9.12,7.9,83,1,1,95,14.3,88.5,False,4.5,False
TL010815,TR010815,DR0018,VH00057,2022-09-04,369.1,4.56,88.3,115,2,2,32,32.5,83.7,False,5.0,False
TL010816,TR010816,DR0028,VH00011,2022-02-07,14.4,9.12,1.7,141,0,0,59,0.7,96.8,False,4.3,False
TL010817,TR010817,DR0021,VH00021,2026-05-26,47.4,10.32,5.0,116,0,0,82,10.0,92.9,False,4.8,False
TL010818,TR010818,DR0034,VH00099,2024-07-03,768.9,30.0,28.0,166,17,17,187,115.0,13.6,False,3.9,False
TL010819,TR010819,DR0008,VH00084,2022-09-05,337.8,55.92,6.6,162,8,6,545,29.2,46.0,False,4.2,False
TL010822,TR010822,DR0012,VH00042,2025-08-01,54.8,23.04,2.6,131,1,1,430,17.2,70.8,False,4.6,True
TL010823,TR010823,DR0018,VH00117,2025-01-03,375.4,50.4,8.1,126,3,3,421,14.4,67.1,False,4.8,False
TL010824,TR010824,DR0034,VH00040,2025-01-11,43.2,743.04,0.1,174,1,0,4354,5.1,0.0,False,3.9,False
TL010826,TR010826,DR0051,VH00063,2022-08-13,543.0,6.72,88.1,164,13,9,100,79.1,42.8,False,3.9,False
TL010836,TR010836,DR0034,VH00115,2023-03-10,50.2,7.92,6.9,105,0,1,58,4.9,94.6,False,4.2,False
TL010838,TR010838,DR0034,VH00058,2023-01-08,381.3,3.36,123.8,123,8,7,30,40.7,67.3,False,4.0,False
TL010839,TR010839,DR0058,VH00043,2022-01-16,11.2,27.12,0.5,117,0,0,376,2.5,80.5,False,5.0,False
TL010840,TR010840,DR0038,VH00041,2025-04-26,54.6,20.4,2.9,122,1,0,202,11.9,84.8,False,4.0,False
TL010844,TR010844,DR0041,VH00114,2024-06-07,220.9,22.56,10.7,129,1,1,165,22.4,82.5,False,4.7,False
TL010845,TR010845,DR0033,VH00064,2024-07-04,23.5,20.88,1.2,163,0,0,279,3.6,85.0,False,3.4,False
TL010846,TR010846,DR0043,VH00102,2024-09-24,53.9,32.88,1.8,139,0,0,243,5.1,86.3,False,3.2,False
TL010847,TR010847,DR0059,VH00057,2025-07-21,1473.8,13.44,119.6,115,21,25,92,115.8,4.2,False,4.3,False
TL010850,TR010850,DR0007,VH00018,2023-09-22,364.6,9.6,41.4,161,26,24,273,147.0,0.0,False,4.2,True
TL010853,TR010853,DR0041,VH00107,2025-09-18,27.7,137.52,0.2,97,0,0,1221,2.4,38.2,False,4.4,False
TL010858,TR010858,DR0031,VH00023,2023-02-02,17.6,21.6,0.9,119,0,0,176,2.6,90.4,False,3.7,False
TL010859,TR010859,DR0039,VH00078,2022-02-26,498.6,20.4,26.7,180,8,9,114,58.6,55.7,False,3.1,True
TL010866,TR010866,DR0033,VH00051,2022-04-24,498.6,165.84,3.3,151,8,8,1149,58.3,5.1,False,4.0,False
TL010867,TR010867,DR0041,VH00116,2025-01-09,65.4,22.08,3.2,97,0,0,183,6.1,89.0,False,3.4,False
TL010871,TR010871,DR0008,VH00023,2025-06-14,68.7,42.24,1.8,135,1,1,316,8.4,79.2,False,3.1,False
TL010878,TR010878,DR0037,VH00018,2026-02-18,134.7,37.44,3.9,172,3,2,215,14.8,78.3,False,4.0,False
TL010880,TR010880,DR0055,VH00116,2025-06-21,366.7,54.96,7.3,161,7,8,744,53.9,28.1,False,3.9,False
TL010884,TR010884,DR0056,VH00011,2023-04-03,56.3,54.24,1.1,158,0,0,461,4.9,75.5,False,4.9,False
TL010889,TR010889,DR0016,VH00092,2026-04-28,61.6,84.0,0.8,132,0,0,747,3.1,61.7,False,3.2,False
TL010890,TR010890,DR0020,VH00088,2023-06-24,1468.7,23.76,67.4,81,35,33,358,329.2,0.0,False,4.1,False
TL010891,TR010891,DR0004,VH00054,2026-02-11,136.2,53.04,2.8,112,3,2,668,12.9,56.2,False,4.9,False
TL010892,TR010892,DR0036,VH00011,2025-09-01,69.6,24.72,3.1,95,1,0,300,10.0,80.5,False,3.5,False
TL010893,TR010893,DR0046,VH00017,2022-11-23,1484.1,9.84,164.5,88,74,78,122,561.9,0.0,False,4.0,False
TL010897,TR010897,DR0027,VH00095,2026-04-19,22.7,149.52,0.2,114,0,0,713,2.2,63.7,False,4.4,False
TL010898,TR010898,DR0016,VH00074,2023-08-28,15.7,7.68,2.2,156,0,0,41,0.9,97.7,False,3.9,False
TL010899,TR010899,DR0039,VH00031,2024-12-01,72.3,30.24,2.6,168,1,1,263,6.7,82.3,False,3.7,False
TL010901,TR010901,DR0008,VH00074,2025-08-22,50.4,107.04,0.5,87,0,1,1702,6.1,12.1,False,3.9,False
TL010904,TR010904,DR0038,VH00016,2025-11-08,13.3,726.0,0.0,120,0,0,10117,2.4,0.0,False,4.6,False
TL010906,TR010906,DR0047,VH00054,2023-10-22,114.5,4.08,30.6,152,2,2,44,23.0,85.9,False,4.6,False
TL010907,TR010907,DR0007,VH00089,2022-12-23,1534.7,19.92,84.0,133,115,64,512,395.2,0.0,False,4.3,False
TL010909,TR010909,DR0004,VH00058,2023-05-04,498.6,17.76,30.6,128,11,8,183,39.9,54.4,False,4.7,False
TL010911,TR010911,DR0033,VH00025,2024-10-18,115.3,41.52,3.0,142,2,2,564,18.7,61.2,False,5.0,False
TL010913,TR010913,DR0009,VH00032,2026-03-17,71.1,110.64,0.7,174,0,0,229,3.2,87.6,False,3.9,False
TL010914,TR010914,DR0031,VH00084,2025-08-08,72.6,42.72,1.9,174,1,1,250,14.6,80.6,False,3.7,False
TL010917,TR010917,DR0053,VH00020,2024-05-09,390.2,7.2,59.1,151,4,3,23,19.9,83.9,False,3.5,False
TL010919,TR010919,DR0060,VH00007,2026-03-07,1440.2,8.4,187.0,176,15,17,52,70.0,36.9,False,4.5,False
TL010921,TR010921,DR0018,VH00039,2023-03-25,376.0,6.96,58.9,119,4,4,33,34.0,78.1,False,5.0,False
TL010924,TR010924,DR0021,VH00018,2022-08-26,498.6,8.88,61.3,88,12,8,98,96.2,40.2,False,4.5,True
TL010925,TR010925,DR0011,VH00078,2024-06-24,164.6,2.64,68.0,116,1,1,8,17.0,92.0,False,4.5,False
TL010926,TR010926,DR0002,VH00057,2022-02-26,15.5,10.8,1.6,137,0,0,93,4.5,94.0,False,4.1,False
TL010927,TR010927,DR0033,VH00119,2022-03-12,69.7,65.04,1.2,119,1,1,521,14.8,67.0,False,3.5,False
TL010931,TR010931,DR0024,VH00081,2022-07-16,31.5,38.64,0.9,94,0,0,328,2.4,82.9,False,3.9,False
TL010932,TR010932,DR0036,VH00039,2022-09-15,65.1,157.44,0.5,160,1,0,952,9.4,48.1,False,4.3,False
TL010934,TR010934,DR0032,VH00005,2024-01-16,62.3,794.64,0.1,172,0,0,4328,4.5,0.0,False,4.5,False
TL010936,TR010936,DR0019,VH00062,2023-12-01,23.4,696.24,0.0,93,0,0,8986,7.5,0.0,False,5.0,False
TL010939,TR010939,DR0027,VH00005,2026-01-07,39.8,69.84,0.6,119,0,0,518,3.5,73.0,False,4.0,False
TL010941,TR010941,DR0015,VH00036,2023-06-28,59.6,16.32,4.0,104,1,1,91,7.2,90.8,False,5.0,False
TL010942,TR010942,DR0024,VH00026,2024-06-13,132.7,69.12,2.1,83,1,1,347,13.6,76.1,False,4.3,False
TL010944,TR010944,DR0031,VH00065,2026-06-05,69.8,17.04,4.5,131,0,1,105,7.0,91.7,False,3.7,False
TL010948,TR010948,DR0041,VH00091,2022-11-14,67.0,36.0,2.0,100,0,0,316,3.7,83.1,False,4.0,False
TL010950,TR010950,DR0026,VH00041,2023-07-05,19.2,23.52,0.9,124,0,0,312,5.6,82.7,False,4.1,False
TL010951,TR010951,DR0013,VH00068,2025-03-22,380.4,10.32,40.2,174,2,4,61,22.6,83.2,False,4.4,False
TL010953,TR010953,DR0022,VH00046,2022-07-06,68.4,4.08,18.3,105,1,1,45,7.0,93.2,False,3.7,False
TL010954,TR010954,DR0060,VH00043,2023-08-04,87.2,810.96,0.1,145,0,0,3146,7.9,0.0,False,3.8,False
TL010958,TR010958,DR0032,VH00087,2023-08-16,257.2,42.48,6.6,129,1,2,208,16.4,81.2,False,4.2,True
TL010961,TR010961,DR0003,VH00081,2022-01-19,79.5,15.36,5.6,101,4,5,432,38.9,55.7,False,4.4,False
TL010962,TR010962,DR0051,VH00084,2026-05-28,74.3,11.28,7.2,154,1,1,66,11.8,90.7,False,4.5,False
TL010965,TR010965,DR0055,VH00034,2026-05-24,40.2,6.48,6.8,162,0,0,54,5.8,95.6,False,4.0,False
TL010973,TR010973,DR0016,VH00010,2024-08-21,1485.9,60.48,26.8,82,15,10,531,76.2,18.1,False,4.2,False
TL010975,TR010975,DR0032,VH00046,2026-05-17,41.7,11.52,3.9,110,0,0,92,1.5,95.0,False,5.0,False
TL010976,TR010976,DR0038,VH00054,2023-06-15,384.7,6.48,64.8,114,8,9,59,34.6,65.7,False,4.3,False
TL010977,TR010977,DR0023,VH00043,2023-01-04,60.6,25.68,2.6,145,0,0,172,2.2,90.7,False,5.0,False
TL010978,TR010978,DR0007,VH00020,2022-08-03,900.7,47.28,20.8,125,57,44,1310,369.9,0.0,False,5.0,False
TL010979,TR010979,DR0007,VH00022,2025-11-12,323.1,30.72,11.5,146,19,18,626,145.2,0.0,False,4.6,False
TL010981,TR010981,DR0034,VH00037,2026-03-19,74.7,16.08,5.1,154,1,1,184,13.2,84.3,False,4.0,True
TL010982,TR010982,DR0054,VH00119,2023-09-01,15.1,18.72,0.9,154,0,0,103,1.6,94.4,False,5.0,False
TL010983,TR010983,DR0054,VH00061,2023-12-07,16.6,111.6,0.2,162,0,0,883,1.2,55.5,False,3.9,False
TL010985,TR010985,DR0046,VH00080,2022-01-06,364.4,140.4,2.8,175,24,26,1512,137.9,0.0,False,4.8,False
TL010990,TR010990,DR0041,VH00074,2024-11-23,39.1,16.8,2.5,87,0,0,85,2.8,94.9,False,3.7,False
TL010991,TR010991,DR0054,VH00056,2024-09-06,36.2,75.36,0.5,87,0,0,416,2.3,78.5,False,4.2,False
TL010993,TR010993,DR0019,VH00099,2026-02-10,77.2,49.44,1.7,168,2,2,707,10.7,56.4,False,4.3,False
TL010994,TR010994,DR0013,VH00020,2022-04-25,61.3,11.76,5.7,176,0,0,70,2.7,95.7,False,3.9,False
TL010996,TR010996,DR0024,VH00043,2026-02-08,70.8,19.2,4.0,150,0,0,158,5.2,90.5,False,4.3,False
TL011001,TR011001,DR0007,VH00088,2023-01-17,22.0,111.12,0.2,125,1,1,1729,11.4,7.6,False,3.7,False
TL011002,TR011002,DR0029,VH00118,2026-04-17,18.5,44.4,0.5,146,0,0,352,3.6,81.3,False,3.7,False
TL011004,TR011004,DR0011,VH00078,2023-05-16,166.1,10.56,17.2,179,2,1,50,10.3,90.4,False,4.5,False
TL011005,TR011005,DR0028,VH00051,2025-06-03,1419.4,93.36,16.6,98,12,17,610,117.4,0.0,False,4.8,False
TL011006,TR011006,DR0036,VH00114,2024-08-05,174.3,66.48,2.9,179,3,2,900,23.7,41.4,False,4.1,False
TL011007,TR011007,DR0057,VH00104,2026-01-04,1376.1,30.48,49.3,117,5,5,111,59.6,64.1,False,3.7,False
TL011009,TR011009,DR0002,VH00117,2023-09-16,14.8,203.28,0.1,97,0,0,2170,3.4,0.0,False,3.5,False
TL011014,TR011014,DR0058,VH00112,2025-11-09,64.4,11.04,6.4,151,1,0,174,12.6,86.0,False,3.1,False
TL011016,TR011016,DR0038,VH00091,2023-03-11,43.9,16.32,2.9,131,0,0,146,7.1,90.6,False,5.0,False
TL011019,TR011019,DR0009,VH00038,2026-01-27,367.9,43.68,9.2,171,1,1,184,9.6,85.4,False,5.0,False
TL011020,TR011020,DR0057,VH00011,2026-06-15,42.2,13.2,3.5,108,0,0,36,1.7,97.7,False,4.3,False
TL011028,TR011028,DR0047,VH00052,2025-08-26,83.4,13.68,6.7,81,1,1,109,13.0,88.1,False,4.1,False
TL011029,TR011029,DR0009,VH00020,2022-09-04,543.0,23.04,25.7,154,1,2,59,15.5,88.9,False,5.0,False
TL011030,TR011030,DR0036,VH00016,2023-10-02,77.5,8.64,9.8,144,1,1,50,6.8,93.0,False,4.2,False
TL011036,TR011036,DR0056,VH00052,2026-02-07,62.8,34.56,2.0,157,0,0,184,4.2,89.5,False,4.9,False
TL011038,TR011038,DR0013,VH00025,2026-04-06,79.6,31.2,2.8,150,0,0,171,4.4,90.1,False,4.7,False
TL011040,TR011040,DR0040,VH00112,2025-08-12,66.3,10.32,7.0,110,1,1,61,14.6,90.1,False,4.3,False
TL011042,TR011042,DR0021,VH00106,2026-02-16,52.7,2.4,24.0,128,1,1,34,8.8,93.2,False,5.0,False
TL011049,TR011049,DR0009,VH00053,2022-12-13,77.7,9.84,8.6,99,0,0,43,2.6,97.1,False,5.0,False
TL011050,TR011050,DR0047,VH00069,2022-10-28,176.9,6.0,32.2,150,4,3,72,21.5,81.0,False,4.6,False
TL011054,TR011054,DR0004,VH00020,2025-04-17,257.2,10.8,26.0,109,5,3,147,52.5,66.4,False,3.6,False
TL011056,TR011056,DR0054,VH00020,2025-11-15,49.7,44.4,1.2,167,0,0,376,3.4,80.2,False,4.6,False
TL011060,TR011060,DR0058,VH00069,2025-11-13,162.9,692.4,0.3,141,2,3,8951,15.7,0.0,False,4.3,False
TL011063,TR011063,DR0018,VH00008,2025-06-05,1486.0,6.72,241.2,162,15,13,47,132.1,22.5,False,4.0,False
TL011064,TR011064,DR0048,VH00068,2023-01-24,337.8,106.08,3.5,108,1,1,210,14.4,82.7,False,4.7,False
TL011065,TR011065,DR0031,VH00099,2022-07-16,71.6,101.28,0.8,143,1,1,1003,11.3,44.0,False,4.0,False
TL011066,TR011066,DR0055,VH00099,2026-04-07,21.5,42.96,0.5,158,0,0,659,3.1,66.1,False,4.5,False
TL011067,TR011067,DR0057,VH00062,2023-12-09,58.4,128.64,0.5,109,0,0,313,2.5,83.6,False,3.4,False
TL011069,TR011069,DR0012,VH00069,2025-12-23,323.1,33.12,10.6,141,15,13,536,63.3,18.7,False,4.1,False
TL011070,TR011070,DR0038,VH00084,2026-03-05,71.0,18.24,4.2,174,1,1,179,8.5,86.0,False,3.7,True
TL011071,TR011071,DR0032,VH00053,2026-06-04,83.4,235.44,0.4,109,0,0,1381,3.9,29.8,False,4.5,False
TL011073,TR011073,DR0019,VH00071,2025-08-25,498.6,64.08,8.5,135,20,19,1434,66.1,0.0,False,4.4,False
TL011076,TR011076,DR0016,VH00008,2023-03-01,66.4,691.68,0.1,128,0,0,3708,2.6,0.0,False,5.0,False
TL011084,TR011084,DR0017,VH00056,2022-11-27,1440.2,31.68,49.6,121,36,35,415,282.5,0.0,False,3.7,False
TL011087,TR011087,DR0038,VH00106,2023-05-19,55.7,23.76,2.6,131,0,1,175,12.1,86.6,False,4.6,False
TL011088,TR011088,DR0015,VH00117,2022-08-07,27.7,168.72,0.2,172,0,0,2380,2.2,0.0,False,4.1,False
TL011089,TR011089,DR0023,VH00110,2022-10-06,27.2,4.56,6.5,132,0,0,40,1.9,97.4,False,4.1,False
TL011092,TR011092,DR0056,VH00040,2024-09-28,76.9,29.76,2.8,98,0,0,148,4.7,91.2,False,4.1,False
TL011094,TR011094,DR0015,VH00112,2025-03-14,900.7,143.52,6.8,173,13,12,1539,159.6,0.0,False,4.3,False
TL011099,TR011099,DR0039,VH00119,2024-05-24,79.6,27.6,3.1,91,1,1,341,9.6,77.6,False,4.1,False
TL011103,TR011103,DR0033,VH00095,2025-11-03,380.9,4.56,91.1,140,7,9,36,79.1,55.0,False,4.0,False
TL011106,TR011106,DR0020,VH00095,2026-02-16,1456.0,10.8,147.1,101,37,25,150,121.4,0.0,False,5.0,False
TL011107,TR011107,DR0010,VH00026,2025-04-20,1468.7,795.6,2.0,93,15,13,5192,132.0,0.0,False,4.6,False
TL011110,TR011110,DR0023,VH00007,2022-03-04,337.8,821.04,0.4,105,3,4,3095,16.4,0.0,False,3.8,False
TL011111,TR011111,DR0059,VH00073,2024-12-10,27.7,20.16,1.5,140,0,0,255,4.2,86.0,False,4.5,False
TL011116,TR011116,DR0026,VH00061,2024-07-16,78.5,22.32,3.8,127,3,2,559,27.0,57.4,False,4.2,False
TL011118,TR011118,DR0060,VH00043,2025-07-14,1468.7,23.52,68.1,153,16,12,120,128.3,19.5,False,4.2,False
TL011119,TR011119,DR0019,VH00119,2022-04-11,12.6,124.32,0.1,146,0,0,2850,2.0,0.0,False,3.6,False
TL011120,TR011120,DR0026,VH00118,2025-06-06,166.7,21.6,8.4,143,4,4,404,21.5,63.3,False,3.1,False
TL011122,TR011122,DR0023,VH00074,2026-01-16,166.0,31.68,5.7,94,1,1,204,12.6,83.5,False,3.9,False
TL011123,TR011123,DR0044,VH00008,2024-09-05,73.4,9.6,8.3,128,1,1,109,11.7,88.5,False,4.1,False
TL011137,TR011137,DR0051,VH00018,2023-01-04,1552.2,41.52,40.8,89,26,33,334,302.9,0.0,False,3.6,False
TL011138,TR011138,DR0004,VH00102,2022-04-15,1440.2,111.12,14.1,147,25,32,1622,222.6,0.0,False,4.5,True
TL011139,TR011139,DR0020,VH00115,2026-04-07,39.5,16.8,2.6,170,0,0,95,8.9,92.6,False,3.8,False
TL011140,TR011140,DR0029,VH00013,2022-06-21,18.3,9.12,2.2,128,0,0,72,3.8,95.3,False,4.6,False
TL011142,TR011142,DR0013,VH00007,2025-05-14,67.6,219.36,0.3,153,0,0,1399,5.9,28.3,False,3.3,False
TL011145,TR011145,DR0008,VH00071,2026-06-07,73.6,10.8,7.4,85,1,0,58,6.5,93.6,False,4.2,False
TL011149,TR011149,DR0056,VH00011,2026-04-11,900.7,7.68,127.9,92,11,8,46,61.9,54.6,False,5.0,False
TL011150,TR011150,DR0009,VH00102,2023-10-14,52.8,42.24,1.4,177,0,0,153,1.2,92.0,False,3.9,False
TL011155,TR011155,DR0035,VH00023,2023-01-09,68.6,17.76,4.2,83,2,2,220,15.3,79.4,False,4.7,False
TL011157,TR011157,DR0054,VH00008,2026-04-22,70.0,23.52,3.2,180,0,0,167,4.1,90.4,False,4.0,False
TL011158,TR011158,DR0026,VH00054,2023-02-08,25.6,19.92,1.4,152,0,0,456,3.8,76.1,False,3.8,False
TL011163,TR011163,DR0046,VH00114,2024-06-09,75.0,49.2,1.7,148,4,5,901,44.2,30.7,False,4.0,False
TL011165,TR011165,DR0059,VH00048,2024-02-22,166.2,7.68,23.6,140,3,3,112,13.1,83.0,False,4.7,False
TL011166,TR011166,DR0053,VH00040,2024-01-25,14.3,18.72,0.8,157,0,0,74,0.9,96.0,False,4.3,False
TL011169,TR011169,DR0016,VH00081,2023-04-02,36.3,93.12,0.4,138,0,0,452,3.7,76.3,False,4.4,False
TL011173,TR011173,DR0040,VH00063,2024-04-05,87.2,137.04,0.7,128,1,2,1081,8.4,39.9,False,4.2,False
TL011178,TR011178,DR0033,VH00080,2026-06-21,52.6,11.76,4.9,92,1,0,172,6.3,88.0,False,3.5,False
TL011183,TR011183,DR0017,VH00062,2026-03-01,1371.7,13.92,107.5,165,25,28,127,119.7,0.0,False,3.9,False
TL011184,TR011184,DR0022,VH00119,2025-12-28,14.3,11.76,1.3,136,0,0,150,3.1,91.6,False,5.0,True
TL011185,TR011185,DR0057,VH00021,2026-06-20,20.9,10.8,2.1,109,0,0,44,0.9,97.5,False,3.3,False
TL011186,TR011186,DR0057,VH00080,2024-12-06,14.1,19.44,0.8,160,0,0,51,0.5,97.3,False,3.9,False
TL011188,TR011188,DR0011,VH00094,2026-05-14,30.6,826.32,0.0,150,0,0,3534,1.3,0.0,False,4.4,False
TL011189,TR011189,DR0038,VH00091,2026-06-20,498.6,58.08,9.4,140,11,11,342,54.4,39.1,False,4.2,False
TL011191,TR011191,DR0048,VH00024,2023-12-04,32.7,135.12,0.3,139,0,0,304,1.1,84.5,False,4.3,False
TL011195,TR011195,DR0012,VH00089,2023-10-10,50.7,18.0,3.1,145,1,1,298,10.2,79.5,False,4.1,False
TL011196,TR011196,DR0047,VH00080,2024-06-06,386.4,57.84,7.3,114,6,5,550,65.1,39.0,False,4.7,False
TL011197,TR011197,DR0037,VH00071,2022-08-25,1373.1,95.04,15.8,155,23,22,807,306.1,0.0,False,4.4,False
TL011199,TR011199,DR0059,VH00039,2025-10-18,391.4,69.12,6.2,153,6,6,843,34.6,32.5,False,3.9,False
TL011200,TR011200,DR0025,VH00065,2025-01-09,498.6,4.32,125.9,137,10,9,24,68.0,54.4,False,4.8,False
TL011203,TR011203,DR0023,VH00044,2026-01-26,55.0,90.24,0.7,112,0,0,578,3.7,70.0,False,4.2,False
TL011204,TR011204,DR0022,VH00037,2023-07-22,58.4,13.2,4.8,90,1,1,177,8.5,86.1,False,4.6,True
TL011208,TR011208,DR0056,VH00028,2022-10-11,362.5,6.0,65.9,172,3,3,52,14.9,85.4,False,3.9,True
TL011210,TR011210,DR0033,VH00038,2025-08-05,51.7,20.88,2.7,90,0,1,283,5.1,83.3,False,3.5,False
TL011211,TR011211,DR0017,VH00041,2023-05-05,498.6,38.64,14.1,81,6,7,390,101.6,34.0,False,2.7,False
TL011212,TR011212,DR0039,VH00028,2023-09-14,35.7,18.96,2.1,100,0,0,264,5.8,85.1,False,4.3,False
TL011215,TR011215,DR0053,VH00048,2022-06-08,15.4,8.64,1.9,178,0,0,27,1.6,98.2,False,3.2,False
TL011217,TR011217,DR0041,VH00088,2024-03-23,79.5,152.64,0.6,88,0,0,814,5.2,57.7,False,4.0,False
TL011220,TR011220,DR0026,VH00017,2026-04-19,21.7,34.8,0.7,114,0,0,406,7.6,77.4,False,4.8,False
TL011221,TR011221,DR0057,VH00069,2023-04-27,960.3,30.24,34.6,137,3,4,62,41.0,76.1,False,4.8,False
TL011227,TR011227,DR0024,VH00080,2025-03-09,1440.2,32.64,48.1,102,13,17,198,90.3,26.5,False,3.7,False
TL011230,TR011230,DR0044,VH00010,2026-05-12,10.1,731.04,0.0,81,0,0,10760,0.8,0.0,False,4.9,False
TL011234,TR011234,DR0027,VH00084,2024-05-14,1390.1,30.96,49.0,167,16,11,259,119.2,16.3,False,3.9,False
TL011235,TR011235,DR0046,VH00051,2025-09-20,375.1,15.84,25.8,178,27,22,393,172.9,0.0,False,3.4,False
TL011236,TR011236,DR0009,VH00069,2022-02-04,28.4,46.08,0.7,142,0,0,100,0.8,94.8,False,5.0,False
TL011238,TR011238,DR0034,VH00106,2024-05-14,134.1,3.6,40.6,123,2,2,31,10.2,90.4,False,4.0,False
TL011240,TR011240,DR0011,VH00081,2026-04-13,173.3,11.52,16.4,154,1,1,98,10.4,89.5,False,4.7,False
TL011241,TR011241,DR0034,VH00094,2025-05-11,66.7,22.8,3.2,108,1,1,267,11.2,80.8,False,3.8,True
TL011243,TR011243,DR0044,VH00102,2024-10-05,35.8,732.0,0.1,176,0,0,8108,6.3,0.0,False,3.8,False
TL011254,TR011254,DR0027,VH00081,2025-11-17,543.0,4.32,137.1,85,3,4,30,51.6,74.5,False,4.1,False
TL011259,TR011259,DR0004,VH00052,2025-02-16,67.2,76.8,1.0,171,1,1,867,10.7,50.9,False,3.2,False
TL011263,TR011263,DR0047,VH00046,2023-02-01,379.6,16.32,25.4,135,6,5,264,32.3,63.1,False,4.5,False
TL011264,TR011264,DR0058,VH00041,2025-02-17,76.6,28.08,3.0,85,1,1,293,8.8,80.2,False,4.3,False
TL011266,TR011266,DR0022,VH00020,2024-08-03,46.6,148.56,0.3,90,0,0,1859,7.9,4.7,False,5.0,False
TL011268,TR011268,DR0059,VH00037,2026-04-26,11.2,12.96,0.9,105,0,0,141,2.1,92.3,False,2.4,False
TL011270,TR011270,DR0056,VH00021,2025-04-23,41.9,11.28,4.1,90,0,0,58,4.3,95.8,False,4.1,False
TL011271,TR011271,DR0039,VH00038,2025-07-02,936.4,54.48,18.8,167,16,16,611,83.2,4.5,False,4.0,False
TL011272,TR011272,DR0060,VH00053,2022-10-15,72.3,57.36,1.4,86,0,0,292,5.8,83.7,False,4.6,False
TL011273,TR011273,DR0040,VH00038,2024-10-15,54.5,11.52,5.2,115,0,1,179,7.3,87.9,False,4.1,False
TL011276,TR011276,DR0038,VH00015,2022-03-20,22.4,8.88,2.8,102,0,0,126,2.0,93.1,False,4.0,True
TL011281,TR011281,DR0047,VH00092,2025-01-08,79.8,709.44,0.1,112,1,1,4509,13.5,0.0,False,4.9,False
TL011285,TR011285,DR0004,VH00053,2026-05-05,900.7,66.24,14.8,85,19,15,851,158.0,0.0,False,4.0,False
TL011286,TR011286,DR0015,VH00065,2023-11-05,337.8,4.8,76.8,168,8,5,63,26.1,72.0,False,4.6,False
TL011287,TR011287,DR0033,VH00074,2026-03-13,122.1,11.28,11.8,171,1,2,165,26.3,80.4,False,4.1,False
TL011288,TR011288,DR0018,VH00046,2022-02-21,15.2,4.56,3.6,167,0,0,19,1.5,98.6,False,3.0,False
TL011289,TR011289,DR0019,VH00015,2025-08-20,900.7,20.88,47.1,120,25,39,196,219.4,0.0,False,3.3,False
TL011291,TR011291,DR0027,VH00007,2026-05-12,10.7,7.44,1.6,90,0,0,41,1.1,97.6,False,3.7,False
TL011292,TR011292,DR0035,VH00080,2022-06-15,257.2,71.28,3.9,151,10,10,1758,71.6,0.0,False,5.0,False
TL011296,TR011296,DR0051,VH00089,2025-06-13,60.3,202.56,0.3,119,0,1,3217,13.0,0.0,False,5.0,False
TL011297,TR011297,DR0054,VH00068,2023-05-22,69.2,20.16,3.7,126,0,0,122,3.5,92.9,False,5.0,False
TL011299,TR011299,DR0057,VH00088,2025-10-11,381.7,5.04,82.6,161,1,1,9,8.6,94.5,False,4.6,False
TL011300,TR011300,DR0025,VH00104,2024-02-03,10.2,22.56,0.5,164,0,0,153,2.1,91.7,False,3.9,False
TL011301,TR011301,DR0029,VH00036,2023-02-08,69.6,142.08,0.5,153,1,0,1027,15.0,42.6,False,3.7,False
TL011302,TR011302,DR0019,VH00095,2026-06-02,53.0,17.28,3.3,126,2,1,252,10.3,80.3,False,3.6,False
TL011310,TR011310,DR0029,VH00015,2024-02-03,1450.6,10.08,157.0,119,28,33,145,286.2,0.0,False,4.0,False
TL011314,TR011314,DR0039,VH00084,2023-07-10,44.9,2.88,17.0,162,0,0,15,7.0,97.2,False,3.8,False
TL011318,TR011318,DR0024,VH00004,2025-08-14,48.7,234.24,0.2,91,0,0,953,3.1,51.4,False,3.2,False
TL011319,TR011319,DR0032,VH00064,2022-10-17,78.3,62.16,1.4,141,0,0,528,7.9,71.2,False,4.7,False
TL011321,TR011321,DR0042,VH00023,2025-04-21,87.2,58.32,1.6,84,0,0,424,5.5,77.1,False,5.0,False
TL011326,TR011326,DR0049,VH00107,2023-05-13,31.7,826.8,0.0,92,0,0,4279,2.0,0.0,False,4.9,False
TL011327,TR011327,DR0048,VH00112,2024-12-04,936.4,31.44,32.5,81,4,3,59,29.2,79.3,False,4.3,False
TL011328,TR011328,DR0043,VH00068,2022-10-04,14.8,54.96,0.3,101,0,0,318,0.7,83.9,False,5.0,False
TL011329,TR011329,DR0044,VH00028,2022-08-09,12.0,31.68,0.4,167,0,0,266,1.4,86.3,False,4.2,False
TL011330,TR011330,DR0039,VH00036,2025-06-16,343.6,9.6,39.0,152,6,4,76,76.1,60.4,False,4.7,False
TL011331,TR011331,DR0004,VH00026,2024-09-23,330.0,44.16,8.2,177,6,5,529,41.7,47.0,False,4.4,False
TL011338,TR011338,DR0057,VH00019,2022-07-27,394.5,5.76,74.7,109,1,1,18,13.7,92.5,False,3.7,False
TL011339,TR011339,DR0013,VH00037,2024-10-03,77.6,22.32,3.8,85,0,0,80,3.6,94.9,False,3.7,False
TL011341,TR011341,DR0012,VH00115,2024-07-24,365.6,56.88,7.0,175,12,13,501,79.1,20.2,False,4.2,False
TL011343,TR011343,DR0052,VH00031,2026-06-21,48.0,23.76,2.2,90,0,0,88,1.3,95.2,False,4.5,False
TL011346,TR011346,DR0004,VH00041,2026-05-09,387.4,7.44,56.8,81,8,9,48,82.1,52.0,False,4.7,False
TL011350,TR011350,DR0026,VH00018,2025-02-15,66.8,15.6,4.7,93,2,2,329,21.8,72.0,False,4.5,False
TL011351,TR011351,DR0019,VH00051,2025-06-13,60.9,7.2,9.2,87,2,2,124,10.4,85.7,False,3.3,False
TL011356,TR011356,DR0017,VH00052,2026-02-28,61.9,798.72,0.1,84,1,1,11058,5.1,0.0,False,3.5,False
TL011358,TR011358,DR0048,VH00084,2024-05-21,1552.2,41.52,40.8,173,5,4,80,64.8,65.1,False,3.1,False
TL011362,TR011362,DR0036,VH00106,2024-05-13,323.1,8.4,42.0,85,7,5,61,50.9,66.2,False,3.5,True
TL011365,TR011365,DR0003,VH00019,2023-04-23,62.8,48.96,1.4,85,5,2,602,14.3,56.1,False,4.7,False
TL011367,TR011367,DR0052,VH00058,2025-09-05,41.9,797.04,0.1,115,0,0,1417,1.1,28.8,False,5.0,False
TL011369,TR011369,DR0025,VH00095,2026-03-06,59.8,715.68,0.1,128,1,1,10941,6.0,0.0,False,3.7,False
TL011370,TR011370,DR0012,VH00114,2023-11-23,15.2,21.6,0.8,173,0,0,350,2.6,81.7,False,2.9,False
TL011371,TR011371,DR0049,VH00025,2024-08-18,1401.3,51.36,29.8,112,17,14,210,74.6,27.6,False,5.0,False
TL011372,TR011372,DR0036,VH00110,2024-10-18,76.4,696.48,0.1,129,1,1,4610,7.7,0.0,False,3.1,True
TL011373,TR011373,DR0053,VH00008,2022-07-27,960.3,60.96,17.2,152,10,10,185,72.0,44.2,False,3.7,False
TL011375,TR011375,DR0004,VH00116,2022-02-22,46.0,8.88,5.7,161,0,1,95,5.4,92.6,False,5.0,False
TL011376,TR011376,DR0015,VH00018,2026-03-27,323.1,35.76,9.9,95,5,5,372,72.4,47.2,False,3.6,False
TL011377,TR011377,DR0003,VH00047,2022-07-09,55.0,713.76,0.1,153,3,3,14921,19.8,0.0,False,4.2,False
TL011380,TR011380,DR0016,VH00102,2024-03-12,364.6,52.32,7.6,122,3,3,205,33.4,72.2,False,4.8,False
TL011383,TR011383,DR0049,VH00021,2026-01-06,20.9,198.24,0.1,158,0,0,916,1.8,53.7,False,4.5,False
TL011384,TR011384,DR0052,VH00102,2026-06-08,404.3,25.68,17.2,151,2,1,58,16.3,88.2,False,3.7,False
TL011387,TR011387,DR0031,VH00032,2022-03-09,76.9,22.32,3.8,165,1,1,208,15.3,82.5,False,4.3,False
TL011388,TR011388,DR0023,VH00026,2025-05-08,47.7,22.56,2.3,131,0,0,90,4.2,94.2,False,5.0,False
TL011391,TR011391,DR0012,VH00043,2023-01-05,35.9,153.36,0.3,141,1,1,1348,12.8,26.3,False,4.3,False
TL011398,TR011398,DR0024,VH00107,2022-04-10,41.7,19.92,2.3,124,0,0,108,2.0,94.0,False,3.7,False
TL011399,TR011399,DR0040,VH00058,2023-01-04,1175.8,7.44,172.4,126,23,25,72,195.4,0.0,False,5.0,False
TL011400,TR011400,DR0057,VH00111,2026-06-03,68.7,60.24,1.2,100,0,0,150,1.9,91.9,False,4.3,False
TL011403,TR011403,DR0015,VH00068,2026-03-20,1534.7,212.16,7.9,123,26,35,2388,178.6,0.0,False,4.5,False
TL011404,TR011404,DR0043,VH00088,2025-01-28,74.8,9.6,8.5,150,0,0,60,6.9,94.9,False,3.6,False
TL011405,TR011405,DR0042,VH00018,2023-03-08,374.3,7.2,56.7,122,4,4,38,16.9,83.0,False,4.6,False
TL011407,TR011407,DR0004,VH00020,2023-04-24,132.6,9.36,15.5,142,1,2,117,15.2,86.1,False,4.4,True
TL011408,TR011408,DR0011,VH00088,2024-07-27,1468.7,27.36,58.6,121,11,16,206,118.8,21.6,False,4.1,False
TL011418,TR011418,DR0049,VH00056,2022-09-07,960.3,60.72,17.3,110,9,7,353,69.3,41.1,False,4.9,False
TL011421,TR011421,DR0055,VH00094,2026-01-09,69.2,18.72,4.0,121,1,1,150,12.1,86.4,False,4.4,False
TL011423,TR011423,DR0002,VH00092,2024-07-20,1468.7,24.48,65.5,104,61,64,540,337.8,0.0,False,4.1,False
TL011425,TR011425,DR0019,VH00024,2023-07-04,900.7,107.28,9.2,131,25,33,2653,128.7,0.0,False,3.9,True
TL011429,TR011429,DR0028,VH00095,2023-06-07,393.6,12.48,34.4,150,3,2,56,26.4,82.8,False,4.7,False
TL011431,TR011431,DR0022,VH00099,2025-06-18,18.8,21.6,0.9,113,0,0,240,3.6,86.9,False,4.9,False
TL011432,TR011432,DR0059,VH00078,2023-12-06,1552.0,85.44,19.8,92,24,24,1072,227.0,0.0,False,2.9,False
TL011436,TR011436,DR0042,VH00065,2025-07-24,318.1,44.4,7.8,126,3,3,384,22.0,66.7,False,4.2,False
TL011437,TR011437,DR0022,VH00116,2022-01-26,14.2,822.72,0.0,134,0,0,11506,2.5,0.0,False,4.3,False
TL011441,TR011441,DR0003,VH00017,2022-10-23,1440.2,12.96,121.2,174,90,111,371,729.9,0.0,False,4.0,False
TL011447,TR011447,DR0004,VH00008,2025-11-13,48.2,119.04,0.4,119,0,1,1078,8.1,42.7,False,4.4,False
TL011453,TR011453,DR0038,VH00057,2026-05-07,66.7,9.6,7.6,91,1,1,135,5.1,89.2,False,4.6,False
TL011454,TR011454,DR0047,VH00036,2022-05-05,14.0,47.76,0.3,142,0,0,699,3.1,64.1,False,3.8,False
TL011456,TR011456,DR0046,VH00043,2023-09-18,15.0,9.84,1.7,100,1,1,126,4.6,89.8,False,5.0,False
TL011457,TR011457,DR0004,VH00084,2025-08-24,56.8,22.32,2.8,171,0,0,311,7.1,82.3,False,3.4,False
TL011460,TR011460,DR0032,VH00058,2024-02-18,55.4,111.6,0.5,137,0,0,692,3.1,64.5,False,4.5,False
TL011465,TR011465,DR0043,VH00010,2023-10-17,366.2,6.24,64.0,137,4,2,56,26.4,81.3,False,4.7,False
TL011470,TR011470,DR0007,VH00052,2022-04-15,78.1,22.08,3.9,152,5,4,529,41.0,49.8,False,4.0,False
TL011471,TR011471,DR0021,VH00059,2025-06-08,1552.2,52.08,32.5,154,23,31,338,222.4,0.0,False,3.9,False
TL011475,TR011475,DR0003,VH00039,2025-06-02,366.1,6.24,64.0,130,27,19,74,115.7,2.1,False,4.0,False
TL011476,TR011476,DR0002,VH00032,2022-02-01,15.0,163.2,0.1,130,0,0,1700,5.5,13.3,False,4.5,False
TL011478,TR011478,DR0039,VH00017,2026-06-02,32.6,11.28,3.2,173,0,0,115,3.3,93.3,False,4.2,False
TL011479,TR011479,DR0026,VH00074,2024-01-02,11.8,10.56,1.2,118,0,0,123,2.0,93.2,False,3.8,False
TL011480,TR011480,DR0041,VH00059,2025-06-25,48.2,12.72,4.1,117,0,0,85,3.7,94.6,False,3.3,False
TL011481,TR011481,DR0059,VH00010,2026-02-12,17.7,15.36,1.3,83,0,0,110,3.3,93.5,False,4.1,False
TL011486,TR011486,DR0055,VH00016,2022-01-25,23.4,7.44,3.4,176,0,0,117,2.8,93.3,False,4.4,False
TL011490,TR011490,DR0049,VH00087,2024-11-14,1431.9,11.76,132.8,115,13,14,94,102.7,31.0,False,3.8,False
TL011491,TR011491,DR0022,VH00112,2026-05-28,1271.9,3.12,444.7,101,24,31,19,274.6,0.0,False,4.2,False
TL011495,TR011495,DR0020,VH00020,2025-01-15,63.1,10.32,6.7,176,1,1,63,5.2,92.8,False,5.0,False
TL011496,TR011496,DR0012,VH00091,2025-10-26,14.1,86.16,0.2,139,0,0,1438,3.7,27.0,False,3.6,False
TL011498,TR011498,DR0012,VH00057,2022-05-02,1244.5,50.16,27.1,161,59,56,752,200.8,0.0,False,4.9,False
TL011499,TR011499,DR0031,VH00005,2022-07-09,498.6,55.44,9.8,155,6,9,530,40.9,43.2,False,3.3,True
TL011502,TR011502,DR0033,VH00008,2025-06-08,1468.7,60.48,26.5,168,36,29,527,197.7,0.0,False,3.6,False
TL011503,TR011503,DR0028,VH00013,2024-09-07,1440.2,60.72,25.9,88,12,10,432,83.8,25.3,False,3.0,False
TL011505,TR011505,DR0049,VH00106,2026-06-28,40.6,7.68,5.8,146,0,0,55,1.9,96.7,False,3.6,False
TL011506,TR011506,DR0039,VH00056,2022-01-23,62.9,14.88,4.6,151,1,0,164,5.5,88.6,False,3.4,False
TL011507,TR011507,DR0032,VH00087,2023-06-02,398.5,8.16,53.3,135,3,2,26,25.1,84.7,False,4.8,False
TL011513,TR011513,DR0004,VH00114,2026-03-06,78.1,10.32,8.3,156,1,1,58,16.9,89.5,False,4.7,False
TL011515,TR011515,DR0047,VH00047,2022-10-21,167.3,77.52,2.4,109,4,2,457,31.1,59.8,False,4.2,False
TL011516,TR011516,DR0033,VH00024,2026-02-23,364.6,58.08,6.8,126,9,9,642,46.3,31.5,False,4.6,False
TL011519,TR011519,DR0012,VH00073,2024-06-25,1186.8,32.88,39.4,136,46,42,427,319.3,0.0,False,5.0,False
TL011523,TR011523,DR0059,VH00046,2024-04-24,1464.2,3.84,416.0,139,37,30,37,147.8,0.0,False,2.9,True
TL011524,TR011524,DR0043,VH00019,2026-06-07,1361.1,9.36,158.6,165,15,15,76,52.2,43.0,False,4.0,False
TL011527,TR011527,DR0052,VH00081,2026-06-24,257.2,107.04,2.6,135,1,0,242,5.5,84.8,False,3.7,False
TL011532,TR011532,DR0039,VH00111,2022-08-15,66.9,31.2,2.3,168,1,1,254,6.1,83.0,False,4.9,False
TL011537,TR011537,DR0033,VH00052,2026-06-03,18.1,37.44,0.5,112,0,0,481,1.9,75.4,False,4.1,False
TL011542,TR011542,DR0016,VH00018,2022-04-16,38.4,10.08,4.2,95,0,0,79,2.0,95.5,False,4.9,False
TL011544,TR011544,DR0024,VH00043,2023-12-27,1421.8,6.72,230.8,157,15,10,43,127.7,27.0,False,3.3,False
TL011545,TR011545,DR0022,VH00117,2022-01-06,30.4,22.56,1.5,91,0,0,334,2.4,82.6,False,4.3,False
TL011546,TR011546,DR0018,VH00038,2025-07-16,72.1,17.76,4.4,124,0,0,126,7.2,91.5,False,3.4,False
TL011547,TR011547,DR0048,VH00092,2024-06-13,134.3,24.0,6.1,138,0,0,106,3.1,93.8,False,4.2,False
TL011549,TR011549,DR0015,VH00057,2026-02-15,1440.2,28.8,54.6,178,21,26,213,249.2,0.0,False,4.0,False
TL011550,TR011550,DR0046,VH00061,2025-12-20,337.8,14.64,25.2,163,20,17,201,120.1,6.9,False,3.5,False
TL011552,TR011552,DR0059,VH00062,2024-02-02,1377.7,8.16,184.2,116,22,34,72,135.1,0.0,False,4.2,False
TL011553,TR011553,DR0017,VH00062,2024-06-03,21.9,21.6,1.1,147,0,0,151,3.0,91.5,False,3.5,False
TL011554,TR011554,DR0023,VH00073,2023-04-03,337.8,41.52,8.9,102,3,3,249,31.0,70.8,False,4.0,False
TL011555,TR011555,DR0011,VH00091,2025-07-24,1415.9,63.84,24.2,176,14,17,570,76.1,10.7,False,3.4,False
TL011559,TR011559,DR0029,VH00026,2024-11-29,11.5,8.4,1.5,176,0,0,123,2.4,93.1,False,4.0,False
TL011560,TR011560,DR0007,VH00102,2022-12-18,132.9,57.36,2.5,142,8,9,984,52.5,14.0,False,4.3,False
TL011568,TR011568,DR0054,VH00026,2022-10-14,46.8,20.16,2.5,119,0,0,140,2.9,92.1,False,3.9,False
TL011571,TR011571,DR0035,VH00020,2022-11-22,45.3,15.84,3.1,106,1,2,154,7.1,86.7,False,5.0,False
TL011574,TR011574,DR0057,VH00095,2025-04-03,40.0,9.12,4.8,126,0,0,25,1.7,98.2,False,3.5,False
TL011576,TR011576,DR0040,VH00037,2025-06-21,364.6,10.08,39.5,168,7,7,56,47.6,65.4,False,4.4,False
TL011578,TR011578,DR0002,VH00089,2023-11-16,1209.7,49.92,26.4,89,62,33,877,331.2,0.0,False,4.3,False
TL011580,TR011580,DR0059,VH00058,2026-06-17,12.8,21.12,0.7,104,0,0,298,1.5,84.6,False,4.4,False
TL011583,TR011583,DR0008,VH00088,2026-04-20,380.3,36.24,11.4,156,6,6,464,76.6,38.8,False,4.2,False
TL011584,TR011584,DR0017,VH00111,2022-12-16,14.5,59.28,0.3,166,0,0,811,1.2,59.1,False,4.0,False
TL011585,TR011585,DR0042,VH00102,2022-03-17,960.3,66.0,15.9,167,10,7,575,74.2,27.0,False,3.4,True
TL011588,TR011588,DR0029,VH00037,2024-12-15,42.8,117.6,0.4,120,0,0,1461,5.2,25.4,False,4.1,False
TL011593,TR011593,DR0019,VH00092,2025-03-21,23.4,185.28,0.1,97,0,0,4120,7.2,0.0,False,5.0,False
TL011594,TR011594,DR0005,VH00040,2023-11-09,543.0,99.12,6.0,150,5,6,361,43.9,55.3,False,5.0,False
TL011595,TR011595,DR0049,VH00017,2025-08-13,56.0,11.52,5.3,118,0,0,67,2.8,95.8,False,5.0,True
TL011597,TR011597,DR0015,VH00016,2023-09-21,337.8,48.96,7.5,148,4,5,574,34.4,50.0,False,4.7,True
TL011598,TR011598,DR0011,VH00053,2024-04-06,42.2,710.88,0.1,158,0,0,2644,3.2,0.0,False,4.5,False
TL011601,TR011601,DR0016,VH00065,2022-12-04,1440.2,36.48,43.1,169,10,11,180,146.0,21.2,False,3.0,False
TL011604,TR011604,DR0013,VH00116,2024-12-03,11.7,827.04,0.0,122,0,0,3176,0.5,0.0,False,4.8,False
TL011605,TR011605,DR0028,VH00056,2026-06-18,19.7,10.56,2.0,137,0,0,34,1.2,97.9,False,3.2,False
TL011608,TR011608,DR0043,VH00089,2022-05-13,1349.8,14.4,102.3,154,15,12,71,141.3,19.6,False,4.2,False
TL011609,TR011609,DR0057,VH00081,2026-02-28,40.6,232.32,0.2,97,0,0,998,1.1,49.8,False,4.2,False
TL011610,TR011610,DR0060,VH00054,2024-02-16,321.5,19.92,17.6,124,3,3,151,32.1,75.3,False,4.2,False
TL011611,TR011611,DR0048,VH00036,2023-04-15,543.0,48.72,12.2,81,2,1,197,11.4,82.7,False,4.4,False
TL011615,TR011615,DR0004,VH00078,2023-09-06,381.6,215.28,1.9,117,8,8,2521,36.8,0.0,False,5.0,False
TL011617,TR011617,DR0048,VH00028,2022-11-10,46.5,18.48,2.7,80,0,0,76,1.7,95.7,False,4.3,False
TL011618,TR011618,DR0041,VH00071,2025-08-06,55.2,95.52,0.6,117,0,0,838,2.1,57.5,False,4.1,False
TL011619,TR011619,DR0010,VH00091,2023-02-22,37.0,17.76,2.3,135,0,0,151,1.7,91.9,False,4.7,False
TL011621,TR011621,DR0007,VH00112,2026-06-18,1552.2,76.32,22.2,156,117,111,971,513.4,0.0,False,4.6,False
TL011623,TR011623,DR0021,VH00047,2024-10-04,78.7,11.04,7.8,178,1,1,90,9.5,90.2,False,4.7,False
TL011625,TR011625,DR0043,VH00019,2026-05-15,72.2,68.16,1.2,158,0,0,467,6.3,74.8,False,3.6,False
TL011628,TR011628,DR0059,VH00114,2022-05-14,125.8,69.12,2.0,178,2,2,1003,24.6,37.5,False,3.5,False
TL011630,TR011630,DR0016,VH00028,2026-01-07,1534.7,13.92,120.3,168,18,13,63,109.9,23.9,False,4.1,False
TL011633,TR011633,DR0013,VH00065,2023-06-05,48.1,12.96,4.0,118,0,0,46,3.0,96.8,False,3.5,False
TL011634,TR011634,DR0049,VH00061,2022-08-05,79.0,19.92,4.3,119,0,0,136,6.6,91.2,False,4.8,False
TL011639,TR011639,DR0042,VH00106,2022-01-22,12.0,43.44,0.3,130,0,0,382,1.2,80.5,False,4.7,False
TL011642,TR011642,DR0008,VH00025,2022-03-28,15.3,66.96,0.2,117,0,0,772,1.3,61.0,False,4.7,False
TL011643,TR011643,DR0024,VH00047,2022-03-10,66.8,7.44,9.8,174,0,0,42,3.7,96.8,False,4.6,False
TL011644,TR011644,DR0044,VH00064,2026-04-28,1432.2,32.88,47.5,137,35,23,310,287.5,0.0,False,3.9,False
TL011649,TR011649,DR0044,VH00062,2025-05-24,364.6,70.56,5.6,125,6,8,800,41.8,30.5,False,4.3,False
TL011650,TR011650,DR0040,VH00015,2026-02-14,386.7,10.8,39.1,110,8,6,84,61.0,59.5,False,4.7,False
TL011660,TR011660,DR0019,VH00053,2022-08-25,77.6,18.24,4.6,152,2,3,287,19.1,73.9,False,3.5,False
TL011661,TR011661,DR0051,VH00059,2026-04-14,70.5,158.64,0.5,113,1,1,1424,9.5,23.4,False,3.2,False
TL011665,TR011665,DR0058,VH00007,2022-03-23,1264.0,11.28,122.2,106,26,28,131,180.7,0.0,False,3.4,False
TL011669,TR011669,DR0055,VH00104,2022-08-03,10.9,3.84,3.1,180,0,0,25,1.7,98.2,False,4.0,False
TL011670,TR011670,DR0059,VH00021,2023-06-02,936.4,66.72,15.3,117,14,14,957,70.7,0.0,False,4.4,False
TL011674,TR011674,DR0047,VH00069,2026-03-19,1468.7,54.0,29.7,117,32,33,453,254.8,0.0,False,4.1,False
TL011675,TR011675,DR0054,VH00018,2026-03-23,31.4,10.32,3.3,179,0,0,85,2.1,95.1,False,4.3,False
TL011680,TR011680,DR0023,VH00068,2023-07-05,190.7,46.08,4.5,143,2,1,189,12.4,82.8,False,4.0,False
TL011681,TR011681,DR0053,VH00034,2024-05-19,41.7,15.36,3.0,100,0,0,85,4.3,94.5,False,4.7,False
TL011686,TR011686,DR0017,VH00011,2025-03-23,41.3,17.04,2.6,124,0,0,198,7.0,88.0,False,3.9,False
TL011687,TR011687,DR0051,VH00005,2024-05-25,73.1,63.36,1.3,115,1,1,862,9.9,51.4,False,4.2,False
TL011688,TR011688,DR0046,VH00078,2026-01-02,498.6,64.32,8.5,133,30,38,1278,195.5,0.0,False,4.4,False
TL011691,TR011691,DR0042,VH00104,2026-02-06,337.8,3.84,96.0,140,3,2,23,14.3,88.1,False,3.3,False
TL011693,TR011693,DR0036,VH00007,2025-06-08,14.8,39.36,0.4,83,0,0,548,2.8,71.8,False,4.2,False
TL011698,TR011698,DR0053,VH00087,2026-02-27,404.3,673.2,0.7,81,5,3,3942,34.9,0.0,False,4.5,False
TL011700,TR011700,DR0010,VH00052,2026-05-19,38.4,7.2,5.8,170,0,0,28,1.9,98.0,False,4.1,False
TL011706,TR011706,DR0049,VH00037,2026-02-01,36.1,8.16,4.8,139,0,0,36,3.6,97.1,False,3.6,False
TL011708,TR011708,DR0033,VH00039,2024-01-01,66.0,3.36,21.4,117,1,0,23,7.8,95.0,False,4.2,False
TL011709,TR011709,DR0012,VH00056,2026-01-15,1440.2,27.36,57.4,180,64,38,643,333.7,0.0,False,4.6,False
TL011710,TR011710,DR0054,VH00034,2026-01-18,76.1,42.0,2.0,149,0,0,197,3.9,89.0,False,4.5,False
TL011713,TR011713,DR0059,VH00078,2024-12-19,337.8,33.6,11.0,112,5,4,508,45.4,49.5,False,3.9,False
TL011715,TR011715,DR0054,VH00069,2023-02-11,23.7,15.12,1.7,109,0,0,96,1.5,94.8,False,4.9,False
TL011718,TR011718,DR0035,VH00024,2026-04-26,14.3,8.16,1.9,158,0,0,177,2.6,90.4,False,4.0,False
TL011719,TR011719,DR0056,VH00065,2026-03-25,26.1,14.64,1.9,162,0,0,69,2.2,95.9,False,4.4,False
TL011720,TR011720,DR0011,VH00026,2023-06-08,32.4,21.12,1.7,82,0,0,142,2.4,92.2,False,4.8,False
TL011722,TR011722,DR0019,VH00118,2022-08-11,72.9,14.4,5.5,171,3,2,343,23.9,69.2,False,4.3,False
TL011723,TR011723,DR0039,VH00025,2022-06-15,42.1,18.72,2.5,171,0,0,206,7.7,87.4,False,4.5,False
TL011724,TR011724,DR0040,VH00004,2025-04-14,337.8,48.48,7.6,151,8,6,337,45.8,51.4,False,3.4,False
TL011725,TR011725,DR0042,VH00048,2025-10-20,498.6,50.64,10.7,111,4,5,240,46.8,63.0,False,3.9,False
TL011729,TR011729,DR0034,VH00016,2024-06-07,378.7,14.88,27.8,149,7,8,179,63.7,53.4,False,4.8,False
TL011730,TR011730,DR0019,VH00057,2022-11-17,936.4,67.44,15.1,141,33,28,632,231.0,0.0,False,3.8,False
TL011731,TR011731,DR0040,VH00048,2026-03-21,74.9,13.68,6.0,171,1,1,170,8.5,86.5,False,4.4,True
TL011733,TR011733,DR0018,VH00005,2024-05-19,40.2,10.56,4.2,164,0,0,87,2.6,94.9,False,4.4,False
TL011735,TR011735,DR0008,VH00069,2023-08-05,39.7,206.88,0.2,99,0,0,1117,6.8,42.1,False,4.2,False
TL011737,TR011737,DR0042,VH00036,2023-08-17,68.0,95.28,0.8,169,0,0,399,5.0,78.5,False,3.8,False
TL011738,TR011738,DR0022,VH00099,2025-05-19,170.6,2.64,70.5,171,2,3,14,36.2,82.4,False,3.2,False
TL011739,TR011739,DR0059,VH00052,2023-09-06,960.3,63.12,16.6,93,20,20,939,215.1,0.0,False,4.7,False
TL011740,TR011740,DR0042,VH00114,2022-11-26,15.2,34.56,0.5,168,0,0,161,0.6,91.8,False,2.9,False
TL011742,TR011742,DR0031,VH00114,2023-05-04,30.4,20.16,1.6,109,0,0,132,5.0,91.9,False,3.4,False
TL011746,TR011746,DR0003,VH00028,2023-11-26,55.4,24.0,2.5,154,4,3,356,11.7,69.7,False,4.3,False
TL011748,TR011748,DR0005,VH00020,2024-10-10,118.2,43.92,2.9,172,1,1,312,11.8,78.4,False,4.2,False
TL011753,TR011753,DR0040,VH00114,2026-03-03,404.3,4.08,108.1,92,10,7,31,57.5,59.2,False,4.6,False
TL011756,TR011756,DR0056,VH00084,2025-07-27,543.0,126.0,4.7,121,4,5,430,28.5,59.0,False,3.2,False
TL011761,TR011761,DR0019,VH00028,2025-06-25,960.3,48.0,21.8,134,49,39,555,168.5,0.0,False,4.6,False
TL011762,TR011762,DR0054,VH00039,2023-12-17,392.2,10.56,40.5,105,3,3,78,28.9,79.9,False,3.6,False
TL011764,TR011764,DR0042,VH00046,2022-04-19,337.8,36.48,10.1,111,3,3,265,12.4,75.5,False,4.1,False
TL011765,TR011765,DR0036,VH00041,2022-12-24,75.2,126.48,0.6,148,1,1,1232,9.6,33.0,False,3.6,False
TL011774,TR011774,DR0051,VH00092,2022-06-04,1552.0,66.48,25.5,163,25,30,625,250.8,0.0,False,3.7,False
TL011775,TR011775,DR0055,VH00065,2024-07-07,71.1,63.36,1.2,86,1,1,1008,6.0,45.3,False,3.5,False
TL011777,TR011777,DR0051,VH00112,2022-09-13,1199.1,99.36,13.2,112,29,30,553,176.6,0.0,False,4.4,False
TL011779,TR011779,DR0049,VH00080,2023-01-21,404.3,6.0,73.5,152,4,3,39,26.2,81.2,False,4.9,False
TL011780,TR011780,DR0052,VH00117,2026-02-02,393.8,75.36,5.7,150,1,1,269,8.4,81.5,False,4.1,False
TL011782,TR011782,DR0034,VH00106,2023-09-20,900.7,2.64,372.2,110,17,18,34,85.3,29.2,False,3.9,False
TL011783,TR011783,DR0059,VH00112,2025-08-08,543.0,9.12,65.0,103,12,12,99,114.0,30.9,False,3.4,False
TL011784,TR011784,DR0032,VH00065,2025-09-15,10.4,55.68,0.2,163,0,0,383,0.7,80.6,False,2.9,False
TL011786,TR011786,DR0021,VH00024,2026-06-05,1240.7,19.92,67.9,129,18,30,234,133.1,0.0,False,3.6,False
TL011789,TR011789,DR0010,VH00054,2024-06-08,11.8,21.6,0.6,126,0,0,97,0.9,94.9,False,5.0,False
TL011790,TR011790,DR0049,VH00037,2026-02-20,337.8,48.24,7.6,96,2,2,388,21.8,69.1,False,4.4,False
TL011794,TR011794,DR0002,VH00061,2023-08-13,56.1,16.08,3.8,133,2,1,221,9.5,82.1,False,3.3,False
TL011797,TR011797,DR0053,VH00061,2023-12-11,34.8,10.08,3.8,89,0,0,88,1.5,95.1,False,5.0,False
TL011800,TR011800,DR0058,VH00117,2026-02-07,15.2,196.8,0.1,105,0,0,3149,1.3,0.0,False,4.5,False
TL011802,TR011802,DR0049,VH00063,2026-01-27,257.2,6.48,43.3,129,2,2,58,15.0,87.6,False,4.8,True
TL011803,TR011803,DR0046,VH00054,2022-11-23,900.7,36.24,27.1,104,51,38,966,324.6,0.0,False,4.7,False
TL011811,TR011811,DR0020,VH00094,2026-04-24,25.3,14.4,1.9,179,0,0,204,3.1,88.9,False,5.0,False
TL011813,TR011813,DR0024,VH00043,2025-09-13,32.3,30.24,1.2,160,0,0,93,1.6,94.9,False,4.4,False
TL011814,TR011814,DR0008,VH00019,2023-03-06,525.5,20.64,27.8,176,12,12,113,45.4,50.7,False,4.4,False
TL011821,TR011821,DR0028,VH00068,2024-06-20,386.7,52.32,8.1,162,4,4,459,35.2,56.5,False,4.0,False
TL011823,TR011823,DR0017,VH00052,2024-10-02,364.6,55.68,7.1,106,8,5,861,59.9,22.0,False,4.5,False
TL011826,TR011826,DR0026,VH00119,2022-03-28,18.5,46.08,0.4,139,0,0,596,3.1,69.3,False,4.4,False
TL011830,TR011830,DR0026,VH00074,2024-12-18,29.3,153.84,0.2,130,1,0,2648,7.5,0.0,False,4.2,False
TL011832,TR011832,DR0012,VH00074,2026-01-07,65.4,42.48,1.7,100,3,1,463,24.0,64.1,False,3.5,False
TL011833,TR011833,DR0028,VH00078,2026-04-18,118.1,66.48,1.9,117,0,1,376,7.8,77.9,False,3.7,False
TL011834,TR011834,DR0008,VH00013,2026-05-17,45.6,21.84,2.3,117,1,0,131,7.5,89.7,False,5.0,False
TL011835,TR011835,DR0056,VH00039,2026-06-20,37.4,50.64,0.8,89,0,0,337,3.8,82.0,False,4.0,False
TL011836,TR011836,DR0041,VH00011,2026-05-12,46.9,190.56,0.3,121,0,0,645,3.0,66.8,False,3.7,False
TL011841,TR011841,DR0024,VH00056,2022-11-08,61.0,10.56,6.3,144,0,0,31,3.5,97.4,False,4.6,False
TL011842,TR011842,DR0017,VH00032,2022-08-06,38.2,161.76,0.3,166,0,0,1126,5.3,42.1,False,4.0,False
TL011844,TR011844,DR0009,VH00087,2023-07-24,1440.2,57.6,27.3,127,4,7,233,32.2,65.7,False,5.0,False
TL011847,TR011847,DR0048,VH00054,2025-06-02,64.9,830.16,0.1,146,0,0,1678,2.4,15.4,False,5.0,False
TL011849,TR011849,DR0011,VH00059,2026-01-27,36.4,231.84,0.2,103,0,0,1202,2.3,39.2,False,3.3,False
TL011851,TR011851,DR0053,VH00020,2023-08-06,42.1,10.56,4.3,137,0,0,44,2.6,97.0,False,3.9,False
TL011853,TR011853,DR0010,VH00034,2025-07-26,1397.9,56.64,26.9,110,10,16,431,64.0,28.3,False,3.7,False
TL011854,TR011854,DR0042,VH00042,2024-05-22,10.1,19.68,0.6,130,0,0,108,0.5,94.4,False,4.3,False
TL011857,TR011857,DR0056,VH00119,2022-04-12,68.6,228.96,0.3,109,0,0,884,5.9,54.0,False,4.8,False
TL011859,TR011859,DR0027,VH00119,2026-05-02,1552.0,32.64,51.9,103,14,11,277,123.0,17.2,False,4.9,False
TL011861,TR011861,DR0017,VH00036,2022-09-02,37.9,208.56,0.2,91,0,0,2424,6.3,0.0,False,4.0,False
TL011862,TR011862,DR0015,VH00091,2025-04-21,900.7,55.44,17.7,127,13,22,518,186.9,0.0,False,5.0,False
TL011867,TR011867,DR0010,VH00024,2024-02-09,337.8,13.92,26.5,142,3,3,121,21.4,80.0,False,3.3,False
TL011868,TR011868,DR0029,VH00024,2023-07-03,12.4,142.32,0.1,142,0,0,1460,2.7,26.2,False,3.5,False
TL011869,TR011869,DR0036,VH00026,2026-05-04,1223.5,9.84,135.6,168,23,18,73,239.0,0.0,False,3.3,False
TL011878,TR011878,DR0057,VH00019,2023-04-16,72.6,117.84,0.7,81,0,0,282,2.2,85.2,False,4.0,False
TL011882,TR011882,DR0037,VH00043,2024-05-25,132.4,24.0,6.0,85,2,2,189,29.2,76.8,False,4.3,False
TL011884,TR011884,DR0027,VH00118,2025-11-27,1468.7,47.28,33.9,147,11,14,391,153.1,4.0,False,4.4,False
TL011885,TR011885,DR0060,VH00056,2025-04-24,37.4,21.84,1.9,173,0,0,118,2.8,93.3,False,5.0,False
TL011886,TR011886,DR0035,VH00025,2025-12-21,257.2,71.76,3.9,82,7,6,1296,50.4,3.6,False,5.0,False
TL011887,TR011887,DR0023,VH00057,2024-11-24,125.8,16.32,8.4,143,1,1,64,10.3,91.2,False,4.4,False
TL011889,TR011889,DR0023,VH00039,2023-11-24,28.3,50.64,0.6,172,0,0,211,1.2,89.1,False,4.1,False
TL011893,TR011893,DR0044,VH00115,2023-11-05,1392.3,18.0,84.4,161,33,27,107,212.9,0.0,False,5.0,False
TL011895,TR011895,DR0053,VH00112,2023-09-25,337.8,8.88,41.5,149,2,3,66,13.1,86.8,False,4.9,False
TL011898,TR011898,DR0024,VH00022,2024-07-09,64.1,12.24,5.7,145,0,0,74,3.7,95.2,False,3.2,False
TL011899,TR011899,DR0056,VH00088,2026-04-06,379.7,9.12,45.4,120,2,3,60,32.7,81.2,False,4.5,False
TL011900,TR011900,DR0008,VH00011,2025-11-21,48.8,19.2,2.8,163,0,1,183,7.2,87.7,False,4.8,False
TL011901,TR011901,DR0037,VH00062,2022-04-05,1275.1,132.0,10.5,173,30,28,1076,197.3,0.0,False,4.6,False
TL011902,TR011902,DR0016,VH00032,2024-12-28,40.1,16.8,2.6,149,0,0,131,2.1,92.8,False,4.5,False
TL011907,TR011907,DR0021,VH00110,2022-06-05,18.7,237.84,0.1,94,0,0,2356,1.5,0.0,False,2.6,False
TL011908,TR011908,DR0004,VH00042,2026-05-13,392.1,11.76,36.4,83,10,10,179,80.0,42.0,False,4.5,False
TL011909,TR011909,DR0029,VH00094,2023-08-28,1260.3,41.04,33.5,176,28,20,587,199.2,0.0,False,4.5,True
TL011910,TR011910,DR0021,VH00104,2026-01-11,10.3,60.24,0.2,86,0,0,803,1.0,59.5,False,4.9,False
TL011911,TR011911,DR0034,VH00004,2024-12-20,15.4,12.96,1.3,100,0,0,177,2.6,90.4,False,4.3,False
TL011912,TR011912,DR0003,VH00064,2023-01-07,134.4,61.68,2.4,130,11,8,1226,46.4,0.3,False,2.8,False
TL011913,TR011913,DR0023,VH00040,2025-06-11,164.8,9.84,18.3,89,1,1,69,12.0,90.5,False,4.6,False
TL011917,TR011917,DR0019,VH00091,2023-03-04,1437.5,82.56,19.0,143,50,55,1606,392.6,0.0,False,3.3,False
TL011918,TR011918,DR0008,VH00057,2026-01-18,72.5,17.76,4.5,146,1,1,100,6.3,90.6,False,4.0,False
TL011919,TR011919,DR0059,VH00041,2026-04-16,177.3,5.76,33.6,127,4,4,68,14.1,82.4,False,5.0,False
TL011921,TR011921,DR0024,VH00021,2025-04-25,1218.6,66.0,20.1,144,10,10,378,96.8,27.1,False,3.7,False
TL011922,TR011922,DR0011,VH00005,2026-02-05,18.1,219.6,0.1,119,0,0,1031,1.0,48.1,False,4.1,False
TL011924,TR011924,DR0011,VH00061,2022-12-03,54.0,15.12,3.9,107,0,0,97,2.1,94.5,False,5.0,False
TL011929,TR011929,DR0024,VH00043,2022-09-07,128.7,41.76,3.4,89,1,1,215,9.7,83.8,False,4.8,False
TL011931,TR011931,DR0003,VH00118,2025-08-28,1361.9,93.6,15.9,84,86,75,2193,546.1,0.0,False,4.9,False
TL011934,TR011934,DR0010,VH00052,2024-05-14,936.4,36.24,28.2,118,12,6,300,60.8,42.8,False,4.2,False
TL011936,TR011936,DR0036,VH00054,2024-08-19,364.6,50.88,7.8,174,5,9,560,51.7,40.0,False,3.2,False
TL011937,TR011937,DR0055,VH00073,2022-10-27,1468.7,68.64,23.3,84,29,38,609,224.4,0.0,False,3.7,False
TL011940,TR011940,DR0060,VH00102,2022-03-28,337.8,10.32,35.7,99,2,2,38,13.4,89.1,False,4.4,False
TL011941,TR011941,DR0009,VH00094,2026-03-20,1258.9,23.76,57.8,120,5,5,47,28.0,76.8,False,4.4,False
TL011942,TR011942,DR0057,VH00116,2025-11-11,498.6,12.72,42.8,93,2,2,22,21.3,87.5,False,4.1,False
TL011944,TR011944,DR0015,VH00028,2023-03-25,1398.8,10.8,141.3,109,20,35,76,269.6,0.0,False,4.6,False
TL011947,TR011947,DR0021,VH00116,2026-05-13,936.4,33.6,30.4,154,19,21,303,89.7,8.4,False,3.4,True
TL011953,TR011953,DR0022,VH00043,2022-03-20,323.1,65.04,5.4,80,6,5,418,70.2,44.0,False,3.9,False
TL011956,TR011956,DR0015,VH00119,2025-12-28,18.9,7.2,2.9,160,0,0,43,2.1,97.2,False,4.4,False
TL011958,TR011958,DR0025,VH00080,2022-04-01,72.0,39.12,2.0,113,1,1,528,7.6,68.8,False,4.2,False
TL011961,TR011961,DR0011,VH00104,2023-06-05,362.5,11.52,34.3,82,3,2,50,33.0,81.1,False,5.0,False
TL011963,TR011963,DR0059,VH00026,2026-05-09,23.3,10.56,2.4,157,0,0,84,3.5,94.8,False,3.4,False
TL011964,TR011964,DR0060,VH00087,2022-05-08,18.9,34.56,0.6,173,0,0,195,1.4,89.8,False,3.7,False
TL011966,TR011966,DR0032,VH00069,2026-06-07,71.6,10.8,7.2,94,0,0,55,7.3,95.1,False,3.6,False
TL011967,TR011967,DR0012,VH00004,2026-06-16,1468.7,24.0,66.8,133,51,38,542,355.3,0.0,False,4.0,False
TL011971,TR011971,DR0043,VH00119,2025-06-13,374.4,9.84,41.5,171,4,2,85,31.1,78.4,False,3.2,True
TL011972,TR011972,DR0017,VH00118,2025-06-18,59.6,19.92,3.3,160,1,0,299,5.5,81.9,False,4.8,False
TL011974,TR011974,DR0002,VH00061,2023-04-13,395.6,11.52,37.5,106,12,16,157,93.0,30.2,False,4.2,False
TL011976,TR011976,DR0025,VH00118,2025-11-24,386.7,56.64,7.4,147,5,9,849,34.4,30.7,False,4.4,False
TL011978,TR011978,DR0005,VH00104,2026-02-06,20.8,8.64,2.6,133,0,0,67,0.8,96.4,False,4.4,False
TL011980,TR011980,DR0024,VH00069,2022-10-21,18.7,688.08,0.0,162,0,0,6107,1.4,0.0,False,4.2,False
TL011981,TR011981,DR0016,VH00020,2023-12-15,49.1,805.92,0.1,104,0,0,6784,2.2,0.0,False,3.3,False
TL011982,TR011982,DR0039,VH00015,2022-04-04,39.5,30.48,1.4,89,0,0,447,7.8,75.3,False,2.6,False
TL011986,TR011986,DR0027,VH00059,2024-01-15,25.3,59.76,0.5,97,0,0,223,1.4,88.4,False,4.6,False
TL011988,TR011988,DR0002,VH00042,2026-06-27,323.1,3.84,91.8,178,9,11,51,87.1,46.8,False,4.8,False
TL011991,TR011991,DR0016,VH00016,2023-12-08,51.9,18.48,3.1,150,0,0,62,2.0,96.3,False,4.6,False
TL011992,TR011992,DR0049,VH00048,2023-06-20,74.1,152.64,0.5,96,0,0,901,6.5,53.0,False,3.9,False
TL011994,TR011994,DR0055,VH00004,2022-07-19,1379.3,9.36,160.8,132,22,20,76,268.7,0.0,False,4.7,False
TL012000,TR012000,DR0016,VH00037,2022-07-01,1250.2,140.16,9.7,98,12,13,1243,62.0,0.0,False,4.0,False
TL012001,TR012001,DR0038,VH00047,2026-02-01,54.4,10.32,5.8,148,0,0,93,4.1,94.1,False,5.0,False
TL012003,TR012003,DR0058,VH00018,2024-12-17,37.7,13.2,3.1,150,0,0,162,5.3,90.3,False,3.6,False
TL012006,TR012006,DR0012,VH00081,2025-10-19,441.7,45.36,10.6,81,12,14,990,96.6,0.0,False,4.3,False
TL012008,TR012008,DR0055,VH00043,2024-03-04,27.3,730.32,0.0,96,0,0,5471,2.5,0.0,False,3.3,False
TL012010,TR012010,DR0020,VH00017,2022-11-16,118.3,57.36,2.2,127,2,2,312,9.4,76.6,False,3.1,False
TL012011,TR012011,DR0011,VH00018,2024-06-09,1397.9,63.36,24.1,99,15,15,240,74.2,28.2,False,3.9,False
TL012012,TR012012,DR0054,VH00036,2025-02-24,1270.1,70.32,19.7,90,10,12,239,52.4,45.3,False,4.4,False
TL012014,TR012014,DR0051,VH00116,2026-03-20,45.9,47.76,1.0,99,0,1,443,8.3,74.4,False,4.6,False
TL012015,TR012015,DR0057,VH00087,2026-02-16,543.0,51.84,11.4,101,2,2,97,16.6,85.2,False,4.5,False
TL012017,TR012017,DR0024,VH00004,2023-06-04,28.9,96.0,0.3,82,0,0,409,1.1,79.2,False,4.1,False
TL012020,TR012020,DR0017,VH00022,2024-10-24,960.3,31.68,33.1,178,22,23,414,80.4,0.0,False,4.3,False
TL012021,TR012021,DR0060,VH00094,2026-04-13,47.1,181.92,0.3,100,0,0,734,1.9,62.7,False,4.1,False
TL012023,TR012023,DR0056,VH00034,2024-08-23,273.7,106.56,2.8,142,2,2,345,19.9,71.8,False,3.7,False
TL012024,TR012024,DR0036,VH00095,2025-08-01,337.8,838.56,0.4,132,6,7,5109,57.9,0.0,False,4.6,True
TL012027,TR012027,DR0034,VH00018,2022-09-18,18.6,62.16,0.3,87,0,0,560,2.2,71.3,False,4.6,False
TL012029,TR012029,DR0041,VH00078,2026-06-17,63.0,31.2,2.2,88,0,0,280,4.7,84.6,False,5.0,False
TL012030,TR012030,DR0029,VH00088,2026-05-27,1198.2,4.8,272.3,151,30,19,44,251.8,0.0,False,4.3,False
TL012032,TR012032,DR0060,VH00023,2023-10-04,54.0,217.68,0.3,169,0,0,1818,4.7,7.7,False,3.8,False
TL012033,TR012033,DR0032,VH00092,2025-02-13,337.8,65.04,5.7,151,4,3,396,34.1,61.0,False,4.7,False
TL012036,TR012036,DR0058,VH00010,2024-05-26,65.2,8.4,8.5,82,0,1,114,11.3,89.9,False,4.8,False
TL012038,TR012038,DR0015,VH00112,2024-10-17,47.8,120.48,0.4,153,0,0,764,7.5,59.5,False,4.6,False
TL012041,TR012041,DR0032,VH00048,2023-07-15,1468.9,41.04,39.0,94,14,17,346,122.3,8.0,False,4.3,False
TL012043,TR012043,DR0056,VH00013,2023-02-04,79.0,12.48,6.9,142,0,0,53,5.0,95.8,False,5.0,False
TL012049,TR012049,DR0026,VH00038,2024-11-14,16.8,16.56,1.1,156,0,0,252,2.9,86.5,False,4.1,False
TL012057,TR012057,DR0037,VH00102,2023-09-03,1534.7,69.12,24.2,117,29,32,1115,208.2,0.0,False,4.1,False
TL012059,TR012059,DR0020,VH00044,2026-01-17,21.1,137.04,0.2,166,0,0,828,3.2,57.6,False,4.3,False
TL012060,TR012060,DR0039,VH00010,2023-11-17,1397.9,68.16,22.4,154,24,21,573,258.7,0.0,False,5.0,False
TL012067,TR012067,DR0036,VH00117,2024-08-07,70.2,21.36,3.6,103,1,1,179,14.9,84.1,False,5.0,False
TL012068,TR012068,DR0047,VH00078,2026-06-04,14.8,26.4,0.6,180,0,0,152,3.0,91.5,False,3.9,False
TL012071,TR012071,DR0016,VH00116,2025-11-16,1231.7,45.12,29.8,116,14,15,174,61.8,36.8,False,5.0,False
TL012072,TR012072,DR0019,VH00038,2026-05-11,32.5,97.92,0.4,96,1,0,2189,11.3,0.0,False,4.0,False
TL012076,TR012076,DR0046,VH00112,2026-02-18,936.4,65.04,15.7,123,65,61,1969,531.5,0.0,False,4.1,False
TL012077,TR012077,DR0012,VH00038,2026-02-24,1219.2,8.88,149.8,94,47,46,176,165.0,0.0,False,5.0,False
TL012079,TR012079,DR0037,VH00051,2022-02-22,58.3,169.68,0.4,155,1,1,2099,4.4,0.0,False,4.8,False
TL012082,TR012082,DR0055,VH00116,2025-11-03,70.2,42.96,1.8,112,1,1,654,13.5,60.8,False,4.3,False
TL012083,TR012083,DR0046,VH00078,2025-08-14,1191.8,89.52,14.5,112,104,61,2692,580.0,0.0,False,4.0,False
TL012085,TR012085,DR0035,VH00036,2026-04-10,1231.7,54.48,24.7,114,48,34,1348,386.8,0.0,False,2.9,False
TL012086,TR012086,DR0016,VH00020,2025-05-25,15.5,774.48,0.0,165,0,0,3526,1.1,0.0,False,3.2,False
TL012089,TR012089,DR0027,VH00071,2025-09-21,12.9,203.28,0.1,130,0,0,1420,0.6,28.8,False,4.0,False
TL012091,TR012091,DR0058,VH00019,2023-05-19,77.2,54.24,1.6,129,1,1,566,12.0,65.6,False,4.3,False
TL012094,TR012094,DR0060,VH00017,2025-12-03,381.8,11.76,35.4,95,3,2,85,16.9,84.2,False,4.0,False
TL012095,TR012095,DR0012,VH00036,2024-03-28,16.5,23.28,0.8,155,0,0,209,5.1,88.0,False,5.0,False
TL012096,TR012096,DR0059,VH00081,2025-11-05,30.3,40.56,0.8,161,0,0,221,3.1,88.0,False,4.3,False
TL012100,TR012100,DR0040,VH00069,2022-11-26,19.5,10.08,2.1,180,0,0,147,2.4,91.9,False,3.9,True
TL012104,TR012104,DR0047,VH00065,2025-11-24,116.4,132.96,1.0,171,2,2,1773,10.9,3.1,False,4.8,False
TL012106,TR012106,DR0016,VH00005,2023-12-07,1384.7,10.56,143.0,162,10,15,65,65.4,47.1,False,4.3,False
TL012107,TR012107,DR0029,VH00034,2023-10-25,25.3,11.52,2.4,169,0,0,166,4.4,90.4,False,4.3,False
TL012109,TR012109,DR0008,VH00046,2024-07-26,49.3,11.52,4.7,138,1,1,112,8.5,89.4,False,4.4,False
TL012113,TR012113,DR0022,VH00110,2024-08-09,1250.1,58.8,23.2,112,21,18,501,221.6,0.0,False,3.9,False
TL012114,TR012114,DR0025,VH00008,2026-05-01,73.3,16.32,4.9,155,1,1,261,8.8,81.8,False,3.4,False
TL012120,TR012120,DR0055,VH00015,2022-07-07,70.3,13.92,5.5,87,1,1,151,15.3,85.4,False,3.9,False
TL012121,TR012121,DR0025,VH00106,2023-07-26,22.3,12.48,1.9,113,0,0,166,3.6,90.6,False,5.0,False
TL012123,TR012123,DR0048,VH00071,2023-02-18,367.0,3.6,111.2,145,1,1,7,6.2,95.3,False,4.1,False
TL012124,TR012124,DR0035,VH00044,2024-02-21,14.7,716.64,0.0,166,0,0,10486,3.4,0.0,False,3.7,False
TL012125,TR012125,DR0038,VH00013,2026-01-23,44.0,7.2,6.7,172,0,1,50,7.6,94.2,False,4.0,False
TL012127,TR012127,DR0010,VH00011,2025-07-22,404.3,35.28,12.5,90,3,4,225,32.2,70.6,False,3.0,False
TL012128,TR012128,DR0037,VH00020,2026-04-26,44.7,11.28,4.3,166,0,0,84,4.0,94.6,False,3.9,False
TL012131,TR012131,DR0057,VH00063,2024-08-08,543.0,29.28,20.2,125,2,2,52,23.7,85.3,False,4.0,False
TL012134,TR012134,DR0054,VH00069,2023-07-05,176.9,11.52,16.8,111,1,1,93,11.9,89.3,False,5.0,False
TL012141,TR012141,DR0057,VH00064,2022-01-13,28.1,92.64,0.3,103,0,0,207,0.5,89.5,False,3.6,False
TL012142,TR012142,DR0015,VH00004,2026-04-03,1179.2,10.32,124.7,112,30,20,111,239.8,0.0,False,4.1,False
TL012145,TR012145,DR0042,VH00051,2022-08-19,74.1,41.52,1.9,151,0,0,309,4.9,83.1,False,4.5,False
TL012147,TR012147,DR0008,VH00111,2023-09-08,17.0,39.12,0.5,97,0,0,509,3.0,73.6,False,3.3,False
TL012151,TR012151,DR0053,VH00041,2025-11-16,39.2,9.12,4.7,131,0,0,63,2.5,96.1,False,4.1,False
TL012152,TR012152,DR0058,VH00005,2025-04-17,337.8,66.72,5.5,160,6,7,712,26.2,40.5,False,4.5,False
TL012154,TR012154,DR0055,VH00007,2025-12-10,71.8,38.88,2.0,158,1,1,588,10.7,64.9,False,4.7,False
TL012157,TR012157,DR0024,VH00056,2026-05-16,43.7,20.64,2.3,132,0,0,138,1.7,92.6,False,4.3,False
TL012160,TR012160,DR0037,VH00054,2024-10-26,21.3,102.48,0.2,157,0,0,1198,3.6,39.0,False,4.2,False
TL012165,TR012165,DR0029,VH00106,2025-10-25,35.8,16.32,2.4,153,0,0,168,6.5,89.6,False,4.3,False
TL012166,TR012166,DR0028,VH00020,2026-03-08,224.2,8.88,27.5,133,2,2,74,12.4,87.6,False,4.5,False
TL012168,TR012168,DR0060,VH00087,2022-07-24,17.2,8.4,2.2,142,0,0,61,0.9,96.7,False,3.8,False
TL012169,TR012169,DR0010,VH00021,2023-11-14,337.8,13.92,26.5,175,2,3,109,35.4,77.9,False,4.0,False
TL012171,TR012171,DR0033,VH00074,2023-01-16,165.3,13.92,13.0,88,4,3,150,33.8,73.4,False,4.9,True
TL012175,TR012175,DR0056,VH00065,2023-01-23,378.9,7.2,57.4,150,2,3,48,14.4,87.3,False,5.0,False
TL012176,TR012176,DR0047,VH00025,2023-02-06,46.8,65.28,0.8,164,1,0,527,9.6,69.3,False,5.0,False
TL012177,TR012177,DR0032,VH00038,2025-08-02,46.2,32.4,1.6,136,0,0,280,3.3,85.0,False,4.3,False
TL012179,TR012179,DR0024,VH00073,2023-07-08,25.6,103.44,0.3,154,0,0,536,2.4,72.5,False,4.3,False
TL012181,TR012181,DR0004,VH00099,2022-04-27,25.3,97.92,0.3,99,0,0,751,2.8,61.6,False,4.7,False
TL012182,TR012182,DR0007,VH00031,2025-11-24,1468.7,67.68,23.7,160,106,99,1580,464.7,0.0,False,4.3,False
TL012183,TR012183,DR0008,VH00020,2023-08-17,16.3,14.4,1.2,157,0,0,111,2.6,93.7,False,4.4,False
TL012185,TR012185,DR0017,VH00026,2024-10-25,60.2,776.64,0.1,160,0,1,11480,6.3,0.0,False,4.2,False
TL012186,TR012186,DR0020,VH00028,2025-05-24,1468.7,12.24,130.9,88,29,25,161,185.1,0.0,False,3.8,False
TL012187,TR012187,DR0025,VH00024,2026-03-24,368.7,6.96,57.8,169,8,7,79,82.0,52.5,False,4.8,False
TL012188,TR012188,DR0002,VH00059,2024-06-01,73.6,6.96,11.5,142,2,2,144,9.5,85.0,False,4.1,False
TL012191,TR012191,DR0026,VH00031,2024-07-16,74.9,44.16,1.9,117,3,3,628,19.4,55.3,False,4.8,False
TL012193,TR012193,DR0040,VH00022,2023-05-05,15.2,51.12,0.3,124,0,0,392,2.8,79.6,False,4.5,False
TL012194,TR012194,DR0047,VH00104,2023-01-13,498.6,5.52,98.5,173,7,11,36,85.9,50.9,False,3.6,False
TL012196,TR012196,DR0004,VH00036,2024-10-02,51.5,9.36,6.0,102,0,1,72,9.4,92.6,False,4.1,False
TL012198,TR012198,DR0048,VH00047,2022-10-08,376.0,19.44,21.1,168,1,1,67,12.4,90.4,False,4.8,False
TL012200,TR012200,DR0004,VH00010,2025-10-10,397.1,8.88,48.8,156,8,5,140,57.4,58.8,False,4.1,False
TL012201,TR012201,DR0048,VH00094,2022-09-28,498.6,19.2,28.3,147,2,2,69,14.4,87.2,False,4.1,False
TL012202,TR012202,DR0057,VH00020,2025-10-08,31.8,11.04,3.1,129,0,0,49,1.3,97.2,False,5.0,False
TL012208,TR012208,DR0020,VH00084,2023-02-28,1552.2,50.88,33.3,165,25,25,552,124.3,0.0,False,4.0,False
TL012210,TR012210,DR0023,VH00026,2022-10-13,785.8,220.08,3.9,133,9,6,797,76.5,17.7,False,3.9,False
TL012211,TR012211,DR0042,VH00044,2025-12-17,1246.9,4.32,314.9,142,15,12,36,55.4,47.1,True,3.9,False
TL012213,TR012213,DR0048,VH00037,2023-06-25,15.5,7.2,2.3,132,0,0,21,0.3,98.9,False,5.0,False
TL012216,TR012216,DR0002,VH00011,2024-03-12,59.5,15.84,4.1,96,2,1,301,17.6,75.7,False,3.7,False
TL012217,TR012217,DR0036,VH00008,2022-03-19,12.6,217.92,0.1,109,0,0,2037,1.4,0.0,False,4.5,False
TL012218,TR012218,DR0028,VH00115,2022-02-25,126.7,162.24,0.9,144,1,1,652,9.1,62.2,False,5.0,False
TL012222,TR012222,DR0046,VH00032,2026-02-10,543.0,3.84,154.3,161,48,26,110,291.4,0.0,False,4.8,False
TL012223,TR012223,DR0043,VH00005,2025-04-19,386.9,5.76,73.3,94,4,4,30,26.6,80.5,False,4.8,False
TL012225,TR012225,DR0056,VH00004,2023-01-11,54.3,138.72,0.4,172,0,0,1017,5.5,47.5,False,4.2,False
TL012226,TR012226,DR0025,VH00044,2023-09-26,15.2,41.52,0.4,85,0,0,465,1.4,76.3,False,3.5,False
TL012228,TR012228,DR0047,VH00116,2022-05-22,543.0,45.84,12.9,88,12,12,455,102.5,16.5,False,5.0,False
TL012229,TR012229,DR0036,VH00047,2023-07-24,130.9,208.56,0.7,156,2,2,1806,24.1,0.0,False,3.8,False
TL012233,TR012233,DR0053,VH00058,2025-08-03,377.5,10.8,38.1,159,3,3,63,33.4,79.3,False,4.5,False
TL012234,TR012234,DR0047,VH00095,2024-03-26,127.8,10.56,13.2,85,3,2,159,26.4,77.6,False,4.0,False
TL012238,TR012238,DR0051,VH00056,2026-02-08,58.2,37.92,1.7,149,0,0,327,10.8,80.4,False,4.5,False
TL012239,TR012239,DR0039,VH00038,2025-06-15,372.0,2.4,169.1,155,5,6,27,67.9,64.8,False,4.0,False
TL012241,TR012241,DR0052,VH00118,2024-05-22,13.7,23.76,0.6,137,0,0,83,0.6,95.7,False,3.8,False
TL012242,TR012242,DR0026,VH00081,2025-02-28,543.0,47.28,12.5,112,27,19,792,104.7,0.0,False,3.9,False
TL012243,TR012243,DR0019,VH00057,2026-06-04,14.8,5.28,3.1,81,0,0,45,2.8,96.9,False,5.0,False
TL012244,TR012244,DR0005,VH00089,2024-06-15,1354.5,4.56,324.0,126,10,11,22,73.9,50.7,False,5.0,False
TL012245,TR012245,DR0009,VH00020,2024-06-11,42.6,36.72,1.3,96,0,0,62,1.0,96.6,False,4.4,False
TL012247,TR012247,DR0046,VH00092,2024-04-18,395.3,12.96,33.3,107,35,25,248,104.4,0.0,False,4.7,False
TL012249,TR012249,DR0028,VH00064,2023-04-04,58.8,12.24,5.2,88,0,0,55,2.1,96.6,False,2.9,False
TL012250,TR012250,DR0047,VH00063,2024-11-20,127.2,71.04,2.0,136,2,1,688,13.9,57.4,False,4.8,False
TL012253,TR012253,DR0047,VH00053,2026-05-02,15.3,28.56,0.6,121,0,0,213,2.7,88.5,False,3.9,False
TL012254,TR012254,DR0047,VH00117,2025-12-11,75.6,163.92,0.5,99,1,1,1095,12.4,39.0,False,5.0,False
TL012256,TR012256,DR0052,VH00062,2024-01-02,65.1,100.32,0.7,95,0,0,383,1.1,80.5,False,2.7,False
TL012257,TR012257,DR0031,VH00062,2022-05-03,49.9,8.4,6.5,133,1,1,52,9.1,92.2,False,4.5,False
TL012258,TR012258,DR0044,VH00104,2024-12-02,13.2,69.12,0.2,134,0,0,980,2.8,50.2,False,3.1,False
TL012261,TR012261,DR0025,VH00004,2024-11-07,1440.2,14.4,109.1,120,23,31,183,182.8,0.0,False,3.4,False
TL012262,TR012262,DR0022,VH00088,2024-01-15,42.1,8.16,5.6,163,0,0,103,6.5,92.9,False,3.6,False
TL012264,TR012264,DR0015,VH00091,2025-05-15,74.4,138.96,0.6,162,1,1,1973,13.2,0.0,False,4.1,False
TL012265,TR012265,DR0055,VH00028,2022-09-22,18.5,64.8,0.3,159,0,0,886,3.9,54.5,False,4.8,False
TL012269,TR012269,DR0036,VH00062,2024-09-06,68.0,15.36,4.8,154,1,1,232,7.7,83.6,False,3.6,False
TL012270,TR012270,DR0060,VH00017,2023-09-29,76.9,38.16,2.2,96,0,0,325,7.8,81.4,False,3.4,False
TL012271,TR012271,DR0028,VH00107,2023-10-27,391.1,23.28,18.3,122,4,3,79,38.4,75.5,False,5.0,False
TL012275,TR012275,DR0020,VH00016,2022-02-02,768.9,65.52,12.8,122,14,14,843,62.3,4.2,False,4.0,False
TL012277,TR012277,DR0026,VH00041,2025-05-11,368.0,7.44,54.0,111,15,13,157,103.7,25.5,False,3.2,False
TL012278,TR012278,DR0057,VH00007,2026-02-04,10.1,60.0,0.2,130,0,0,129,0.2,93.5,False,4.1,False
TL012279,TR012279,DR0025,VH00062,2025-08-13,15.1,23.04,0.7,160,0,0,135,2.5,92.5,False,3.8,False
TL012283,TR012283,DR0048,VH00088,2025-07-04,77.7,23.52,3.6,105,0,0,71,2.9,95.6,False,3.5,False
TL012290,TR012290,DR0009,VH00041,2023-06-24,14.4,13.44,1.2,154,0,0,38,0.5,97.9,False,3.7,False
TL012291,TR012291,DR0019,VH00042,2022-07-11,404.3,62.88,7.0,147,20,14,770,141.5,0.0,False,4.4,False
TL012294,TR012294,DR0048,VH00025,2026-06-19,936.4,42.96,23.8,178,3,3,128,18.1,80.7,False,5.0,False
TL012295,TR012295,DR0012,VH00117,2026-03-21,72.3,22.08,3.6,146,3,2,254,17.0,75.7,False,3.4,False
TL012298,TR012298,DR0018,VH00102,2026-02-18,397.3,13.44,32.2,98,3,4,107,30.7,76.9,False,3.7,False
TL012299,TR012299,DR0011,VH00022,2022-07-24,70.0,7.44,10.3,93,0,0,46,7.0,95.6,False,4.6,False
TL012303,TR012303,DR0011,VH00051,2022-10-13,71.7,18.0,4.3,81,0,0,159,6.6,90.1,False,4.4,False
TL012304,TR012304,DR0025,VH00005,2024-11-20,53.8,14.16,4.1,129,1,1,140,9.7,87.6,False,4.0,False
TL012313,TR012313,DR0039,VH00073,2026-05-20,1267.6,16.08,86.0,175,29,30,119,160.8,0.0,False,4.7,True
TL012314,TR012314,DR0002,VH00063,2025-02-26,960.3,40.56,25.8,167,34,31,1018,271.4,0.0,False,4.3,False
TL012315,TR012315,DR0022,VH00021,2026-02-24,50.9,56.4,1.0,167,1,1,596,11.2,64.3,False,5.0,False
TL012316,TR012316,DR0010,VH00052,2024-05-16,386.7,40.8,10.3,106,4,4,147,29.1,73.9,False,5.0,False
TL012320,TR012320,DR0005,VH00062,2026-05-03,53.1,46.08,1.3,122,0,0,304,3.2,83.8,False,3.7,False
TL012321,TR012321,DR0059,VH00112,2026-06-02,768.9,54.72,15.3,103,13,16,694,158.9,0.0,False,3.7,False
TL012323,TR012323,DR0028,VH00102,2022-06-12,21.8,14.88,1.6,117,0,0,98,1.7,94.6,False,3.2,False
TL012325,TR012325,DR0053,VH00073,2025-08-05,768.9,44.64,18.8,158,8,6,201,39.2,60.2,False,4.6,False
TL012326,TR012326,DR0055,VH00046,2025-03-12,44.0,67.44,0.7,170,0,0,771,4.9,60.0,False,4.1,False
TL012327,TR012327,DR0025,VH00037,2026-01-08,69.2,42.96,1.8,80,1,0,510,14.1,68.8,False,4.2,False
TL012329,TR012329,DR0032,VH00089,2024-03-17,37.4,4.08,10.0,112,0,0,30,2.4,97.8,False,4.2,False
TL012331,TR012331,DR0057,VH00059,2023-05-22,27.7,130.08,0.2,99,0,0,376,1.1,80.9,False,3.7,False
TL012332,TR012332,DR0031,VH00087,2024-05-06,15.6,11.76,1.4,174,0,0,150,2.9,91.6,False,4.3,False
TL012333,TR012333,DR0031,VH00091,2026-05-16,498.6,36.96,14.7,174,11,12,223,40.8,48.1,False,4.6,False
TL012337,TR012337,DR0058,VH00094,2026-05-13,66.9,54.72,1.3,148,1,1,703,7.9,60.0,False,4.8,False
TL012338,TR012338,DR0026,VH00010,2026-03-01,386.7,155.52,2.7,110,13,16,2964,96.0,0.0,False,3.8,False
TL012340,TR012340,DR0041,VH00056,2025-12-07,87.2,9.84,9.7,152,0,0,30,3.9,97.3,False,4.1,False
TL012342,TR012342,DR0027,VH00039,2024-09-05,960.3,11.76,89.1,165,10,7,96,99.4,43.4,False,4.3,False
TL012343,TR012343,DR0054,VH00065,2026-03-16,21.6,39.12,0.6,122,0,0,329,2.2,82.9,False,3.6,False
TL012344,TR012344,DR0013,VH00026,2026-03-22,1426.2,66.24,23.5,97,15,12,523,138.0,0.0,False,3.1,False
TL012347,TR012347,DR0022,VH00048,2023-10-08,10.1,54.24,0.2,87,0,0,353,1.5,81.9,False,4.1,False
TL012349,TR012349,DR0053,VH00007,2024-08-18,87.2,13.2,7.2,174,0,1,76,8.8,92.6,False,3.5,False
TL012350,TR012350,DR0035,VH00043,2024-04-12,13.3,20.16,0.7,106,0,0,420,3.3,78.0,False,4.8,False
TL012353,TR012353,DR0007,VH00068,2026-05-28,1397.9,43.2,35.3,113,81,61,932,782.1,0.0,False,3.3,False
TL012355,TR012355,DR0002,VH00036,2026-05-02,62.4,33.12,2.1,118,2,2,353,11.2,74.0,False,4.4,False
TL012360,TR012360,DR0052,VH00037,2025-04-27,337.8,86.4,4.3,98,1,1,350,12.7,76.2,False,4.4,False
TL012361,TR012361,DR0027,VH00080,2024-04-22,498.6,27.6,19.7,168,4,3,129,46.3,70.7,False,3.9,False
TL012365,TR012365,DR0037,VH00068,2024-03-05,67.2,14.88,4.9,90,1,1,202,12.1,83.8,False,3.1,False
TL012367,TR012367,DR0010,VH00061,2024-03-03,19.1,6.72,3.1,126,0,0,50,1.1,97.2,False,3.3,False
TL012370,TR012370,DR0034,VH00025,2023-03-02,1403.5,73.44,20.8,116,26,33,692,278.1,0.0,False,5.0,False
TL012374,TR012374,DR0028,VH00071,2024-07-04,15.6,10.32,1.6,139,0,0,66,1.6,96.2,False,4.2,True
TL012375,TR012375,DR0012,VH00080,2022-11-19,337.8,2.64,139.6,172,15,13,36,112.6,28.9,False,4.2,False
TL012376,TR012376,DR0004,VH00015,2023-07-02,1451.9,46.56,34.0,126,30,35,404,234.7,0.0,False,3.7,False
TL012379,TR012379,DR0036,VH00041,2023-05-27,40.7,19.68,2.3,108,0,0,228,6.0,86.8,False,4.2,False
TL012382,TR012382,DR0042,VH00106,2022-02-08,1534.7,50.4,33.2,173,19,13,359,87.1,14.4,False,4.6,False
TL012386,TR012386,DR0051,VH00015,2023-01-17,174.7,8.64,22.1,177,2,2,116,38.2,77.7,False,3.7,False
TL012387,TR012387,DR0010,VH00065,2022-08-17,344.1,9.36,40.1,180,4,3,30,23.2,82.5,False,5.0,False
TL012391,TR012391,DR0029,VH00115,2022-01-01,50.4,6.0,9.2,97,1,0,38,11.1,93.3,False,4.8,False
TL012392,TR012392,DR0022,VH00010,2024-05-20,79.7,126.0,0.7,105,1,1,1771,6.5,7.0,False,4.3,False
TL012393,TR012393,DR0013,VH00044,2026-06-01,67.5,31.92,2.3,135,0,0,125,6.1,91.9,False,4.0,False
TL012394,TR012394,DR0038,VH00023,2025-07-22,15.2,728.4,0.0,151,0,0,10058,3.1,0.0,False,4.5,False
TL012395,TR012395,DR0049,VH00053,2026-03-23,1353.7,112.08,13.2,152,13,13,560,62.2,20.8,False,4.3,False
TL012396,TR012396,DR0010,VH00025,2026-04-26,337.8,12.24,30.1,178,3,3,63,25.3,81.8,False,4.7,False
TL012401,TR012401,DR0031,VH00040,2022-11-05,1468.7,31.68,50.6,114,26,36,304,241.3,0.0,False,3.8,False
TL012402,TR012402,DR0055,VH00117,2025-07-22,393.3,11.52,37.2,118,5,9,153,57.9,58.5,False,4.5,False
TL012404,TR012404,DR0060,VH00069,2026-06-20,62.7,53.52,1.3,145,0,0,393,3.6,79.3,False,4.4,False
TL012405,TR012405,DR0056,VH00064,2026-03-20,77.8,49.68,1.7,143,0,0,298,8.0,82.7,False,4.7,False
TL012407,TR012407,DR0042,VH00106,2024-05-26,52.4,10.8,5.3,125,0,0,33,2.6,97.6,False,4.0,False
TL012408,TR012408,DR0049,VH00119,2024-01-06,68.1,40.32,1.8,172,0,0,192,2.6,89.6,False,5.0,False
TL012410,TR012410,DR0013,VH00089,2026-01-09,66.0,20.88,3.4,133,0,0,108,5.4,93.0,False,4.6,False
TL012411,TR012411,DR0007,VH00063,2025-01-15,71.0,18.0,4.3,130,4,3,425,28.8,61.1,False,4.1,False
TL012412,TR012412,DR0026,VH00021,2025-12-22,33.7,129.12,0.3,83,1,1,1915,7.2,0.0,False,4.4,False
TL012413,TR012413,DR0029,VH00114,2023-06-07,936.4,3.36,304.0,138,24,22,36,156.6,0.0,False,5.0,False
TL012419,TR012419,DR0010,VH00057,2022-12-18,323.1,49.68,7.1,85,2,4,442,12.3,67.2,False,4.5,False
TL012420,TR012420,DR0043,VH00107,2025-04-03,38.3,2.64,15.8,168,0,0,10,3.9,98.3,False,4.3,False
TL012422,TR012422,DR0023,VH00039,2026-02-18,25.0,10.56,2.6,106,0,0,82,1.5,95.5,False,5.0,False
TL012423,TR012423,DR0046,VH00054,2026-02-09,64.4,10.56,6.7,161,3,4,296,37.1,65.6,False,5.0,False
TL012426,TR012426,DR0038,VH00026,2026-06-18,79.5,33.6,2.6,135,1,1,258,9.4,81.8,False,4.8,False
TL012427,TR012427,DR0009,VH00025,2022-02-11,50.4,15.12,3.6,125,0,0,34,2.2,97.6,False,5.0,False
TL012429,TR012429,DR0054,VH00052,2023-10-21,1204.9,4.8,273.8,138,12,11,18,113.3,36.1,False,3.5,False
TL012431,TR012431,DR0058,VH00118,2022-10-27,64.7,223.2,0.3,144,1,1,3332,9.4,0.0,False,3.8,False
TL012433,TR012433,DR0012,VH00051,2024-02-10,68.3,15.84,4.7,164,3,2,211,14.4,78.6,False,5.0,False
TL012434,TR012434,DR0005,VH00025,2022-12-27,47.4,51.84,1.0,174,0,0,225,3.8,87.6,False,4.0,False
TL012435,TR012435,DR0060,VH00095,2025-08-14,337.8,12.0,30.7,161,3,2,76,16.8,84.7,False,4.9,False
TL012436,TR012436,DR0026,VH00110,2024-06-15,323.1,4.56,77.3,118,14,10,59,82.6,41.3,False,3.9,False
TL012438,TR012438,DR0029,VH00044,2023-02-18,38.7,20.16,2.1,122,0,0,135,3.3,92.3,False,4.6,False
TL012439,TR012439,DR0056,VH00065,2022-07-11,364.6,61.2,6.5,165,3,3,256,29.7,70.8,False,4.6,False
TL012440,TR012440,DR0024,VH00051,2025-05-06,1468.7,45.36,35.3,104,13,18,389,79.0,19.3,False,3.2,False
TL012441,TR012441,DR0002,VH00052,2022-03-18,14.8,8.88,1.8,123,0,0,115,4.5,92.9,False,4.0,False
TL012442,TR012442,DR0060,VH00099,2025-02-04,1231.7,21.84,61.5,140,15,14,66,110.9,26.9,False,4.2,False
TL012443,TR012443,DR0021,VH00088,2026-05-23,25.1,22.8,1.2,173,0,0,305,5.2,83.2,False,4.9,False
TL012445,TR012445,DR0009,VH00008,2026-02-20,1468.7,69.12,23.2,141,5,5,192,41.5,65.5,False,3.6,False
TL012450,TR012450,DR0036,VH00054,2026-02-07,900.7,24.24,40.5,107,22,16,335,182.3,0.0,False,4.1,False
TL012453,TR012453,DR0052,VH00022,2024-10-18,125.2,25.2,5.4,102,0,0,94,3.3,94.3,False,2.8,False
TL012454,TR012454,DR0015,VH00111,2026-01-10,53.8,31.44,1.9,100,0,0,388,5.0,79.1,False,4.4,False
TL012456,TR012456,DR0002,VH00044,2025-01-19,21.6,59.04,0.4,162,0,0,1105,7.4,42.5,False,3.0,False
TL012461,TR012461,DR0042,VH00091,2026-04-24,79.6,11.52,7.5,164,0,0,48,6.3,95.7,False,4.7,False
TL012462,TR012462,DR0016,VH00069,2026-04-12,1397.9,63.36,24.1,105,10,15,206,98.3,30.2,False,4.7,False
TL012463,TR012463,DR0051,VH00022,2022-05-06,30.3,30.24,1.1,144,0,0,235,5.1,86.7,False,3.6,False
TL012466,TR012466,DR0002,VH00023,2024-09-08,57.8,154.08,0.4,96,1,1,2153,10.8,0.0,False,4.2,False
TL012467,TR012467,DR0056,VH00080,2023-08-23,50.8,18.72,3.0,122,0,0,122,4.5,92.6,False,4.0,False
TL012470,TR012470,DR0041,VH00042,2026-05-07,62.8,17.04,4.0,139,0,0,67,6.4,94.7,False,4.1,False
TL012471,TR012471,DR0015,VH00038,2022-09-07,42.1,3.12,14.7,88,0,0,40,3.4,97.0,False,4.3,False
TL012472,TR012472,DR0058,VH00031,2024-02-17,380.4,67.92,6.1,111,8,8,738,68.9,22.4,False,3.9,False
TL012473,TR012473,DR0036,VH00074,2024-06-01,63.3,164.16,0.4,108,1,1,1299,13.5,28.5,False,4.5,False
TL012477,TR012477,DR0031,VH00111,2023-04-02,1397.9,67.2,22.7,86,34,26,944,246.2,0.0,False,4.7,False
TL012485,TR012485,DR0044,VH00048,2023-04-21,68.0,17.28,4.3,143,1,1,264,11.2,80.9,False,3.5,False
TL012486,TR012486,DR0017,VH00073,2024-08-23,404.3,31.68,13.9,128,5,6,313,75.1,48.3,False,4.7,False
TL012487,TR012487,DR0032,VH00104,2025-05-11,13.2,55.68,0.3,135,0,0,335,1.0,83.0,False,4.8,False
TL012490,TR012490,DR0027,VH00065,2025-08-28,257.2,35.04,8.0,176,2,2,208,23.3,77.6,False,5.0,False
TL012492,TR012492,DR0023,VH00118,2024-03-21,69.7,67.2,1.1,124,0,0,478,5.9,74.3,False,4.1,False
TL012493,TR012493,DR0049,VH00022,2023-12-07,30.9,757.68,0.0,143,0,0,5039,2.9,0.0,False,4.0,False
TL012494,TR012494,DR0054,VH00094,2022-10-04,28.6,2.64,11.8,130,0,0,18,1.8,98.6,False,5.0,False
TL012495,TR012495,DR0056,VH00111,2025-06-28,1489.4,11.28,144.0,109,18,18,69,106.2,19.7,False,4.5,False
TL012496,TR012496,DR0023,VH00089,2022-05-08,50.1,809.52,0.1,167,0,0,3308,4.4,0.0,False,4.5,True
TL012497,TR012497,DR0059,VH00025,2024-02-15,17.8,19.68,1.0,108,0,0,156,3.7,91.1,False,4.5,False
TL012499,TR012499,DR0016,VH00059,2025-05-15,960.3,164.4,6.4,121,8,10,595,95.1,19.7,False,4.0,False
TL012500,TR012500,DR0003,VH00053,2022-08-13,124.5,27.84,4.9,153,9,8,508,61.0,34.8,False,4.1,False
TL012501,TR012501,DR0040,VH00015,2026-04-20,383.1,12.0,34.8,131,8,8,129,49.1,58.8,False,4.0,False
TL012502,TR012502,DR0033,VH00011,2023-07-22,1534.7,26.88,62.3,166,27,37,278,206.7,0.0,False,4.8,False
TL012505,TR012505,DR0043,VH00095,2024-07-03,46.0,158.16,0.3,175,0,0,794,2.9,59.4,False,5.0,False
TL012507,TR012507,DR0048,VH00073,2025-03-19,43.1,829.44,0.1,142,0,0,2210,0.7,0.0,False,3.6,False
TL012511,TR012511,DR0018,VH00069,2024-08-12,273.7,49.92,6.0,87,2,3,155,16.6,81.3,False,4.6,False
TL012512,TR012512,DR0042,VH00034,2024-12-08,557.6,18.48,32.9,152,4,5,85,28.1,76.3,False,5.0,False
TL012513,TR012513,DR0002,VH00094,2022-02-25,1485.5,11.28,143.7,155,48,41,281,385.4,0.0,False,4.3,False
TL012515,TR012515,DR0011,VH00062,2023-11-17,17.3,12.72,1.5,89,0,0,56,1.8,96.7,False,4.4,False
TL012516,TR012516,DR0033,VH00065,2022-01-24,387.4,36.72,11.5,122,8,8,250,32.5,57.8,False,4.9,False
TL012517,TR012517,DR0037,VH00068,2022-07-28,1417.3,9.84,157.1,105,29,25,113,210.0,0.0,False,4.1,False
TL012519,TR012519,DR0039,VH00078,2023-09-20,42.2,12.96,3.6,90,0,0,208,4.6,88.2,False,4.7,False
TL012522,TR012522,DR0007,VH00112,2022-06-07,59.1,143.52,0.4,128,3,3,2961,27.5,0.0,False,4.1,False
TL012523,TR012523,DR0023,VH00084,2022-06-16,392.0,27.6,15.5,163,4,4,177,29.9,72.2,False,5.0,False
TL012525,TR012525,DR0020,VH00094,2023-11-11,41.1,111.12,0.4,122,0,0,1016,7.1,47.1,False,4.5,False
TL012526,TR012526,DR0005,VH00119,2022-08-15,1534.7,50.16,33.4,90,19,12,155,131.4,12.3,False,2.8,False
TL012527,TR012527,DR0028,VH00073,2023-11-10,67.5,90.0,0.8,111,0,0,286,3.8,84.6,False,2.9,False
TL012528,TR012528,DR0015,VH00013,2025-01-05,337.8,8.64,42.7,105,5,8,90,29.1,71.3,False,3.5,False
TL012529,TR012529,DR0020,VH00038,2023-04-07,48.9,812.16,0.1,141,0,0,9319,9.6,0.0,False,3.8,False
TL012531,TR012531,DR0032,VH00028,2026-03-23,15.7,44.88,0.4,113,0,0,199,0.8,89.8,False,3.7,False
TL012533,TR012533,DR0011,VH00019,2025-01-09,21.7,90.72,0.3,88,0,0,695,1.7,64.7,False,3.8,False
TL012534,TR012534,DR0018,VH00088,2024-10-21,58.9,21.6,3.0,148,0,0,90,2.7,94.7,False,4.7,False
TL012536,TR012536,DR0025,VH00111,2026-04-09,15.2,3.6,4.6,169,0,0,39,3.3,97.1,False,4.0,False
TL012539,TR012539,DR0048,VH00065,2022-01-06,1552.2,20.64,82.0,170,7,7,43,39.3,68.6,False,4.8,False
TL012540,TR012540,DR0055,VH00115,2023-02-08,54.8,164.16,0.4,138,0,0,2512,11.4,0.0,False,4.0,False
TL012541,TR012541,DR0041,VH00089,2022-01-21,1231.7,26.4,50.9,123,9,9,166,105.8,37.5,False,4.7,False
TL012543,TR012543,DR0011,VH00021,2026-04-09,257.2,8.64,32.5,95,2,2,56,9.1,89.5,False,4.1,False
TL012544,TR012544,DR0031,VH00112,2023-06-11,19.4,13.44,1.6,134,0,0,167,3.0,90.8,False,4.9,False
TL012545,TR012545,DR0057,VH00024,2026-02-05,568.6,25.92,23.9,94,2,2,44,22.9,85.9,False,4.3,False
TL012549,TR012549,DR0028,VH00064,2026-02-08,378.2,63.6,6.5,87,3,4,472,31.3,58.5,False,3.1,False
TL012553,TR012553,DR0060,VH00051,2022-09-23,70.2,48.0,1.6,138,0,0,250,5.8,85.8,False,4.7,False
TL012554,TR012554,DR0002,VH00087,2024-06-22,24.8,61.44,0.4,144,0,0,1115,6.4,42.3,False,4.5,False
TL012557,TR012557,DR0020,VH00062,2022-05-23,1431.3,5.28,295.7,97,36,33,33,222.8,0.0,False,3.7,False
TL012559,TR012559,DR0031,VH00019,2022-04-12,1490.0,6.24,260.5,100,21,26,65,197.0,0.0,False,4.9,False
TL012560,TR012560,DR0059,VH00068,2025-10-21,122.1,4.08,32.6,95,2,3,27,24.6,85.3,False,3.4,False
TL012562,TR012562,DR0037,VH00036,2025-12-05,65.1,108.48,0.7,103,0,1,941,12.2,48.3,False,3.7,False
TL012565,TR012565,DR0024,VH00084,2025-09-01,768.9,44.16,19.0,106,8,6,179,79.6,49.2,False,4.6,False
TL012567,TR012567,DR0044,VH00065,2022-05-19,960.3,57.12,18.3,137,13,15,494,179.7,0.0,False,4.2,False
TL012568,TR012568,DR0031,VH00028,2026-02-17,15.6,716.16,0.0,156,0,0,10471,2.3,0.0,False,4.3,False
TL012569,TR012569,DR0017,VH00015,2022-05-02,69.0,22.8,3.3,130,1,0,282,11.8,80.9,False,4.9,False
TL012570,TR012570,DR0059,VH00054,2022-01-21,20.5,804.48,0.0,174,0,0,8928,3.9,0.0,False,4.3,False
TL012571,TR012571,DR0017,VH00099,2023-07-15,15.1,20.88,0.8,98,0,0,279,2.0,85.5,False,3.5,False
TL012572,TR012572,DR0054,VH00071,2025-04-06,1552.2,69.6,24.3,136,12,18,217,67.7,32.8,False,4.6,False
TL012573,TR012573,DR0034,VH00111,2026-01-01,70.9,71.04,1.1,92,1,1,868,6.6,52.1,False,3.7,False
TL012574,TR012574,DR0015,VH00059,2026-03-06,69.3,8.4,9.0,93,1,1,78,7.7,91.3,False,4.1,False
TL012575,TR012575,DR0016,VH00073,2022-07-16,498.6,71.52,7.6,81,4,5,236,23.2,70.2,False,3.4,False
TL012576,TR012576,DR0004,VH00087,2022-06-09,29.2,735.36,0.0,94,0,0,4394,4.9,0.0,False,4.0,False
TL012577,TR012577,DR0038,VH00073,2024-05-10,30.2,18.48,1.8,132,0,0,101,3.7,93.8,False,4.1,False
TL012580,TR012580,DR0044,VH00115,2026-02-08,16.0,65.76,0.3,126,0,0,783,1.4,60.4,False,4.7,False
TL012581,TR012581,DR0038,VH00038,2022-03-15,27.2,117.84,0.3,141,0,0,757,2.4,61.4,False,4.5,False
TL012587,TR012587,DR0035,VH00017,2025-09-23,22.4,32.16,0.8,144,0,0,597,7.7,67.8,False,4.0,False
TL012588,TR012588,DR0054,VH00092,2023-06-02,45.3,163.44,0.3,138,0,0,852,2.1,56.8,False,4.2,False
TL012589,TR012589,DR0007,VH00028,2022-12-18,13.8,33.36,0.5,132,0,0,988,7.8,48.3,False,5.0,True
TL012590,TR012590,DR0004,VH00054,2022-04-04,14.2,27.6,0.6,86,0,0,211,1.1,89.1,False,4.2,False
TL012591,TR012591,DR0005,VH00026,2023-06-23,373.1,154.56,2.6,107,3,3,581,21.5,57.0,False,4.4,False
TL012593,TR012593,DR0060,VH00038,2026-04-09,15.1,9.84,1.7,148,0,0,48,1.3,97.2,False,4.0,False
TL012594,TR012594,DR0021,VH00048,2024-04-18,24.8,12.96,2.1,166,0,0,162,3.2,90.9,False,4.1,False
TL012597,TR012597,DR0044,VH00051,2023-06-02,337.8,12.0,30.7,122,6,6,83,66.9,60.8,False,3.9,False
TL012600,TR012600,DR0031,VH00011,2024-09-05,73.4,9.12,8.8,94,1,1,147,10.7,86.9,False,4.1,False
TL012603,TR012603,DR0041,VH00092,2025-01-08,1172.5,42.72,29.9,100,12,14,353,52.8,34.5,False,3.1,False
TL012608,TR012608,DR0035,VH00046,2023-09-26,386.7,59.28,7.1,116,14,12,1449,131.4,0.0,False,3.7,False
TL012609,TR012609,DR0059,VH00047,2022-06-08,36.3,11.04,3.6,168,0,0,83,6.7,93.8,False,4.6,False
TL012610,TR012610,DR0060,VH00078,2023-02-21,12.4,116.64,0.1,118,0,0,631,0.8,68.2,False,5.0,False
TL012611,TR012611,DR0060,VH00043,2026-04-03,79.4,9.84,8.8,165,0,0,60,5.2,95.4,False,3.8,False
TL012614,TR012614,DR0057,VH00038,2024-10-04,1397.9,7.92,192.5,172,4,5,28,43.3,74.6,False,3.6,False
TL012617,TR012617,DR0025,VH00047,2025-05-22,341.2,11.52,32.3,167,8,6,180,32.7,63.2,False,4.1,False
TL012622,TR012622,DR0049,VH00048,2023-03-24,25.6,12.0,2.3,139,0,0,49,1.8,97.0,False,3.8,False
TL012623,TR012623,DR0059,VH00054,2023-12-02,1262.6,162.24,8.5,174,25,22,1029,172.4,0.0,False,3.8,False
TL012625,TR012625,DR0033,VH00048,2022-12-02,28.0,2.88,10.6,117,0,0,16,2.8,98.4,False,3.6,False
TL012626,TR012626,DR0034,VH00004,2024-07-06,1258.5,69.12,19.9,150,18,22,718,237.4,0.0,False,3.9,False
TL012630,TR012630,DR0052,VH00041,2025-06-04,15.8,23.04,0.7,174,0,0,52,0.7,97.2,False,4.2,True
TL012631,TR012631,DR0016,VH00048,2026-04-01,171.5,58.8,3.2,104,1,1,505,13.0,68.3,False,4.3,False
TL012635,TR012635,DR0037,VH00071,2024-04-17,1373.4,803.28,1.9,88,19,30,10719,203.9,0.0,False,3.7,False
TL012638,TR012638,DR0023,VH00089,2026-04-23,73.2,9.6,8.3,86,0,0,61,5.7,95.2,False,3.8,False
TL012639,TR012639,DR0035,VH00071,2026-03-08,419.2,27.36,16.7,96,21,18,652,137.4,0.0,False,4.3,False
TL012640,TR012640,DR0029,VH00020,2026-03-27,41.1,167.76,0.3,167,0,1,1089,5.5,42.9,False,4.6,False
TL012641,TR012641,DR0003,VH00104,2026-01-12,329.5,23.52,15.3,164,21,17,618,140.1,0.0,False,4.0,False
TL012643,TR012643,DR0003,VH00087,2022-12-02,21.8,95.04,0.3,119,1,1,2372,10.9,0.0,True,4.6,False
TL012644,TR012644,DR0032,VH00104,2025-11-22,1468.7,155.76,10.3,177,12,14,774,115.5,0.0,False,4.2,False
TL012646,TR012646,DR0029,VH00062,2022-01-17,61.5,768.48,0.1,110,0,1,6961,13.2,0.0,False,3.9,False
TL012650,TR012650,DR0052,VH00023,2026-05-13,388.9,6.0,70.7,95,1,1,11,6.8,94.9,False,4.7,False
TL012654,TR012654,DR0026,VH00051,2024-07-19,364.6,50.4,7.9,174,10,11,424,89.9,25.8,False,4.1,False
TL012657,TR012657,DR0007,VH00021,2023-01-24,43.5,32.16,1.5,125,2,1,560,11.2,64.6,False,3.3,False
TL012658,TR012658,DR0041,VH00062,2025-12-14,25.2,686.64,0.0,106,0,0,3523,1.5,0.0,False,4.6,False
TL012660,TR012660,DR0036,VH00005,2026-02-19,370.6,168.48,2.4,159,7,6,1009,67.4,12.8,False,4.7,False
TL012663,TR012663,DR0056,VH00054,2024-09-17,364.8,7.44,53.5,117,3,2,35,34.2,81.5,False,5.0,False
TL012665,TR012665,DR0031,VH00061,2024-12-13,362.1,6.72,58.8,153,8,9,78,57.5,57.8,False,3.5,False
TL012670,TR012670,DR0048,VH00115,2022-03-24,72.3,9.12,8.6,123,0,0,36,1.6,97.7,False,4.4,False
TL012671,TR012671,DR0010,VH00047,2026-01-12,1394.7,15.12,100.6,163,17,16,74,51.6,39.3,False,4.0,False
TL012673,TR012673,DR0048,VH00044,2026-05-07,43.9,12.48,3.8,142,0,0,24,0.9,98.5,False,4.0,False
TL012674,TR012674,DR0022,VH00021,2024-04-08,396.5,44.16,9.8,107,9,6,457,31.1,48.3,False,4.6,False
TL012675,TR012675,DR0023,VH00032,2025-07-10,70.7,18.24,4.2,157,0,0,87,6.4,93.7,False,3.7,False
TL012676,TR012676,DR0047,VH00094,2024-09-13,1176.7,19.44,66.0,129,23,28,211,212.9,0.0,False,4.3,False
TL012678,TR012678,DR0016,VH00054,2025-06-13,364.6,20.4,19.5,156,4,3,77,27.5,78.9,False,3.5,False
TL012679,TR012679,DR0015,VH00068,2026-03-05,61.2,18.72,3.6,145,1,1,197,9.3,84.9,False,5.0,False
TL012680,TR012680,DR0055,VH00056,2026-05-19,71.2,45.84,1.7,103,1,1,727,6.4,59.2,False,4.3,False
TL012681,TR012681,DR0003,VH00092,2024-03-10,38.5,8.88,4.7,139,2,2,123,11.5,85.4,False,4.1,False
TL012682,TR012682,DR0019,VH00028,2023-07-25,1174.4,63.84,20.1,86,51,32,1338,211.0,0.0,False,4.8,False
TL012686,TR012686,DR0056,VH00028,2024-02-27,364.6,9.84,40.4,169,4,4,37,28.5,79.6,False,4.7,False
TL012689,TR012689,DR0033,VH00106,2024-09-17,22.6,45.12,0.5,155,0,0,719,3.4,63.0,False,5.0,False
TL012690,TR012690,DR0032,VH00069,2023-08-22,46.5,22.08,2.3,170,0,0,112,3.0,93.5,False,4.1,False
TL012691,TR012691,DR0019,VH00053,2025-05-08,323.1,30.0,11.7,102,10,8,275,118.8,27.6,False,3.5,False
TL012692,TR012692,DR0012,VH00117,2026-06-03,11.6,22.08,0.6,127,0,0,303,4.3,83.6,False,3.8,False
TL012695,TR012695,DR0007,VH00062,2023-09-05,65.3,748.56,0.1,136,4,4,16902,19.2,0.0,False,3.3,False
TL012697,TR012697,DR0007,VH00021,2023-06-02,1368.0,104.4,14.3,135,76,96,1930,326.0,0.0,False,4.6,False
TL012699,TR012699,DR0020,VH00026,2024-07-28,29.1,123.6,0.3,113,0,0,1505,3.4,23.7,False,3.5,False
TL012700,TR012700,DR0051,VH00117,2022-03-28,58.5,18.72,3.4,172,1,1,113,8.3,89.4,False,4.6,False
TL012701,TR012701,DR0036,VH00020,2026-03-17,1534.7,32.64,51.3,171,32,25,428,276.9,0.0,False,5.0,False
TL012703,TR012703,DR0051,VH00051,2025-02-26,1253.0,10.8,126.6,86,32,30,119,180.4,0.0,False,3.4,False
TL012704,TR012704,DR0021,VH00046,2024-03-10,29.3,16.56,1.9,130,0,0,199,5.8,88.3,False,5.0,False
TL012705,TR012705,DR0041,VH00044,2023-07-10,60.6,17.76,3.7,134,0,0,148,2.8,91.8,False,4.5,False
TL012708,TR012708,DR0042,VH00080,2026-05-20,960.3,24.96,42.0,180,9,9,209,55.5,50.4,False,4.4,False
TL012709,TR012709,DR0060,VH00104,2026-04-20,167.2,4.56,40.0,87,1,1,21,11.3,93.1,False,4.0,False
TL012710,TR012710,DR0008,VH00044,2026-06-06,40.4,49.92,0.9,177,0,0,366,4.6,80.3,False,4.1,False
TL012715,TR012715,DR0046,VH00071,2022-04-10,1552.0,764.16,2.2,97,93,110,23721,897.4,0.0,False,3.5,True
TL012716,TR012716,DR0028,VH00025,2025-04-26,62.1,839.04,0.1,116,0,0,3950,5.1,0.0,False,4.7,True
TL012722,TR012722,DR0048,VH00031,2022-05-19,1359.9,16.32,90.9,148,3,5,43,44.7,74.9,False,5.0,False
TL012723,TR012723,DR0008,VH00089,2023-03-07,54.1,53.52,1.1,166,0,1,710,8.7,60.9,False,4.1,False
TL012725,TR012725,DR0025,VH00051,2025-03-12,14.3,16.32,1.0,115,0,0,115,2.8,93.4,False,3.6,False
TL012727,TR012727,DR0015,VH00078,2022-03-05,11.7,156.72,0.1,160,0,0,2227,2.3,0.0,False,3.4,False
TL012730,TR012730,DR0055,VH00019,2023-06-19,27.4,766.56,0.0,126,0,0,11295,5.7,0.0,False,4.1,False
TL012736,TR012736,DR0037,VH00064,2026-01-13,1442.2,45.12,34.9,104,37,30,534,203.7,0.0,False,3.1,False
TL012737,TR012737,DR0059,VH00102,2022-12-23,1394.4,37.2,40.9,119,33,26,571,191.1,0.0,False,3.6,False
TL012738,TR012738,DR0012,VH00104,2026-05-10,60.2,18.48,3.6,133,2,1,184,9.9,83.8,False,5.0,False
TL012740,TR012740,DR0046,VH00119,2026-01-04,127.6,52.8,2.6,114,7,6,681,41.2,37.1,False,4.4,False
TL012741,TR012741,DR0015,VH00068,2023-03-22,1397.9,41.04,37.2,139,26,29,248,155.9,0.0,False,4.5,True
TL012745,TR012745,DR0053,VH00011,2026-02-07,15.4,9.36,1.8,87,0,0,77,1.4,95.7,False,4.9,False
TL012746,TR012746,DR0028,VH00104,2026-04-07,257.2,10.32,27.2,146,2,3,49,19.9,85.6,False,4.3,False
TL012754,TR012754,DR0044,VH00092,2024-07-18,1181.6,6.72,191.8,162,27,20,87,192.4,0.0,False,4.3,False
TL012755,TR012755,DR0060,VH00064,2025-09-11,120.2,149.28,0.9,121,0,1,647,9.1,63.9,False,4.2,False
TL012759,TR012759,DR0046,VH00112,2022-09-01,371.5,153.36,2.6,177,33,17,3497,208.8,0.0,False,3.5,False
TL012763,TR012763,DR0005,VH00062,2023-08-16,41.8,124.32,0.4,152,0,0,843,1.5,57.4,False,4.1,False
TL012769,TR012769,DR0025,VH00087,2022-04-14,58.4,80.4,0.8,105,0,1,1037,5.9,45.4,False,4.5,False
TL012770,TR012770,DR0044,VH00044,2025-03-25,1459.6,90.24,17.6,95,24,33,1164,312.2,0.0,False,4.3,False
TL012772,TR012772,DR0041,VH00065,2023-09-15,22.2,15.12,1.6,114,0,0,82,1.2,95.5,False,4.9,False
TL012777,TR012777,DR0037,VH00034,2022-11-17,337.8,4.8,76.8,138,7,8,70,36.3,67.1,False,3.9,False
TL012781,TR012781,DR0026,VH00041,2025-06-24,23.0,792.0,0.0,170,0,0,11670,6.1,0.0,False,4.2,False
TL012782,TR012782,DR0019,VH00042,2024-03-08,498.6,22.56,24.1,112,20,18,505,84.8,1.3,False,4.0,False
TL012783,TR012783,DR0058,VH00064,2025-06-28,1231.7,30.24,44.4,135,28,26,432,242.6,0.0,False,3.7,False
TL012786,TR012786,DR0010,VH00115,2026-03-16,364.6,70.56,5.6,113,2,3,520,24.0,60.8,False,5.0,False
TL012787,TR012787,DR0034,VH00041,2022-07-16,1478.7,2.64,611.0,98,25,23,25,316.4,0.0,False,3.9,False
TL012788,TR012788,DR0053,VH00102,2023-12-22,70.6,215.52,0.4,91,0,0,1134,6.4,41.4,False,4.5,False
TL012793,TR012793,DR0034,VH00102,2023-09-07,15.4,60.48,0.3,159,0,0,933,2.3,52.7,False,4.9,False
TL012797,TR012797,DR0009,VH00059,2024-06-24,24.2,16.08,1.6,166,0,0,33,0.6,98.2,False,5.0,False
TL012798,TR012798,DR0037,VH00081,2025-08-06,543.0,8.64,68.6,122,9,13,137,83.0,41.8,False,4.2,False
TL012801,TR012801,DR0039,VH00107,2026-06-11,1381.1,57.6,26.2,132,25,20,921,281.2,0.0,False,5.0,False
TL012803,TR012803,DR0060,VH00039,2024-01-19,337.8,27.84,13.2,90,2,4,172,16.7,79.4,False,4.5,False
TL012804,TR012804,DR0034,VH00115,2026-06-22,60.7,18.96,3.5,163,1,1,301,10.4,79.3,False,4.3,False
TL012806,TR012806,DR0035,VH00034,2024-12-19,1534.7,25.2,66.4,171,58,66,603,301.1,0.0,False,3.1,False
TL012810,TR012810,DR0022,VH00036,2024-08-10,361.5,8.16,48.3,109,5,7,115,33.2,69.8,False,4.2,False
TL012812,TR012812,DR0013,VH00018,2026-05-22,50.8,10.08,5.5,124,0,0,54,1.9,96.7,False,4.7,False
TL012814,TR012814,DR0042,VH00016,2026-06-19,768.9,45.36,18.5,150,6,8,245,55.4,54.1,False,4.8,False
TL012816,TR012816,DR0029,VH00019,2025-02-18,1552.2,53.52,31.6,164,32,26,344,310.5,0.0,False,4.3,False
TL012818,TR012818,DR0037,VH00041,2025-12-26,1290.8,66.96,21.0,180,28,26,662,178.9,0.0,False,3.8,False
TL012820,TR012820,DR0005,VH00078,2023-11-02,77.4,86.88,1.0,178,0,0,571,4.6,70.1,False,4.2,False
TL012821,TR012821,DR0017,VH00013,2026-05-18,314.4,137.28,2.5,119,4,7,1021,43.6,22.9,False,4.6,False
TL012822,TR012822,DR0017,VH00114,2023-02-02,30.6,70.8,0.5,156,0,0,481,4.8,74.5,False,4.5,False
TL012823,TR012823,DR0011,VH00063,2022-05-05,364.6,32.64,12.2,140,3,2,284,30.5,70.1,False,3.7,False
TL012825,TR012825,DR0033,VH00064,2023-10-10,62.7,14.88,4.6,180,1,0,133,12.8,88.0,False,4.4,False
TL012826,TR012826,DR0046,VH00057,2022-04-21,65.8,21.84,3.3,149,3,4,537,17.2,59.5,False,3.9,False
TL012827,TR012827,DR0033,VH00112,2022-12-20,27.6,8.16,3.7,153,0,0,84,2.7,95.0,False,3.1,False
TL012830,TR012830,DR0003,VH00091,2022-09-17,337.8,30.96,11.9,98,19,17,555,178.6,0.0,False,4.8,True
TL012833,TR012833,DR0046,VH00042,2024-04-08,1381.5,26.16,57.6,116,92,96,406,779.3,0.0,False,4.6,False
TL012836,TR012836,DR0059,VH00091,2022-03-02,768.9,64.32,13.0,126,19,15,1025,168.5,0.0,False,4.4,False
TL012839,TR012839,DR0019,VH00025,2024-01-26,1440.2,33.84,46.4,114,52,49,351,266.7,0.0,False,4.5,False
TL012842,TR012842,DR0043,VH00062,2026-01-16,1552.0,52.56,32.2,92,16,14,353,87.1,18.2,False,4.3,False
TL012846,TR012846,DR0056,VH00039,2022-03-23,393.7,66.24,6.5,172,3,2,366,16.4,70.3,False,3.7,False
TL012848,TR012848,DR0043,VH00013,2025-03-03,339.3,40.32,9.2,131,2,3,260,14.5,76.7,False,3.5,False
TL012849,TR012849,DR0039,VH00080,2024-05-11,33.9,9.36,4.0,128,0,0,137,2.6,92.4,False,4.0,False
TL012850,TR012850,DR0060,VH00042,2025-01-26,75.8,9.84,8.4,138,0,0,58,4.2,95.8,False,4.5,False
TL012852,TR012852,DR0011,VH00104,2025-03-05,27.7,8.64,3.5,137,0,0,33,2.9,97.5,False,4.5,True
TL012858,TR012858,DR0051,VH00028,2023-04-06,75.3,4.08,20.1,141,1,1,24,6.3,94.4,False,4.4,False
TL012859,TR012859,DR0039,VH00019,2026-06-28,1468.7,67.44,23.8,150,36,31,939,326.2,0.0,False,4.1,False
TL012860,TR012860,DR0004,VH00041,2024-07-11,394.4,4.56,94.4,98,5,6,26,39.1,73.5,False,4.7,False
TL012861,TR012861,DR0034,VH00021,2022-03-07,1397.9,7.68,198.6,122,23,26,73,260.1,0.0,False,3.9,False
TL012864,TR012864,DR0025,VH00023,2024-12-23,25.2,9.84,2.8,102,0,0,94,3.8,94.2,False,5.0,False
TL012866,TR012866,DR0038,VH00117,2026-02-26,404.3,7.2,61.3,178,7,8,89,68.1,56.6,False,4.2,True
TL012868,TR012868,DR0031,VH00061,2023-02-13,543.0,816.0,0.7,151,12,11,8355,116.9,0.0,False,4.7,False
TL012870,TR012870,DR0033,VH00053,2023-12-21,130.5,39.6,3.6,155,1,2,562,13.1,64.5,False,3.6,False
TL012872,TR012872,DR0058,VH00092,2023-03-18,29.3,14.64,2.2,154,0,0,189,4.3,89.3,False,4.1,False
TL012877,TR012877,DR0058,VH00057,2022-09-03,25.6,12.96,2.2,168,0,0,113,5.4,92.7,False,4.6,False
TL012879,TR012879,DR0026,VH00064,2022-05-25,386.7,36.96,11.4,165,16,10,582,109.1,4.2,False,4.3,False
TL012884,TR012884,DR0002,VH00051,2025-04-08,72.8,191.04,0.4,97,3,2,3926,21.9,0.0,False,4.2,False
TL012885,TR012885,DR0054,VH00118,2023-09-27,72.9,29.52,2.7,177,0,0,249,4.4,86.2,False,3.8,False
TL012886,TR012886,DR0011,VH00080,2022-06-21,13.9,30.72,0.5,156,0,0,177,1.0,90.9,False,4.6,False
TL012887,TR012887,DR0043,VH00118,2024-12-15,73.3,8.16,9.8,167,0,0,46,7.5,95.5,False,3.5,False
TL012888,TR012888,DR0002,VH00021,2025-02-27,1283.2,75.12,18.6,102,57,54,1796,190.5,0.0,False,4.4,False
TL012892,TR012892,DR0055,VH00119,2026-03-13,404.3,46.08,9.6,93,8,10,697,84.1,17.9,False,4.6,False
TL012896,TR012896,DR0034,VH00104,2024-07-27,370.5,6.24,64.8,133,6,9,86,40.7,65.5,False,4.7,False
TL012897,TR012897,DR0054,VH00038,2025-08-03,12.5,21.36,0.6,137,0,0,147,0.6,92.5,False,4.3,False
TL012898,TR012898,DR0026,VH00018,2022-11-22,20.7,125.04,0.2,102,0,0,2169,5.2,0.0,False,4.3,False
TL012902,TR012902,DR0060,VH00023,2023-12-25,70.7,8.64,8.9,166,0,0,68,5.7,94.9,False,4.3,False
TL012904,TR012904,DR0047,VH00104,2026-02-22,38.4,54.0,0.8,154,0,0,557,2.9,71.3,False,4.1,False
TL012906,TR012906,DR0005,VH00015,2026-05-19,1478.9,26.16,61.7,82,16,18,227,67.5,26.4,False,3.5,False
TL012907,TR012907,DR0053,VH00115,2026-06-07,1468.7,126.0,12.7,86,12,16,765,129.6,0.0,False,4.0,False
TL012908,TR012908,DR0041,VH00037,2024-12-18,176.2,59.28,3.2,121,2,1,232,10.2,81.3,False,3.1,True
TL012909,TR012909,DR0039,VH00018,2025-09-09,257.2,731.76,0.4,138,4,3,11407,46.6,0.0,False,3.5,False
TL012910,TR012910,DR0057,VH00028,2024-03-28,63.6,20.16,3.4,83,0,0,83,1.5,95.4,False,4.6,False
TL012911,TR012911,DR0004,VH00038,2022-02-01,32.9,125.52,0.3,165,0,0,1282,3.1,35.0,False,4.1,False
TL012912,TR012912,DR0018,VH00089,2025-08-15,28.7,167.76,0.2,85,0,0,1188,1.7,40.1,False,4.0,False
TL012914,TR012914,DR0036,VH00114,2024-03-14,386.7,68.88,6.1,99,7,7,499,34.0,47.3,False,4.0,False
TL012915,TR012915,DR0026,VH00019,2022-02-25,17.1,40.8,0.5,159,0,0,372,4.8,80.0,False,3.4,False
TL012917,TR012917,DR0012,VH00043,2023-07-23,27.2,12.0,2.5,108,1,0,165,5.5,88.6,False,4.5,False
TL012923,TR012923,DR0021,VH00053,2023-03-05,323.1,66.96,5.3,98,5,8,405,34.2,54.0,False,4.6,False
TL012925,TR012925,DR0025,VH00117,2026-06-19,323.1,12.24,28.8,127,7,5,154,27.0,68.7,False,3.2,False
TL012926,TR012926,DR0007,VH00062,2023-06-22,26.0,135.36,0.2,88,1,1,1874,8.9,1.1,False,5.0,False
TL012928,TR012928,DR0019,VH00107,2026-02-16,51.5,153.84,0.4,94,2,1,3748,10.4,0.0,False,4.8,False
TL012929,TR012929,DR0020,VH00015,2024-06-26,43.9,14.16,3.4,123,0,0,159,7.8,89.7,False,4.9,True
TL012931,TR012931,DR0040,VH00069,2026-04-14,1552.2,31.92,53.0,136,36,29,206,177.4,0.0,False,4.4,False
TL012934,TR012934,DR0044,VH00017,2025-10-07,557.6,779.76,0.8,176,10,8,8926,45.5,0.0,False,3.5,False
TL012936,TR012936,DR0043,VH00080,2022-01-17,56.1,10.32,5.9,156,0,0,39,4.1,96.8,False,4.0,True
TL012940,TR012940,DR0010,VH00104,2025-09-07,42.5,117.84,0.4,172,0,0,564,2.5,71.0,False,4.1,False
TL012941,TR012941,DR0042,VH00028,2023-08-13,1468.7,65.04,24.6,128,17,15,368,89.2,14.3,False,5.0,False
TL012942,TR012942,DR0025,VH00043,2026-02-11,379.6,9.36,44.2,101,6,8,135,66.6,56.3,False,4.4,False
TL012943,TR012943,DR0031,VH00024,2024-04-27,32.9,7.92,4.5,121,0,0,126,3.6,92.6,False,4.1,False
TL012945,TR012945,DR0058,VH00016,2023-02-20,1439.3,78.96,19.9,139,31,28,703,260.0,0.0,False,5.0,False
TL012950,TR012950,DR0038,VH00021,2025-06-27,404.3,41.28,10.7,84,9,5,651,66.7,28.9,False,3.9,False
TL012951,TR012951,DR0002,VH00019,2026-06-07,175.6,53.76,3.6,92,7,5,942,60.8,19.2,False,4.4,False
TL012952,TR012952,DR0007,VH00051,2022-07-03,172.0,230.4,0.8,157,9,10,2759,73.9,0.0,False,4.9,False
TL012953,TR012953,DR0060,VH00059,2025-11-06,25.8,14.4,2.0,109,0,0,82,1.8,95.4,False,3.5,False
TL012954,TR012954,DR0015,VH00073,2023-05-18,361.9,10.8,36.6,169,8,5,113,36.8,66.3,False,4.1,False
TL012955,TR012955,DR0035,VH00044,2022-06-04,41.6,39.6,1.1,146,1,1,399,5.3,76.0,False,3.8,False
TL012956,TR012956,DR0010,VH00044,2022-08-26,49.9,223.2,0.2,174,0,0,1955,4.0,1.1,False,3.7,False
TL012959,TR012959,DR0033,VH00038,2026-03-03,21.2,199.2,0.1,127,0,0,1689,4.2,14.3,False,3.9,False
TL012961,TR012961,DR0009,VH00091,2023-06-09,220.9,19.92,12.1,128,0,0,68,4.7,95.2,False,4.0,False
TL012962,TR012962,DR0051,VH00020,2024-06-21,376.9,145.44,2.8,113,9,8,1574,37.3,0.0,False,3.2,False
TL012963,TR012963,DR0034,VH00087,2026-03-15,367.4,5.52,72.6,175,7,6,33,64.1,62.6,False,5.0,False
TL012969,TR012969,DR0060,VH00042,2023-01-15,1357.3,6.72,220.3,136,11,10,53,126.3,33.0,False,4.2,False
TL012970,TR012970,DR0056,VH00008,2023-09-15,404.3,196.08,2.2,153,5,4,682,19.8,48.5,False,4.7,False
TL012972,TR012972,DR0029,VH00011,2026-04-27,960.3,66.24,15.8,113,21,17,1024,150.9,0.0,False,3.7,False
TL012976,TR012976,DR0008,VH00115,2024-04-20,55.6,677.04,0.1,111,0,1,8756,9.4,0.0,False,3.6,False
TL012978,TR012978,DR0053,VH00118,2026-06-03,960.3,20.88,50.2,170,9,12,116,83.5,43.7,False,3.6,False
TL012979,TR012979,DR0020,VH00036,2024-02-22,1350.6,14.88,99.0,122,22,29,148,237.5,0.0,False,4.7,False
TL012983,TR012983,DR0039,VH00016,2024-05-13,1358.9,680.64,2.2,106,21,31,7930,253.9,0.0,False,4.2,False
TL012985,TR012985,DR0039,VH00042,2024-02-23,337.8,22.08,16.7,122,5,4,202,41.0,66.1,False,4.1,False
TL012987,TR012987,DR0029,VH00018,2025-08-05,1468.7,20.88,76.7,124,23,26,190,197.2,0.0,False,3.9,False
TL012992,TR012992,DR0046,VH00084,2022-02-12,13.8,21.12,0.7,179,0,0,594,6.1,68.5,False,5.0,False
TL012993,TR012993,DR0028,VH00024,2025-08-28,63.5,11.52,6.0,180,0,0,90,2.7,94.7,False,3.6,False
TL012996,TR012996,DR0020,VH00017,2023-03-09,14.6,7.68,2.1,136,0,0,97,1.2,94.8,False,4.5,False
TL012997,TR012997,DR0056,VH00115,2022-08-01,1552.0,18.72,90.4,179,19,14,137,156.8,3.6,False,3.3,False
TL012998,TR012998,DR0040,VH00107,2025-08-21,66.2,67.68,1.1,160,1,0,758,14.1,56.4,False,3.6,True
TL012999,TR012999,DR0031,VH00071,2025-05-16,23.9,18.0,1.4,141,0,0,147,2.8,91.8,False,3.7,False
TL013001,TR013001,DR0040,VH00111,2024-12-12,74.1,7.68,10.5,125,1,1,123,14.3,87.1,False,4.7,False
TL013003,TR013003,DR0053,VH00019,2024-06-11,386.7,30.24,14.0,89,4,4,153,23.5,75.3,False,3.9,True
TL013007,TR013007,DR0041,VH00054,2026-05-15,1468.7,70.56,22.7,176,15,14,477,113.8,5.5,False,4.0,False
TL013008,TR013008,DR0026,VH00032,2024-09-22,960.3,29.04,36.1,138,31,35,387,169.7,0.0,False,4.4,False
TL013014,TR013014,DR0039,VH00008,2023-02-19,1468.7,12.0,133.5,132,37,20,187,271.4,0.0,False,4.9,False
TL013017,TR013017,DR0054,VH00087,2023-01-06,37.0,11.76,3.4,141,0,0,35,2.2,97.6,False,4.1,False
TL013019,TR013019,DR0018,VH00051,2026-06-17,68.9,96.48,0.8,170,0,0,615,3.1,68.3,False,4.3,False
TL013020,TR013020,DR0058,VH00052,2025-03-14,1468.7,69.36,23.1,129,24,22,627,251.8,0.0,False,2.8,False
TL013021,TR013021,DR0028,VH00028,2022-10-11,337.8,24.96,14.8,80,2,2,178,17.7,80.8,False,3.7,False
TL013023,TR013023,DR0056,VH00054,2024-02-14,1468.7,20.88,76.7,156,18,10,64,54.1,43.6,False,5.0,False
TL013024,TR013024,DR0046,VH00028,2024-05-11,1440.2,36.96,42.5,83,118,82,897,729.0,0.0,False,3.3,False
TL013028,TR013028,DR0051,VH00005,2026-05-15,525.5,98.88,5.8,177,13,8,1472,71.7,0.0,False,3.2,False
TL013029,TR013029,DR0022,VH00017,2024-04-28,1462.4,46.08,34.6,156,26,33,266,240.5,0.0,False,3.7,False
TL013031,TR013031,DR0012,VH00046,2023-04-24,498.6,19.92,27.3,144,21,16,195,90.1,15.7,False,4.5,False
TL013033,TR013033,DR0010,VH00095,2026-05-24,14.6,54.72,0.3,140,0,0,401,1.1,79.6,False,4.3,False
TL013036,TR013036,DR0037,VH00020,2024-12-20,47.2,8.88,5.8,100,0,1,102,9.3,91.1,False,3.5,True
TL013037,TR013037,DR0044,VH00059,2025-06-18,1246.3,40.08,33.9,153,23,19,420,121.6,0.0,False,5.0,False
TL013040,TR013040,DR0004,VH00007,2023-08-22,31.9,30.96,1.1,147,0,0,184,5.9,89.0,False,3.6,True
TL013041,TR013041,DR0036,VH00059,2026-03-01,30.9,9.6,3.5,99,0,0,63,4.7,95.4,False,4.4,False
TL013046,TR013046,DR0048,VH00019,2026-04-09,29.5,8.16,3.9,88,0,0,16,0.7,99.0,False,4.8,False
TL013048,TR013048,DR0052,VH00047,2023-03-26,341.3,8.4,44.3,128,1,1,20,8.8,93.9,False,4.7,False
TL013054,TR013054,DR0053,VH00010,2026-04-22,364.6,23.52,16.9,161,2,2,185,18.3,80.3,False,3.9,False
TL013057,TR013057,DR0037,VH00037,2023-10-16,543.0,4.8,123.4,122,11,13,52,117.4,32.7,False,3.4,False
TL013059,TR013059,DR0047,VH00068,2022-08-20,900.7,43.2,22.7,138,18,20,691,105.9,0.0,False,4.4,False
TL013061,TR013061,DR0032,VH00031,2026-06-11,52.7,87.12,0.7,135,0,0,413,4.7,77.9,False,4.0,True
TL013066,TR013066,DR0038,VH00069,2023-02-28,21.0,7.2,3.2,148,0,0,109,3.9,93.4,False,3.8,False
TL013067,TR013067,DR0059,VH00111,2026-06-16,17.0,8.4,2.2,157,0,0,75,3.1,95.3,False,4.5,False
TL013073,TR013073,DR0060,VH00063,2026-02-16,71.5,11.28,6.9,138,0,0,49,5.0,96.0,False,5.0,False
TL013074,TR013074,DR0057,VH00048,2026-03-21,1231.7,32.16,41.8,120,5,5,132,36.4,70.0,False,2.7,False
TL013076,TR013076,DR0015,VH00054,2025-06-13,178.4,185.04,1.1,108,2,3,2722,14.3,0.0,False,3.5,False
TL013082,TR013082,DR0019,VH00041,2025-02-01,14.4,5.04,3.1,116,0,0,123,2.9,93.0,False,4.8,False
TL013085,TR013085,DR0029,VH00118,2026-06-28,14.0,44.16,0.3,132,0,0,599,1.6,69.6,False,4.4,False
TL013086,TR013086,DR0032,VH00111,2023-08-14,1552.0,64.56,26.2,137,18,18,464,78.4,8.3,False,3.6,False
TL013087,TR013087,DR0059,VH00081,2025-10-07,15.3,8.64,1.9,111,0,0,136,2.9,92.3,False,4.9,False
TL013091,TR013091,DR0028,VH00053,2023-06-08,162.7,5.04,35.2,137,1,1,15,6.3,94.9,False,4.3,False
TL013093,TR013093,DR0055,VH00104,2023-08-18,177.3,746.88,0.3,171,4,4,10860,31.8,0.0,False,4.0,False
TL013094,TR013094,DR0042,VH00022,2024-07-15,56.9,97.44,0.6,161,0,0,872,5.4,54.8,False,3.0,False
TL013100,TR013100,DR0055,VH00084,2026-03-19,15.7,759.36,0.0,120,0,0,11517,2.4,0.0,False,3.7,False
TL013104,TR013104,DR0021,VH00057,2024-04-02,25.4,17.76,1.6,165,0,0,228,4.5,87.2,False,3.7,False
TL013106,TR013106,DR0031,VH00015,2023-08-18,35.0,62.16,0.6,101,0,0,365,5.7,80.0,False,3.9,False
TL013109,TR013109,DR0018,VH00104,2025-04-18,393.4,71.04,6.0,98,3,3,370,15.3,69.4,False,4.4,False
TL013111,TR013111,DR0048,VH00043,2023-12-25,40.6,104.4,0.4,156,0,0,294,1.5,84.8,False,4.6,False
TL013113,TR013113,DR0015,VH00051,2023-01-16,15.4,55.44,0.3,169,0,0,361,2.7,81.1,False,3.9,False
TL013114,TR013114,DR0037,VH00111,2025-10-04,1534.7,71.52,23.4,117,33,24,1003,135.1,0.0,False,4.3,False
TL013116,TR013116,DR0048,VH00017,2026-05-21,404.3,41.04,10.7,107,1,1,148,8.6,87.5,False,4.0,False
TL013118,TR013118,DR0007,VH00007,2023-04-01,1534.7,17.04,98.3,172,119,110,481,712.8,0.0,False,4.6,False
TL013122,TR013122,DR0047,VH00062,2024-12-23,384.0,11.76,35.6,118,8,9,71,33.8,65.3,False,4.6,False
TL013123,TR013123,DR0055,VH00112,2025-12-02,543.0,65.04,9.1,179,9,13,831,54.0,15.7,False,3.8,False
TL013124,TR013124,DR0058,VH00020,2024-12-08,10.5,41.52,0.3,120,0,0,612,0.9,69.1,False,4.9,False
TL013126,TR013126,DR0023,VH00031,2026-05-27,130.2,32.88,4.3,174,1,1,293,5.5,81.2,False,3.2,False
TL013127,TR013127,DR0009,VH00054,2025-02-25,1534.7,18.48,90.6,167,4,4,66,60.5,68.6,False,5.0,False
TL013128,TR013128,DR0049,VH00013,2025-10-28,71.7,11.28,6.9,151,0,0,101,4.3,93.7,False,5.0,False
TL013130,TR013130,DR0031,VH00031,2025-04-23,48.5,141.6,0.4,176,0,0,841,5.4,56.3,False,4.3,True
TL013136,TR013136,DR0003,VH00037,2025-10-14,960.3,47.52,22.0,173,78,62,1132,553.1,0.0,False,4.6,False
TL013137,TR013137,DR0004,VH00019,2026-04-20,393.6,9.6,44.7,144,9,9,92,45.9,59.1,False,4.4,False
TL013138,TR013138,DR0037,VH00080,2025-07-05,26.9,71.04,0.4,166,0,0,395,4.0,79.0,False,4.0,False
TL013139,TR013139,DR0044,VH00046,2023-04-19,76.2,22.56,3.7,170,1,1,148,6.9,88.0,False,4.7,False
TL013141,TR013141,DR0026,VH00015,2024-04-23,78.5,11.04,7.8,136,2,3,181,26.3,77.1,False,5.0,False
TL013143,TR013143,DR0022,VH00040,2022-12-01,124.7,140.16,1.0,81,2,2,908,27.7,41.3,False,4.8,False
TL013146,TR013146,DR0032,VH00102,2023-02-27,45.8,6.24,8.0,179,0,0,55,1.8,96.7,False,3.9,False
TL013147,TR013147,DR0002,VH00053,2023-11-06,75.9,8.64,9.6,82,2,3,118,27.6,79.8,False,4.7,False
TL013152,TR013152,DR0060,VH00074,2025-01-11,395.1,6.0,71.8,106,3,3,24,40.4,79.2,False,5.0,False
TL013155,TR013155,DR0031,VH00038,2025-05-18,337.8,18.72,19.7,173,6,5,273,75.0,49.8,False,4.6,False
TL013158,TR013158,DR0007,VH00069,2025-08-21,395.8,69.6,6.2,101,33,18,990,86.7,0.0,False,4.1,False
TL013160,TR013160,DR0034,VH00081,2024-06-23,21.5,7.92,3.0,138,0,0,119,4.7,92.6,False,4.5,False
TL013161,TR013161,DR0033,VH00068,2024-07-10,69.8,126.96,0.6,166,0,0,1032,11.1,45.1,False,4.0,False
TL013163,TR013163,DR0012,VH00053,2025-02-04,1372.0,5.04,297.0,98,39,55,91,220.2,0.0,False,3.7,False
TL013164,TR013164,DR0024,VH00119,2023-06-24,383.3,6.96,60.1,98,3,4,49,14.0,84.8,False,3.3,False
TL013167,TR013167,DR0043,VH00025,2024-11-23,68.1,64.08,1.2,133,0,0,454,4.5,76.0,False,3.7,False
TL013169,TR013169,DR0031,VH00037,2024-05-24,377.6,18.24,22.6,132,6,9,228,76.9,47.5,False,4.3,False
TL013172,TR013172,DR0054,VH00048,2022-07-28,37.9,8.4,4.9,137,0,0,34,1.4,97.9,False,3.4,False
TL013174,TR013174,DR0018,VH00044,2023-09-17,64.4,22.08,3.2,122,0,0,98,5.5,93.4,False,5.0,False
TL013175,TR013175,DR0032,VH00019,2022-07-27,386.7,51.36,8.2,102,4,4,421,28.4,60.4,False,5.0,False
TL013176,TR013176,DR0048,VH00091,2023-06-24,75.1,10.56,7.8,123,0,0,22,2.0,98.3,False,4.2,False
TL013177,TR013177,DR0036,VH00106,2025-04-21,87.2,212.88,0.4,116,2,1,2431,12.5,0.0,False,4.5,False
TL013179,TR013179,DR0029,VH00074,2022-01-26,14.1,19.2,0.8,151,0,0,235,2.7,87.4,False,4.1,False
TL013182,TR013182,DR0042,VH00032,2023-12-03,14.7,10.56,1.5,135,0,0,71,0.9,96.2,False,3.4,False
TL013184,TR013184,DR0040,VH00011,2026-01-28,404.3,48.24,9.1,119,7,7,579,32.0,43.9,False,4.0,False
TL013185,TR013185,DR0009,VH00107,2025-09-06,36.8,7.2,5.6,141,0,0,28,0.6,98.4,False,3.5,False
TL013187,TR013187,DR0010,VH00059,2025-10-26,398.1,47.28,9.2,176,4,3,406,22.2,64.0,False,4.3,False
TL013188,TR013188,DR0032,VH00084,2022-07-09,22.7,20.4,1.2,105,0,0,158,1.2,91.7,False,3.4,False
TL013190,TR013190,DR0035,VH00023,2025-02-19,123.8,26.88,5.0,90,5,3,651,21.1,50.6,False,5.0,False
TL013191,TR013191,DR0047,VH00015,2025-05-19,17.7,23.76,0.8,114,0,0,288,3.7,84.5,False,4.7,False
TL013192,TR013192,DR0024,VH00115,2023-10-17,18.1,100.08,0.2,160,0,0,774,1.7,60.8,False,4.8,False
TL013195,TR013195,DR0047,VH00059,2026-05-20,543.0,42.0,14.1,158,8,13,669,58.1,24.1,False,4.6,False
TL013196,TR013196,DR0009,VH00078,2025-09-01,44.5,13.44,3.6,129,0,0,30,1.9,97.9,False,3.2,False
TL013198,TR013198,DR0036,VH00023,2023-08-14,342.8,27.12,13.8,121,8,7,193,35.1,60.8,False,4.3,False
TL013199,TR013199,DR0059,VH00016,2023-08-03,364.6,9.84,40.4,145,5,8,132,43.9,64.7,False,4.5,False
TL013200,TR013200,DR0036,VH00112,2023-03-04,25.5,74.64,0.4,112,0,0,912,5.4,52.8,False,3.9,False
TL013202,TR013202,DR0057,VH00032,2025-04-16,543.0,30.48,19.4,163,1,2,45,12.4,90.5,False,3.5,False
TL013203,TR013203,DR0043,VH00115,2025-02-03,393.5,60.72,7.1,96,4,3,488,19.8,60.7,False,4.2,False
TL013208,TR013208,DR0004,VH00015,2022-12-26,40.9,18.0,2.5,177,0,0,152,7.3,90.2,False,5.0,False
TL013210,TR013210,DR0043,VH00013,2023-08-08,61.1,35.52,1.9,90,0,0,191,5.3,88.9,False,4.7,False
TL013211,TR013211,DR0026,VH00053,2024-02-08,75.2,171.84,0.5,134,3,2,3706,25.8,0.0,False,2.9,False
TL013212,TR013212,DR0013,VH00084,2023-08-11,124.5,31.44,4.3,117,0,1,157,5.7,89.4,False,4.6,False
TL013213,TR013213,DR0027,VH00089,2024-08-22,1468.7,55.68,28.8,177,16,15,168,146.3,8.7,False,3.7,False
TL013214,TR013214,DR0016,VH00111,2023-07-16,87.2,819.6,0.1,164,0,0,4256,7.3,0.0,False,4.0,False
TL013215,TR013215,DR0039,VH00095,2026-06-14,24.8,234.24,0.1,111,0,0,3351,2.8,0.0,False,4.4,False
TL013217,TR013217,DR0031,VH00040,2026-06-02,53.7,219.36,0.3,92,0,1,2381,10.3,0.0,False,3.5,False
TL013218,TR013218,DR0040,VH00091,2022-02-07,20.0,52.08,0.4,164,0,0,674,3.4,65.3,False,3.9,False
TL013219,TR013219,DR0005,VH00047,2026-05-18,404.3,42.72,10.3,107,3,3,138,16.9,80.5,False,3.9,False
TL013220,TR013220,DR0057,VH00028,2026-04-13,14.5,17.76,0.9,121,0,0,73,0.6,96.2,False,2.9,False
TL013221,TR013221,DR0007,VH00094,2026-06-22,77.4,23.04,3.7,126,6,4,418,39.6,54.2,False,3.6,False
TL013222,TR013222,DR0058,VH00017,2025-07-08,337.8,4.8,76.8,137,6,5,34,37.0,73.2,False,4.7,False
TL013223,TR013223,DR0016,VH00080,2022-06-08,68.1,23.04,3.2,86,0,0,76,5.2,94.6,False,5.0,False
TL013228,TR013228,DR0031,VH00017,2025-12-04,47.8,192.96,0.3,106,0,0,3104,9.3,0.0,False,4.2,False
TL013230,TR013230,DR0008,VH00074,2023-12-19,323.1,32.64,10.8,83,4,5,250,31.9,66.9,False,5.0,False
TL013233,TR013233,DR0055,VH00028,2023-08-22,364.6,9.36,42.5,88,7,6,65,68.1,59.8,False,4.0,False
TL013234,TR013234,DR0031,VH00084,2024-07-09,22.6,8.64,2.9,104,0,0,47,4.3,96.4,False,5.0,False
TL013240,TR013240,DR0013,VH00039,2024-06-28,24.2,19.44,1.4,145,0,0,94,1.3,94.9,False,4.9,False
TL013251,TR013251,DR0034,VH00031,2024-06-17,22.1,195.84,0.1,84,0,0,3158,3.1,0.0,False,4.4,False
TL013254,TR013254,DR0058,VH00047,2023-05-07,1277.3,147.36,9.5,144,23,27,853,217.8,0.0,False,4.4,False
TL013256,TR013256,DR0017,VH00053,2025-04-26,1468.7,29.52,54.3,152,35,36,289,163.5,0.0,False,4.2,False
TL013257,TR013257,DR0057,VH00023,2026-03-25,44.1,3.6,13.4,133,0,0,12,1.4,99.0,False,4.1,False
TL013258,TR013258,DR0031,VH00040,2024-07-26,41.3,33.12,1.4,83,0,1,345,4.0,80.5,False,4.6,False
TL013260,TR013260,DR0032,VH00104,2025-09-17,72.8,59.76,1.3,180,0,0,444,5.3,76.2,False,3.7,False
TL013261,TR013261,DR0007,VH00058,2022-04-17,498.6,119.76,4.5,147,29,31,1954,282.0,0.0,False,5.0,False
TL013263,TR013263,DR0049,VH00058,2024-04-08,1484.0,55.92,29.0,131,11,13,204,140.0,18.3,False,4.5,False
TL013265,TR013265,DR0010,VH00038,2024-08-19,47.9,16.8,3.1,151,0,0,99,2.5,94.3,False,4.3,False
TL013266,TR013266,DR0049,VH00102,2024-02-09,16.1,17.04,1.0,166,0,0,56,1.0,96.9,False,3.9,False
TL013267,TR013267,DR0054,VH00117,2026-06-08,1468.7,20.4,78.5,122,18,14,72,105.2,23.8,False,4.6,True
TL013270,TR013270,DR0046,VH00116,2024-12-05,15.7,6.0,2.9,128,1,0,63,4.9,93.9,False,3.4,False
TL013271,TR013271,DR0031,VH00087,2026-01-15,43.4,30.24,1.6,96,0,1,396,7.3,77.0,False,5.0,False
TL013284,TR013284,DR0036,VH00117,2025-01-24,68.3,36.24,2.1,93,1,1,215,10.3,83.7,False,3.9,False
TL013289,TR013289,DR0058,VH00068,2023-05-11,69.5,42.0,1.8,149,1,1,356,8.4,77.2,False,4.2,False
TL013290,TR013290,DR0003,VH00073,2022-12-20,41.8,80.16,0.6,143,2,1,2027,11.8,0.0,False,4.2,False
TL013292,TR013292,DR0007,VH00084,2023-12-15,370.9,9.12,44.4,125,26,18,110,194.4,0.0,False,4.4,False
TL013294,TR013294,DR0002,VH00028,2024-08-14,66.9,63.12,1.2,173,2,2,876,11.0,47.9,False,3.4,False
TL013298,TR013298,DR0046,VH00071,2025-08-13,15.3,64.08,0.3,161,1,0,910,6.1,51.2,False,4.9,False
TL013302,TR013302,DR0057,VH00038,2022-09-06,1552.0,31.44,53.9,165,7,7,53,45.1,66.3,False,4.0,False
TL013303,TR013303,DR0027,VH00099,2022-08-08,54.7,203.04,0.3,151,0,0,1052,3.4,46.4,False,5.0,False
TL013305,TR013305,DR0054,VH00007,2025-06-21,35.3,21.84,1.8,158,0,0,159,3.2,91.1,False,5.0,False
TL013308,TR013308,DR0009,VH00007,2024-10-13,397.2,70.08,6.2,89,2,1,168,15.7,82.9,False,4.4,False
TL013311,TR013311,DR0060,VH00061,2023-02-10,25.7,14.64,1.9,90,0,0,127,2.1,93.0,False,3.4,False
TL013312,TR013312,DR0060,VH00020,2023-05-28,77.1,39.36,2.1,108,0,0,130,6.0,91.7,False,4.5,False
TL013313,TR013313,DR0044,VH00015,2022-12-26,75.8,811.44,0.1,140,1,1,5886,15.8,0.0,False,2.6,False
TL013315,TR013315,DR0049,VH00110,2026-02-08,365.8,10.56,37.8,172,4,3,55,25.6,80.6,False,3.7,False
TL013316,TR013316,DR0018,VH00041,2023-03-15,67.1,160.56,0.5,104,0,0,757,2.8,61.3,False,3.6,False
TL013318,TR013318,DR0010,VH00111,2024-09-15,323.1,8.16,43.2,152,3,2,50,16.6,86.0,False,4.0,False
TL013321,TR013321,DR0055,VH00081,2024-07-20,66.9,47.76,1.5,150,1,1,578,9.7,65.7,False,4.5,False
TL013323,TR013323,DR0022,VH00026,2022-05-23,58.7,768.48,0.1,104,1,1,5335,10.3,0.0,False,4.0,False
TL013324,TR013324,DR0035,VH00034,2025-06-15,370.6,4.32,93.6,159,13,12,63,98.8,35.7,False,4.5,False
TL013325,TR013325,DR0031,VH00087,2023-06-11,44.5,65.52,0.7,95,0,0,758,8.9,59.4,False,4.5,False
TL013327,TR013327,DR0060,VH00110,2022-07-15,364.6,47.52,8.4,123,2,2,198,17.6,79.8,False,4.4,False
TL013328,TR013328,DR0012,VH00008,2026-05-28,1396.2,6.72,226.7,169,52,57,120,386.1,0.0,False,3.9,False
TL013332,TR013332,DR0021,VH00084,2025-03-04,71.7,65.76,1.2,141,1,1,379,6.2,76.7,False,4.6,False
TL013333,TR013333,DR0037,VH00118,2022-01-22,1486.0,21.36,75.9,117,38,33,282,259.2,0.0,False,4.7,False
TL013335,TR013335,DR0025,VH00048,2024-06-20,381.8,6.72,62.0,123,6,8,78,36.5,68.1,False,4.3,False
TL013336,TR013336,DR0035,VH00062,2025-12-12,396.4,120.0,3.6,94,19,12,1881,119.4,0.0,False,4.2,False
TL013337,TR013337,DR0023,VH00069,2022-04-04,377.4,175.68,2.3,174,3,4,1577,29.6,3.8,False,3.8,False
TL013339,TR013339,DR0016,VH00016,2026-04-03,15.1,150.96,0.1,169,0,0,1280,1.4,35.6,False,5.0,False
TL013340,TR013340,DR0042,VH00036,2023-09-04,52.9,85.2,0.7,102,0,0,740,5.5,61.4,False,4.9,False
TL013347,TR013347,DR0007,VH00020,2026-02-21,65.4,10.08,7.1,142,5,4,237,26.7,68.6,False,3.6,False
TL013348,TR013348,DR0024,VH00057,2023-08-10,1376.0,5.28,284.3,179,10,11,21,112.4,39.2,False,4.4,False
TL013349,TR013349,DR0039,VH00107,2026-05-28,1231.7,44.88,29.9,99,29,23,508,259.5,0.0,False,4.9,False
TL013355,TR013355,DR0002,VH00117,2023-01-17,174.9,21.12,9.0,83,7,6,388,52.2,48.4,False,4.3,False
TL013356,TR013356,DR0053,VH00092,2023-02-13,64.9,9.6,7.4,139,0,0,85,2.8,94.9,False,3.6,False
TL013359,TR013359,DR0054,VH00073,2026-03-10,73.1,53.04,1.5,114,0,0,214,4.1,88.1,False,5.0,False
TL013360,TR013360,DR0035,VH00041,2025-03-16,391.3,35.52,12.0,104,19,10,457,118.0,3.2,False,4.9,False
TL013362,TR013362,DR0027,VH00008,2024-11-12,70.1,7.44,10.3,153,0,0,41,4.4,96.6,False,4.1,False
TL013364,TR013364,DR0028,VH00015,2024-12-13,543.0,48.96,12.1,154,6,4,268,20.5,67.4,False,3.8,False
TL013365,TR013365,DR0031,VH00062,2026-04-02,44.6,19.68,2.5,119,0,0,120,6.7,92.0,False,5.0,False
TL013367,TR013367,DR0037,VH00074,2023-11-27,376.4,49.68,8.3,160,6,9,728,54.0,29.4,False,3.8,False
TL013371,TR013371,DR0039,VH00063,2022-06-21,1466.7,9.6,166.7,124,37,26,116,132.9,0.0,False,3.5,False
TL013373,TR013373,DR0059,VH00063,2025-04-14,45.4,12.96,3.8,123,0,0,75,3.9,95.1,False,4.2,False
TL013374,TR013374,DR0016,VH00047,2024-10-28,38.0,147.12,0.3,108,0,0,1085,3.7,44.6,False,4.8,False
TL013375,TR013375,DR0041,VH00104,2022-02-07,43.6,24.0,2.0,101,0,0,72,3.1,95.5,False,3.6,False
TL013376,TR013376,DR0033,VH00042,2024-08-21,67.5,49.92,1.5,175,1,1,629,13.2,62.1,False,3.7,False
TL013377,TR013377,DR0049,VH00071,2023-06-06,900.7,66.96,14.7,178,7,9,223,57.3,52.2,False,3.4,False
TL013383,TR013383,DR0002,VH00106,2022-09-05,72.2,8.4,9.4,157,2,3,99,16.1,84.2,False,5.0,False
TL013384,TR013384,DR0012,VH00010,2026-03-25,34.5,11.28,3.3,179,0,0,140,11.7,89.5,False,5.0,False
TL013387,TR013387,DR0056,VH00011,2024-04-11,35.4,55.2,0.7,117,0,0,311,1.6,84.0,False,4.5,False
TL013388,TR013388,DR0034,VH00057,2023-11-21,374.3,2.4,170.1,149,6,6,14,39.3,72.5,False,4.3,False
TL013390,TR013390,DR0046,VH00019,2025-11-05,52.8,17.76,3.2,175,3,2,385,31.6,64.8,False,4.0,False
TL013394,TR013394,DR0041,VH00106,2024-06-05,15.3,19.68,0.8,96,0,0,159,0.7,91.8,False,4.3,False
TL013395,TR013395,DR0043,VH00031,2023-12-27,51.5,45.84,1.2,168,0,0,344,2.6,82.0,False,4.7,False
TL013396,TR013396,DR0011,VH00119,2023-01-05,65.7,16.8,4.3,122,0,0,110,3.0,93.6,False,3.8,False
TL013397,TR013397,DR0026,VH00051,2025-02-10,389.2,6.0,70.8,118,11,12,50,64.0,49.8,False,4.5,False
TL013399,TR013399,DR0059,VH00015,2025-06-12,61.8,26.16,2.6,179,0,1,141,9.9,89.0,False,4.7,False
TL013402,TR013402,DR0021,VH00038,2022-02-22,364.6,66.48,6.0,104,7,5,399,54.3,48.3,False,5.0,False
TL013405,TR013405,DR0036,VH00025,2026-06-08,14.4,66.72,0.2,151,0,0,840,1.8,57.5,False,4.4,False
TL013406,TR013406,DR0029,VH00010,2022-05-25,337.8,18.0,20.5,101,4,6,134,36.4,70.4,False,3.9,False
TL013407,TR013407,DR0028,VH00046,2024-03-16,59.5,13.44,4.8,164,0,0,104,5.5,93.1,False,4.5,False
TL013412,TR013412,DR0017,VH00036,2022-05-14,78.3,763.44,0.1,89,1,1,11699,16.5,0.0,False,4.5,False
TL013413,TR013413,DR0034,VH00039,2024-08-16,19.5,30.72,0.7,83,0,0,460,1.8,76.5,False,4.2,False
TL013415,TR013415,DR0058,VH00007,2026-01-26,56.8,203.52,0.3,165,1,1,1210,8.2,34.5,False,3.5,False
TL013417,TR013417,DR0043,VH00041,2022-01-24,47.5,19.44,2.7,171,0,0,68,2.7,95.8,False,3.5,False
TL013419,TR013419,DR0037,VH00022,2024-04-19,1534.7,29.52,56.7,158,29,29,323,206.6,0.0,False,4.3,False
TL013421,TR013421,DR0003,VH00015,2022-03-06,72.3,108.96,0.7,180,5,3,1872,42.3,0.0,False,3.8,False
TL013423,TR013423,DR0009,VH00036,2023-02-15,498.6,58.56,9.3,82,1,1,141,17.8,85.1,False,3.7,False
TL013424,TR013424,DR0031,VH00059,2026-01-06,79.8,8.16,10.7,173,1,1,65,10.7,91.0,False,3.6,False
TL013425,TR013425,DR0036,VH00071,2022-12-02,337.8,17.52,21.0,97,8,5,131,30.3,67.4,False,4.3,False
TL013426,TR013426,DR0017,VH00080,2026-05-16,1410.2,3.84,400.6,127,35,23,36,248.3,0.0,False,4.9,False
TL013428,TR013428,DR0056,VH00115,2026-03-10,323.1,45.84,7.7,153,3,2,274,33.7,69.7,False,4.2,False
TL013429,TR013429,DR0009,VH00095,2022-04-17,30.6,144.96,0.2,148,0,0,551,0.6,72.3,False,5.0,False
TL013430,TR013430,DR0047,VH00028,2025-12-04,404.3,28.56,15.4,142,9,9,272,53.7,47.8,False,4.6,False
TL013431,TR013431,DR0049,VH00040,2025-08-18,1357.7,2.64,561.0,113,10,9,16,141.7,32.7,False,4.0,False
TL013432,TR013432,DR0057,VH00048,2022-01-22,42.7,23.76,2.0,127,0,0,40,1.8,97.5,False,4.0,False
TL013433,TR013433,DR0058,VH00115,2024-07-11,66.8,8.4,8.7,95,1,0,79,13.1,90.6,False,3.4,False
TL013434,TR013434,DR0044,VH00048,2022-01-19,375.5,68.88,5.9,126,7,7,576,82.9,28.8,False,4.0,False
TL013437,TR013437,DR0060,VH00061,2023-11-15,1256.4,68.4,20.0,141,14,12,221,114.5,21.6,False,4.4,False
TL013439,TR013439,DR0029,VH00068,2025-09-18,38.5,47.76,0.9,144,0,0,496,3.7,74.1,False,3.7,False
TL013444,TR013444,DR0043,VH00059,2024-01-14,15.6,8.16,2.1,90,0,0,39,1.3,97.7,False,3.2,False
TL013449,TR013449,DR0022,VH00059,2026-05-20,337.8,5.04,73.1,151,4,6,38,74.6,63.7,False,3.1,False
TL013450,TR013450,DR0019,VH00048,2026-05-03,22.4,7.68,3.2,168,1,0,172,3.1,89.0,False,3.9,False
TL013452,TR013452,DR0048,VH00114,2026-04-20,380.7,25.92,16.0,129,1,1,78,6.2,91.7,False,4.0,False
TL013453,TR013453,DR0059,VH00056,2026-05-09,40.3,80.16,0.5,102,0,1,829,5.2,56.0,False,4.7,False
TL013458,TR013458,DR0048,VH00056,2023-03-25,30.6,5.28,6.3,157,0,0,8,0.5,99.4,False,4.0,False
TL013459,TR013459,DR0022,VH00044,2025-03-07,58.2,21.6,2.9,165,1,0,169,11.4,86.6,False,3.7,False
TL013460,TR013460,DR0056,VH00099,2023-09-18,77.6,66.72,1.3,126,0,0,442,7.1,75.8,False,4.3,False
TL013461,TR013461,DR0027,VH00117,2022-02-25,41.9,45.12,1.0,138,0,0,308,1.5,84.1,False,4.1,False
TL013463,TR013463,DR0039,VH00104,2023-09-01,1387.7,2.88,525.6,86,21,35,26,146.7,0.0,False,3.7,False
TL013464,TR013464,DR0020,VH00092,2024-07-11,15.7,3.84,4.5,107,0,0,43,1.7,97.3,False,4.5,False
TL013467,TR013467,DR0018,VH00064,2026-04-07,1552.2,8.4,201.6,83,11,18,49,60.9,44.8,False,4.3,False
TL013470,TR013470,DR0042,VH00015,2025-06-20,1397.5,4.32,352.9,160,14,10,34,51.9,51.7,False,4.4,False
TL013473,TR013473,DR0031,VH00051,2024-07-26,74.4,8.64,9.4,124,1,1,63,6.5,92.4,False,4.0,False
TL013474,TR013474,DR0002,VH00061,2023-01-21,63.9,42.0,1.7,100,2,2,438,19.6,67.2,False,4.6,False
TL013477,TR013477,DR0023,VH00106,2022-11-15,37.2,15.36,2.6,95,0,0,68,3.6,95.5,False,4.7,True
TL013478,TR013478,DR0017,VH00026,2024-07-13,38.9,14.88,2.9,160,0,0,191,8.1,88.0,False,4.3,False
TL013480,TR013480,DR0031,VH00048,2022-05-02,900.7,43.44,22.6,123,18,13,507,86.4,8.7,False,4.7,False
TL013481,TR013481,DR0005,VH00110,2026-04-05,936.4,28.32,36.1,115,11,11,216,81.1,37.4,False,4.7,False
TL013482,TR013482,DR0052,VH00062,2026-02-11,15.7,14.4,1.2,155,0,0,34,0.2,98.2,False,4.9,False
TL013484,TR013484,DR0041,VH00112,2023-04-09,377.2,11.04,37.3,88,2,3,74,38.9,78.6,False,4.1,False
TL013485,TR013485,DR0059,VH00046,2023-06-27,127.1,43.44,3.2,110,2,1,406,20.6,69.5,False,3.8,True
TL013486,TR013486,DR0037,VH00092,2026-03-26,318.3,24.72,14.0,96,5,5,363,37.5,58.1,False,4.1,False
TL013489,TR013489,DR0046,VH00080,2023-09-09,48.2,17.28,3.0,158,3,2,261,11.7,76.9,False,3.4,False
TL013491,TR013491,DR0041,VH00005,2023-06-12,15.2,14.64,1.1,89,0,0,62,1.4,96.5,False,4.2,False
TL013493,TR013493,DR0013,VH00013,2023-03-28,124.0,53.28,2.5,95,0,0,165,7.7,89.4,False,4.4,False
TL013496,TR013496,DR0034,VH00084,2022-09-19,40.6,22.08,2.0,134,0,0,279,9.1,83.3,False,4.0,False
TL013497,TR013497,DR0022,VH00074,2024-02-25,46.8,222.96,0.2,107,1,1,2019,8.0,0.0,False,4.2,True
TL013500,TR013500,DR0018,VH00047,2025-08-25,1475.8,20.4,78.9,172,16,18,157,87.4,23.9,False,4.0,False
TL013501,TR013501,DR0043,VH00042,2025-12-15,1434.5,31.44,49.8,108,15,18,234,138.4,6.3,False,2.7,False
TL013503,TR013503,DR0016,VH00116,2023-04-18,79.7,771.36,0.1,106,0,0,5142,4.2,0.0,False,4.9,False
TL013505,TR013505,DR0024,VH00004,2024-12-01,43.5,51.6,0.9,102,0,0,388,4.4,79.3,False,4.1,False
TL013506,TR013506,DR0009,VH00004,2023-05-14,1534.7,7.68,218.0,116,5,7,22,46.3,70.5,False,4.4,False
TL013508,TR013508,DR0025,VH00039,2025-01-22,1468.7,16.32,98.2,118,27,23,102,324.4,0.0,False,3.6,False
TL013510,TR013510,DR0002,VH00044,2025-09-06,64.5,85.68,0.8,124,3,2,1068,15.0,35.6,False,5.0,False
TL013512,TR013512,DR0005,VH00031,2023-04-18,10.3,679.44,0.0,169,0,0,2981,0.6,0.0,False,3.3,False
TL013513,TR013513,DR0016,VH00032,2022-09-21,361.2,11.28,34.9,132,4,3,82,29.6,78.0,False,3.7,False
TL013514,TR013514,DR0052,VH00095,2023-11-21,364.0,35.28,11.3,90,1,1,156,10.2,86.6,False,4.3,False
TL013515,TR013515,DR0028,VH00028,2023-04-06,44.3,9.36,5.2,149,0,0,54,3.1,96.4,False,4.9,False
TL013516,TR013516,DR0018,VH00044,2026-05-03,72.2,72.24,1.1,174,0,0,391,3.4,79.4,False,3.8,False
TL013518,TR013518,DR0044,VH00026,2023-02-18,65.8,9.84,7.3,170,0,1,85,10.6,91.6,False,5.0,False
TL013519,TR013519,DR0010,VH00057,2025-01-17,1468.7,8.88,180.4,115,17,16,77,100.5,24.5,False,4.2,False
TL013522,TR013522,DR0041,VH00104,2025-12-13,44.4,672.24,0.1,147,0,0,3622,3.3,0.0,False,4.5,False
TL013525,TR013525,DR0020,VH00118,2024-03-28,335.8,11.28,32.5,143,5,8,160,74.5,54.2,False,3.7,False
TL013526,TR013526,DR0046,VH00013,2023-05-10,384.1,11.28,37.1,173,31,29,275,190.7,0.0,False,4.5,False
TL013529,TR013529,DR0003,VH00022,2026-03-04,69.9,15.12,5.0,141,4,4,219,26.7,71.0,False,4.2,False
TL013530,TR013530,DR0037,VH00047,2022-04-17,362.0,8.64,45.7,158,6,9,56,70.3,58.1,False,4.9,False
TL013531,TR013531,DR0047,VH00059,2024-03-10,22.2,10.56,2.3,138,0,0,156,4.9,90.7,False,4.1,False
TL013532,TR013532,DR0017,VH00095,2026-06-03,323.1,25.44,13.9,148,8,5,184,62.1,55.2,False,4.1,False
TL013535,TR013535,DR0024,VH00052,2023-05-04,25.7,42.96,0.7,151,0,0,345,1.3,82.4,False,4.4,False
TL013539,TR013539,DR0044,VH00087,2024-08-15,49.9,160.56,0.3,141,1,0,2520,8.3,0.0,False,4.0,False
TL013540,TR013540,DR0015,VH00043,2026-06-11,65.3,92.16,0.8,154,1,0,838,10.0,53.6,False,4.3,False
TL013543,TR013543,DR0011,VH00046,2024-10-06,10.5,11.04,1.0,169,0,0,49,0.8,97.3,False,5.0,False
TL013544,TR013544,DR0057,VH00018,2025-06-26,114.3,36.96,3.4,109,0,0,119,3.0,93.1,False,3.5,False
TL013545,TR013545,DR0043,VH00022,2022-08-21,1369.2,761.76,2.0,169,14,16,2917,116.6,0.0,False,4.5,False
TL013546,TR013546,DR0016,VH00095,2022-08-11,14.7,11.52,1.4,124,0,0,82,0.8,95.7,False,4.0,False
TL013547,TR013547,DR0017,VH00046,2024-03-08,79.5,239.76,0.4,112,1,1,3083,14.6,0.0,False,3.8,False
TL013548,TR013548,DR0013,VH00031,2023-02-15,55.7,14.88,4.1,162,0,0,58,3.0,96.2,False,4.6,False
TL013549,TR013549,DR0049,VH00068,2024-08-27,50.6,123.84,0.4,133,0,0,571,4.7,70.0,False,5.0,False
TL013551,TR013551,DR0029,VH00111,2022-08-13,389.4,4.8,88.5,174,5,9,61,70.8,59.2,False,3.7,False
TL013556,TR013556,DR0028,VH00021,2023-05-01,58.4,8.4,7.6,117,0,0,34,2.8,97.5,False,4.1,False
TL013557,TR013557,DR0005,VH00046,2023-05-06,368.3,4.56,88.1,144,2,3,39,36.3,81.2,False,3.2,False
TL013558,TR013558,DR0046,VH00061,2026-01-26,393.5,4.32,99.4,85,31,17,90,200.5,0.0,False,4.7,False
TL013564,TR013564,DR0048,VH00084,2024-08-11,1440.2,41.52,37.8,130,7,5,112,49.4,64.1,False,3.0,False
TL013565,TR013565,DR0060,VH00102,2022-01-13,135.0,35.52,4.1,171,1,1,178,7.2,86.4,False,3.9,False
TL013568,TR013568,DR0018,VH00073,2022-07-24,15.4,34.32,0.5,158,0,0,159,0.9,91.8,False,3.6,False
TL013570,TR013570,DR0051,VH00074,2024-11-11,1477.9,58.8,27.4,168,25,20,555,128.5,0.0,False,4.0,False
TL013574,TR013574,DR0013,VH00016,2025-11-06,31.8,14.88,2.3,171,0,0,124,3.2,92.8,False,4.3,False
TL013577,TR013577,DR0058,VH00057,2023-10-19,41.5,13.2,3.4,172,0,0,88,8.7,93.0,False,4.6,False
TL013583,TR013583,DR0044,VH00052,2025-08-01,1251.0,11.52,118.5,85,28,27,179,102.0,0.0,False,4.1,False
TL013585,TR013585,DR0054,VH00118,2025-09-03,936.4,60.48,16.9,100,8,9,496,53.5,38.2,False,3.4,False
TL013587,TR013587,DR0017,VH00047,2022-04-05,46.3,18.72,2.7,124,0,0,113,7.9,92.0,False,3.4,False
TL013591,TR013591,DR0005,VH00017,2024-03-17,72.2,11.04,7.1,144,0,0,35,4.5,96.9,False,3.0,False
TL013593,TR013593,DR0044,VH00046,2022-09-11,49.3,6.0,9.0,87,0,0,43,4.9,96.4,False,4.8,False
TL013595,TR013595,DR0018,VH00048,2022-04-09,364.6,58.08,6.8,99,3,3,500,26.3,59.6,False,5.0,False
TL013597,TR013597,DR0058,VH00054,2024-11-13,365.7,4.32,92.3,147,6,8,23,36.5,70.9,False,4.6,False
TL013598,TR013598,DR0010,VH00062,2024-08-06,51.8,11.04,5.1,104,0,0,80,3.6,94.9,False,3.9,False
TL013600,TR013600,DR0024,VH00017,2026-05-07,17.0,64.32,0.3,134,0,0,451,1.3,77.1,False,4.8,False
TL013604,TR013604,DR0028,VH00032,2026-06-19,37.9,4.08,10.1,154,0,0,21,2.9,98.1,False,4.9,False
TL013605,TR013605,DR0003,VH00069,2023-03-02,60.1,11.28,5.8,125,4,3,284,20.2,70.7,False,3.1,False
TL013606,TR013606,DR0010,VH00118,2022-09-18,364.6,100.08,4.0,92,4,4,615,34.4,48.9,False,3.0,False
TL013610,TR013610,DR0016,VH00117,2025-05-07,44.4,782.64,0.1,149,0,0,6489,3.1,0.0,False,4.7,False
TL013611,TR013611,DR0031,VH00054,2025-02-13,79.7,67.68,1.3,112,1,1,717,14.4,57.3,False,4.0,False
TL013616,TR013616,DR0025,VH00018,2023-03-19,1395.8,21.84,69.7,107,21,34,327,275.3,0.0,False,4.3,False
TL013618,TR013618,DR0013,VH00073,2023-09-17,568.6,52.8,11.7,147,6,6,463,35.6,51.2,False,4.7,False
TL013623,TR013623,DR0017,VH00031,2024-07-04,53.0,18.72,3.1,86,0,0,120,5.4,92.4,False,4.9,False
TL013631,TR013631,DR0057,VH00043,2024-05-07,70.8,60.24,1.3,121,0,0,100,2.3,94.3,False,3.3,False
TL013637,TR013637,DR0011,VH00057,2025-05-21,1397.9,29.76,51.2,140,10,12,257,52.0,44.5,False,3.5,False
TL013638,TR013638,DR0041,VH00016,2023-12-26,15.5,47.76,0.4,136,0,0,192,1.4,90.0,False,5.0,False
TL013640,TR013640,DR0015,VH00091,2025-03-03,172.9,67.2,2.8,127,4,3,1055,27.1,30.1,False,4.1,False
TL013642,TR013642,DR0013,VH00116,2025-07-27,900.7,41.28,23.8,151,6,6,307,41.5,57.2,False,4.2,False
TL013643,TR013643,DR0040,VH00061,2026-05-15,30.7,172.08,0.2,121,0,0,2397,5.3,0.0,False,4.1,False
TL013646,TR013646,DR0042,VH00119,2022-09-15,404.3,45.12,9.8,158,3,3,149,22.8,78.2,False,3.9,False
TL013648,TR013648,DR0019,VH00056,2022-01-18,370.6,4.8,84.2,153,14,17,118,99.1,26.4,False,4.2,False
TL013653,TR013653,DR0022,VH00020,2022-11-18,173.9,154.8,1.2,130,2,3,1413,34.1,13.1,False,4.0,False
TL013656,TR013656,DR0022,VH00054,2022-05-23,58.4,60.0,1.1,177,1,0,652,12.1,62.3,False,4.2,False
TL013658,TR013658,DR0055,VH00095,2026-05-15,15.0,25.92,0.6,150,0,0,327,1.6,83.2,False,4.5,False
TL013660,TR013660,DR0041,VH00062,2023-09-28,381.7,24.0,17.3,177,2,2,100,24.9,82.5,False,3.7,False
TL013662,TR013662,DR0013,VH00013,2023-09-15,58.8,11.52,5.6,153,0,0,53,4.8,95.9,False,4.2,False
TL013663,TR013663,DR0009,VH00089,2025-08-21,15.0,27.84,0.6,88,0,0,113,0.3,94.3,False,4.7,False
TL013667,TR013667,DR0031,VH00061,2023-02-08,48.3,131.04,0.4,180,0,0,932,8.0,51.0,False,4.0,False
TL013668,TR013668,DR0031,VH00068,2023-04-06,1476.7,21.6,74.6,168,36,30,274,140.7,0.0,False,4.4,False
TL013671,TR013671,DR0048,VH00037,2024-07-17,364.6,14.88,26.7,167,1,1,44,12.6,91.5,False,4.4,False
TL013674,TR013674,DR0043,VH00048,2023-06-04,14.3,38.88,0.4,108,0,0,329,0.7,83.3,False,3.7,False
TL013675,TR013675,DR0033,VH00020,2026-01-28,74.3,81.6,1.0,91,1,1,1240,12.3,31.8,False,5.0,False
TL013677,TR013677,DR0027,VH00118,2022-08-24,76.8,12.96,6.5,138,0,0,45,4.2,96.5,False,3.5,False
TL013682,TR013682,DR0027,VH00031,2024-12-25,395.2,3.36,128.3,177,3,3,24,32.0,81.7,False,5.0,False
TL013683,TR013683,DR0053,VH00034,2024-09-27,26.4,30.24,1.0,157,0,0,198,1.1,89.8,False,3.5,False
TL013687,TR013687,DR0035,VH00063,2026-05-22,1240.6,38.16,35.5,119,61,32,529,331.5,0.0,False,4.7,False
TL013688,TR013688,DR0053,VH00015,2025-07-06,18.7,36.72,0.6,180,0,0,147,1.3,92.3,False,4.0,False
TL013689,TR013689,DR0035,VH00036,2023-06-18,54.7,3.84,15.5,127,1,1,55,13.5,90.7,False,5.0,False
TL013690,TR013690,DR0057,VH00069,2025-03-14,59.9,31.2,2.1,133,0,0,49,1.5,97.1,False,4.9,False
TL013696,TR013696,DR0026,VH00057,2026-06-04,14.6,131.28,0.1,165,0,0,1928,3.8,2.5,False,5.0,False
TL013701,TR013701,DR0004,VH00107,2025-10-18,960.3,18.96,55.3,172,24,17,129,105.8,8.8,False,3.9,False
TL013705,TR013705,DR0048,VH00034,2023-06-22,371.5,3.84,105.5,152,1,1,12,14.3,92.6,False,2.9,False
TL013706,TR013706,DR0023,VH00039,2025-01-23,76.4,8.64,9.6,125,0,0,42,6.9,95.8,False,3.7,False
TL013710,TR013710,DR0025,VH00039,2026-02-03,1440.2,15.84,99.2,171,37,29,88,163.6,0.0,False,3.1,False
TL013712,TR013712,DR0022,VH00036,2025-02-14,14.5,125.52,0.1,87,0,0,1920,2.7,3.2,False,4.4,False
TL013715,TR013715,DR0016,VH00089,2023-07-25,362.8,30.24,13.1,125,3,3,130,20.7,79.8,False,4.8,False
TL013716,TR013716,DR0008,VH00022,2022-09-25,20.7,155.52,0.1,126,0,0,2217,3.5,0.0,False,4.1,False
TL013722,TR013722,DR0046,VH00039,2024-08-10,936.4,49.2,20.8,91,54,56,1236,330.7,0.0,False,4.3,False
TL013723,TR013723,DR0042,VH00078,2026-04-17,1403.1,41.76,36.7,173,13,10,291,81.2,31.6,False,3.3,False
TL013725,TR013725,DR0024,VH00091,2024-01-28,1231.7,48.24,27.9,108,11,9,296,54.9,43.2,False,3.7,False
TL013729,TR013729,DR0046,VH00057,2023-12-09,1370.1,11.76,127.1,164,79,62,216,686.8,0.0,False,5.0,False
TL013733,TR013733,DR0055,VH00019,2024-07-26,337.8,18.96,19.4,155,6,7,295,65.5,49.6,False,4.2,False
TL013734,TR013734,DR0022,VH00074,2023-07-09,48.2,66.96,0.8,175,0,1,449,5.9,74.8,False,4.2,False
TL013735,TR013735,DR0007,VH00106,2023-06-19,61.3,21.36,3.1,138,4,4,602,25.8,52.2,False,3.9,False
TL013736,TR013736,DR0044,VH00064,2026-03-22,52.3,30.24,1.9,142,0,0,325,5.2,82.2,False,3.6,False
TL013746,TR013746,DR0049,VH00034,2024-06-16,29.4,18.72,1.7,85,0,0,67,2.5,95.9,False,4.5,False
TL013748,TR013748,DR0029,VH00064,2023-01-21,38.8,21.6,2.0,176,0,0,158,5.7,90.4,False,4.7,False
TL013749,TR013749,DR0042,VH00057,2023-02-10,116.7,38.16,3.3,109,0,1,228,11.6,84.1,False,3.3,False
TL013750,TR013750,DR0049,VH00078,2024-06-08,41.6,91.2,0.5,130,0,0,608,2.8,68.8,False,4.1,False
TL013753,TR013753,DR0034,VH00106,2024-05-26,42.8,5.76,8.1,85,0,0,77,8.1,93.7,False,4.7,False
TL013755,TR013755,DR0059,VH00032,2026-03-20,1440.2,72.0,21.8,97,25,30,1062,205.2,0.0,False,4.4,False
TL013757,TR013757,DR0053,VH00031,2024-05-03,1486.1,11.76,137.9,150,16,11,103,150.8,14.6,False,3.5,False
TL013758,TR013758,DR0024,VH00042,2023-12-24,364.6,9.84,40.4,158,4,2,85,37.6,76.5,False,4.6,False
TL013762,TR013762,DR0015,VH00038,2024-12-01,57.7,41.52,1.5,131,1,1,528,7.1,69.0,False,3.7,False
TL013766,TR013766,DR0009,VH00015,2023-07-04,1440.2,22.56,69.6,101,5,6,82,48.3,67.9,False,3.2,False
TL013767,TR013767,DR0008,VH00032,2026-03-23,79.6,23.52,3.7,155,1,1,200,13.4,83.5,False,4.6,False
TL013770,TR013770,DR0018,VH00112,2022-08-08,14.8,5.04,3.2,121,0,0,43,1.0,97.5,False,3.1,False
TL013774,TR013774,DR0011,VH00065,2024-12-06,45.3,10.56,4.7,98,0,0,78,1.7,95.6,False,3.6,False
TL013779,TR013779,DR0016,VH00084,2026-06-14,900.7,9.36,105.0,139,6,9,57,65.3,59.6,False,3.8,False
TL013780,TR013780,DR0059,VH00087,2024-11-21,43.6,19.2,2.5,128,0,0,302,9.0,82.2,False,4.0,False
TL013781,TR013781,DR0033,VH00119,2022-05-28,13.7,19.44,0.8,88,0,0,252,2.9,86.5,False,5.0,False
TL013782,TR013782,DR0057,VH00087,2026-01-21,69.1,11.52,6.5,171,0,0,20,1.7,98.5,False,4.7,False
TL013787,TR013787,DR0034,VH00095,2023-05-19,393.9,67.2,6.4,86,9,9,446,37.5,44.0,False,5.0,False
TL013788,TR013788,DR0035,VH00080,2024-07-09,15.1,5.76,2.9,87,0,0,68,5.4,95.0,False,5.0,False
TL013791,TR013791,DR0048,VH00051,2025-04-02,15.4,788.4,0.0,161,0,0,3053,0.5,0.0,False,4.5,False
TL013792,TR013792,DR0048,VH00037,2022-08-09,38.8,6.72,6.3,178,0,0,24,1.2,98.4,False,4.6,False
TL013793,TR013793,DR0026,VH00037,2026-03-01,27.9,3.12,9.8,152,0,0,64,5.4,95.2,False,3.6,False
TL013795,TR013795,DR0054,VH00011,2024-07-15,29.2,152.88,0.2,130,0,0,1044,2.7,47.0,False,4.6,False
TL013797,TR013797,DR0037,VH00056,2026-03-08,936.4,46.32,22.1,162,13,22,540,72.7,9.7,False,4.7,False
TL013798,TR013798,DR0035,VH00107,2025-09-06,337.8,10.32,35.7,150,16,12,227,57.4,35.4,False,4.9,True
TL013800,TR013800,DR0019,VH00094,2022-11-06,900.7,60.96,16.1,124,35,30,649,121.7,0.0,False,3.6,True
TL013801,TR013801,DR0002,VH00071,2026-06-06,14.8,86.64,0.2,139,0,0,1444,4.7,26.4,False,4.3,False
TL013803,TR013803,DR0052,VH00017,2026-05-28,498.6,57.84,9.4,90,2,1,97,15.0,86.7,False,3.6,False
TL013805,TR013805,DR0028,VH00036,2026-01-18,11.8,216.24,0.1,87,0,0,1377,1.0,30.8,False,4.3,False
TL013806,TR013806,DR0002,VH00044,2026-03-01,768.9,56.88,14.7,92,39,33,997,232.5,0.0,False,4.1,False
TL013810,TR013810,DR0015,VH00053,2025-07-16,317.7,62.64,5.5,163,5,8,1014,26.5,25.8,False,5.0,False
TL013811,TR013811,DR0043,VH00114,2022-06-01,17.5,9.12,2.1,96,0,0,68,1.2,96.2,False,4.8,False
TL013812,TR013812,DR0009,VH00044,2023-06-18,1258.7,106.08,12.9,82,6,3,346,51.2,55.3,False,4.6,False
TL013813,TR013813,DR0018,VH00058,2025-02-07,64.3,21.6,3.2,158,0,0,176,3.5,90.2,False,3.9,True
TL013820,TR013820,DR0040,VH00036,2025-02-25,72.3,86.16,0.9,88,1,1,795,9.4,54.9,False,4.5,False
TL013822,TR013822,DR0060,VH00044,2023-08-08,19.1,150.96,0.1,90,0,0,723,1.5,63.4,False,3.4,False
TL013825,TR013825,DR0025,VH00068,2025-07-21,48.6,13.92,3.8,86,0,0,93,9.9,92.4,False,4.4,True
TL013826,TR013826,DR0046,VH00104,2026-04-11,389.8,9.12,46.6,152,25,25,137,188.7,0.0,False,4.6,False
TL013828,TR013828,DR0056,VH00052,2024-06-21,1436.1,21.6,72.5,112,15,16,96,93.4,28.7,False,5.0,False
TL013829,TR013829,DR0033,VH00007,2023-07-09,377.5,6.48,63.6,170,8,7,104,47.5,61.5,False,4.0,False
TL013830,TR013830,DR0034,VH00065,2026-03-23,1372.0,7.2,207.9,178,30,26,97,147.0,0.0,False,4.6,False
TL013831,TR013831,DR0036,VH00118,2022-08-16,1444.5,11.04,142.7,137,24,24,90,152.0,0.0,False,5.0,False
TL013833,TR013833,DR0054,VH00116,2025-03-26,69.9,759.84,0.1,124,0,0,5687,4.5,0.0,False,4.2,False
TL013834,TR013834,DR0057,VH00073,2025-07-14,1453.1,32.88,48.2,84,6,5,114,28.3,71.8,False,4.3,False
TL013837,TR013837,DR0059,VH00063,2024-02-03,394.3,56.4,7.6,160,8,6,705,39.1,35.0,False,5.0,False
TL013840,TR013840,DR0012,VH00065,2023-11-18,15.5,162.0,0.1,168,0,0,2689,4.4,0.0,False,4.0,False
TL013843,TR013843,DR0044,VH00084,2023-06-08,70.4,15.6,4.9,175,1,1,206,10.5,84.0,False,3.5,False
TL013844,TR013844,DR0033,VH00111,2024-06-23,382.5,53.04,7.9,105,8,6,708,50.5,31.5,False,3.7,False
TL013846,TR013846,DR0055,VH00071,2026-02-20,75.2,54.0,1.5,170,1,1,356,6.4,77.8,False,4.0,False
TL013848,TR013848,DR0049,VH00036,2025-05-28,40.4,28.56,1.5,174,0,0,237,3.8,87.0,False,4.2,False
TL013853,TR013853,DR0032,VH00019,2024-03-25,73.7,132.72,0.6,101,0,0,738,5.9,61.3,False,3.5,False
TL013854,TR013854,DR0010,VH00054,2025-10-28,57.0,37.2,1.7,156,0,0,234,5.9,86.5,False,4.4,True
TL013856,TR013856,DR0005,VH00080,2023-08-23,62.2,69.12,1.0,165,0,0,577,6.4,69.2,False,3.8,False
TL013859,TR013859,DR0028,VH00065,2022-08-09,1397.9,50.88,30.0,86,14,15,305,100.8,18.5,False,4.0,True
TL013862,TR013862,DR0028,VH00094,2022-07-07,1414.2,10.32,149.5,98,11,15,63,88.2,38.9,False,4.1,False
TL013864,TR013864,DR0059,VH00034,2023-08-21,52.5,59.76,1.0,141,1,0,357,4.7,79.2,False,3.5,False
TL013865,TR013865,DR0028,VH00081,2026-01-02,543.0,227.04,2.6,127,3,5,1107,39.8,23.2,False,3.7,False
TL013873,TR013873,DR0025,VH00052,2022-09-06,1534.7,29.28,57.2,115,29,38,346,224.0,0.0,False,4.4,False
TL013875,TR013875,DR0053,VH00036,2022-12-27,40.6,21.84,2.0,120,0,0,136,2.8,92.4,False,4.6,False
TL013879,TR013879,DR0041,VH00024,2025-01-07,364.6,41.04,9.7,92,3,3,306,25.5,69.5,False,4.7,False
TL013881,TR013881,DR0040,VH00041,2024-06-24,132.0,40.8,3.5,94,2,2,639,26.1,55.2,False,3.8,False
TL013884,TR013884,DR0036,VH00047,2026-05-02,70.6,21.12,3.6,118,1,1,124,12.1,87.7,False,3.9,False
TL013885,TR013885,DR0004,VH00063,2023-06-12,76.6,678.48,0.1,90,1,1,7771,16.4,0.0,False,3.5,False
TL013888,TR013888,DR0019,VH00022,2023-01-22,32.1,21.84,1.6,177,1,0,301,11.3,80.1,False,4.0,False
TL013889,TR013889,DR0052,VH00042,2022-10-03,78.4,15.36,5.6,102,0,0,35,2.6,97.5,False,5.0,False
TL013894,TR013894,DR0031,VH00040,2025-04-01,1552.2,54.24,31.2,99,37,30,777,168.8,0.0,False,3.9,False
TL013897,TR013897,DR0031,VH00007,2023-11-27,404.3,60.96,7.2,127,7,6,512,89.9,30.9,False,4.0,False
TL013899,TR013899,DR0015,VH00089,2022-02-18,172.2,37.68,5.0,123,2,4,533,35.6,55.7,False,4.8,False
TL013900,TR013900,DR0051,VH00020,2025-09-25,35.7,12.0,3.2,173,0,0,65,6.9,94.7,False,4.9,False
TL013901,TR013901,DR0004,VH00095,2022-11-25,395.3,10.32,41.8,114,9,7,75,45.1,62.2,False,3.7,False
TL013902,TR013902,DR0023,VH00058,2025-06-15,15.5,20.4,0.8,117,0,0,167,1.0,91.4,False,3.9,False
TL013903,TR013903,DR0019,VH00118,2026-05-19,28.8,51.84,0.6,174,1,0,462,8.9,72.7,False,4.2,False
TL013904,TR013904,DR0031,VH00057,2025-01-17,24.6,47.04,0.6,120,0,0,410,2.0,78.9,False,4.7,False
TL013905,TR013905,DR0024,VH00040,2023-09-15,14.8,7.44,2.2,109,0,0,27,1.4,98.2,False,4.7,False
TL013911,TR013911,DR0009,VH00053,2022-12-14,20.5,10.32,2.2,170,0,0,20,0.9,98.7,False,4.8,False
TL013913,TR013913,DR0044,VH00026,2023-12-02,33.2,16.32,2.2,82,0,0,88,2.7,94.8,False,4.9,False
TL013914,TR013914,DR0042,VH00107,2025-10-04,14.7,7.44,2.2,100,0,0,61,1.2,96.6,False,4.5,False
TL013916,TR013916,DR0039,VH00058,2023-12-13,337.8,16.8,21.9,140,6,8,175,59.9,56.3,False,5.0,False
TL013919,TR013919,DR0054,VH00112,2024-07-03,378.1,5.04,81.8,179,3,4,23,36.2,79.5,False,4.0,False
TL013923,TR013923,DR0016,VH00104,2023-04-22,21.0,16.8,1.4,171,0,0,136,1.2,92.8,False,3.4,False
TL013929,TR013929,DR0032,VH00043,2023-10-15,173.7,7.44,25.5,126,1,1,46,13.5,91.2,False,4.1,False
TL013931,TR013931,DR0032,VH00073,2024-05-26,1466.4,115.68,13.8,104,11,13,787,114.6,0.0,False,3.6,False
TL013934,TR013934,DR0016,VH00052,2023-12-12,337.8,3.36,109.7,175,2,3,12,15.2,88.8,False,3.8,False
TL013935,TR013935,DR0058,VH00016,2022-07-12,323.1,55.2,6.4,118,6,7,543,31.6,47.4,False,5.0,False
TL013937,TR013937,DR0019,VH00018,2025-04-02,14.2,197.04,0.1,80,0,0,2683,5.2,0.0,False,4.3,False
TL013939,TR013939,DR0019,VH00111,2025-12-26,62.2,4.08,16.6,130,2,1,47,13.0,89.8,False,5.0,False
TL013944,TR013944,DR0040,VH00064,2024-04-06,1414.8,10.32,149.6,164,23,28,69,293.4,0.0,False,5.0,False
TL013948,TR013948,DR0060,VH00008,2023-12-13,1190.1,13.92,93.3,177,13,8,72,44.8,55.5,False,4.2,False
TL013952,TR013952,DR0044,VH00047,2023-01-17,1440.2,64.8,24.2,98,35,29,756,173.7,0.0,False,4.1,False
TL013953,TR013953,DR0056,VH00028,2022-12-18,15.0,3.84,4.3,170,0,0,27,1.5,98.2,False,5.0,False
TL013955,TR013955,DR0012,VH00011,2026-05-13,1398.7,36.24,42.1,111,71,50,595,485.4,0.0,False,4.8,False
TL013956,TR013956,DR0022,VH00019,2026-05-13,18.0,13.92,1.4,146,0,0,87,2.4,94.9,False,4.8,False
TL013961,TR013961,DR0022,VH00037,2026-01-21,16.9,70.32,0.3,169,0,0,962,3.2,50.9,False,3.5,False
TL013962,TR013962,DR0051,VH00054,2023-06-13,1534.7,21.12,79.3,176,36,35,186,290.2,0.0,False,4.2,False
TL013963,TR013963,DR0004,VH00110,2023-04-26,373.0,11.76,34.6,142,9,7,123,68.8,52.7,False,4.2,False
TL013965,TR013965,DR0054,VH00015,2024-09-01,1417.5,57.84,26.7,92,11,17,378,101.9,17.0,False,4.3,False
TL013966,TR013966,DR0036,VH00062,2022-09-02,26.5,9.12,3.2,143,0,0,91,4.1,94.2,False,2.8,False
TL013968,TR013968,DR0016,VH00074,2026-05-21,1350.9,4.08,361.2,132,16,15,21,86.6,34.0,False,3.5,False
TL013972,TR013972,DR0016,VH00058,2026-02-02,15.7,5.52,3.1,160,0,0,17,1.1,98.8,False,5.0,False
TL013974,TR013974,DR0047,VH00051,2024-04-16,33.0,176.4,0.2,138,0,0,1856,3.1,6.3,False,4.2,False
TL013975,TR013975,DR0060,VH00058,2024-02-11,1461.8,11.04,144.4,128,14,15,62,99.4,31.1,False,4.6,False
TL013978,TR013978,DR0007,VH00078,2024-08-06,62.6,23.52,2.9,142,4,4,650,17.4,52.3,False,4.0,True
TL013980,TR013980,DR0025,VH00102,2022-10-20,375.0,69.12,5.9,83,9,6,659,71.4,26.1,False,4.5,False
TL013986,TR013986,DR0019,VH00023,2023-02-18,62.3,10.56,6.4,108,2,2,264,10.2,78.7,False,4.6,False
TL013993,TR013993,DR0012,VH00111,2022-11-12,19.2,149.76,0.1,177,0,0,3361,5.4,0.0,False,5.0,False
TL013997,TR013997,DR0007,VH00078,2024-06-23,18.1,59.28,0.3,148,1,0,1536,6.3,19.8,False,3.5,False
TL013999,TR013999,DR0011,VH00052,2025-10-28,66.9,685.2,0.1,145,0,0,4979,2.7,0.0,True,4.8,False
TL014003,TR014003,DR0029,VH00068,2024-04-23,18.6,138.24,0.1,120,0,0,1422,1.8,28.4,False,3.5,False
TL014006,TR014006,DR0042,VH00064,2025-12-14,337.8,5.52,66.8,173,4,3,37,21.5,82.7,False,3.9,False
TL014008,TR014008,DR0018,VH00007,2026-02-27,391.2,12.72,33.6,127,3,2,70,21.1,83.7,False,4.3,False
TL014009,TR014009,DR0002,VH00039,2025-03-08,15.3,9.12,1.8,132,0,0,100,5.5,93.3,False,4.0,False
TL014012,TR014012,DR0039,VH00053,2025-06-15,176.9,25.2,7.7,135,3,2,214,22.8,76.0,False,3.9,False
TL014013,TR014013,DR0027,VH00058,2025-05-16,35.5,43.44,0.9,132,0,0,387,2.3,80.0,False,3.8,False
TL014014,TR014014,DR0019,VH00026,2026-02-24,374.5,24.96,16.4,99,19,14,625,90.3,0.0,False,4.1,False
TL014015,TR014015,DR0034,VH00057,2022-09-11,53.0,832.56,0.1,86,1,1,13369,8.4,0.0,False,3.2,False
TL014016,TR014016,DR0017,VH00031,2022-08-04,1490.4,17.52,92.8,137,38,28,240,297.4,0.0,False,4.6,False
TL014019,TR014019,DR0039,VH00061,2025-04-03,14.5,68.64,0.2,99,0,0,430,1.5,78.0,False,4.7,False
TL014021,TR014021,DR0046,VH00052,2026-03-14,173.5,17.28,11.0,81,12,8,418,63.4,34.1,False,4.7,False
TL014023,TR014023,DR0032,VH00007,2025-11-08,38.4,731.04,0.1,175,0,0,3353,2.2,0.0,False,4.3,False
TL014036,TR014036,DR0054,VH00059,2023-07-28,69.4,66.48,1.1,176,0,0,585,6.2,68.9,False,3.7,False
TL014039,TR014039,DR0051,VH00069,2025-01-11,257.2,60.72,4.6,112,5,4,875,56.6,27.8,False,3.8,False
TL014041,TR014041,DR0059,VH00041,2023-04-13,245.1,42.48,6.3,118,5,5,581,35.5,47.8,False,3.2,False
TL014042,TR014042,DR0027,VH00078,2022-01-13,960.3,65.04,16.1,95,11,10,217,53.3,46.7,False,5.0,False
TL014048,TR014048,DR0057,VH00095,2023-11-06,73.3,74.88,1.1,112,0,0,240,3.1,87.1,False,4.4,False
TL014055,TR014055,DR0028,VH00112,2025-04-01,22.7,16.56,1.5,158,0,0,101,1.9,94.4,False,4.4,False
TL014056,TR014056,DR0038,VH00058,2026-01-02,386.7,70.08,6.0,176,6,9,887,55.0,21.1,False,3.6,False
TL014057,TR014057,DR0055,VH00022,2023-06-21,1472.8,59.52,27.0,92,37,21,548,259.9,0.0,False,4.3,False
TL014058,TR014058,DR0056,VH00058,2024-10-13,38.7,46.56,0.9,152,0,0,200,1.6,89.5,False,5.0,False
TL014060,TR014060,DR0022,VH00024,2025-08-19,768.9,65.76,12.8,121,17,11,718,76.6,4.6,False,4.4,False
TL014061,TR014061,DR0034,VH00038,2024-10-16,74.9,14.88,5.5,129,1,1,149,14.4,85.7,False,4.3,True
TL014067,TR014067,DR0052,VH00024,2026-06-07,543.0,60.96,9.7,107,2,1,267,19.8,76.7,False,4.2,True
TL014070,TR014070,DR0018,VH00111,2024-02-25,27.0,20.4,1.4,174,0,0,154,1.7,91.8,False,3.2,False
TL014072,TR014072,DR0022,VH00046,2026-05-20,373.2,679.44,0.6,115,7,7,8966,78.6,0.0,False,5.0,False
TL014074,TR014074,DR0028,VH00021,2022-04-07,1178.1,36.24,35.5,161,9,13,160,82.1,40.9,False,4.1,False
TL014076,TR014076,DR0058,VH00088,2026-04-20,1477.2,202.08,8.0,89,31,21,2491,200.8,0.0,False,4.4,False
TL014079,TR014079,DR0021,VH00052,2023-01-08,68.0,9.36,7.9,168,1,1,146,10.2,87.1,False,4.4,False
TL014080,TR014080,DR0018,VH00102,2026-05-28,45.9,23.28,2.2,180,0,0,110,3.8,93.4,False,2.4,False
TL014083,TR014083,DR0016,VH00095,2026-06-10,1438.9,153.36,10.2,154,17,10,547,74.4,14.8,False,4.4,False
TL014084,TR014084,DR0034,VH00051,2024-08-14,46.1,181.68,0.3,174,1,0,1065,4.9,43.8,False,3.5,False
TL014089,TR014089,DR0039,VH00046,2023-01-11,22.8,132.48,0.2,144,0,0,960,3.3,51.0,False,3.5,False
TL014090,TR014090,DR0054,VH00048,2022-08-19,34.5,109.44,0.3,162,0,0,557,2.4,71.4,False,3.3,False
TL014091,TR014091,DR0002,VH00102,2026-04-10,1397.9,54.24,28.1,99,46,54,708,370.1,0.0,False,3.9,False
TL014093,TR014093,DR0058,VH00064,2026-04-21,65.3,220.56,0.3,121,1,1,1967,8.9,0.0,False,2.7,False
TL014094,TR014094,DR0018,VH00037,2025-10-05,374.2,11.52,35.4,179,3,4,62,26.6,80.4,False,3.6,False
TL014099,TR014099,DR0021,VH00102,2023-09-14,1231.7,71.76,18.7,115,20,25,609,138.7,0.0,False,4.4,False
TL014100,TR014100,DR0026,VH00081,2026-06-16,71.5,142.08,0.5,80,2,2,1361,21.0,20.7,False,3.8,False
TL014101,TR014101,DR0057,VH00007,2025-12-11,68.7,8.64,8.7,144,0,0,26,2.6,97.9,False,4.0,False
TL014102,TR014102,DR0027,VH00040,2022-11-17,35.5,7.92,4.9,132,0,0,26,3.3,97.7,False,3.8,False
TL014107,TR014107,DR0026,VH00065,2023-06-01,78.0,47.28,1.8,150,2,3,525,12.6,64.0,False,4.7,False
TL014111,TR014111,DR0036,VH00094,2026-06-01,43.6,4.32,11.0,111,0,0,28,9.5,95.8,False,4.3,False
TL014115,TR014115,DR0007,VH00058,2022-09-19,115.2,11.04,11.4,162,6,7,270,68.3,50.0,False,3.6,False
TL014116,TR014116,DR0015,VH00071,2024-09-22,77.9,119.28,0.7,97,1,1,1543,6.7,18.3,False,3.9,False
TL014117,TR014117,DR0057,VH00064,2024-07-08,78.1,45.84,1.9,143,0,0,123,3.4,92.8,False,4.3,False
TL014118,TR014118,DR0019,VH00059,2026-05-22,17.0,7.44,2.5,151,0,0,119,3.9,92.9,False,4.6,False
TL014119,TR014119,DR0053,VH00054,2026-02-26,31.4,12.0,2.9,81,0,0,39,1.7,97.5,False,4.9,False
TL014120,TR014120,DR0032,VH00043,2025-03-03,1552.0,39.6,42.8,157,19,13,142,106.7,19.4,False,4.4,False
TL014121,TR014121,DR0032,VH00095,2024-03-18,61.6,18.0,3.7,87,0,0,82,3.7,94.8,False,4.8,False
TL014122,TR014122,DR0004,VH00017,2023-10-07,63.3,807.12,0.1,149,0,0,5038,5.0,0.0,False,4.2,False
TL014123,TR014123,DR0016,VH00015,2025-01-09,1489.9,3.12,520.9,168,13,10,20,87.7,43.2,False,3.9,False
TL014125,TR014125,DR0032,VH00118,2022-03-19,1552.2,57.12,29.6,164,18,12,321,91.7,17.4,False,4.6,False
TL014129,TR014129,DR0052,VH00039,2023-08-04,68.6,162.72,0.5,177,0,0,476,1.4,75.8,False,4.4,True
TL014131,TR014131,DR0032,VH00044,2022-08-25,392.7,22.8,18.8,120,3,4,190,28.1,73.6,False,4.2,False
TL014134,TR014134,DR0053,VH00092,2024-03-12,1552.2,42.48,39.9,124,15,15,325,91.3,18.9,False,4.0,False
TL014136,TR014136,DR0008,VH00021,2026-03-26,1468.7,41.76,38.4,108,28,29,511,215.2,0.0,False,5.0,False
TL014139,TR014139,DR0012,VH00048,2025-03-21,13.9,20.88,0.7,115,0,0,486,3.8,74.6,False,4.4,False
TL014142,TR014142,DR0060,VH00116,2023-08-21,257.2,54.48,5.2,158,2,3,293,10.3,76.3,False,4.7,False
TL014145,TR014145,DR0039,VH00087,2023-12-05,27.1,4.8,6.2,99,0,0,29,5.0,97.0,False,4.7,False
TL014146,TR014146,DR0033,VH00016,2023-02-08,41.8,111.6,0.4,98,0,0,1173,4.4,40.0,False,3.2,False
TL014148,TR014148,DR0046,VH00062,2024-09-10,72.2,8.16,9.7,123,4,4,109,30.2,75.5,False,4.5,False
TL014150,TR014150,DR0016,VH00095,2026-01-06,69.5,19.2,3.9,160,0,0,148,6.5,90.6,False,2.6,False
TL014151,TR014151,DR0003,VH00022,2024-01-08,337.8,5.52,66.8,102,18,17,135,120.1,13.2,False,4.1,False
TL014155,TR014155,DR0027,VH00051,2024-12-16,65.2,18.48,3.8,148,0,0,128,5.9,91.8,False,5.0,False
TL014156,TR014156,DR0028,VH00040,2025-01-17,126.2,18.48,7.4,90,1,1,164,11.1,86.0,False,4.6,False
TL014161,TR014161,DR0060,VH00011,2022-07-08,337.8,57.84,6.4,132,3,3,397,33.6,62.6,False,2.8,False
TL014163,TR014163,DR0048,VH00091,2025-04-26,1440.2,61.68,25.5,102,5,6,224,48.9,60.6,False,2.9,False
TL014164,TR014164,DR0020,VH00114,2024-08-01,498.6,16.32,33.3,82,11,8,116,86.9,43.6,False,4.0,False
TL014171,TR014171,DR0018,VH00087,2026-02-09,768.9,55.2,15.2,156,9,7,287,51.4,49.7,False,4.2,False
TL014174,TR014174,DR0023,VH00024,2026-02-11,323.1,96.24,3.7,84,3,2,476,22.4,63.0,False,4.6,False
TL014176,TR014176,DR0027,VH00042,2024-08-06,1552.0,749.76,2.3,110,20,11,3907,86.8,0.0,False,4.3,False
TL014178,TR014178,DR0037,VH00112,2025-07-04,337.8,22.8,16.2,94,5,5,204,74.1,55.1,False,4.2,False
TL014179,TR014179,DR0019,VH00071,2026-04-24,14.8,43.44,0.4,80,0,0,882,3.1,55.0,False,4.0,False
TL014184,TR014184,DR0041,VH00069,2026-01-21,333.1,37.44,9.7,105,2,2,254,32.1,72.7,False,4.9,False
TL014186,TR014186,DR0031,VH00028,2025-11-06,16.9,17.04,1.1,85,0,0,139,3.0,92.1,False,5.0,False
TL014187,TR014187,DR0048,VH00068,2024-05-25,367.4,8.16,49.1,130,1,1,20,6.1,94.7,False,5.0,False
TL014188,TR014188,DR0011,VH00056,2023-09-07,391.5,7.92,53.9,108,4,3,40,34.0,78.8,False,3.8,False
TL014190,TR014190,DR0040,VH00081,2025-04-24,48.6,180.72,0.3,112,1,1,2340,3.9,0.0,False,3.8,False
TL014194,TR014194,DR0031,VH00081,2024-06-08,390.9,14.16,30.1,147,8,8,203,45.8,56.1,False,3.4,False
TL014195,TR014195,DR0028,VH00052,2023-10-02,15.7,37.68,0.5,154,0,0,232,1.5,88.0,False,3.4,False
TL014197,TR014197,DR0047,VH00038,2023-06-06,66.8,31.44,2.3,100,1,0,484,13.1,70.4,False,4.4,False
TL014202,TR014202,DR0023,VH00008,2023-04-28,59.2,33.12,1.9,163,0,0,107,5.0,93.2,False,4.7,False
TL014204,TR014204,DR0011,VH00038,2024-09-09,1534.7,48.0,34.9,133,19,17,268,158.4,0.0,False,4.3,False
TL014207,TR014207,DR0042,VH00026,2022-08-15,371.2,8.16,49.6,176,4,2,57,31.0,79.9,False,5.0,False
TL014208,TR014208,DR0049,VH00053,2023-09-19,15.4,23.52,0.7,88,0,0,177,0.9,90.9,False,3.6,False
TL014209,TR014209,DR0054,VH00091,2024-05-10,543.0,7.92,74.8,160,3,5,67,27.5,78.9,False,3.9,True
TL014210,TR014210,DR0025,VH00025,2024-06-26,68.4,11.28,6.6,100,1,1,171,9.1,86.2,False,4.4,False
TL014212,TR014212,DR0039,VH00117,2023-12-18,44.5,32.16,1.5,157,0,0,439,6.5,76.1,False,3.3,False
TL014220,TR014220,DR0059,VH00007,2023-07-14,1392.1,79.68,19.1,96,28,24,474,122.9,0.0,False,4.5,False
TL014221,TR014221,DR0038,VH00064,2023-12-03,38.3,140.16,0.3,106,0,0,869,3.4,55.5,False,4.2,False
TL014222,TR014222,DR0024,VH00020,2023-03-08,1477.7,4.32,373.2,124,10,12,25,145.8,28.0,False,3.6,False
TL014223,TR014223,DR0010,VH00118,2023-10-06,1182.0,8.16,158.0,109,14,14,42,66.9,42.8,False,4.4,False
TL014224,TR014224,DR0025,VH00018,2025-10-16,1468.7,58.56,27.4,123,29,34,938,129.0,0.0,False,4.5,False
TL014225,TR014225,DR0049,VH00028,2024-12-11,337.8,163.68,2.3,151,2,3,717,30.4,49.0,False,3.7,False
TL014230,TR014230,DR0046,VH00032,2024-10-27,15.3,147.12,0.1,85,0,1,4167,8.5,0.0,False,3.7,False
TL014235,TR014235,DR0038,VH00080,2026-01-13,59.8,47.28,1.4,99,0,1,675,8.7,62.6,False,4.8,False
TL014237,TR014237,DR0055,VH00089,2026-04-21,498.6,31.2,17.4,80,7,7,290,40.4,55.9,False,4.5,False
TL014238,TR014238,DR0034,VH00011,2026-02-09,32.9,752.88,0.0,101,0,0,10535,5.1,0.0,False,4.0,False
TL014240,TR014240,DR0009,VH00073,2024-10-17,45.4,15.12,3.3,155,0,0,50,1.1,97.2,False,3.8,True
TL014241,TR014241,DR0035,VH00095,2023-04-13,16.2,20.88,0.8,86,0,0,415,4.7,77.8,False,4.8,False
TL014242,TR014242,DR0060,VH00099,2026-02-24,41.7,80.16,0.6,171,0,0,614,3.5,68.2,False,3.8,False
TL014243,TR014243,DR0011,VH00026,2024-08-15,21.0,69.36,0.3,135,0,0,280,0.8,85.8,False,4.4,False
TL014248,TR014248,DR0024,VH00065,2026-03-21,14.4,135.12,0.1,114,0,0,628,0.6,68.4,False,4.0,False
TL014249,TR014249,DR0032,VH00116,2022-03-19,337.8,17.28,21.3,114,2,3,108,22.9,81.7,False,5.0,False
TL014250,TR014250,DR0027,VH00107,2024-08-25,61.1,17.28,3.9,92,0,0,58,5.8,95.4,False,3.4,False
TL014252,TR014252,DR0037,VH00036,2022-09-09,29.3,70.08,0.5,118,0,0,573,6.0,69.5,False,3.7,False
TL014254,TR014254,DR0052,VH00018,2024-08-18,68.4,17.76,4.2,106,0,0,43,1.3,97.5,False,4.1,False
TL014256,TR014256,DR0058,VH00059,2025-04-17,1552.0,57.36,29.5,99,35,35,467,127.1,0.0,False,4.0,False
TL014257,TR014257,DR0034,VH00025,2025-04-26,52.9,17.76,3.2,88,0,0,273,5.3,84.8,False,4.3,False
TL014258,TR014258,DR0059,VH00117,2024-05-21,43.0,21.6,2.2,170,0,0,233,8.7,85.7,False,5.0,False
TL014259,TR014259,DR0040,VH00054,2023-12-28,87.2,746.16,0.1,142,2,1,6125,13.9,0.0,False,4.0,False
TL014262,TR014262,DR0027,VH00073,2024-08-20,1468.7,209.28,7.7,175,12,13,653,83.0,11.5,False,4.0,False
TL014263,TR014263,DR0029,VH00069,2022-11-26,1231.7,53.76,25.0,168,20,19,353,247.8,0.0,False,4.8,False
TL014264,TR014264,DR0029,VH00020,2026-02-04,12.2,14.16,0.9,88,0,0,181,1.0,90.7,False,3.8,False
TL014268,TR014268,DR0031,VH00069,2024-02-08,67.3,15.12,4.9,105,1,1,86,14.2,88.9,False,3.3,False
TL014271,TR014271,DR0038,VH00061,2025-09-05,1468.7,51.84,30.9,151,21,37,564,287.0,0.0,False,4.7,False
TL014272,TR014272,DR0054,VH00048,2023-08-21,14.6,9.12,1.7,151,0,0,42,0.7,97.7,False,3.7,False
TL014275,TR014275,DR0017,VH00057,2023-08-28,369.5,38.88,10.4,172,8,8,311,30.0,55.5,False,5.0,False
TL014282,TR014282,DR0049,VH00099,2023-10-20,344.1,26.64,14.1,98,3,4,126,18.4,79.7,False,4.3,False
TL014284,TR014284,DR0033,VH00019,2026-02-22,362.4,50.4,7.8,110,5,8,502,62.8,40.6,False,3.7,False
TL014290,TR014290,DR0060,VH00031,2025-08-05,53.1,135.84,0.4,92,0,0,809,2.1,58.9,False,4.4,False
TL014291,TR014291,DR0040,VH00005,2025-04-15,386.7,64.08,6.6,177,6,7,560,36.2,45.1,False,3.7,False
TL014295,TR014295,DR0002,VH00058,2024-03-24,498.6,6.0,90.7,122,16,20,73,179.8,0.0,False,3.9,False
TL014296,TR014296,DR0031,VH00115,2023-10-18,68.3,190.32,0.4,123,0,1,2749,11.6,0.0,False,3.8,False
TL014298,TR014298,DR0035,VH00069,2023-06-08,29.6,18.0,1.8,155,0,0,309,4.9,83.1,False,4.1,False
TL014300,TR014300,DR0052,VH00078,2025-05-10,1534.7,27.12,61.7,153,4,6,113,32.6,72.6,False,5.0,False
TL014304,TR014304,DR0055,VH00074,2022-10-26,67.1,2.64,27.7,80,1,1,39,11.7,92.0,False,3.5,False
TL014305,TR014305,DR0018,VH00013,2023-05-13,31.1,48.48,0.7,139,0,0,253,2.5,86.6,False,4.0,False
TL014307,TR014307,DR0002,VH00039,2026-04-21,172.9,8.4,22.5,177,8,5,168,49.0,59.9,False,3.4,False
TL014311,TR014311,DR0053,VH00025,2025-05-06,14.5,167.28,0.1,168,0,0,1154,1.0,42.0,False,3.7,False
TL014315,TR014315,DR0052,VH00080,2022-09-02,69.0,9.12,8.3,176,0,0,39,1.2,97.7,False,4.6,False
TL014316,TR014316,DR0028,VH00065,2023-03-19,337.8,4.8,76.8,131,3,3,30,17.2,85.8,False,4.2,False
TL014317,TR014317,DR0036,VH00069,2025-04-27,23.1,15.36,1.6,95,0,0,215,4.4,87.9,False,4.1,False
TL014318,TR014318,DR0034,VH00078,2025-06-01,39.2,71.04,0.6,119,0,0,396,4.3,78.9,False,3.5,False
TL014320,TR014320,DR0040,VH00056,2022-05-11,372.2,149.76,2.7,144,8,7,1975,28.9,0.0,False,4.6,True
TL014321,TR014321,DR0043,VH00088,2025-05-09,900.7,24.0,40.9,104,8,8,101,40.1,62.9,False,4.5,False
TL014322,TR014322,DR0004,VH00089,2025-12-18,1552.0,55.2,30.7,86,38,28,818,133.8,0.0,False,3.4,False
TL014323,TR014323,DR0007,VH00102,2025-10-25,25.5,137.28,0.2,170,1,1,4204,6.0,0.0,False,3.6,False
TL014326,TR014326,DR0033,VH00054,2024-04-28,60.7,11.04,6.0,117,1,1,145,11.8,86.7,False,5.0,False
TL014329,TR014329,DR0033,VH00059,2024-01-20,64.6,67.68,1.0,81,1,1,1006,10.9,43.9,False,4.6,False
TL014336,TR014336,DR0032,VH00118,2023-06-11,47.5,36.72,1.4,118,0,0,245,4.0,86.5,False,5.0,False
TL014338,TR014338,DR0034,VH00024,2025-06-29,131.2,18.96,7.5,146,3,3,276,16.2,73.8,False,4.5,False
TL014342,TR014342,DR0035,VH00099,2023-05-24,14.8,3.6,4.5,155,0,0,74,2.1,95.7,False,4.0,False
TL014343,TR014343,DR0029,VH00068,2023-12-11,49.1,9.84,5.4,157,0,1,142,4.6,90.5,False,3.6,False
TL014344,TR014344,DR0036,VH00019,2026-04-15,40.6,14.4,3.1,148,0,0,111,8.1,92.0,False,3.7,False
TL014345,TR014345,DR0003,VH00081,2025-02-19,165.8,153.84,1.2,102,13,7,3163,99.4,0.0,False,4.5,False
TL014355,TR014355,DR0004,VH00099,2026-05-21,369.9,20.16,20.0,180,7,7,110,31.1,67.7,False,5.0,False
TL014356,TR014356,DR0002,VH00020,2026-03-27,1413.2,17.76,86.8,90,56,56,267,348.0,0.0,False,4.4,False
TL014359,TR014359,DR0012,VH00104,2023-10-23,366.1,31.44,12.7,88,18,9,651,137.0,0.0,False,5.0,True
TL014361,TR014361,DR0036,VH00110,2026-02-25,1189.9,34.8,37.3,107,17,28,466,218.8,0.0,False,4.7,False
TL014364,TR014364,DR0031,VH00112,2025-12-26,1468.7,58.08,27.6,160,20,31,519,281.7,0.0,False,4.1,False
TL014365,TR014365,DR0058,VH00044,2024-10-21,380.5,2.64,157.2,131,7,9,18,52.6,63.8,False,4.8,False
TL014366,TR014366,DR0009,VH00052,2022-07-15,1471.1,71.52,22.4,172,6,6,112,52.8,63.6,False,4.5,False
TL014371,TR014371,DR0011,VH00016,2023-03-04,960.3,68.4,15.3,94,8,10,550,40.5,38.4,False,3.8,False
TL014375,TR014375,DR0046,VH00041,2025-12-01,30.9,50.88,0.7,156,2,1,1177,17.8,31.8,False,4.9,False
TL014379,TR014379,DR0016,VH00047,2023-08-27,76.0,11.04,7.5,97,0,0,75,5.9,94.5,False,3.1,False
TL014384,TR014384,DR0027,VH00013,2025-05-19,323.1,46.08,7.6,100,2,3,221,25.4,75.3,False,5.0,False
TL014386,TR014386,DR0004,VH00013,2026-01-05,323.1,24.72,14.3,124,8,7,148,69.5,52.8,False,4.3,False
TL014390,TR014390,DR0018,VH00019,2023-03-06,900.7,57.6,17.1,157,11,11,183,31.5,53.9,False,4.3,False
TL014394,TR014394,DR0019,VH00114,2025-01-09,51.8,31.44,1.8,179,1,1,311,12.8,78.1,False,5.0,False
TL014396,TR014396,DR0049,VH00088,2023-08-17,119.5,3.84,33.9,155,0,0,26,6.2,96.8,False,4.7,False
TL014397,TR014397,DR0036,VH00016,2026-04-08,1552.2,42.0,40.3,152,30,35,484,334.5,0.0,False,4.9,False
TL014400,TR014400,DR0017,VH00051,2025-09-20,33.3,16.56,2.2,91,0,0,93,6.5,93.4,False,5.0,False
TL014402,TR014402,DR0019,VH00008,2024-08-10,64.9,17.76,4.0,132,2,2,166,18.4,81.2,False,4.1,False
TL014403,TR014403,DR0003,VH00054,2022-02-10,73.0,85.44,0.9,158,3,3,1155,32.3,25.1,False,4.7,False
TL014404,TR014404,DR0055,VH00034,2026-01-01,41.4,68.64,0.7,88,0,0,762,4.9,60.4,False,4.2,False
TL014407,TR014407,DR0055,VH00051,2025-02-20,126.0,70.8,1.9,163,2,1,634,14.0,60.1,False,4.6,False
TL014410,TR014410,DR0025,VH00034,2025-12-03,64.1,830.64,0.1,115,1,1,13355,9.3,0.0,False,4.1,False
TL014411,TR014411,DR0040,VH00020,2022-10-16,78.2,11.52,7.4,118,1,1,82,16.6,88.4,False,3.5,False
TL014412,TR014412,DR0060,VH00119,2025-08-10,20.7,736.8,0.0,117,0,0,3952,1.7,0.0,False,4.0,False
TL014413,TR014413,DR0033,VH00019,2022-03-26,20.8,11.04,2.1,111,0,0,156,4.2,90.9,False,5.0,False
TL014417,TR014417,DR0046,VH00044,2022-05-18,39.4,80.64,0.5,142,2,2,1111,17.1,34.3,False,4.1,True
TL014418,TR014418,DR0002,VH00048,2025-06-10,30.4,742.32,0.0,178,1,1,13491,4.2,0.0,False,3.2,False
TL014422,TR014422,DR0007,VH00089,2025-12-07,63.8,15.6,4.5,127,3,3,357,29.5,65.8,False,5.0,False
TL014424,TR014424,DR0038,VH00034,2022-02-06,1395.3,66.24,23.0,171,26,28,428,290.9,0.0,False,5.0,False
TL014425,TR014425,DR0022,VH00104,2026-03-26,64.3,15.84,4.4,173,1,1,101,10.7,89.2,False,4.1,False
TL014427,TR014427,DR0012,VH00080,2023-11-25,120.3,58.32,2.3,148,5,4,1236,37.7,15.4,False,3.9,False
TL014431,TR014431,DR0040,VH00051,2023-11-21,257.2,64.8,4.3,141,4,3,756,39.0,41.5,False,5.0,False
TL014432,TR014432,DR0038,VH00092,2025-08-03,56.4,58.8,1.0,106,1,0,516,5.4,71.1,False,3.1,False
TL014433,TR014433,DR0036,VH00061,2024-12-10,50.9,763.92,0.1,131,1,1,11028,8.5,0.0,False,5.0,False
TL014434,TR014434,DR0016,VH00118,2026-06-28,1468.7,708.48,2.3,89,17,11,2307,149.2,0.0,False,4.0,False
TL014435,TR014435,DR0057,VH00010,2026-04-27,43.6,127.68,0.4,115,0,0,433,1.5,77.9,False,5.0,False
TL014436,TR014436,DR0056,VH00102,2023-09-20,36.3,13.44,2.9,142,0,0,115,3.4,93.2,False,3.5,False
TL014437,TR014437,DR0002,VH00020,2022-05-27,76.2,12.96,6.4,160,2,3,236,23.9,75.0,False,4.6,False
TL014438,TR014438,DR0022,VH00054,2024-09-13,66.8,65.04,1.1,91,1,1,457,7.2,72.5,False,4.1,False
TL014439,TR014439,DR0057,VH00007,2023-05-23,14.6,41.52,0.4,171,0,0,173,0.6,91.2,False,3.6,True
TL014443,TR014443,DR0054,VH00028,2022-11-19,70.1,11.52,6.6,90,0,0,80,6.5,94.0,False,5.0,False
TL014445,TR014445,DR0033,VH00119,2025-07-01,37.0,97.44,0.4,80,0,0,1139,7.2,40.9,False,4.5,False
TL014450,TR014450,DR0029,VH00024,2023-07-10,14.1,112.32,0.1,125,0,0,1536,2.4,22.5,False,5.0,False
TL014452,TR014452,DR0038,VH00111,2022-11-10,23.0,108.72,0.2,175,0,0,1702,4.1,13.7,False,4.6,False
TL014453,TR014453,DR0018,VH00073,2025-09-01,1269.6,138.48,10.0,163,10,13,1203,47.8,0.0,False,4.4,False
TL014457,TR014457,DR0002,VH00011,2025-01-01,768.9,54.24,15.5,153,30,22,1318,131.1,0.0,False,3.6,False
TL014462,TR014462,DR0058,VH00008,2023-08-08,63.5,22.32,3.1,180,1,1,220,13.8,82.4,False,4.4,False
TL014463,TR014463,DR0025,VH00073,2023-03-03,16.3,23.52,0.8,120,0,0,248,3.1,86.7,False,3.4,False
TL014464,TR014464,DR0038,VH00011,2022-01-23,75.2,23.52,3.5,172,1,1,263,9.0,81.6,False,4.7,False
TL014468,TR014468,DR0022,VH00095,2023-12-04,73.3,9.12,8.8,173,1,1,111,12.0,88.4,False,4.3,True
TL014469,TR014469,DR0029,VH00051,2022-05-25,364.6,27.36,14.5,108,7,6,240,48.1,57.1,False,3.0,False
TL014471,TR014471,DR0022,VH00063,2026-04-25,1397.9,61.68,24.7,127,23,34,862,277.2,0.0,False,4.0,False
TL014472,TR014472,DR0060,VH00091,2022-12-08,69.9,6.24,12.2,118,0,0,48,2.5,96.8,False,3.9,False
TL014477,TR014477,DR0044,VH00107,2023-06-05,1441.0,9.84,159.8,160,29,27,98,135.7,0.0,False,3.6,False
TL014479,TR014479,DR0024,VH00007,2026-06-05,77.8,146.16,0.6,139,0,0,1273,5.3,34.8,False,4.2,False
TL014481,TR014481,DR0037,VH00021,2026-02-08,395.1,42.96,10.0,97,6,9,255,59.0,51.5,False,4.5,False
TL014482,TR014482,DR0051,VH00020,2023-12-07,77.9,45.84,1.9,148,1,1,627,6.1,64.3,False,4.3,False
TL014483,TR014483,DR0019,VH00063,2023-05-21,61.5,36.0,1.9,108,2,1,701,16.6,56.0,False,3.5,False
TL014489,TR014489,DR0051,VH00017,2023-03-09,17.0,46.32,0.4,122,0,0,360,3.4,81.0,False,4.0,False
TL014490,TR014490,DR0005,VH00046,2025-08-16,257.2,33.84,8.3,127,2,2,120,20.8,82.8,False,5.0,False
TL014492,TR014492,DR0034,VH00021,2024-08-18,66.4,143.76,0.5,130,1,1,1167,13.0,35.2,False,4.0,False
TL014493,TR014493,DR0044,VH00087,2026-06-06,47.1,93.36,0.6,166,0,0,1231,5.2,36.9,False,4.7,False
TL014496,TR014496,DR0027,VH00080,2026-03-17,379.2,5.76,71.8,154,3,2,32,18.6,86.3,False,4.5,False
TL014498,TR014498,DR0052,VH00008,2025-09-16,382.2,15.6,26.7,140,1,1,29,12.4,92.3,False,3.3,False
TL014500,TR014500,DR0034,VH00119,2024-04-27,1468.7,71.28,22.5,94,36,24,913,225.0,0.0,False,4.1,False
TL014502,TR014502,DR0008,VH00091,2022-10-10,368.1,62.4,6.4,162,6,6,899,40.8,27.8,False,4.5,False
TL014506,TR014506,DR0046,VH00110,2026-05-03,1552.2,64.32,26.3,116,127,70,760,595.3,0.0,False,4.8,False
TL014514,TR014514,DR0051,VH00052,2024-07-01,63.8,7.68,9.1,113,1,1,94,11.3,89.4,False,3.2,False
TL014516,TR014516,DR0015,VH00038,2022-06-11,32.6,16.32,2.2,179,0,0,113,4.5,93.0,False,5.0,False
TL014518,TR014518,DR0016,VH00118,2025-03-03,67.4,151.44,0.5,155,0,0,631,4.9,67.0,False,4.9,False
TL014521,TR014521,DR0019,VH00094,2025-06-17,39.0,79.68,0.5,93,1,0,1319,14.1,28.3,False,3.8,False
TL014523,TR014523,DR0018,VH00073,2022-05-14,28.7,11.52,2.7,142,0,0,37,1.8,97.6,False,4.0,False
TL014526,TR014526,DR0024,VH00118,2022-11-05,1534.7,19.68,85.1,91,13,15,130,117.4,23.8,False,3.4,False
TL014527,TR014527,DR0028,VH00080,2024-10-08,1552.2,66.72,25.4,103,13,18,575,161.7,0.0,False,4.5,False
TL014528,TR014528,DR0012,VH00091,2023-09-19,65.9,31.68,2.3,159,1,2,381,19.7,71.5,False,4.6,False
TL014533,TR014533,DR0040,VH00119,2023-06-17,58.8,7.2,8.9,94,1,1,61,4.9,93.0,False,4.4,False
TL014534,TR014534,DR0057,VH00016,2022-10-18,337.8,3.84,96.0,90,1,1,12,9.9,93.9,False,3.7,False
TL014536,TR014536,DR0042,VH00087,2026-01-28,21.8,29.28,0.8,148,0,0,103,1.4,94.4,False,4.4,False
TL014537,TR014537,DR0046,VH00065,2026-03-16,40.6,114.48,0.4,175,2,3,1653,18.9,5.7,False,4.0,False
TL014538,TR014538,DR0029,VH00041,2024-03-09,1270.3,70.8,19.6,134,27,27,974,132.1,0.0,False,4.7,False
TL014539,TR014539,DR0036,VH00078,2024-10-04,386.7,59.28,7.1,99,6,7,430,41.1,50.2,False,3.6,False
TL014540,TR014540,DR0003,VH00024,2026-01-24,50.7,78.0,0.7,171,3,3,1404,15.9,17.5,False,4.2,False
TL014541,TR014541,DR0005,VH00007,2024-05-23,29.1,40.56,0.8,95,0,0,280,1.4,85.6,False,3.7,False
TL014545,TR014545,DR0038,VH00020,2024-11-17,76.9,43.92,1.9,155,1,1,645,13.5,61.2,False,4.6,False
TL014553,TR014553,DR0022,VH00065,2025-04-19,118.1,21.36,6.0,106,2,2,150,15.7,82.8,False,4.1,False
TL014554,TR014554,DR0048,VH00017,2024-06-19,1253.5,34.08,40.1,162,4,4,91,51.2,70.1,False,5.0,False
TL014555,TR014555,DR0040,VH00117,2023-10-18,47.8,149.52,0.3,154,0,0,2310,4.5,0.0,False,3.5,False
TL014556,TR014556,DR0009,VH00089,2023-12-17,368.5,14.4,27.9,129,1,1,31,9.3,93.2,False,3.8,False
TL014559,TR014559,DR0027,VH00011,2023-11-16,73.0,22.56,3.5,104,0,0,115,4.5,92.9,False,5.0,False
TL014560,TR014560,DR0002,VH00019,2025-06-02,71.6,88.32,0.9,93,2,2,1197,17.1,30.0,False,5.0,False
TL014565,TR014565,DR0038,VH00022,2023-07-15,56.3,79.68,0.8,139,1,1,806,6.4,55.3,False,4.6,False
TL014571,TR014571,DR0013,VH00039,2026-03-08,13.3,11.28,1.3,82,0,0,42,0.8,97.7,False,5.0,False
TL014572,TR014572,DR0027,VH00088,2026-03-11,1440.2,44.88,35.0,132,10,10,217,83.7,39.0,False,3.5,False
TL014574,TR014574,DR0060,VH00011,2025-05-16,337.8,41.52,8.9,147,2,2,129,13.7,84.4,False,4.5,False
TL014581,TR014581,DR0018,VH00114,2026-05-19,25.2,94.32,0.3,94,0,0,618,2.1,68.5,False,4.5,False
TL014582,TR014582,DR0047,VH00071,2025-01-09,32.3,37.44,0.9,141,0,0,260,3.8,85.9,False,4.9,False
TL014586,TR014586,DR0031,VH00036,2024-10-19,21.9,44.16,0.5,150,0,0,587,3.9,69.5,False,3.4,False
TL014587,TR014587,DR0046,VH00062,2023-01-17,40.4,8.88,5.0,168,3,3,269,9.1,76.3,False,3.2,False
TL014591,TR014591,DR0003,VH00057,2024-10-19,16.7,45.12,0.4,162,1,1,902,7.4,50.2,False,5.0,False
TL014592,TR014592,DR0029,VH00110,2024-02-25,52.3,132.0,0.4,146,0,0,1199,11.0,36.8,False,4.4,False
TL014597,TR014597,DR0017,VH00058,2022-11-29,63.7,112.56,0.6,112,0,1,1258,12.0,32.5,False,3.6,True
TL014599,TR014599,DR0019,VH00068,2022-11-24,57.2,21.12,3.0,97,1,2,314,12.3,77.1,False,3.7,False
TL014601,TR014601,DR0056,VH00034,2025-07-13,69.6,65.28,1.2,144,0,0,216,6.3,87.3,False,3.6,False
TL014602,TR014602,DR0028,VH00051,2023-06-26,257.2,32.88,8.5,135,2,2,102,13.9,85.7,False,4.3,False
TL014605,TR014605,DR0053,VH00051,2022-10-25,1387.3,10.32,146.6,85,11,11,79,144.4,25.2,False,3.2,False
TL014606,TR014606,DR0025,VH00071,2024-02-21,1231.7,61.68,21.8,164,30,26,548,239.5,0.0,False,3.7,False
TL014607,TR014607,DR0049,VH00037,2026-03-19,364.6,125.28,3.2,98,3,4,443,22.5,62.6,False,4.6,False
TL014615,TR014615,DR0040,VH00048,2023-04-12,119.6,60.96,2.1,163,2,2,646,23.2,55.7,False,4.4,True
TL014619,TR014619,DR0058,VH00059,2023-02-21,15.3,129.84,0.1,127,0,0,892,3.1,54.5,False,4.1,False
TL014621,TR014621,DR0034,VH00026,2022-07-06,56.4,133.68,0.5,142,1,1,1068,8.4,41.6,False,5.0,False
TL014622,TR014622,DR0024,VH00114,2022-05-08,257.2,63.84,4.4,173,3,2,502,19.4,62.6,False,4.2,False
TL014623,TR014623,DR0035,VH00028,2024-02-21,178.0,9.36,20.7,100,8,7,206,48.3,56.2,False,4.6,False
TL014627,TR014627,DR0059,VH00019,2022-07-09,389.1,60.24,7.0,103,6,9,479,50.7,42.8,False,4.7,False
TL014628,TR014628,DR0024,VH00022,2025-09-26,74.8,120.24,0.7,159,0,0,756,4.0,61.0,False,5.0,False
TL014629,TR014629,DR0048,VH00110,2024-03-19,1397.9,24.96,61.1,171,4,5,107,35.7,72.9,False,3.4,False
TL014631,TR014631,DR0049,VH00032,2023-05-23,888.3,66.0,14.7,128,8,6,418,38.4,49.6,False,4.7,False
TL014632,TR014632,DR0011,VH00053,2026-03-26,588.3,201.6,3.2,90,4,7,1389,38.0,6.1,False,3.7,False
TL014636,TR014636,DR0020,VH00099,2023-02-10,70.2,776.88,0.1,127,1,0,9189,10.0,0.0,False,5.0,False
TL014639,TR014639,DR0044,VH00102,2022-05-03,391.0,49.44,8.6,91,7,9,622,67.6,29.1,False,5.0,False
TL014640,TR014640,DR0005,VH00089,2026-04-03,1197.6,33.12,39.4,126,15,14,247,91.4,23.7,False,4.3,False
TL014641,TR014641,DR0015,VH00080,2023-08-27,1552.0,37.2,45.5,135,25,25,334,155.6,0.0,False,4.3,False
TL014642,TR014642,DR0032,VH00032,2022-08-16,1534.7,21.36,78.4,156,10,10,150,55.0,51.0,False,2.7,False
TL014648,TR014648,DR0034,VH00112,2026-06-12,345.0,58.32,6.5,139,5,7,556,58.0,40.3,False,5.0,False
TL014650,TR014650,DR0012,VH00005,2024-07-25,56.2,132.0,0.5,90,1,2,1605,11.1,12.9,False,3.4,False
TL014651,TR014651,DR0027,VH00110,2023-01-15,77.6,22.8,3.7,138,0,0,92,2.9,94.5,False,3.5,False
TL014654,TR014654,DR0059,VH00054,2022-08-24,337.8,58.08,6.3,125,6,5,904,70.8,19.6,False,2.7,False
TL014658,TR014658,DR0008,VH00074,2024-03-04,1552.2,29.28,57.8,114,38,35,257,278.0,0.0,False,4.3,False
TL014663,TR014663,DR0013,VH00051,2025-02-07,900.7,73.44,13.4,152,10,7,352,49.5,45.5,False,3.5,False
TL014666,TR014666,DR0038,VH00119,2022-10-26,52.2,722.16,0.1,139,0,0,6668,7.7,0.0,False,4.3,False
TL014668,TR014668,DR0019,VH00073,2026-04-17,1552.2,50.88,33.3,139,71,57,784,536.3,0.0,False,3.2,False
TL014669,TR014669,DR0004,VH00064,2026-01-13,68.5,31.44,2.4,178,1,1,315,5.3,80.2,False,3.9,False
TL014670,TR014670,DR0039,VH00022,2024-01-16,324.4,48.48,7.3,108,8,4,367,38.3,54.2,False,5.0,False
TL014671,TR014671,DR0010,VH00081,2025-03-05,15.3,152.16,0.1,112,0,0,1223,0.7,38.6,False,3.7,False
TL014673,TR014673,DR0012,VH00052,2023-12-19,387.2,3.84,110.0,125,15,15,91,141.6,15.5,False,4.1,False
TL014674,TR014674,DR0007,VH00021,2024-01-27,35.7,8.88,4.4,113,2,2,135,14.9,83.8,False,4.0,False
TL014682,TR014682,DR0009,VH00039,2025-07-28,73.6,21.6,3.7,128,0,0,55,2.3,96.6,False,4.8,False
TL014685,TR014685,DR0040,VH00021,2026-02-04,60.8,9.6,6.9,136,0,1,54,5.7,94.6,False,3.6,False
TL014687,TR014687,DR0037,VH00038,2026-01-25,1468.7,121.44,13.2,117,23,22,1483,296.0,0.0,False,4.8,False
TL014689,TR014689,DR0016,VH00116,2023-12-07,174.8,44.64,4.3,96,1,1,233,15.8,81.1,False,4.5,True
TL014690,TR014690,DR0027,VH00038,2022-09-14,12.8,101.04,0.1,179,0,0,416,0.7,79.0,False,4.5,False
TL014694,TR014694,DR0009,VH00028,2023-12-18,1266.0,55.2,25.0,169,5,3,105,39.4,72.4,False,4.5,False
TL014695,TR014695,DR0043,VH00013,2024-05-14,77.5,792.72,0.1,83,0,0,6679,3.0,0.0,False,4.3,False
TL014696,TR014696,DR0054,VH00068,2022-01-10,55.6,11.76,5.2,180,0,0,71,2.8,95.6,False,5.0,False
TL014697,TR014697,DR0003,VH00058,2025-08-27,70.6,43.68,1.8,103,4,4,1028,39.1,26.9,False,3.5,False
TL014701,TR014701,DR0039,VH00036,2025-09-13,69.6,63.36,1.2,134,1,1,630,11.4,62.6,False,3.7,False
TL014709,TR014709,DR0060,VH00042,2023-06-19,386.7,41.04,10.3,142,3,4,314,31.3,66.4,False,3.2,False
TL014711,TR014711,DR0056,VH00053,2025-02-01,17.7,68.64,0.3,127,0,0,448,1.8,77.1,False,3.8,False
TL014718,TR014718,DR0046,VH00046,2026-01-12,257.2,3.84,73.1,132,21,12,58,52.3,37.9,False,3.6,False
TL014719,TR014719,DR0005,VH00041,2025-06-27,17.7,60.96,0.3,160,0,0,192,1.4,90.0,False,4.8,False
TL014721,TR014721,DR0048,VH00022,2026-04-03,1377.3,55.92,26.9,119,4,6,144,52.8,65.0,False,4.2,False
TL014723,TR014723,DR0007,VH00081,2024-01-17,1450.1,10.8,146.5,146,85,80,337,617.3,0.0,False,3.2,False
TL014725,TR014725,DR0031,VH00053,2026-01-07,15.7,18.96,0.9,174,0,0,153,1.6,91.9,False,4.2,False
TL014726,TR014726,DR0034,VH00116,2022-07-10,386.7,91.2,4.6,115,8,9,1114,32.7,13.5,False,5.0,False
TL014727,TR014727,DR0038,VH00106,2025-04-12,404.3,6.96,63.4,98,9,7,56,85.1,51.2,False,3.6,False
TL014731,TR014731,DR0017,VH00005,2024-02-10,398.5,8.4,51.8,143,6,8,95,85.6,52.6,False,4.1,False
TL014733,TR014733,DR0010,VH00004,2025-05-27,64.7,7.68,9.2,169,0,0,60,2.5,96.2,False,4.6,False
TL014734,TR014734,DR0023,VH00043,2022-12-26,47.3,25.92,2.0,119,0,0,113,4.3,93.1,False,3.6,False
TL014738,TR014738,DR0019,VH00068,2023-09-09,543.0,22.8,26.0,125,16,16,362,79.8,18.0,False,3.7,False
TL014739,TR014739,DR0012,VH00023,2026-01-02,387.1,10.56,40.0,81,14,17,164,77.4,30.6,False,4.2,False
TL014740,TR014740,DR0033,VH00091,2025-04-17,173.3,17.04,11.1,84,2,3,211,13.4,79.4,False,3.6,False
TL014741,TR014741,DR0004,VH00117,2026-03-08,397.3,15.84,27.4,136,8,7,252,66.4,48.5,False,4.2,False
TL014750,TR014750,DR0052,VH00037,2023-09-03,47.0,116.88,0.4,154,0,0,510,2.0,73.9,False,3.1,False
TL014753,TR014753,DR0016,VH00023,2024-07-22,1468.7,15.12,106.0,102,12,14,94,122.1,26.7,False,4.1,False
TL014755,TR014755,DR0020,VH00019,2022-02-08,374.2,25.44,16.0,158,7,8,171,67.3,52.8,False,4.3,False
TL014759,TR014759,DR0040,VH00041,2026-06-02,121.0,11.76,11.2,153,2,1,175,15.3,82.7,False,4.6,False
TL014760,TR014760,DR0034,VH00018,2022-10-06,32.6,15.84,2.2,87,0,0,207,5.2,88.1,False,4.4,False
TL014764,TR014764,DR0044,VH00104,2022-09-04,21.3,172.8,0.1,179,0,0,1815,4.6,7.9,False,4.2,False
TL014766,TR014766,DR0004,VH00089,2024-01-04,77.7,19.68,4.3,162,1,1,192,16.0,83.1,False,5.0,False
TL014769,TR014769,DR0004,VH00040,2024-10-16,364.6,58.56,6.8,176,7,6,552,43.8,42.8,False,4.3,False
TL014776,TR014776,DR0018,VH00044,2025-06-20,900.7,12.0,81.9,122,9,9,56,64.4,55.4,False,3.1,False
TL014779,TR014779,DR0029,VH00041,2024-10-24,1241.9,11.28,120.1,115,20,30,154,121.0,0.0,False,4.5,False
TL014783,TR014783,DR0031,VH00087,2023-10-10,376.6,7.68,53.5,88,6,6,46,33.9,72.5,False,4.7,False
TL014785,TR014785,DR0049,VH00052,2022-06-21,373.3,13.92,29.3,162,2,4,119,35.6,76.4,False,3.7,False
TL014786,TR014786,DR0034,VH00038,2026-01-09,60.1,14.64,4.5,95,1,0,80,8.4,92.0,False,4.5,False
TL014788,TR014788,DR0055,VH00062,2025-12-07,1360.1,6.48,229.0,136,24,23,54,207.9,0.0,False,4.0,False
TL014790,TR014790,DR0008,VH00015,2022-12-19,543.0,48.0,12.3,178,7,8,764,95.7,14.6,False,4.8,False
TL014792,TR014792,DR0040,VH00042,2024-12-05,337.8,38.16,9.7,102,7,8,460,54.4,42.2,False,3.9,False
TL014793,TR014793,DR0041,VH00102,2022-10-07,384.9,7.92,53.0,98,4,4,49,39.4,75.7,False,4.7,False
TL014795,TR014795,DR0051,VH00069,2022-02-21,15.5,27.12,0.6,128,0,0,166,2.4,91.0,False,4.8,False
TL014798,TR014798,DR0044,VH00007,2024-09-20,245.1,17.76,15.1,80,4,4,274,46.1,62.5,False,3.6,False
TL014800,TR014800,DR0013,VH00065,2026-05-15,936.4,12.48,81.9,149,8,7,42,43.7,65.8,False,3.5,False
TL014801,TR014801,DR0024,VH00007,2024-01-09,14.9,30.24,0.5,148,0,0,96,1.3,94.8,False,5.0,False
TL014806,TR014806,DR0037,VH00064,2024-07-12,69.4,126.96,0.6,152,1,1,1465,14.6,19.9,False,4.7,False
TL014811,TR014811,DR0019,VH00106,2026-03-28,29.7,135.12,0.2,93,0,1,2766,10.3,0.0,False,5.0,True
TL014812,TR014812,DR0060,VH00025,2025-01-18,61.9,8.64,7.8,135,0,0,71,3.4,95.4,False,3.8,False
TL014814,TR014814,DR0049,VH00107,2026-04-17,58.6,26.16,2.4,127,0,0,119,5.0,92.5,False,4.0,False
TL014819,TR014819,DR0020,VH00110,2025-11-20,41.0,8.88,5.0,103,0,0,71,8.3,94.0,False,4.2,False
TL014823,TR014823,DR0004,VH00031,2026-05-13,73.5,50.64,1.6,153,1,1,304,8.6,79.7,False,4.2,False
TL014831,TR014831,DR0020,VH00018,2023-09-22,63.0,134.88,0.5,118,1,1,1270,8.7,31.4,False,4.1,True
TL014835,TR014835,DR0042,VH00111,2022-02-04,1552.2,45.84,36.9,179,12,15,224,64.7,36.4,False,4.3,False
TL014836,TR014836,DR0042,VH00073,2023-06-08,568.6,56.16,11.0,93,5,6,175,58.0,60.4,False,4.5,False
TL014837,TR014837,DR0013,VH00046,2023-05-19,70.3,21.6,3.6,165,0,0,80,3.6,94.9,False,4.6,False
TL014838,TR014838,DR0059,VH00089,2023-12-13,41.0,184.8,0.2,106,0,0,1433,8.1,25.9,False,4.1,False
TL014839,TR014839,DR0010,VH00078,2022-02-28,386.7,80.4,5.2,118,3,4,278,36.0,66.8,False,4.1,False
TL014840,TR014840,DR0010,VH00036,2025-06-02,19.8,11.76,1.8,139,0,0,50,1.5,97.0,False,3.9,False
TL014841,TR014841,DR0035,VH00078,2025-05-03,337.8,69.6,5.3,92,12,11,1444,80.9,0.0,False,5.0,False
TL014842,TR014842,DR0043,VH00065,2024-05-15,14.9,239.52,0.1,84,0,0,1655,0.8,17.0,False,4.5,False
TL014844,TR014844,DR0034,VH00031,2024-01-12,936.4,49.68,20.6,108,21,23,461,74.6,0.1,False,4.5,False
TL014847,TR014847,DR0031,VH00095,2023-09-12,16.7,56.4,0.3,106,0,0,618,2.3,68.4,False,3.9,True
TL014851,TR014851,DR0048,VH00071,2022-10-16,24.6,23.52,1.1,107,0,0,77,0.4,96.0,False,5.0,False
TL014853,TR014853,DR0038,VH00088,2025-05-21,15.6,10.08,1.7,143,0,0,156,2.4,91.5,False,4.5,False
TL014859,TR014859,DR0027,VH00041,2025-09-02,75.4,47.04,1.7,84,0,0,146,7.6,90.4,False,5.0,False
TL014862,TR014862,DR0010,VH00051,2022-11-08,370.4,16.32,24.8,178,3,2,49,14.0,86.8,False,4.3,False
TL014863,TR014863,DR0021,VH00064,2022-06-16,900.7,46.08,21.3,96,14,13,598,98.9,6.4,False,4.4,False
TL014864,TR014864,DR0004,VH00043,2023-10-07,365.9,4.08,97.8,142,5,6,44,65.3,64.7,False,5.0,False
TL014866,TR014866,DR0037,VH00044,2023-12-15,28.6,23.28,1.3,108,0,0,219,4.4,87.7,False,3.2,False
TL014869,TR014869,DR0029,VH00087,2024-01-15,27.2,38.16,0.8,132,0,0,517,3.0,73.2,False,4.1,False
TL014871,TR014871,DR0002,VH00051,2023-08-23,49.4,29.28,1.8,180,2,1,502,18.4,65.4,False,4.0,False
TL014873,TR014873,DR0060,VH00092,2025-08-09,52.4,15.36,3.7,143,0,0,98,4.8,93.7,False,4.1,False
TL014875,TR014875,DR0028,VH00026,2023-06-02,16.8,113.04,0.2,121,0,0,953,1.4,51.9,True,4.6,False
TL014876,TR014876,DR0046,VH00116,2023-07-05,373.5,10.32,39.5,168,23,21,249,145.7,0.0,False,5.0,False
TL014877,TR014877,DR0038,VH00073,2025-08-02,15.3,8.16,2.0,88,0,0,81,1.5,95.5,False,3.6,False
TL014881,TR014881,DR0012,VH00074,2022-11-23,1552.2,33.12,51.1,112,66,42,386,326.2,0.0,False,3.9,False
TL014882,TR014882,DR0025,VH00041,2026-05-18,39.2,134.4,0.3,160,0,0,1619,5.6,17.4,False,5.0,False
TL014885,TR014885,DR0017,VH00042,2022-03-22,15.0,11.04,1.5,113,0,0,119,2.8,93.2,False,3.4,False
TL014891,TR014891,DR0015,VH00092,2022-06-27,69.6,4.8,15.8,132,1,1,33,12.2,92.2,False,4.9,False
TL014893,TR014893,DR0023,VH00063,2022-03-09,325.6,67.92,5.2,90,4,3,564,19.2,57.0,False,3.8,False
TL014896,TR014896,DR0049,VH00118,2023-08-26,58.2,20.16,3.1,130,0,0,90,2.8,94.7,False,4.2,False
TL014901,TR014901,DR0042,VH00005,2022-06-17,17.2,65.52,0.3,96,0,0,355,1.3,81.9,False,4.5,False
TL014902,TR014902,DR0044,VH00094,2026-03-18,388.9,3.84,110.5,137,6,6,47,52.9,66.8,False,3.3,False
TL014903,TR014903,DR0038,VH00068,2026-05-21,74.1,10.32,7.8,144,1,1,89,6.0,91.2,False,2.9,False
TL014904,TR014904,DR0031,VH00047,2026-05-05,257.2,120.24,2.3,143,5,5,1089,39.0,21.3,False,4.9,False
TL014909,TR014909,DR0031,VH00115,2024-07-24,162.9,145.44,1.2,82,3,3,1712,34.3,0.0,False,4.0,False
TL014911,TR014911,DR0028,VH00032,2025-06-21,19.4,58.08,0.4,150,0,0,297,1.6,84.7,False,3.7,False
TL014913,TR014913,DR0056,VH00051,2026-01-23,72.5,5.52,14.3,120,0,0,21,2.9,98.1,False,5.0,False
TL014914,TR014914,DR0022,VH00069,2025-03-25,32.1,26.4,1.3,100,0,0,426,4.1,77.5,False,4.2,False
TL014915,TR014915,DR0044,VH00042,2025-03-14,383.6,37.2,11.2,109,8,7,464,57.7,40.5,False,3.7,True
TL014916,TR014916,DR0053,VH00114,2022-06-01,63.4,19.44,3.6,83,0,0,71,2.8,95.6,False,5.0,False
TL014918,TR014918,DR0060,VH00025,2026-03-18,71.2,22.08,3.5,169,0,0,117,3.9,93.0,False,4.4,False
TL014921,TR014921,DR0034,VH00042,2024-12-10,1440.2,38.64,40.7,128,33,28,388,279.5,0.0,False,3.8,False
TL014924,TR014924,DR0031,VH00071,2025-02-11,42.6,10.8,4.3,99,0,1,69,4.5,94.2,False,5.0,False
TL014928,TR014928,DR0048,VH00043,2026-06-03,1534.7,804.0,2.1,128,4,5,3052,43.7,0.0,False,4.5,False
TL014930,TR014930,DR0060,VH00081,2024-02-10,61.7,12.48,5.4,115,0,0,77,4.3,94.9,False,5.0,False
TL014935,TR014935,DR0043,VH00107,2023-12-02,75.8,29.76,2.8,145,0,0,178,5.2,89.5,False,4.1,False
TL014936,TR014936,DR0015,VH00022,2026-01-15,77.8,25.68,3.3,135,1,1,411,5.9,75.2,False,4.3,False
TL014937,TR014937,DR0041,VH00038,2026-01-08,379.1,828.24,0.5,90,4,4,7211,25.1,0.0,False,3.4,False
TL014941,TR014941,DR0018,VH00042,2022-05-12,51.8,16.08,3.5,102,0,0,49,2.8,96.7,False,3.8,False
TL014942,TR014942,DR0015,VH00037,2024-11-15,936.4,11.76,86.9,141,15,16,166,178.7,0.0,False,4.4,False
TL014943,TR014943,DR0003,VH00043,2022-01-14,39.8,12.96,3.4,114,2,2,376,9.1,73.5,False,3.8,False
TL014946,TR014946,DR0041,VH00074,2026-03-01,72.5,9.6,8.2,156,0,0,79,7.5,93.8,False,3.7,False
TL014949,TR014949,DR0041,VH00048,2024-07-24,1247.8,50.4,27.0,156,14,9,187,48.8,46.0,False,3.3,False
TL014950,TR014950,DR0024,VH00073,2024-05-19,71.4,158.88,0.5,111,0,0,1233,3.1,37.4,False,4.0,False
TL014952,TR014952,DR0043,VH00094,2023-07-19,11.9,3.36,3.9,140,0,0,11,0.9,99.2,False,3.7,False
TL014953,TR014953,DR0060,VH00022,2022-05-20,340.0,25.44,14.6,107,2,4,96,31.7,78.7,False,4.8,False
TL014954,TR014954,DR0003,VH00034,2026-06-21,364.6,71.76,5.5,141,22,21,826,215.9,0.0,False,4.6,False
TL014956,TR014956,DR0038,VH00104,2024-05-18,70.8,48.72,1.6,91,1,1,329,6.0,79.2,False,3.9,False
TL014957,TR014957,DR0025,VH00013,2023-08-18,40.7,42.96,1.0,138,0,0,551,3.6,71.4,False,4.0,False
TL014959,TR014959,DR0035,VH00106,2022-06-24,178.4,58.8,3.3,89,8,7,1308,32.1,6.0,False,3.4,False
TL014964,TR014964,DR0033,VH00034,2024-01-22,61.1,4.08,16.3,142,1,1,31,13.0,92.0,False,4.6,False
TL014965,TR014965,DR0040,VH00031,2026-01-18,395.6,6.48,66.6,89,6,7,101,56.9,61.9,False,3.8,False
TL014971,TR014971,DR0035,VH00073,2024-01-19,306.0,121.68,2.7,127,8,8,1225,107.6,0.0,False,4.7,False
TL014972,TR014972,DR0018,VH00061,2023-03-08,257.2,30.0,9.4,122,2,3,207,21.6,77.2,False,5.0,False
TL014974,TR014974,DR0029,VH00008,2022-11-10,1478.8,55.2,29.2,163,23,29,386,327.1,0.0,False,4.7,False
TL014975,TR014975,DR0016,VH00005,2023-10-22,382.9,68.64,6.1,131,4,3,565,33.0,52.9,False,3.7,True
TL014979,TR014979,DR0048,VH00038,2022-12-19,323.1,32.16,11.0,174,1,1,81,6.8,91.4,False,2.4,False
TL014981,TR014981,DR0040,VH00089,2023-10-25,498.6,19.2,28.3,126,9,9,249,88.6,38.5,False,3.9,False
TL014982,TR014982,DR0010,VH00046,2026-04-03,498.6,686.64,0.8,120,3,5,5132,28.8,0.0,False,4.4,False
TL014983,TR014983,DR0035,VH00062,2022-08-24,1279.2,18.48,75.5,108,42,39,425,315.5,0.0,False,4.7,False
TL014985,TR014985,DR0059,VH00059,2024-08-13,1189.3,7.92,163.8,149,29,21,125,189.7,0.0,False,4.4,False
TL014987,TR014987,DR0020,VH00115,2023-04-01,392.8,5.76,74.4,152,9,9,71,51.0,58.7,False,4.1,False
TL014989,TR014989,DR0058,VH00118,2024-10-25,67.3,48.72,1.5,98,1,1,482,9.7,70.5,False,3.4,False
TL014990,TR014990,DR0004,VH00116,2025-06-27,386.7,67.92,6.2,113,7,6,1083,70.1,8.3,False,4.6,False
TL014991,TR014991,DR0018,VH00084,2024-08-11,60.8,10.56,6.3,133,0,0,75,4.8,94.8,False,3.2,False
TL014993,TR014993,DR0012,VH00114,2022-04-24,20.8,678.72,0.0,126,0,0,14339,3.8,0.0,False,4.8,False
TL014994,TR014994,DR0040,VH00088,2025-04-17,61.2,23.28,2.9,161,1,1,276,10.2,80.6,False,4.9,False
TL014996,TR014996,DR0028,VH00064,2026-01-21,175.2,5.28,36.2,134,1,1,16,16.3,91.8,False,4.5,False
TL015002,TR015002,DR0012,VH00073,2024-08-27,14.9,75.12,0.2,172,0,0,1591,2.4,19.7,False,3.7,False
TL015003,TR015003,DR0052,VH00080,2025-09-18,48.4,10.08,5.2,114,0,0,18,1.3,98.7,False,4.1,False
TL015005,TR015005,DR0023,VH00059,2023-09-17,58.5,21.6,3.0,106,0,0,118,3.5,93.0,False,4.2,False
TL015009,TR015009,DR0018,VH00110,2024-09-24,119.7,132.48,1.0,91,0,1,825,4.5,56.4,False,4.5,False
TL015011,TR015011,DR0028,VH00047,2022-05-07,273.7,14.4,20.7,124,2,2,115,28.1,80.8,False,5.0,False
TL015014,TR015014,DR0038,VH00095,2024-02-12,79.4,45.6,1.9,91,1,1,425,9.1,73.5,False,3.9,False
TL015019,TR015019,DR0008,VH00112,2023-04-03,16.7,18.96,1.0,163,0,0,199,1.8,89.5,False,3.7,False
TL015023,TR015023,DR0015,VH00073,2024-12-03,1534.7,51.36,32.6,113,23,33,666,135.3,0.0,False,4.6,False
TL015032,TR015032,DR0052,VH00104,2025-03-25,65.1,5.28,13.5,122,0,0,13,1.4,98.9,False,4.6,False
TL015033,TR015033,DR0052,VH00057,2024-02-10,75.4,26.4,3.1,90,0,0,84,1.7,95.3,False,4.5,False
TL015039,TR015039,DR0007,VH00107,2023-12-23,768.9,43.2,19.4,80,47,36,1232,195.3,0.0,False,4.0,False
TL015040,TR015040,DR0033,VH00007,2024-05-04,543.0,24.48,24.2,98,11,7,195,110.8,33.5,False,4.7,False
TL015044,TR015044,DR0002,VH00043,2024-05-11,404.3,26.88,16.4,143,20,13,426,137.8,0.0,False,3.7,False
TL015045,TR015045,DR0053,VH00112,2025-06-18,306.0,112.56,3.0,142,3,3,496,16.6,62.7,False,3.0,False
TL015046,TR015046,DR0054,VH00092,2025-11-14,58.8,96.48,0.7,97,0,0,637,3.7,67.0,False,4.0,False
TL015047,TR015047,DR0058,VH00046,2024-05-22,75.7,54.48,1.5,126,1,1,751,7.7,57.6,False,4.4,True
TL015048,TR015048,DR0043,VH00099,2023-06-07,543.0,49.92,11.9,173,5,3,294,32.4,65.1,False,3.4,False
TL015050,TR015050,DR0024,VH00074,2023-09-19,13.0,6.48,2.2,149,0,0,32,0.9,98.1,False,3.7,False
TL015051,TR015051,DR0027,VH00094,2025-10-01,79.3,36.48,2.4,118,0,0,162,5.4,90.3,False,4.7,False
TL015052,TR015052,DR0026,VH00010,2022-12-13,543.0,15.84,37.4,105,19,14,205,161.4,0.0,False,3.4,False
TL015053,TR015053,DR0007,VH00010,2024-06-10,123.0,10.56,12.7,112,7,7,281,47.0,54.4,False,4.5,False
TL015054,TR015054,DR0043,VH00119,2024-04-17,1221.7,12.72,104.8,180,15,10,106,119.8,26.3,False,4.0,False
TL015055,TR015055,DR0028,VH00037,2022-11-19,19.2,11.76,1.8,121,0,0,42,1.8,97.4,False,4.3,False
TL015056,TR015056,DR0013,VH00064,2022-05-24,48.1,21.12,2.5,150,0,0,131,3.1,92.5,False,3.4,False
TL015057,TR015057,DR0033,VH00087,2026-05-03,43.3,147.36,0.3,117,0,0,969,9.2,48.8,False,5.0,False
TL015058,TR015058,DR0053,VH00092,2026-05-02,71.2,48.0,1.6,159,0,0,338,6.1,81.3,False,3.8,False
TL015062,TR015062,DR0016,VH00065,2024-03-01,383.1,79.92,5.2,111,3,2,299,17.9,73.2,False,5.0,False
TL015065,TR015065,DR0052,VH00104,2025-08-09,13.0,7.92,1.8,116,0,0,15,0.2,99.2,False,4.1,False
TL015070,TR015070,DR0052,VH00039,2026-02-08,10.8,18.24,0.6,92,0,0,40,0.4,97.9,False,3.9,False
TL015072,TR015072,DR0052,VH00017,2023-09-15,1534.7,51.36,32.6,142,6,4,81,35.0,72.5,False,4.2,False
TL015073,TR015073,DR0047,VH00074,2025-05-28,1359.9,5.28,281.0,110,32,27,77,113.1,0.0,False,4.0,False
TL015076,TR015076,DR0032,VH00052,2022-12-14,11.6,70.32,0.2,174,0,0,404,1.0,79.5,False,2.9,False
TL015077,TR015077,DR0008,VH00111,2026-05-06,768.9,30.0,28.0,145,11,17,454,140.1,1.8,False,4.8,False
TL015078,TR015078,DR0032,VH00031,2025-08-07,163.8,18.72,9.5,116,1,1,156,16.8,84.7,False,3.7,False
TL015079,TR015079,DR0043,VH00010,2023-01-25,38.7,17.52,2.4,106,0,0,68,3.7,95.5,False,4.7,False
TL015080,TR015080,DR0056,VH00111,2025-06-14,29.7,16.8,1.9,148,0,0,60,1.6,96.5,False,4.3,False
TL015083,TR015083,DR0017,VH00057,2026-02-25,43.6,26.16,1.8,148,0,0,270,8.2,84.0,False,4.3,False
TL015088,TR015088,DR0037,VH00078,2022-08-06,22.6,32.88,0.7,132,0,0,244,3.6,86.7,False,3.9,False
TL015094,TR015094,DR0035,VH00091,2024-04-13,364.6,6.48,61.4,135,17,12,100,135.5,16.9,False,4.8,False
TL015095,TR015095,DR0003,VH00065,2024-01-06,75.0,18.24,4.5,118,5,3,455,39.8,54.8,False,3.4,False
TL015097,TR015097,DR0018,VH00058,2022-09-06,1486.9,3.12,519.9,159,15,15,17,81.9,37.1,False,4.5,False
TL015100,TR015100,DR0054,VH00110,2025-10-08,16.2,11.28,1.6,126,0,0,45,0.9,97.5,False,3.7,False
TL015102,TR015102,DR0035,VH00084,2024-05-01,385.0,10.8,38.9,128,14,10,190,74.2,37.2,False,4.0,False
TL015103,TR015103,DR0021,VH00022,2024-11-28,42.4,21.36,2.2,95,0,0,220,7.5,86.8,False,4.4,False
TL015107,TR015107,DR0004,VH00115,2022-03-07,1397.9,44.88,34.0,111,35,21,662,236.9,0.0,False,4.7,False
TL015108,TR015108,DR0010,VH00051,2024-12-06,61.9,53.04,1.3,119,0,0,253,5.3,85.8,False,4.1,False
TL015109,TR015109,DR0004,VH00036,2025-03-01,15.3,33.36,0.5,166,0,0,337,3.2,82.2,False,4.2,False
TL015111,TR015111,DR0055,VH00092,2023-10-20,1398.1,88.56,17.2,175,27,26,1035,295.7,0.0,False,3.7,False
TL015112,TR015112,DR0003,VH00057,2024-11-21,372.6,2.4,169.4,148,20,24,75,195.8,0.0,False,4.6,False
TL015113,TR015113,DR0058,VH00047,2026-04-02,69.4,782.64,0.1,165,0,1,8849,13.4,0.0,False,4.1,False
TL015117,TR015117,DR0027,VH00107,2022-02-08,14.7,60.48,0.3,143,0,0,458,0.6,76.9,False,5.0,False
TL015118,TR015118,DR0060,VH00056,2023-09-24,128.5,6.0,23.4,91,1,1,49,6.4,93.1,False,4.4,False
TL015119,TR015119,DR0036,VH00056,2024-01-03,66.5,21.84,3.3,179,1,1,163,13.8,85.2,False,3.9,False
TL015120,TR015120,DR0025,VH00091,2023-05-08,21.8,115.2,0.2,144,0,0,927,2.6,52.9,False,4.3,False
TL015121,TR015121,DR0041,VH00031,2025-08-08,40.2,70.56,0.6,151,0,0,392,4.0,79.2,False,4.3,False
TL015122,TR015122,DR0021,VH00117,2026-02-11,15.5,21.36,0.8,93,0,0,183,3.0,89.9,False,5.0,False
TL015123,TR015123,DR0028,VH00040,2024-12-17,64.5,144.48,0.5,125,0,0,881,6.0,54.1,False,3.9,False
TL015125,TR015125,DR0024,VH00087,2022-11-10,45.2,32.4,1.5,130,0,0,261,3.6,85.9,False,3.6,False
TL015128,TR015128,DR0012,VH00022,2023-07-28,43.7,19.44,2.5,159,1,1,177,7.6,86.4,False,3.9,False
TL015134,TR015134,DR0018,VH00032,2024-08-19,20.0,2.64,8.3,97,0,0,12,1.3,99.0,False,2.9,False
TL015135,TR015135,DR0060,VH00034,2022-12-15,364.6,8.88,44.8,97,3,3,29,37.0,80.0,False,4.1,False
TL015137,TR015137,DR0015,VH00110,2023-08-16,396.7,13.44,32.2,89,7,6,179,75.7,51.8,False,5.0,True
TL015140,TR015140,DR0003,VH00056,2023-06-14,1206.9,6.24,211.0,83,83,87,112,468.4,0.0,False,4.9,False
TL015145,TR015145,DR0004,VH00031,2024-08-18,39.4,120.96,0.4,144,0,0,853,7.3,55.2,False,5.0,False
TL015154,TR015154,DR0032,VH00039,2025-12-22,20.7,12.48,1.8,171,0,0,50,0.9,97.2,False,3.9,False
TL015155,TR015155,DR0020,VH00052,2025-06-02,364.6,46.32,8.6,83,7,8,445,51.4,43.8,False,4.4,False
TL015158,TR015158,DR0025,VH00084,2023-12-17,15.4,23.76,0.7,160,0,0,250,1.3,87.1,False,5.0,False
TL015162,TR015162,DR0016,VH00095,2026-01-13,370.9,52.8,7.7,144,3,4,391,19.2,66.2,False,4.6,True
TL015164,TR015164,DR0024,VH00104,2024-08-27,18.8,39.84,0.5,115,0,0,323,1.9,83.3,False,3.4,False
TL015165,TR015165,DR0043,VH00102,2022-09-27,170.1,46.08,4.0,81,1,1,351,11.0,76.7,False,4.0,False
TL015166,TR015166,DR0028,VH00015,2022-04-14,37.3,96.96,0.4,109,0,0,295,3.3,84.3,False,4.2,False
TL015167,TR015167,DR0033,VH00028,2024-08-11,63.6,21.84,3.2,143,1,1,218,14.1,82.4,False,5.0,False
TL015171,TR015171,DR0026,VH00118,2023-02-01,53.5,165.6,0.4,176,2,1,2409,12.1,0.0,False,3.3,False
TL015172,TR015172,DR0016,VH00008,2024-04-21,1231.7,50.16,26.8,110,10,9,412,113.6,21.3,False,5.0,False
TL015175,TR015175,DR0055,VH00032,2023-09-26,38.5,178.32,0.2,147,0,0,1299,6.6,33.1,False,4.1,False
TL015177,TR015177,DR0037,VH00092,2026-01-07,960.3,48.96,21.4,81,14,13,791,111.2,0.0,False,4.9,False
TL015179,TR015179,DR0048,VH00063,2024-06-13,378.4,2.88,143.3,157,1,1,11,9.7,94.0,False,4.1,False
TL015180,TR015180,DR0060,VH00078,2023-05-23,15.4,5.28,3.2,121,0,0,33,1.4,97.9,False,3.4,False
TL015181,TR015181,DR0048,VH00048,2023-09-01,306.0,24.0,13.9,104,1,1,55,9.5,91.9,False,4.5,False
TL015182,TR015182,DR0010,VH00116,2024-06-16,14.1,23.04,0.7,129,0,0,141,1.1,92.6,False,3.9,False
TL015186,TR015186,DR0060,VH00026,2025-05-21,366.2,8.4,47.6,92,4,3,74,14.7,82.9,False,4.9,False
TL015189,TR015189,DR0017,VH00112,2023-07-28,70.1,6.72,11.4,101,1,1,49,13.7,90.9,False,4.4,False
TL015192,TR015192,DR0031,VH00021,2026-04-01,34.8,8.4,4.5,94,0,0,68,4.7,95.2,False,4.0,False
TL015193,TR015193,DR0032,VH00080,2024-05-08,71.8,177.36,0.4,105,0,0,1367,4.5,30.3,False,4.3,False
TL015199,TR015199,DR0038,VH00078,2022-09-17,1192.8,17.52,74.3,161,20,22,120,227.5,0.0,False,4.6,False
TL015201,TR015201,DR0047,VH00119,2023-07-14,1368.1,6.24,239.2,167,29,26,44,134.5,0.0,False,5.0,False
TL015202,TR015202,DR0037,VH00059,2026-01-19,384.1,10.08,41.6,132,7,9,71,51.3,61.6,False,3.7,False
TL015204,TR015204,DR0028,VH00065,2023-04-27,21.1,8.16,2.8,140,0,0,37,1.6,97.7,False,3.6,False
TL015206,TR015206,DR0019,VH00061,2026-05-03,30.6,34.56,1.0,158,0,1,333,11.1,79.0,False,5.0,False
TL015210,TR015210,DR0053,VH00010,2024-12-14,306.0,223.2,1.5,113,2,3,1912,19.3,0.0,False,3.2,False
TL015214,TR015214,DR0034,VH00106,2023-11-20,1411.4,45.6,33.8,130,22,24,346,136.0,0.0,False,3.6,False
TL015218,TR015218,DR0017,VH00019,2023-04-28,379.1,2.4,172.3,119,6,9,24,56.0,64.0,False,4.1,False
TL015219,TR015219,DR0013,VH00081,2025-07-18,364.6,58.56,6.8,159,4,3,198,21.2,74.7,False,4.3,False
TL015220,TR015220,DR0044,VH00047,2025-01-04,129.5,48.96,2.9,90,1,3,641,23.4,56.4,False,3.9,False
TL015221,TR015221,DR0033,VH00047,2026-01-07,58.8,17.28,3.7,146,1,1,192,11.9,84.3,False,4.7,False
TL015224,TR015224,DR0013,VH00031,2023-06-15,41.3,208.56,0.2,153,0,0,1801,1.6,9.5,False,5.0,False
TL015229,TR015229,DR0009,VH00099,2026-04-23,1440.2,65.52,24.0,134,6,5,128,52.1,64.0,False,4.9,False
TL015234,TR015234,DR0055,VH00018,2025-01-04,1488.3,771.84,2.1,110,25,34,5872,122.1,0.0,False,4.2,False
TL015235,TR015235,DR0002,VH00117,2025-01-29,14.9,239.52,0.1,111,0,0,5027,3.3,0.0,False,4.7,False
TL015236,TR015236,DR0038,VH00053,2025-07-23,361.7,75.12,5.3,158,7,5,941,65.5,17.8,False,4.4,False
TL015237,TR015237,DR0058,VH00099,2025-10-25,1439.0,120.96,13.0,113,36,21,1730,259.9,0.0,False,3.9,False
TL015240,TR015240,DR0008,VH00016,2026-03-04,62.9,44.16,1.6,121,0,0,471,11.9,72.9,False,4.8,False
TL015246,TR015246,DR0060,VH00091,2026-06-23,376.0,2.64,155.4,88,3,4,14,28.8,82.2,False,4.1,False
TL015250,TR015250,DR0007,VH00004,2024-11-03,61.3,7.68,8.7,109,5,4,102,31.0,74.1,False,4.5,False
TL015252,TR015252,DR0003,VH00034,2026-03-09,76.8,711.12,0.1,145,5,3,11645,39.7,0.0,False,3.8,False
TL015256,TR015256,DR0043,VH00092,2022-12-16,14.4,56.64,0.3,135,0,0,466,1.4,76.3,False,4.0,False
TL015258,TR015258,DR0047,VH00054,2024-08-21,257.2,9.12,30.8,132,4,4,114,33.9,74.1,False,4.6,False
TL015261,TR015261,DR0029,VH00058,2023-05-02,12.7,61.2,0.2,82,0,0,519,1.7,73.5,False,4.6,False
TL015262,TR015262,DR0058,VH00031,2025-03-17,23.2,23.52,1.1,141,0,0,283,2.0,85.2,False,3.2,False
TL015263,TR015263,DR0002,VH00007,2024-05-10,34.0,60.48,0.6,148,1,0,1430,5.5,25.4,False,3.9,False
TL015265,TR015265,DR0057,VH00047,2022-01-27,361.2,5.28,74.6,136,1,1,19,14.9,92.1,False,4.8,False
TL015267,TR015267,DR0016,VH00026,2022-02-12,67.1,50.88,1.4,170,0,0,281,5.0,84.5,False,4.5,False
TL015268,TR015268,DR0018,VH00017,2023-12-09,1552.0,61.2,27.7,180,19,14,236,92.9,17.8,False,3.5,False
TL015270,TR015270,DR0018,VH00013,2026-01-22,42.3,182.64,0.3,101,0,0,1350,2.5,31.8,False,4.4,False
TL015272,TR015272,DR0018,VH00040,2023-07-14,34.7,33.6,1.1,105,0,0,122,2.0,93.3,False,3.4,False
TL015273,TR015273,DR0024,VH00048,2024-10-06,12.8,23.04,0.6,84,0,0,72,0.7,96.2,False,4.3,False
TL015276,TR015276,DR0060,VH00061,2024-08-11,543.0,85.44,6.9,92,3,3,454,30.3,60.7,False,5.0,False
TL015277,TR015277,DR0011,VH00110,2024-11-01,50.4,62.16,0.9,118,0,0,380,2.4,80.3,False,4.1,False
TL015279,TR015279,DR0053,VH00051,2026-01-24,1468.7,47.76,33.5,180,14,17,407,72.6,19.9,False,4.9,False
TL015280,TR015280,DR0023,VH00026,2024-11-13,32.1,216.0,0.2,135,0,0,1679,3.1,15.1,False,4.2,False
TL015283,TR015283,DR0021,VH00010,2025-07-17,27.4,691.68,0.0,155,0,0,11070,4.5,0.0,False,3.7,False
TL015290,TR015290,DR0010,VH00119,2025-04-02,48.8,20.64,2.6,146,0,0,162,2.1,91.3,False,4.4,False
TL015294,TR015294,DR0020,VH00046,2022-08-20,47.8,16.56,3.1,83,0,1,103,10.6,90.7,False,3.9,False
TL015296,TR015296,DR0028,VH00112,2023-09-20,69.8,68.64,1.1,165,0,0,326,3.0,82.8,False,3.9,False
TL015297,TR015297,DR0005,VH00084,2022-07-04,70.8,116.4,0.7,151,0,0,931,6.2,51.6,False,3.9,True
TL015302,TR015302,DR0051,VH00059,2025-05-27,62.1,84.24,0.8,98,1,0,899,8.9,50.9,False,4.7,False
TL015304,TR015304,DR0037,VH00114,2026-04-25,125.5,24.48,5.6,88,3,1,354,21.9,70.2,False,5.0,False
TL015305,TR015305,DR0017,VH00059,2026-03-20,79.9,112.56,0.8,146,1,1,826,9.5,53.3,False,3.8,True
TL015307,TR015307,DR0017,VH00074,2022-11-06,62.4,820.08,0.1,149,0,1,10415,10.3,0.0,False,3.7,False
TL015313,TR015313,DR0048,VH00080,2022-08-20,43.7,34.8,1.4,115,0,0,108,1.3,94.2,False,4.1,False
TL015317,TR015317,DR0020,VH00040,2024-02-23,60.9,114.48,0.6,170,1,0,753,13.7,56.7,False,3.7,False
TL015318,TR015318,DR0032,VH00032,2023-05-20,114.8,196.32,0.6,160,1,0,1617,9.5,14.8,False,3.7,False
TL015319,TR015319,DR0013,VH00073,2025-07-20,15.5,60.0,0.3,170,0,0,274,0.6,86.1,False,5.0,False
TL015326,TR015326,DR0013,VH00038,2023-07-12,70.2,76.56,1.0,112,0,0,359,4.1,80.8,False,3.9,False
TL015327,TR015327,DR0039,VH00025,2025-01-22,1275.1,64.8,21.5,138,33,31,380,124.9,0.0,False,4.2,False
TL015329,TR015329,DR0040,VH00044,2026-06-21,1231.7,38.64,34.8,130,17,29,298,101.7,0.1,False,4.3,False
TL015330,TR015330,DR0018,VH00024,2023-12-07,30.3,105.36,0.3,123,0,0,558,2.7,71.3,False,4.5,False
TL015334,TR015334,DR0011,VH00040,2022-08-15,65.6,17.04,4.2,123,0,0,77,3.6,95.1,False,4.4,False
TL015337,TR015337,DR0013,VH00089,2022-02-19,1387.1,24.96,60.6,170,12,14,164,97.9,30.4,False,5.0,False
TL015341,TR015341,DR0009,VH00021,2022-06-27,31.1,35.04,1.0,176,0,0,155,0.7,92.0,False,4.3,False
TL015343,TR015343,DR0019,VH00104,2023-12-09,323.1,4.32,81.6,87,10,14,59,98.6,38.5,False,4.0,False
TL015346,TR015346,DR0033,VH00084,2025-09-05,1468.7,8.88,180.4,88,36,31,67,301.4,0.0,False,4.7,False
TL015349,TR015349,DR0013,VH00036,2023-12-22,164.4,60.0,3.0,148,1,1,307,7.3,80.0,False,3.6,False
TL015353,TR015353,DR0002,VH00094,2024-01-22,257.2,11.76,23.9,169,7,6,127,78.3,53.7,False,5.0,False
TL015357,TR015357,DR0055,VH00106,2024-12-25,10.8,23.04,0.5,177,0,0,268,1.5,86.1,False,4.4,False
TL015358,TR015358,DR0003,VH00089,2025-03-25,60.6,18.96,3.5,180,4,4,408,18.7,64.0,False,3.7,False
TL015359,TR015359,DR0038,VH00094,2024-11-17,1231.7,37.92,35.4,141,21,23,605,167.4,0.0,False,3.3,False
TL015361,TR015361,DR0047,VH00102,2025-02-17,36.8,55.44,0.7,110,0,0,731,5.1,61.9,False,4.2,False
TL015362,TR015362,DR0035,VH00005,2024-08-14,1390.5,2.64,574.6,92,49,51,64,303.8,0.0,False,4.6,False
TL015364,TR015364,DR0051,VH00034,2024-10-01,61.2,12.96,5.2,116,1,1,88,5.7,91.4,False,3.6,False
TL015366,TR015366,DR0022,VH00087,2025-04-16,25.7,822.48,0.0,126,0,0,4849,3.4,0.0,False,4.0,False
TL015370,TR015370,DR0031,VH00053,2025-06-05,75.4,792.48,0.1,128,1,1,9430,16.2,0.0,False,3.6,False
TL015371,TR015371,DR0017,VH00036,2022-03-09,17.2,4.32,4.3,179,0,0,52,1.5,97.0,False,4.0,False
TL015374,TR015374,DR0041,VH00080,2022-09-11,76.0,127.44,0.7,100,0,0,891,5.9,53.7,False,3.6,False
TL015377,TR015377,DR0012,VH00099,2024-10-22,768.9,24.96,33.6,89,36,33,544,143.7,0.0,False,3.7,False
TL015379,TR015379,DR0016,VH00021,2024-04-18,21.9,12.72,1.9,102,0,0,57,1.7,96.6,False,4.3,False
TL015381,TR015381,DR0013,VH00088,2026-01-08,372.9,231.12,1.8,100,3,4,1544,34.4,4.0,False,3.3,False
TL015382,TR015382,DR0005,VH00008,2023-05-11,41.1,16.08,2.8,134,0,0,136,2.2,92.5,False,4.5,False
TL015383,TR015383,DR0023,VH00106,2025-10-03,54.7,15.36,3.9,85,0,0,110,4.8,93.1,False,3.8,False
TL015384,TR015384,DR0031,VH00022,2022-08-23,1182.8,18.24,70.7,149,18,30,230,149.1,0.0,False,4.4,False
TL015385,TR015385,DR0038,VH00044,2023-09-13,1391.4,2.88,527.0,110,31,34,29,172.0,0.0,False,4.0,False
TL015386,TR015386,DR0009,VH00078,2026-02-13,11.6,709.44,0.0,94,0,0,1600,0.3,19.9,False,4.3,False
TL015389,TR015389,DR0039,VH00016,2023-01-05,26.3,8.88,3.2,128,0,0,111,2.1,93.8,False,4.6,False
TL015390,TR015390,DR0059,VH00032,2024-05-03,15.6,66.72,0.3,102,0,0,949,3.4,51.5,False,4.2,False
TL015393,TR015393,DR0011,VH00081,2023-04-18,114.1,50.4,2.5,173,1,1,424,11.5,72.8,False,3.2,False
TL015396,TR015396,DR0028,VH00073,2026-01-02,1423.9,7.92,196.1,151,15,13,57,94.6,33.3,False,5.0,False
TL015400,TR015400,DR0020,VH00081,2023-11-21,257.2,52.56,5.3,178,4,5,790,43.0,36.6,False,4.2,False
TL015403,TR015403,DR0019,VH00025,2025-01-01,1552.2,67.2,25.2,121,79,47,690,353.3,0.0,False,4.2,False
TL015405,TR015405,DR0024,VH00112,2025-07-15,54.6,150.48,0.4,102,0,0,1046,3.2,46.7,False,4.9,False
TL015407,TR015407,DR0016,VH00040,2026-05-06,543.0,103.92,5.7,121,4,6,918,39.3,30.3,False,3.6,False
TL015409,TR015409,DR0041,VH00068,2022-11-12,363.0,49.68,8.0,137,4,3,382,14.6,67.5,False,4.8,False
TL015410,TR015410,DR0003,VH00115,2026-04-02,364.6,51.12,7.8,81,24,19,1489,207.6,0.0,False,4.6,False
TL015411,TR015411,DR0022,VH00004,2024-07-02,398.5,53.76,8.1,148,9,8,838,44.2,23.3,False,4.2,False
TL015413,TR015413,DR0032,VH00034,2025-03-08,393.9,6.48,66.3,134,4,3,22,14.1,85.7,False,4.7,False
TL015418,TR015418,DR0047,VH00042,2023-11-15,75.0,167.52,0.5,134,1,1,1017,10.5,43.5,False,3.7,False
TL015420,TR015420,DR0038,VH00068,2026-04-19,51.9,8.88,6.4,167,0,0,132,6.9,91.3,False,3.6,False
TL015422,TR015422,DR0011,VH00007,2022-03-06,34.6,6.48,5.8,166,0,0,32,1.3,98.0,False,4.2,False
TL015423,TR015423,DR0022,VH00073,2022-06-12,24.3,8.88,3.0,161,0,0,111,2.5,93.7,False,5.0,False
TL015427,TR015427,DR0049,VH00043,2025-12-11,386.7,41.04,10.3,171,4,4,176,14.5,76.9,False,4.4,False
TL015428,TR015428,DR0039,VH00059,2022-08-23,768.9,32.88,25.5,115,11,16,186,109.1,25.5,False,4.2,False
TL015429,TR015429,DR0003,VH00063,2026-04-16,15.2,34.08,0.5,108,1,0,385,3.3,78.3,False,4.9,False
TL015431,TR015431,DR0021,VH00025,2024-04-17,170.2,8.4,22.1,153,3,3,109,29.2,78.3,False,4.5,False
TL015432,TR015432,DR0023,VH00095,2022-10-01,72.1,37.68,2.1,163,0,0,305,5.5,83.1,False,4.5,False
TL015433,TR015433,DR0029,VH00023,2026-02-12,79.3,10.8,8.0,129,1,1,100,15.8,87.8,False,4.3,False
TL015437,TR015437,DR0024,VH00080,2024-09-25,31.1,50.4,0.7,131,0,0,445,3.2,76.8,False,3.8,False
TL015440,TR015440,DR0005,VH00008,2022-11-16,1262.3,213.6,6.4,131,14,11,1837,129.0,0.0,False,4.3,False
TL015441,TR015441,DR0003,VH00118,2025-03-02,1470.9,11.04,145.3,130,122,71,195,464.1,0.0,False,4.7,False
TL015442,TR015442,DR0040,VH00104,2024-11-25,73.5,46.08,1.7,136,1,1,505,12.1,68.6,False,5.0,False
TL015443,TR015443,DR0026,VH00095,2026-06-01,72.5,53.04,1.5,150,2,1,1163,12.9,34.0,False,3.6,False
TL015444,TR015444,DR0029,VH00051,2023-03-08,1378.2,217.44,6.9,106,23,31,2769,188.0,0.0,False,4.1,False
TL015445,TR015445,DR0039,VH00004,2023-11-05,66.9,45.6,1.6,129,1,1,672,13.7,59.8,False,3.9,False
TL015449,TR015449,DR0035,VH00024,2022-06-04,396.2,3.6,120.1,110,15,12,72,95.1,33.4,False,3.8,False
TL015455,TR015455,DR0035,VH00099,2023-06-03,1174.6,23.28,55.0,152,47,31,225,320.6,0.0,False,3.8,False
TL015458,TR015458,DR0036,VH00112,2025-06-16,72.8,21.36,3.7,141,1,1,215,9.6,83.9,False,3.7,False
TL015464,TR015464,DR0005,VH00038,2023-12-17,393.2,6.48,66.2,171,4,3,45,15.6,84.1,False,5.0,False
TL015466,TR015466,DR0054,VH00038,2023-01-18,31.9,17.28,2.0,142,0,0,128,2.6,92.8,False,4.8,False
TL015467,TR015467,DR0013,VH00020,2022-03-19,15.8,19.2,0.9,168,0,0,162,1.5,91.5,False,4.1,False
TL015471,TR015471,DR0049,VH00054,2023-09-07,384.2,2.88,145.5,131,4,2,15,17.5,86.0,False,3.1,False
TL015474,TR015474,DR0028,VH00081,2023-07-17,30.6,22.8,1.5,163,0,0,68,1.2,96.2,False,3.7,False
TL015477,TR015477,DR0035,VH00022,2025-02-04,960.3,14.4,72.8,81,32,29,341,343.2,0.0,False,3.5,False
TL015480,TR015480,DR0053,VH00019,2023-04-13,71.7,52.8,1.5,104,0,0,390,5.6,78.8,False,4.1,False
TL015481,TR015481,DR0046,VH00095,2023-11-02,1356.1,37.2,39.8,129,92,83,733,306.3,0.0,False,5.0,False
TL015482,TR015482,DR0018,VH00037,2026-02-21,51.7,736.8,0.1,166,0,0,5563,4.9,0.0,False,5.0,False
TL015483,TR015483,DR0015,VH00042,2026-01-16,65.0,60.24,1.2,162,1,1,640,10.2,62.4,False,4.4,False
TL015485,TR015485,DR0009,VH00046,2024-10-19,58.2,12.48,5.1,156,0,0,46,2.2,97.0,False,3.5,False
TL015487,TR015487,DR0023,VH00008,2026-01-01,38.4,8.16,5.1,122,0,0,35,3.6,97.2,False,3.9,False
TL015488,TR015488,DR0057,VH00032,2025-12-15,68.6,37.2,2.0,167,0,0,80,2.6,95.2,False,4.0,False
TL015493,TR015493,DR0037,VH00036,2024-07-13,42.1,98.64,0.5,88,0,0,681,6.4,64.0,False,5.0,False
TL015498,TR015498,DR0010,VH00041,2025-11-12,1470.5,61.2,26.2,144,15,11,413,90.4,18.7,False,2.7,False
TL015499,TR015499,DR0042,VH00059,2026-05-06,73.3,8.4,9.5,139,0,0,50,7.1,95.4,False,4.1,False
TL015500,TR015500,DR0033,VH00019,2022-04-11,498.6,46.32,11.7,142,12,9,453,64.7,30.9,False,3.8,False
TL015501,TR015501,DR0038,VH00111,2026-05-06,27.0,15.84,1.9,134,0,0,203,2.9,89.0,False,3.7,False
TL015502,TR015502,DR0043,VH00026,2024-07-02,28.8,125.28,0.3,163,0,0,1075,1.5,45.8,False,4.3,False
TL015512,TR015512,DR0009,VH00032,2024-01-27,12.7,19.68,0.7,112,0,0,48,0.3,97.5,False,3.7,False
TL015513,TR015513,DR0057,VH00004,2022-11-23,346.2,62.64,6.0,126,1,1,234,15.6,81.1,False,3.7,False
TL015514,TR015514,DR0013,VH00065,2025-12-24,15.7,32.16,0.5,166,0,0,151,1.2,92.1,False,3.4,False
TL015517,TR015517,DR0013,VH00019,2025-05-20,1552.0,64.32,26.3,83,12,14,428,157.5,0.0,False,4.1,False
TL015520,TR015520,DR0005,VH00069,2023-12-14,543.0,7.68,77.1,154,3,5,52,39.3,76.1,False,3.6,False
TL015523,TR015523,DR0056,VH00073,2025-07-25,50.7,9.84,5.6,93,0,0,34,2.4,97.6,False,3.8,False
TL015526,TR015526,DR0035,VH00064,2022-09-17,13.5,12.96,1.1,167,0,0,292,4.7,84.0,False,4.5,False
TL015529,TR015529,DR0022,VH00016,2023-02-13,14.8,156.48,0.1,86,0,0,2235,2.7,0.0,False,4.7,False
TL015533,TR015533,DR0003,VH00038,2026-03-05,52.0,3.12,18.2,145,2,2,45,23.1,85.8,False,4.2,False
TL015534,TR015534,DR0042,VH00078,2024-01-25,40.2,6.96,6.3,139,0,0,32,4.1,97.2,False,4.2,False
TL015537,TR015537,DR0023,VH00051,2024-09-09,71.3,150.72,0.5,122,0,0,1049,5.9,45.8,False,4.5,False
TL015540,TR015540,DR0024,VH00018,2024-08-21,51.6,12.72,4.4,145,0,0,65,4.0,95.5,False,4.4,False
TL015544,TR015544,DR0057,VH00078,2026-06-07,314.1,8.88,38.6,138,1,1,18,13.3,92.6,False,3.1,False
TL015547,TR015547,DR0055,VH00104,2022-06-03,364.6,9.12,43.6,160,5,7,132,49.5,64.1,False,5.0,False
TL015551,TR015551,DR0025,VH00112,2024-12-02,74.9,12.48,6.5,109,1,1,178,12.9,84.7,False,4.8,False
TL015552,TR015552,DR0031,VH00010,2022-07-12,60.6,27.36,2.4,169,0,1,431,8.4,74.9,False,3.4,False
TL015553,TR015553,DR0057,VH00119,2022-09-16,224.2,17.04,14.4,116,1,1,28,8.9,93.4,False,3.9,False
TL015554,TR015554,DR0024,VH00021,2024-07-14,44.6,7.68,6.3,156,0,0,23,2.7,98.0,False,3.2,False
TL015556,TR015556,DR0057,VH00073,2025-12-17,26.0,85.44,0.3,157,0,0,250,0.7,87.3,False,5.0,False
TL015558,TR015558,DR0022,VH00040,2024-09-03,1186.3,57.84,22.4,143,23,24,591,247.7,0.0,False,3.8,False
TL015559,TR015559,DR0025,VH00047,2025-03-25,176.8,69.36,2.8,158,4,4,947,16.0,37.9,False,3.0,False
TL015560,TR015560,DR0054,VH00020,2022-09-03,14.4,10.32,1.5,137,0,0,48,1.4,97.2,False,4.4,False
TL015562,TR015562,DR0047,VH00064,2023-09-26,1468.7,23.28,68.8,167,35,35,357,230.9,0.0,False,4.6,False
TL015567,TR015567,DR0016,VH00042,2022-09-26,337.8,23.76,15.5,140,3,3,154,18.3,79.3,False,4.6,False
TL015574,TR015574,DR0053,VH00031,2025-11-07,394.2,43.2,10.0,160,3,3,228,31.1,71.8,False,4.1,False
TL015576,TR015576,DR0007,VH00025,2024-05-17,364.6,15.12,26.3,97,19,22,367,120.1,0.0,False,4.4,False
TL015577,TR015577,DR0053,VH00020,2026-04-06,58.0,135.12,0.5,123,0,0,1091,3.2,44.5,False,3.1,False
TL015578,TR015578,DR0002,VH00062,2023-10-24,47.8,17.76,2.9,157,1,1,277,8.1,81.2,False,4.7,False
TL015579,TR015579,DR0019,VH00043,2022-09-02,75.0,96.24,0.9,104,3,3,1365,23.9,17.1,False,4.0,False
TL015580,TR015580,DR0003,VH00058,2023-06-13,367.1,2.4,166.9,98,22,28,68,215.5,0.0,False,3.5,False
TL015584,TR015584,DR0046,VH00053,2022-10-12,14.6,111.12,0.1,129,0,0,3181,8.0,0.0,False,4.0,False
TL015585,TR015585,DR0009,VH00117,2024-03-28,372.6,11.04,36.8,80,1,1,24,10.4,93.2,False,3.6,False
TL015586,TR015586,DR0051,VH00106,2024-04-28,56.4,21.6,2.8,118,0,1,233,6.3,85.5,False,4.8,False
TL015587,TR015587,DR0056,VH00005,2024-08-05,1426.1,7.44,209.1,89,15,10,40,55.2,48.9,False,4.3,False
TL015589,TR015589,DR0032,VH00088,2023-07-06,131.5,3.6,39.8,148,1,1,27,7.7,93.8,False,4.4,False
TL015590,TR015590,DR0011,VH00007,2024-07-12,67.9,28.32,2.6,174,0,0,157,2.4,91.4,False,5.0,False
TL015591,TR015591,DR0053,VH00022,2023-08-18,245.1,18.96,14.1,120,2,3,153,10.7,83.1,False,4.1,False
TL015592,TR015592,DR0056,VH00043,2024-12-09,361.5,19.44,20.3,162,4,3,98,33.7,76.0,False,4.3,False
TL015596,TR015596,DR0033,VH00080,2023-09-09,21.6,95.28,0.2,87,0,0,821,3.6,57.9,False,3.8,True
TL015599,TR015599,DR0022,VH00036,2023-12-16,1552.2,27.84,60.8,81,23,32,412,124.0,0.0,False,5.0,False
TL015602,TR015602,DR0005,VH00022,2026-01-16,13.0,49.44,0.3,177,0,0,177,1.1,90.8,False,4.1,False
TL015604,TR015604,DR0055,VH00046,2024-01-13,42.9,10.08,4.6,115,0,1,84,4.4,93.5,False,4.8,False
TL015605,TR015605,DR0009,VH00047,2026-02-26,19.2,21.6,1.0,111,0,0,45,0.5,97.6,False,4.4,False
TL015606,TR015606,DR0039,VH00023,2025-06-06,339.7,3.84,96.5,112,4,5,58,26.9,78.0,False,5.0,False
TL015607,TR015607,DR0009,VH00056,2026-01-11,498.6,52.32,10.4,97,2,2,91,14.5,86.1,False,3.9,False
TL015608,TR015608,DR0023,VH00073,2022-09-20,45.7,824.16,0.1,174,0,0,2819,1.7,0.0,False,4.2,False
TL015612,TR015612,DR0040,VH00073,2026-01-02,384.1,10.32,40.6,165,6,7,111,33.5,68.4,False,5.0,False
TL015613,TR015613,DR0005,VH00092,2023-07-01,178.5,23.76,8.2,135,1,2,191,7.2,84.8,False,3.3,False
TL015616,TR015616,DR0012,VH00010,2026-01-16,1534.7,781.68,2.1,147,69,68,19576,430.5,0.0,False,4.4,False
TL015617,TR015617,DR0024,VH00063,2024-08-24,21.0,10.32,2.2,91,0,0,70,1.1,96.2,False,3.7,False
TL015619,TR015619,DR0037,VH00084,2026-04-15,25.1,184.08,0.1,83,0,0,2809,3.0,0.0,False,5.0,False
TL015620,TR015620,DR0060,VH00004,2022-08-07,56.4,804.24,0.1,99,0,0,6604,4.4,0.0,False,4.1,False
TL015621,TR015621,DR0003,VH00007,2024-03-27,364.6,4.56,87.2,109,26,17,85,197.0,0.0,False,5.0,False
TL015624,TR015624,DR0041,VH00028,2023-10-18,1174.3,31.92,40.1,97,13,8,161,102.3,33.8,False,3.7,False
TL015625,TR015625,DR0029,VH00089,2023-12-10,32.0,17.28,2.0,84,0,0,155,5.5,90.6,False,5.0,False
TL015626,TR015626,DR0023,VH00018,2026-06-11,42.4,22.56,2.1,141,0,0,92,2.3,94.7,False,4.4,False
TL015627,TR015627,DR0040,VH00106,2025-06-05,120.1,6.24,21.0,165,2,2,56,22.3,85.5,False,3.8,False
TL015628,TR015628,DR0009,VH00037,2025-05-25,1440.2,61.2,25.7,93,5,6,255,23.6,66.7,False,4.6,False
TL015632,TR015632,DR0031,VH00081,2026-06-14,71.4,62.64,1.2,84,1,1,384,11.9,74.7,False,3.9,False
TL015633,TR015633,DR0017,VH00004,2026-03-24,369.3,8.4,48.0,109,8,7,66,34.3,67.4,False,4.6,False
TL015634,TR015634,DR0021,VH00011,2025-05-01,364.6,23.76,16.7,140,5,5,131,51.9,65.4,False,4.1,False
TL015637,TR015637,DR0021,VH00005,2026-02-26,337.8,7.2,51.2,133,6,7,66,71.2,59.3,False,4.1,False
TL015639,TR015639,DR0029,VH00010,2024-07-22,73.4,8.64,9.3,141,1,1,91,10.0,90.0,False,4.5,False
TL015640,TR015640,DR0037,VH00021,2022-06-10,16.0,70.08,0.2,178,0,0,623,1.9,68.3,False,4.0,False
TL015644,TR015644,DR0007,VH00084,2026-02-20,134.2,759.6,0.2,161,7,8,20728,30.2,0.0,False,3.3,False
TL015648,TR015648,DR0053,VH00104,2022-02-23,1552.0,64.56,26.2,158,14,18,377,74.6,19.8,False,5.0,False
TL015649,TR015649,DR0029,VH00007,2024-04-01,1440.2,37.68,41.7,158,34,31,444,274.8,0.0,False,3.5,False
TL015650,TR015650,DR0049,VH00018,2025-11-10,936.4,10.32,99.0,120,11,8,57,58.3,55.2,False,5.0,False
TL015653,TR015653,DR0015,VH00040,2024-01-20,61.7,18.96,3.6,178,0,1,185,6.5,87.8,False,4.0,False
TL015655,TR015655,DR0004,VH00018,2023-10-10,133.3,36.72,4.0,112,2,2,524,27.0,60.7,False,4.0,False
TL015657,TR015657,DR0023,VH00084,2024-04-26,11.9,786.24,0.0,159,0,0,5159,0.7,0.0,False,4.1,False
TL015659,TR015659,DR0016,VH00074,2023-12-18,23.5,9.84,2.6,138,0,0,79,1.4,95.6,False,3.6,False
TL015663,TR015663,DR0028,VH00004,2025-06-12,14.9,167.28,0.1,111,0,0,1209,0.6,39.4,False,5.0,False
TL015664,TR015664,DR0052,VH00057,2023-03-06,395.1,30.96,13.9,167,1,1,105,14.2,88.0,False,4.4,False
TL015665,TR015665,DR0018,VH00084,2025-07-09,43.3,196.56,0.2,165,0,0,761,4.2,60.7,False,4.0,False
TL015667,TR015667,DR0012,VH00043,2023-12-21,1360.8,9.36,158.6,112,48,58,83,397.2,0.0,False,3.8,False
TL015668,TR015668,DR0049,VH00036,2022-06-06,43.8,139.44,0.3,166,0,0,918,1.7,53.6,False,3.9,False
TL015670,TR015670,DR0025,VH00092,2026-06-27,14.4,21.84,0.7,103,0,0,337,2.4,82.4,False,4.5,False
TL015674,TR015674,DR0028,VH00063,2022-08-14,42.4,15.6,3.0,169,0,0,77,4.0,95.0,False,4.6,False
TL015675,TR015675,DR0013,VH00013,2026-06-09,57.2,696.24,0.1,111,0,0,3370,5.0,0.0,False,5.0,False
TL015676,TR015676,DR0003,VH00053,2024-10-20,18.7,56.16,0.4,84,0,1,660,4.0,64.8,False,3.7,False
TL015678,TR015678,DR0004,VH00044,2022-10-19,1440.2,22.8,68.9,83,37,21,350,311.0,0.0,False,3.9,False
TL015679,TR015679,DR0026,VH00091,2025-12-02,404.3,10.8,40.8,97,19,17,244,114.4,8.0,False,4.7,False
TL015680,TR015680,DR0015,VH00021,2024-07-25,1351.6,10.32,142.9,104,25,25,114,300.2,0.0,False,4.0,True
TL015681,TR015681,DR0041,VH00039,2025-10-01,392.5,47.76,9.0,87,4,3,218,32.7,70.3,False,3.3,False
TL015683,TR015683,DR0058,VH00028,2023-04-11,56.2,815.52,0.1,157,1,1,6061,10.1,0.0,False,3.8,False
TL015692,TR015692,DR0003,VH00088,2022-06-16,404.3,37.92,11.6,119,24,23,1070,138.6,0.0,False,4.7,False
TL015695,TR015695,DR0039,VH00004,2023-04-02,396.6,2.88,150.2,105,8,7,42,55.1,62.4,False,4.8,False
TL015696,TR015696,DR0042,VH00038,2025-07-27,54.6,71.28,0.8,108,0,0,475,3.9,75.1,False,3.6,False
TL015697,TR015697,DR0060,VH00102,2023-07-17,49.1,224.64,0.2,98,0,0,1158,4.9,40.6,False,5.0,False
TL015698,TR015698,DR0055,VH00031,2023-10-01,59.5,754.8,0.1,92,0,0,6102,10.7,0.0,False,3.9,False
TL015701,TR015701,DR0018,VH00025,2025-07-12,14.6,38.88,0.4,168,0,0,299,0.9,84.8,False,3.8,False
TL015704,TR015704,DR0040,VH00069,2023-12-09,15.4,23.04,0.7,159,0,0,293,3.4,84.3,False,3.1,False
TL015706,TR015706,DR0040,VH00111,2022-12-25,398.5,32.4,13.4,98,10,8,283,89.3,36.1,False,3.9,False
TL015707,TR015707,DR0053,VH00118,2022-02-21,125.8,54.96,2.5,102,1,1,320,5.4,79.9,False,4.5,True
TL015711,TR015711,DR0027,VH00019,2026-03-24,14.7,4.56,3.5,160,0,0,22,0.8,98.7,False,4.2,False
TL015712,TR015712,DR0054,VH00040,2023-01-24,64.1,12.96,5.4,175,0,0,79,5.9,94.3,False,4.6,False
TL015713,TR015713,DR0031,VH00073,2022-09-10,323.1,26.88,13.1,163,6,5,209,39.4,63.7,False,3.7,False
TL015717,TR015717,DR0052,VH00053,2026-06-27,10.6,23.04,0.5,149,0,0,70,0.2,96.4,False,4.5,False
TL015718,TR015718,DR0056,VH00040,2024-07-04,57.5,147.6,0.4,143,0,0,1200,3.9,38.8,False,3.5,False
TL015720,TR015720,DR0017,VH00059,2022-10-10,26.7,18.72,1.6,98,0,0,141,5.1,91.4,False,4.0,False
TL015721,TR015721,DR0017,VH00034,2026-02-05,27.2,9.12,3.3,119,0,0,56,6.0,95.4,False,4.1,False
TL015726,TR015726,DR0037,VH00024,2026-05-28,369.0,5.76,69.9,81,9,5,54,57.5,61.5,False,4.7,False
TL015727,TR015727,DR0036,VH00025,2022-10-01,382.6,2.4,173.9,151,6,5,18,53.1,69.2,False,4.4,False
TL015729,TR015729,DR0054,VH00054,2022-09-20,28.3,160.56,0.2,82,0,0,1004,3.0,48.9,False,4.7,False
TL015732,TR015732,DR0051,VH00059,2026-04-25,50.0,19.44,2.8,124,1,1,139,10.5,87.4,False,4.5,False
TL015733,TR015733,DR0021,VH00017,2022-10-14,1461.4,20.16,79.1,132,27,35,265,163.5,0.0,False,5.0,False
TL015734,TR015734,DR0054,VH00102,2022-06-20,73.6,82.08,1.0,115,0,0,446,4.1,76.5,False,3.6,False
TL015735,TR015735,DR0058,VH00048,2024-12-25,257.2,12.0,23.4,120,6,3,176,54.1,63.0,False,5.0,False
TL015740,TR015740,DR0047,VH00034,2023-08-28,960.3,66.96,15.6,142,23,14,590,136.2,0.0,False,3.7,False
TL015741,TR015741,DR0005,VH00059,2024-05-21,67.4,129.6,0.6,176,0,0,511,2.4,73.7,False,3.4,False
TL015742,TR015742,DR0048,VH00028,2023-10-05,37.3,833.04,0.0,167,0,0,2857,1.0,0.0,False,3.9,False
TL015745,TR015745,DR0008,VH00080,2025-10-12,57.8,102.48,0.6,169,1,1,825,10.1,53.2,False,4.4,False
TL015750,TR015750,DR0052,VH00064,2024-10-27,176.8,24.72,7.8,106,0,0,79,4.1,94.8,False,3.9,False
TL015751,TR015751,DR0003,VH00044,2023-01-14,75.4,66.24,1.2,121,6,4,2019,22.4,0.0,False,3.9,False
TL015753,TR015753,DR0028,VH00044,2026-06-23,49.9,21.36,2.5,103,0,0,64,5.1,95.3,False,3.9,False
TL015754,TR015754,DR0059,VH00039,2022-08-17,71.9,43.2,1.8,115,1,1,689,11.2,59.7,False,4.8,False
TL015757,TR015757,DR0048,VH00016,2025-05-05,31.3,17.76,1.9,80,0,0,55,1.1,96.9,False,4.9,False
TL015760,TR015760,DR0043,VH00017,2022-01-18,337.8,8.88,41.5,136,3,2,58,20.6,84.4,False,5.0,False
TL015761,TR015761,DR0017,VH00068,2025-04-03,44.6,150.48,0.3,168,0,0,2108,9.4,0.0,False,4.5,False
TL015765,TR015765,DR0022,VH00089,2024-10-26,164.6,17.04,10.5,180,3,3,137,27.0,77.6,False,4.2,False
TL015766,TR015766,DR0005,VH00058,2022-03-05,16.3,64.8,0.3,106,0,0,497,0.6,75.0,False,4.0,False
TL015770,TR015770,DR0008,VH00026,2022-09-16,543.0,65.76,9.0,115,9,8,379,116.3,24.7,False,4.9,False
TL015772,TR015772,DR0035,VH00080,2026-04-26,56.1,66.24,0.9,150,2,2,1311,19.6,23.6,False,4.2,False
TL015777,TR015777,DR0028,VH00028,2025-11-26,72.2,6.24,12.6,155,0,0,21,6.4,97.0,False,4.3,False
TL015782,TR015782,DR0009,VH00053,2026-04-22,28.9,13.2,2.4,121,0,0,52,1.0,97.1,False,4.2,False
TL015783,TR015783,DR0029,VH00084,2022-03-28,64.9,11.28,6.3,97,1,0,166,11.6,86.7,False,3.3,False
TL015784,TR015784,DR0037,VH00065,2022-05-02,23.1,55.68,0.5,160,0,0,642,3.2,66.9,False,4.0,False
TL015786,TR015786,DR0007,VH00022,2023-06-13,377.7,5.76,71.5,121,23,17,80,138.7,2.9,False,3.1,False
TL015787,TR015787,DR0028,VH00081,2026-04-12,13.6,11.04,1.3,130,0,0,69,0.9,96.3,False,4.6,False
TL015789,TR015789,DR0043,VH00017,2023-03-01,387.2,6.72,62.9,113,4,4,38,37.5,76.8,False,5.0,False
TL015791,TR015791,DR0004,VH00016,2024-11-17,24.7,95.52,0.3,175,0,0,856,3.3,56.2,False,3.8,False
TL015792,TR015792,DR0027,VH00036,2026-01-03,12.3,194.4,0.1,148,0,0,783,1.2,60.5,False,5.0,False
TL015793,TR015793,DR0058,VH00102,2024-08-28,128.0,44.64,3.1,92,3,2,360,18.8,69.9,False,4.2,False
TL015794,TR015794,DR0035,VH00078,2023-10-17,1231.7,42.72,31.5,105,42,39,694,266.5,0.0,False,4.3,False
TL015798,TR015798,DR0027,VH00073,2025-05-28,337.8,698.4,0.5,84,4,2,5497,14.4,0.0,False,3.6,False
TL015799,TR015799,DR0008,VH00057,2024-10-09,58.5,20.88,3.1,134,0,1,114,5.9,91.5,False,4.3,False
TL015800,TR015800,DR0044,VH00084,2026-02-09,1397.9,46.32,32.9,141,25,29,616,282.6,0.0,False,5.0,False
TL015801,TR015801,DR0044,VH00019,2023-10-11,66.6,45.12,1.6,163,1,1,695,12.3,59.1,False,4.3,False
TL015803,TR015803,DR0047,VH00036,2025-07-07,1403.5,9.84,155.6,92,23,31,148,302.8,0.0,False,3.9,False
TL015804,TR015804,DR0033,VH00110,2024-09-07,367.0,833.04,0.5,169,6,8,13373,60.0,0.0,False,3.5,False
TL015805,TR015805,DR0051,VH00074,2026-01-22,498.6,7.92,68.7,146,11,10,55,74.5,48.4,False,4.3,False
TL015810,TR015810,DR0021,VH00054,2025-08-23,337.8,47.52,7.8,157,7,7,371,48.4,49.4,False,4.3,True
TL015811,TR015811,DR0032,VH00092,2026-03-26,15.5,9.12,1.9,118,0,0,57,0.5,97.0,False,5.0,False
TL015813,TR015813,DR0012,VH00052,2026-05-20,371.9,13.92,29.1,89,13,15,197,89.8,28.7,False,3.3,False
TL015814,TR015814,DR0010,VH00043,2023-11-19,190.7,134.16,1.6,103,1,1,667,13.0,60.3,False,3.7,False
TL015818,TR015818,DR0021,VH00036,2023-09-11,76.4,52.8,1.6,127,1,1,330,6.6,79.0,False,3.1,False
TL015820,TR015820,DR0052,VH00087,2026-06-22,76.5,141.36,0.6,125,0,0,217,1.2,88.8,False,4.3,False
TL015821,TR015821,DR0021,VH00112,2024-12-08,323.1,32.64,10.8,150,7,7,527,41.3,43.8,False,5.0,False
TL015823,TR015823,DR0020,VH00084,2022-06-13,74.2,18.48,4.4,174,1,1,101,14.8,88.0,False,4.7,False
TL015824,TR015824,DR0024,VH00117,2022-03-02,35.9,13.68,2.9,82,0,0,47,1.9,97.1,False,4.1,False
TL015826,TR015826,DR0017,VH00069,2023-03-15,1440.2,10.08,155.9,132,24,20,143,209.1,0.0,False,5.0,False
TL015832,TR015832,DR0009,VH00081,2022-05-18,43.0,13.68,3.4,121,0,0,45,1.2,97.4,False,3.3,False
TL015837,TR015837,DR0039,VH00020,2024-09-03,900.7,3.84,255.9,174,22,14,36,197.3,0.0,False,4.2,False
TL015838,TR015838,DR0017,VH00010,2022-04-12,1387.3,9.84,153.8,131,20,33,99,230.8,0.0,False,3.8,False
TL015839,TR015839,DR0019,VH00041,2023-06-23,13.6,131.04,0.1,116,0,0,1690,3.4,14.5,False,4.0,False
TL015840,TR015840,DR0011,VH00088,2022-09-17,12.6,89.76,0.2,82,0,0,447,1.0,77.4,False,3.9,False
TL015841,TR015841,DR0003,VH00112,2025-06-15,1266.8,695.52,2.0,174,114,76,13933,321.6,0.0,False,3.5,False
TL015843,TR015843,DR0041,VH00081,2022-10-28,123.0,71.04,1.9,86,1,1,359,10.5,76.4,False,4.6,False
TL015844,TR015844,DR0019,VH00017,2024-03-20,323.1,9.36,37.7,92,10,9,95,72.8,49.4,False,4.1,False
TL015845,TR015845,DR0056,VH00071,2026-05-02,1468.7,42.96,37.3,84,15,18,302,147.2,0.2,False,4.9,False
TL015847,TR015847,DR0031,VH00094,2025-10-09,936.4,58.56,17.4,142,21,20,772,94.9,0.0,False,3.9,False
TL015851,TR015851,DR0060,VH00074,2024-03-03,10.8,29.76,0.4,92,0,0,224,0.5,88.6,False,3.5,False
TL015852,TR015852,DR0019,VH00034,2025-01-26,273.7,14.64,20.4,131,12,8,132,57.8,50.1,False,4.1,False
TL015853,TR015853,DR0019,VH00036,2025-04-08,404.3,37.2,11.9,152,14,10,799,121.3,0.0,False,4.0,False
TL015855,TR015855,DR0009,VH00017,2025-12-27,61.3,206.4,0.3,140,0,0,479,2.2,75.4,False,4.3,False
TL015856,TR015856,DR0003,VH00043,2023-01-05,73.0,63.12,1.3,158,5,3,1769,27.3,0.0,False,4.2,False
TL015859,TR015859,DR0004,VH00092,2026-04-18,1179.5,64.32,20.0,132,20,23,734,99.5,0.0,False,4.8,False
TL015861,TR015861,DR0036,VH00039,2026-06-01,1468.7,97.92,16.4,115,34,36,1073,300.1,0.0,False,4.2,False
TL015862,TR015862,DR0058,VH00024,2025-08-08,47.1,57.12,0.9,165,0,1,699,5.1,62.5,False,4.5,False
TL015863,TR015863,DR0038,VH00039,2025-05-28,77.3,774.96,0.1,176,1,1,9653,7.6,0.0,False,4.3,False
TL015869,TR015869,DR0027,VH00099,2022-09-04,1468.7,123.6,13.0,176,11,17,1080,86.8,0.0,False,4.2,False
TL015872,TR015872,DR0031,VH00015,2025-03-05,36.4,33.36,1.2,175,0,0,539,3.2,72.1,False,3.8,False
TL015873,TR015873,DR0023,VH00063,2023-05-15,22.4,100.08,0.2,166,0,0,742,1.2,62.5,False,4.0,False
TL015876,TR015876,DR0037,VH00046,2023-12-15,386.7,56.64,7.4,165,9,5,707,47.3,32.0,False,4.7,False
TL015877,TR015877,DR0059,VH00010,2023-11-11,36.8,8.4,4.8,144,0,0,126,3.3,92.7,False,4.0,False
TL015878,TR015878,DR0009,VH00102,2026-02-28,1197.4,13.44,97.2,86,4,5,32,37.8,76.1,False,5.0,False
TL015879,TR015879,DR0016,VH00036,2024-10-05,1375.4,215.52,7.0,116,13,13,762,73.8,7.3,False,4.7,False
TL015880,TR015880,DR0026,VH00107,2024-01-21,543.0,80.16,7.4,158,26,19,1111,87.1,0.0,False,3.3,False
TL015881,TR015881,DR0007,VH00021,2024-09-21,32.9,74.4,0.5,173,2,2,1250,10.7,29.3,False,4.2,False
TL015884,TR015884,DR0043,VH00037,2026-06-25,1468.7,42.24,37.9,137,10,16,170,130.2,21.4,False,4.3,False
TL015885,TR015885,DR0023,VH00015,2025-05-21,75.0,11.76,7.0,121,0,0,87,6.5,93.7,False,4.1,False
TL015887,TR015887,DR0026,VH00011,2023-12-21,69.8,10.32,7.4,115,1,2,164,15.5,83.6,False,4.5,False
TL015890,TR015890,DR0043,VH00092,2024-07-14,1358.6,8.16,181.6,176,15,16,61,71.1,37.1,False,4.1,False
TL015891,TR015891,DR0004,VH00119,2024-07-15,46.5,225.12,0.2,166,0,0,3150,7.9,0.0,False,4.2,False
TL015894,TR015894,DR0015,VH00011,2025-08-04,76.2,10.08,8.2,86,1,1,137,12.6,86.9,False,4.7,False
TL015897,TR015897,DR0033,VH00011,2024-11-29,13.8,152.16,0.1,176,0,0,1922,1.5,3.4,False,3.8,False
TL015898,TR015898,DR0003,VH00024,2023-01-07,12.3,107.52,0.1,109,0,0,2094,6.1,0.0,False,4.7,False
TL015900,TR015900,DR0044,VH00095,2022-09-21,18.0,89.28,0.2,82,0,0,860,3.7,55.9,False,3.7,False
TL015901,TR015901,DR0015,VH00104,2026-05-21,28.4,192.0,0.2,178,0,0,2692,4.5,0.0,False,4.0,False
TL015905,TR015905,DR0038,VH00023,2024-08-23,1377.8,49.2,30.5,90,26,22,315,129.2,0.0,False,4.9,False
TL015906,TR015906,DR0025,VH00024,2022-05-17,25.4,2.64,10.5,123,0,0,40,2.9,97.1,False,4.9,False
TL015910,TR015910,DR0042,VH00047,2024-09-03,49.7,27.36,2.0,129,0,0,186,4.6,89.3,False,4.4,False
TL015913,TR015913,DR0024,VH00004,2023-11-16,65.5,11.04,6.5,100,0,0,60,5.6,95.3,False,3.9,False
TL015914,TR015914,DR0027,VH00017,2024-03-03,1214.9,63.12,21.0,87,9,13,243,113.6,27.3,False,3.5,False
TL015919,TR015919,DR0029,VH00047,2026-05-20,27.9,23.04,1.3,90,0,0,280,4.3,84.7,False,4.5,False
TL015920,TR015920,DR0023,VH00110,2025-02-20,51.7,34.8,1.6,107,0,0,256,3.6,86.1,False,3.5,False
TL015921,TR015921,DR0046,VH00081,2022-12-03,133.8,8.16,17.9,155,7,7,165,61.6,55.8,False,3.3,False
TL015925,TR015925,DR0049,VH00008,2025-08-04,39.0,7.44,5.7,164,0,0,60,1.9,96.4,False,4.2,True
TL015926,TR015926,DR0056,VH00018,2022-03-27,1253.4,142.08,9.6,157,15,15,887,108.0,0.0,False,4.6,False
TL015927,TR015927,DR0041,VH00081,2022-12-27,29.0,838.32,0.0,174,0,0,6774,1.8,0.0,False,4.0,False
TL015929,TR015929,DR0027,VH00032,2025-05-13,498.6,3.84,141.6,90,4,4,12,34.0,79.2,False,5.0,False
TL015932,TR015932,DR0032,VH00081,2022-11-14,1413.3,64.8,23.8,87,15,17,398,93.4,12.6,False,4.2,False
TL015935,TR015935,DR0011,VH00026,2024-01-21,79.9,7.44,11.7,119,0,0,25,4.4,97.4,False,4.1,False
TL015936,TR015936,DR0003,VH00081,2024-08-16,58.0,3.6,17.6,162,4,3,95,24.2,79.0,False,3.5,False
TL015939,TR015939,DR0016,VH00037,2026-06-17,404.3,53.28,8.3,103,2,4,175,29.3,75.5,False,3.8,False
TL015940,TR015940,DR0029,VH00017,2023-08-08,10.0,65.04,0.2,106,0,0,575,1.2,70.9,False,4.2,False
TL015941,TR015941,DR0027,VH00088,2025-04-04,900.7,42.72,23.0,125,9,11,379,40.6,44.4,False,4.3,False
TL015943,TR015943,DR0044,VH00043,2023-02-12,1189.6,10.08,128.7,97,17,18,126,144.1,7.0,False,3.9,False
TL015947,TR015947,DR0048,VH00021,2022-04-10,1389.9,834.72,1.8,138,5,6,2487,32.1,0.0,False,3.8,False
TL015948,TR015948,DR0028,VH00115,2026-04-24,47.1,85.44,0.6,132,0,0,744,3.1,61.9,False,4.1,False
TL015950,TR015950,DR0025,VH00010,2026-02-26,14.9,49.92,0.3,152,0,0,584,2.2,70.1,False,4.2,False
TL015954,TR015954,DR0023,VH00081,2023-01-08,337.8,3.12,118.1,134,2,3,9,17.8,88.2,False,3.6,False
TL015957,TR015957,DR0060,VH00095,2023-04-17,342.5,66.72,5.6,126,2,3,256,33.2,71.2,False,4.7,False
TL015961,TR015961,DR0032,VH00078,2025-12-12,48.6,46.32,1.1,179,0,0,227,1.8,88.1,False,4.4,False
TL015963,TR015963,DR0036,VH00087,2026-01-27,31.6,205.92,0.2,134,0,0,3327,4.9,0.0,False,4.4,False
TL015965,TR015965,DR0038,VH00084,2023-09-03,57.7,759.84,0.1,137,0,1,12293,12.9,0.0,False,4.5,False
TL015969,TR015969,DR0046,VH00092,2023-07-07,1552.0,50.4,33.6,133,127,87,661,792.8,0.0,False,4.3,False
TL015970,TR015970,DR0020,VH00071,2025-06-27,55.5,10.08,6.0,107,1,1,154,5.1,88.3,False,2.8,False
TL015978,TR015978,DR0018,VH00011,2024-12-23,1375.5,10.08,148.9,156,11,17,85,75.7,39.5,False,5.0,False
TL015980,TR015980,DR0017,VH00043,2023-06-25,38.6,35.52,1.2,138,0,0,310,5.6,82.8,False,5.0,False
TL015982,TR015982,DR0041,VH00046,2022-09-28,40.6,29.76,1.5,91,0,0,148,1.8,92.1,False,4.2,False
TL015985,TR015985,DR0018,VH00099,2025-01-22,1205.3,7.44,176.7,156,8,14,53,80.1,47.3,False,5.0,False
TL015988,TR015988,DR0024,VH00038,2026-02-08,14.9,3.12,5.2,90,0,0,17,0.9,98.9,True,4.5,False
TL015990,TR015990,DR0023,VH00020,2024-03-11,543.0,51.84,11.4,139,5,6,340,39.3,57.7,False,4.1,True
TL015992,TR015992,DR0060,VH00056,2025-01-13,306.0,47.52,7.0,106,2,2,347,19.4,71.8,False,3.4,False
TL015993,TR015993,DR0048,VH00041,2024-02-10,72.0,8.4,9.4,80,0,0,19,1.8,98.5,False,4.0,False
TL015996,TR015996,DR0018,VH00013,2024-02-05,1440.2,55.2,28.5,171,15,14,312,106.2,16.0,False,4.0,False
TL016001,TR016001,DR0008,VH00099,2023-04-22,14.8,2.4,6.7,180,0,0,25,2.3,98.1,False,3.4,False
TL016002,TR016002,DR0013,VH00008,2026-03-21,364.6,76.56,5.2,127,3,4,255,17.4,73.5,False,5.0,False
TL016003,TR016003,DR0020,VH00081,2026-04-04,64.6,23.76,3.0,169,0,1,204,5.8,87.1,False,4.1,False
TL016007,TR016007,DR0035,VH00099,2023-03-08,26.7,10.56,2.8,90,0,0,203,7.6,87.6,False,4.6,False
TL016008,TR016008,DR0043,VH00091,2026-04-04,72.1,58.32,1.3,172,0,0,368,3.2,80.6,False,3.7,False
TL016010,TR016010,DR0025,VH00112,2026-05-26,1249.9,22.8,59.8,98,30,28,300,176.6,0.0,False,4.1,False
TL016012,TR016012,DR0008,VH00089,2022-12-09,60.5,165.6,0.4,145,0,0,1913,9.7,1.4,False,5.0,False
TL016013,TR016013,DR0034,VH00068,2024-05-07,1552.2,49.68,34.1,95,21,37,541,296.4,0.0,False,4.1,False
TL016016,TR016016,DR0037,VH00104,2023-06-11,41.2,10.56,4.3,105,0,0,121,8.1,91.5,False,3.6,False
TL016024,TR016024,DR0051,VH00040,2023-06-20,46.7,16.08,3.2,105,0,1,244,6.4,84.9,False,3.9,True
TL016026,TR016026,DR0028,VH00043,2022-04-20,1397.9,53.52,28.5,150,14,14,272,124.1,14.2,False,4.0,False
TL016028,TR016028,DR0012,VH00080,2024-06-08,71.4,11.28,6.9,121,3,2,252,23.8,73.8,False,4.2,False
TL016030,TR016030,DR0029,VH00111,2026-02-11,46.4,823.68,0.1,140,0,1,10632,6.7,0.0,False,3.7,False
TL016032,TR016032,DR0020,VH00004,2026-01-16,72.7,2.64,30.0,84,1,1,16,14.3,92.4,False,4.3,False
TL016034,TR016034,DR0041,VH00025,2025-03-03,386.7,51.84,8.1,106,4,4,403,23.2,62.9,False,5.0,False
TL016037,TR016037,DR0022,VH00021,2026-03-11,498.6,40.08,13.6,124,8,9,457,46.5,42.2,False,3.7,False
TL016044,TR016044,DR0040,VH00016,2025-09-21,257.2,43.2,6.5,142,4,4,407,38.1,58.2,False,4.1,False
TL016046,TR016046,DR0004,VH00087,2026-01-04,64.5,16.08,4.4,179,1,1,238,4.9,84.1,False,4.0,False
TL016053,TR016053,DR0007,VH00017,2024-05-20,392.2,10.8,39.6,125,29,27,305,104.0,0.0,False,3.0,False
TL016054,TR016054,DR0024,VH00004,2026-05-23,323.1,63.84,5.5,167,2,3,340,12.3,73.3,False,4.7,False
TL016057,TR016057,DR0021,VH00048,2026-02-08,1474.6,29.28,54.9,135,36,30,225,242.5,0.0,False,3.6,False
TL016061,TR016061,DR0002,VH00026,2025-02-24,40.8,10.8,4.1,136,1,1,208,13.8,83.0,False,5.0,False
TL016062,TR016062,DR0010,VH00117,2022-12-21,40.9,18.96,2.4,137,0,0,101,2.7,94.1,False,4.0,False
TL016063,TR016063,DR0012,VH00028,2023-11-10,363.5,11.04,35.9,102,17,9,106,65.3,40.6,False,4.9,False
TL016065,TR016065,DR0013,VH00019,2025-06-23,1534.7,53.52,31.3,130,13,11,452,59.9,28.9,False,2.8,False
TL016068,TR016068,DR0018,VH00018,2024-12-07,13.1,29.28,0.5,96,0,0,183,1.3,90.5,False,5.0,False
TL016072,TR016072,DR0022,VH00061,2026-03-09,1469.8,10.56,151.8,138,22,28,111,219.3,0.0,False,3.7,False
TL016075,TR016075,DR0002,VH00034,2025-11-28,380.4,787.2,0.5,173,15,12,7179,69.4,0.0,False,4.2,False
TL016076,TR016076,DR0008,VH00023,2025-07-16,71.3,24.48,3.2,169,1,1,381,14.1,74.2,False,3.0,False
TL016078,TR016078,DR0041,VH00074,2024-04-19,1395.1,124.56,12.2,102,17,16,806,84.7,0.0,False,5.0,False
TL016079,TR016079,DR0016,VH00056,2022-06-25,14.7,17.28,0.9,143,0,0,52,1.4,97.0,False,4.6,False
TL016082,TR016082,DR0022,VH00104,2024-05-27,375.7,10.8,37.9,135,8,7,83,75.9,54.1,False,4.2,False
TL016083,TR016083,DR0055,VH00048,2025-12-27,76.2,84.0,1.0,179,1,1,585,7.8,65.9,False,4.0,False
TL016084,TR016084,DR0041,VH00020,2024-07-17,900.7,20.4,48.2,139,10,9,133,86.1,43.5,False,3.7,False
TL016086,TR016086,DR0002,VH00023,2022-11-22,1468.7,12.96,123.6,80,44,45,177,476.8,0.0,False,3.3,False
TL016089,TR016089,DR0041,VH00004,2023-08-04,49.4,117.6,0.5,152,0,0,768,3.1,60.7,False,3.6,False
TL016092,TR016092,DR0058,VH00074,2022-07-16,177.0,84.24,2.3,155,2,2,1325,35.9,18.0,False,4.3,False
TL016094,TR016094,DR0016,VH00064,2024-08-28,54.0,12.72,4.6,158,0,0,75,5.0,94.8,False,4.3,False
TL016095,TR016095,DR0004,VH00019,2025-08-04,52.0,28.56,2.0,163,1,1,389,4.2,76.8,False,4.4,False
TL016096,TR016096,DR0041,VH00021,2022-12-24,77.4,57.84,1.5,158,0,0,198,7.2,87.9,False,4.9,False
TL016097,TR016097,DR0028,VH00039,2023-05-21,498.6,53.76,10.1,124,6,6,221,21.2,67.6,False,5.0,False
TL016098,TR016098,DR0024,VH00089,2025-11-18,55.6,13.2,4.6,139,0,0,94,2.0,94.7,False,3.9,False
TL016102,TR016102,DR0022,VH00095,2022-04-03,1552.2,34.56,49.0,83,34,31,286,340.6,0.0,False,4.8,False
TL016105,TR016105,DR0021,VH00042,2023-08-21,116.2,60.0,2.1,99,1,2,851,18.8,48.3,False,4.5,False
TL016107,TR016107,DR0041,VH00107,2025-08-16,40.9,40.56,1.1,160,0,0,300,3.6,83.9,False,5.0,False
TL016113,TR016113,DR0024,VH00065,2022-06-21,62.0,33.36,2.0,170,0,0,140,4.6,91.6,False,4.7,False
TL016117,TR016117,DR0013,VH00008,2026-02-14,28.0,20.64,1.5,162,0,0,92,1.2,95.0,False,4.6,False
TL016118,TR016118,DR0056,VH00042,2022-08-23,70.2,100.56,0.8,176,0,0,734,6.9,61.2,False,4.6,False
TL016120,TR016120,DR0010,VH00063,2023-10-13,14.6,139.68,0.1,139,0,0,1160,0.6,41.8,False,5.0,False
TL016121,TR016121,DR0007,VH00039,2026-04-23,56.8,4.56,13.6,142,3,2,131,12.3,83.3,False,3.6,False
TL016122,TR016122,DR0002,VH00088,2024-12-08,77.7,17.52,4.8,177,3,2,204,10.9,80.0,False,4.7,False
TL016123,TR016123,DR0004,VH00059,2025-03-13,51.2,17.28,3.2,97,0,1,115,8.3,90.8,False,4.5,False
TL016125,TR016125,DR0047,VH00013,2025-12-27,14.6,55.2,0.3,110,0,0,473,2.2,75.7,False,4.3,False
TL016126,TR016126,DR0041,VH00025,2024-03-18,1397.9,68.64,22.2,179,16,17,276,131.7,5.7,False,4.9,False
TL016127,TR016127,DR0046,VH00107,2024-07-13,29.7,28.08,1.2,180,1,1,528,6.1,69.3,False,4.0,False
TL016130,TR016130,DR0022,VH00021,2023-08-21,59.0,57.36,1.1,143,1,1,312,6.7,79.9,False,4.7,False
TL016131,TR016131,DR0044,VH00022,2023-12-03,34.8,67.44,0.6,95,0,0,1079,7.8,43.7,False,3.4,False
TL016133,TR016133,DR0017,VH00095,2025-08-08,386.7,58.32,7.2,89,8,7,680,38.2,35.5,False,3.9,True
TL016134,TR016134,DR0018,VH00056,2025-02-03,900.7,20.64,47.6,160,6,9,112,77.6,53.1,False,3.1,False
TL016135,TR016135,DR0059,VH00051,2024-10-12,49.3,14.16,3.8,101,0,1,132,5.2,90.8,False,3.1,False
TL016139,TR016139,DR0012,VH00024,2025-06-20,68.9,156.24,0.5,135,2,1,2567,25.3,0.0,False,5.0,False
TL016140,TR016140,DR0020,VH00078,2024-06-21,57.7,35.04,1.8,165,1,1,247,4.5,83.8,False,3.9,False
TL016142,TR016142,DR0036,VH00043,2024-05-19,323.1,24.24,14.5,169,4,6,238,29.1,67.4,False,4.2,False
TL016143,TR016143,DR0008,VH00071,2026-03-15,14.5,3.36,4.7,85,0,0,24,1.9,98.2,False,4.4,False
TL016144,TR016144,DR0027,VH00081,2023-01-27,404.3,34.8,12.7,155,4,4,306,23.7,67.6,False,4.3,False
TL016150,TR016150,DR0015,VH00061,2024-04-22,1210.7,111.36,11.9,129,24,19,829,199.4,0.0,False,3.7,False
TL016153,TR016153,DR0059,VH00061,2025-06-25,46.8,116.16,0.4,136,0,1,1385,9.3,27.0,False,4.8,False
TL016155,TR016155,DR0016,VH00022,2023-09-16,51.6,22.08,2.5,84,0,0,130,2.6,92.7,False,4.7,False
TL016156,TR016156,DR0018,VH00115,2026-05-28,48.2,21.36,2.5,92,0,0,103,2.7,94.0,False,4.6,False
TL016158,TR016158,DR0046,VH00095,2022-07-20,543.0,39.12,15.1,124,42,32,546,277.0,0.0,False,4.7,False
TL016160,TR016160,DR0058,VH00042,2023-12-25,1206.2,10.32,127.5,84,27,30,122,264.1,0.0,False,5.0,False
TL016165,TR016165,DR0022,VH00021,2025-04-19,76.1,32.88,2.5,153,1,1,432,8.1,73.5,False,3.8,False
TL016166,TR016166,DR0025,VH00071,2024-04-02,39.4,129.84,0.3,127,0,0,1148,4.8,41.2,False,3.6,False
TL016170,TR016170,DR0004,VH00081,2024-04-20,220.9,165.84,1.5,157,3,4,2503,32.3,0.0,False,3.4,False
TL016171,TR016171,DR0020,VH00007,2024-12-20,936.4,174.48,5.9,173,19,20,2666,116.6,0.0,False,4.6,False
TL016173,TR016173,DR0002,VH00024,2022-10-03,68.6,165.36,0.5,156,2,1,2901,16.4,0.0,False,4.2,False
TL016176,TR016176,DR0040,VH00041,2024-04-08,45.1,694.8,0.1,87,1,0,9842,6.6,0.0,False,3.5,False
TL016177,TR016177,DR0056,VH00119,2024-06-11,323.1,5.04,69.9,97,3,2,16,15.0,88.2,False,4.5,False
TL016179,TR016179,DR0024,VH00073,2023-08-11,1440.2,19.92,78.9,154,13,15,67,120.5,26.0,False,4.2,False
TL016181,TR016181,DR0013,VH00051,2024-04-22,71.1,33.12,2.3,102,0,0,108,5.3,93.0,False,4.1,False
TL016182,TR016182,DR0042,VH00057,2023-01-24,28.4,9.84,3.1,100,0,0,52,2.4,96.7,False,3.9,False
TL016184,TR016184,DR0017,VH00021,2025-08-02,11.7,146.64,0.1,126,0,0,1905,1.1,4.4,False,4.4,False
TL016185,TR016185,DR0052,VH00087,2026-06-18,51.1,132.48,0.4,96,0,0,282,1.6,85.4,False,4.1,False
TL016186,TR016186,DR0020,VH00110,2026-06-03,900.7,64.32,15.3,154,21,13,412,70.4,13.8,False,4.5,False
TL016189,TR016189,DR0032,VH00073,2025-03-20,14.9,9.36,1.7,130,0,0,78,1.5,95.6,False,4.2,True
TL016190,TR016190,DR0012,VH00084,2025-09-26,79.9,95.04,0.9,106,3,2,2027,25.3,0.0,False,4.9,False
TL016193,TR016193,DR0051,VH00034,2025-10-11,36.7,78.72,0.5,94,0,0,1269,6.6,34.6,False,2.7,False
TL016196,TR016196,DR0016,VH00092,2026-03-23,936.4,8.88,115.0,151,11,9,33,81.0,48.5,False,4.9,False
TL016201,TR016201,DR0054,VH00041,2025-07-22,15.8,156.96,0.1,154,0,0,580,1.5,70.5,False,4.0,False
TL016204,TR016204,DR0040,VH00039,2025-02-07,337.8,53.28,6.9,110,6,5,417,43.8,52.0,False,3.6,False
TL016210,TR016210,DR0033,VH00026,2026-04-26,323.1,51.84,6.8,130,7,7,477,37.7,47.3,False,4.4,False
TL016211,TR016211,DR0028,VH00019,2026-06-12,1207.2,29.76,44.3,121,10,15,143,86.0,37.0,False,3.3,False
TL016212,TR016212,DR0037,VH00034,2024-05-28,37.7,95.52,0.4,146,0,0,1328,3.7,32.5,False,4.5,False
TL016214,TR016214,DR0054,VH00048,2025-09-20,69.4,7.68,9.9,123,0,0,44,6.7,95.8,False,4.3,False
TL016216,TR016216,DR0051,VH00116,2022-12-02,337.8,33.12,11.1,133,6,8,446,72.6,38.9,False,3.6,False
TL016218,TR016218,DR0059,VH00092,2023-10-09,62.2,102.24,0.7,94,1,1,1644,6.5,13.3,False,5.0,False
TL016219,TR016219,DR0009,VH00114,2025-06-05,337.8,10.8,34.1,135,1,1,38,5.8,93.9,False,3.5,True
TL016223,TR016223,DR0044,VH00041,2024-07-10,36.9,701.76,0.1,93,0,0,7983,5.7,0.0,False,3.7,False
TL016224,TR016224,DR0007,VH00092,2022-08-17,1169.2,11.76,108.5,155,87,59,171,684.1,0.0,False,4.3,False
TL016226,TR016226,DR0037,VH00058,2024-11-06,404.3,17.52,25.2,174,5,9,219,58.5,55.0,False,4.6,False
TL016229,TR016229,DR0005,VH00116,2023-09-18,27.5,15.36,2.0,147,0,0,89,1.8,95.0,False,5.0,False
TL016230,TR016230,DR0051,VH00048,2022-08-08,329.2,47.76,7.5,137,7,5,580,68.8,34.9,False,3.6,False
TL016231,TR016231,DR0011,VH00080,2025-08-14,17.6,177.6,0.1,139,0,0,1323,1.6,33.4,False,4.6,False
TL016233,TR016233,DR0002,VH00112,2026-05-06,78.5,28.8,3.0,127,3,3,672,11.1,55.6,False,4.4,False
TL016234,TR016234,DR0060,VH00110,2025-10-05,356.6,124.32,3.1,173,4,4,395,14.7,65.8,False,4.0,False
TL016239,TR016239,DR0004,VH00042,2022-04-14,13.2,62.4,0.2,149,0,0,597,1.0,69.9,False,5.0,False
TL016240,TR016240,DR0019,VH00068,2025-12-05,19.4,10.8,2.0,109,0,0,201,6.6,88.0,False,3.8,False
TL016242,TR016242,DR0057,VH00069,2022-11-19,1380.8,64.32,23.4,123,3,6,177,27.5,72.4,False,4.4,False
TL016244,TR016244,DR0039,VH00017,2026-03-03,66.0,809.28,0.1,93,1,1,5761,8.3,0.0,False,3.5,False
TL016257,TR016257,DR0047,VH00043,2024-12-05,48.0,8.16,6.4,101,1,1,82,8.1,91.0,False,4.9,False
TL016259,TR016259,DR0031,VH00114,2025-01-23,15.0,8.64,1.9,156,0,0,87,2.8,94.8,False,3.9,False
TL016261,TR016261,DR0032,VH00119,2023-02-05,404.3,27.6,16.0,168,4,5,182,37.6,68.6,False,4.4,False
TL016267,TR016267,DR0002,VH00021,2023-05-25,369.5,11.52,35.0,146,15,12,215,104.6,23.4,False,4.7,False
TL016271,TR016271,DR0019,VH00018,2026-03-05,59.1,141.84,0.5,96,2,2,1486,17.3,15.5,False,3.4,False
TL016275,TR016275,DR0039,VH00058,2024-08-25,122.8,60.72,2.2,128,2,2,699,25.6,52.4,False,4.8,False
TL016278,TR016278,DR0053,VH00106,2024-02-25,49.6,60.72,0.9,162,0,0,489,3.0,74.6,False,3.8,False
TL016279,TR016279,DR0040,VH00032,2022-12-02,78.9,23.28,3.7,161,1,1,217,9.0,84.0,False,5.0,False
TL016282,TR016282,DR0036,VH00106,2026-04-25,202.8,39.6,5.6,125,4,3,249,20.1,72.5,False,4.9,False
TL016283,TR016283,DR0046,VH00037,2022-06-09,65.9,142.32,0.5,171,5,4,4048,14.9,0.0,False,3.0,False
TL016287,TR016287,DR0015,VH00116,2023-08-02,900.7,40.8,24.1,101,15,16,652,198.0,0.0,False,4.5,False
TL016293,TR016293,DR0048,VH00020,2024-06-24,15.3,4.32,3.9,80,0,0,11,0.2,99.4,False,5.0,False
TL016294,TR016294,DR0012,VH00005,2023-06-14,29.5,23.04,1.4,166,1,1,513,6.9,69.8,False,4.8,False
TL016296,TR016296,DR0009,VH00091,2026-05-17,41.4,92.16,0.5,170,0,0,249,1.6,87.1,False,4.8,False
TL016301,TR016301,DR0017,VH00112,2023-07-20,118.5,66.0,2.0,174,1,2,625,17.8,59.9,False,4.5,False
TL016305,TR016305,DR0018,VH00048,2026-06-21,71.7,68.88,1.1,144,0,0,282,3.2,84.9,False,3.6,False
TL016306,TR016306,DR0008,VH00024,2024-12-13,39.7,8.64,5.0,166,0,0,75,6.1,94.4,False,3.9,False
TL016308,TR016308,DR0035,VH00115,2023-08-05,1239.2,12.0,112.7,104,49,48,216,197.3,0.0,False,5.0,False
TL016311,TR016311,DR0031,VH00042,2023-06-11,960.3,63.36,16.5,172,22,17,428,114.6,0.0,False,3.4,False
TL016312,TR016312,DR0036,VH00065,2023-04-18,67.8,21.36,3.5,150,1,1,147,12.9,86.3,False,4.7,False
TL016314,TR016314,DR0004,VH00068,2024-05-07,22.6,177.12,0.1,99,0,0,2006,4.8,0.0,False,4.2,False
TL016315,TR016315,DR0054,VH00044,2022-12-16,35.6,222.48,0.2,87,0,0,1460,1.3,26.6,False,3.6,False
TL016318,TR016318,DR0027,VH00110,2025-04-10,525.5,92.64,6.2,164,6,3,510,19.3,56.7,False,4.3,False
TL016319,TR016319,DR0043,VH00071,2026-01-17,172.4,7.68,24.5,101,1,1,41,15.3,90.9,False,3.2,False
TL016320,TR016320,DR0049,VH00080,2022-03-05,364.6,7.44,53.5,111,4,4,63,13.6,82.8,False,4.5,False
TL016321,TR016321,DR0008,VH00056,2022-08-22,47.9,230.64,0.2,127,0,0,1521,4.5,22.6,False,3.6,False
TL016326,TR016326,DR0042,VH00046,2024-11-04,387.8,26.64,15.9,180,3,3,166,27.0,76.1,False,4.3,False
TL016327,TR016327,DR0007,VH00087,2026-05-20,375.8,2.64,155.3,84,32,21,31,98.8,0.0,False,4.5,True
TL016331,TR016331,DR0011,VH00068,2023-07-07,954.2,44.16,23.6,163,7,11,211,96.3,39.1,False,4.3,False
TL016332,TR016332,DR0002,VH00073,2025-01-16,43.7,183.36,0.3,139,1,1,1879,13.7,0.0,False,5.0,False
TL016334,TR016334,DR0037,VH00043,2023-12-18,53.4,10.8,5.4,143,1,1,109,5.2,90.5,False,4.8,False
TL016335,TR016335,DR0009,VH00046,2024-07-24,1397.9,46.56,32.8,164,6,6,140,31.7,68.5,False,3.9,False
TL016336,TR016336,DR0008,VH00094,2026-05-22,72.3,70.56,1.1,105,1,1,414,7.6,74.5,False,3.7,False
TL016338,TR016338,DR0042,VH00088,2023-08-18,124.4,7.44,18.2,143,1,0,36,9.9,93.7,False,4.0,False
TL016339,TR016339,DR0017,VH00104,2024-07-03,23.9,127.2,0.2,109,0,0,1497,3.0,24.2,False,4.9,False
TL016340,TR016340,DR0052,VH00089,2025-03-25,45.5,10.56,4.7,130,0,0,23,1.1,98.5,False,3.3,False
TL016341,TR016341,DR0055,VH00039,2023-08-27,78.9,2.4,35.9,117,1,1,38,7.2,93.4,False,4.5,False
TL016343,TR016343,DR0008,VH00095,2026-03-19,404.3,105.84,4.2,107,8,9,617,64.4,28.8,False,4.1,False
TL016344,TR016344,DR0011,VH00087,2025-10-14,31.4,219.36,0.2,114,0,0,678,3.2,65.1,False,4.3,False
TL016345,TR016345,DR0046,VH00011,2026-06-07,75.6,3.36,24.5,137,4,4,98,19.5,79.2,False,4.3,False
TL016346,TR016346,DR0038,VH00038,2022-07-25,337.8,111.12,3.3,176,7,4,1525,40.2,0.0,False,5.0,False
TL016348,TR016348,DR0010,VH00094,2023-02-26,364.5,8.64,46.0,155,3,4,70,24.3,80.7,False,5.0,False
TL016349,TR016349,DR0031,VH00116,2023-09-22,74.0,115.44,0.7,160,1,1,675,7.3,61.6,False,3.9,False
TL016352,TR016352,DR0018,VH00059,2026-01-23,14.9,11.04,1.5,132,0,0,73,0.9,96.1,False,4.0,False
TL016353,TR016353,DR0044,VH00007,2022-09-14,39.7,22.8,1.9,86,0,0,168,6.4,89.7,False,5.0,False
TL016354,TR016354,DR0031,VH00026,2022-03-18,1484.8,158.16,10.2,122,36,36,1347,252.8,0.0,False,5.0,False
TL016357,TR016357,DR0022,VH00043,2023-12-22,1443.3,59.04,26.7,115,37,36,895,194.2,0.0,False,4.6,False
TL016358,TR016358,DR0059,VH00080,2024-12-20,72.0,14.4,5.5,130,1,1,90,15.5,88.3,False,4.1,False
TL016362,TR016362,DR0043,VH00024,2024-07-09,1487.2,5.52,293.9,104,18,18,21,67.4,33.7,False,3.6,False
TL016364,TR016364,DR0015,VH00017,2026-03-10,1222.8,5.04,264.7,103,28,17,47,107.3,6.5,False,4.4,True
TL016365,TR016365,DR0037,VH00111,2026-05-27,87.2,98.64,1.0,95,2,1,634,17.4,59.1,False,4.9,False
TL016369,TR016369,DR0011,VH00119,2023-08-10,370.8,59.04,6.9,108,3,4,419,32.8,60.7,False,4.4,False
TL016370,TR016370,DR0015,VH00051,2026-05-08,369.3,68.64,5.9,172,7,9,574,77.6,28.5,False,4.7,False
TL016371,TR016371,DR0005,VH00073,2022-06-18,363.5,10.32,38.4,93,2,3,45,30.4,82.6,False,4.1,False
TL016372,TR016372,DR0002,VH00005,2023-07-15,15.1,9.12,1.8,105,0,0,118,3.4,93.1,False,3.4,False
TL016373,TR016373,DR0018,VH00118,2026-06-17,1468.7,33.12,48.4,100,17,11,131,141.5,14.5,False,4.5,False
TL016375,TR016375,DR0005,VH00104,2025-04-18,1468.7,20.88,76.7,173,14,13,80,114.8,27.6,False,4.3,False
TL016385,TR016385,DR0033,VH00116,2024-07-10,14.5,25.92,0.6,178,0,0,387,2.8,79.8,False,5.0,False
TL016388,TR016388,DR0025,VH00116,2025-05-17,50.2,4.8,11.4,106,0,1,69,9.5,92.7,False,3.7,False
TL016389,TR016389,DR0059,VH00011,2023-06-16,257.2,22.32,12.6,111,4,3,329,22.0,68.0,False,4.2,False
TL016391,TR016391,DR0037,VH00023,2024-07-01,398.2,723.84,0.6,85,8,7,9040,38.4,0.0,False,5.0,False
TL016396,TR016396,DR0039,VH00022,2025-08-03,28.4,162.72,0.2,173,0,0,2607,6.2,0.0,False,3.7,False
TL016399,TR016399,DR0040,VH00052,2024-06-17,49.4,179.52,0.3,89,0,0,2798,5.5,0.0,False,3.4,False
TL016402,TR016402,DR0026,VH00116,2025-10-11,16.4,221.52,0.1,120,0,0,3238,3.2,0.0,False,4.3,False
TL016403,TR016403,DR0051,VH00011,2024-08-11,15.6,222.72,0.1,95,0,0,3275,1.3,0.0,False,3.9,False
TL016404,TR016404,DR0022,VH00087,2024-03-25,543.0,7.2,82.3,105,11,9,72,40.8,58.7,False,4.4,False
TL016405,TR016405,DR0051,VH00032,2026-02-02,71.4,34.8,2.2,145,1,1,274,5.5,82.1,False,4.0,False
TL016407,TR016407,DR0037,VH00008,2023-11-10,404.3,18.24,24.2,171,5,7,114,85.2,54.2,False,4.9,False
TL016408,TR016408,DR0027,VH00054,2024-08-08,54.0,24.0,2.5,90,0,0,81,3.6,94.9,False,4.7,False
TL016410,TR016410,DR0053,VH00015,2024-02-21,14.5,55.92,0.3,149,0,0,403,0.6,79.7,False,3.8,False
TL016412,TR016412,DR0044,VH00115,2022-02-18,55.5,232.56,0.3,128,0,1,2280,9.7,0.0,False,4.7,False
TL016415,TR016415,DR0003,VH00102,2026-01-26,498.6,65.28,8.3,107,28,34,991,263.4,0.0,False,4.9,False
TL016416,TR016416,DR0003,VH00054,2022-07-07,1188.4,27.12,47.8,155,104,76,806,590.5,0.0,False,3.4,False
TL016418,TR016418,DR0022,VH00015,2026-01-18,1247.0,54.0,25.2,178,27,19,437,102.4,0.0,False,4.1,False
TL016420,TR016420,DR0035,VH00036,2025-12-04,337.8,7.68,48.0,143,11,8,148,72.3,46.4,False,4.6,False
TL016421,TR016421,DR0028,VH00068,2024-03-02,37.5,38.88,1.1,157,0,0,263,2.9,86.0,False,4.9,False
TL016422,TR016422,DR0010,VH00104,2024-08-20,33.5,19.44,1.9,89,0,0,171,3.2,90.5,False,4.1,False
TL016423,TR016423,DR0016,VH00059,2026-01-20,14.2,19.68,0.8,110,0,0,133,0.8,93.1,False,3.8,True
TL016425,TR016425,DR0024,VH00110,2024-06-21,1349.2,4.56,322.8,133,15,9,38,129.0,27.9,False,4.7,False
TL016426,TR016426,DR0049,VH00019,2022-09-26,26.1,7.68,3.7,153,0,0,39,1.9,97.5,False,4.2,False
TL016427,TR016427,DR0028,VH00102,2022-08-24,30.2,131.04,0.3,112,0,0,573,2.0,70.8,False,4.5,False
TL016429,TR016429,DR0054,VH00004,2022-08-01,58.9,5.76,11.2,147,0,0,41,4.9,96.5,False,3.8,False
TL016430,TR016430,DR0058,VH00057,2026-05-11,245.1,44.64,6.0,89,5,4,323,45.4,58.7,False,3.4,False
TL016431,TR016431,DR0028,VH00043,2022-09-06,23.9,16.08,1.6,144,0,0,53,2.4,96.6,False,3.3,False
TL016433,TR016433,DR0027,VH00021,2023-05-14,768.9,38.64,21.7,80,9,7,176,58.1,53.3,False,4.3,False
TL016434,TR016434,DR0002,VH00061,2025-12-23,74.8,119.28,0.7,127,2,2,2518,10.7,0.0,False,3.4,False
TL016435,TR016435,DR0015,VH00013,2025-12-06,543.0,10.08,58.8,164,8,13,62,94.3,43.6,False,4.6,False
TL016436,TR016436,DR0007,VH00114,2025-08-14,341.9,136.32,2.7,105,17,20,1695,154.4,0.0,False,3.7,False
TL016438,TR016438,DR0028,VH00111,2022-01-01,381.6,6.96,59.8,137,3,2,53,31.3,81.5,False,5.0,False
TL016443,TR016443,DR0016,VH00023,2024-09-10,376.4,10.08,40.7,81,3,4,80,18.4,82.0,False,5.0,False
TL016444,TR016444,DR0059,VH00095,2025-02-25,77.2,8.88,9.5,113,1,1,60,9.2,91.7,False,4.4,False
TL016448,TR016448,DR0013,VH00061,2024-04-11,14.8,43.92,0.4,131,0,0,161,1.3,91.6,False,3.4,False
TL016450,TR016450,DR0003,VH00089,2022-01-02,768.9,25.2,33.3,97,57,36,495,434.5,0.0,False,3.7,False
TL016452,TR016452,DR0026,VH00087,2026-01-22,1231.7,62.16,21.6,135,35,36,644,360.4,0.0,False,3.3,False
TL016453,TR016453,DR0048,VH00068,2023-08-04,389.0,4.8,88.4,175,1,1,11,8.6,94.4,False,3.2,False
TL016454,TR016454,DR0010,VH00091,2026-03-18,70.7,33.6,2.3,156,0,0,277,4.6,84.8,False,4.0,False
TL016455,TR016455,DR0038,VH00088,2022-06-25,389.7,71.52,5.9,161,6,8,581,83.1,29.0,False,4.2,True
TL016459,TR016459,DR0055,VH00023,2025-04-28,135.9,21.12,7.0,126,1,3,149,16.5,83.1,False,3.2,False
TL016464,TR016464,DR0024,VH00016,2022-06-09,51.7,17.76,3.2,172,0,0,155,1.9,91.7,False,4.6,False
TL016465,TR016465,DR0043,VH00092,2023-05-26,398.8,9.12,47.7,170,3,4,49,16.1,84.2,False,4.1,False
TL016468,TR016468,DR0056,VH00007,2025-12-26,14.9,6.96,2.3,141,0,0,33,1.4,97.9,False,3.9,False
TL016469,TR016469,DR0008,VH00019,2025-09-18,373.7,10.8,37.7,154,8,9,103,33.4,63.8,False,4.9,False
TL016472,TR016472,DR0053,VH00095,2025-08-26,15.4,9.36,1.8,128,0,0,54,1.0,97.0,False,4.8,False
TL016474,TR016474,DR0052,VH00041,2023-01-12,1458.2,16.8,94.7,123,5,4,57,42.3,73.0,False,4.7,False
TL016475,TR016475,DR0032,VH00038,2023-01-18,337.8,123.12,3.0,164,4,3,468,31.8,58.1,False,3.9,False
TL016476,TR016476,DR0052,VH00053,2025-08-15,364.6,37.92,10.5,146,1,1,74,8.4,91.3,False,5.0,False
TL016479,TR016479,DR0005,VH00118,2022-05-26,72.1,48.96,1.6,87,0,0,178,4.4,89.8,False,3.1,False
TL016483,TR016483,DR0060,VH00118,2022-04-07,34.0,133.44,0.3,160,0,0,575,3.4,70.2,False,4.7,False
TL016484,TR016484,DR0003,VH00080,2026-06-26,35.2,162.0,0.2,139,1,1,1734,19.5,4.9,False,3.6,False
TL016489,TR016489,DR0058,VH00092,2025-09-15,122.4,47.76,2.8,180,2,1,412,27.5,67.2,False,4.1,False
TL016490,TR016490,DR0021,VH00092,2022-01-24,404.3,11.04,40.0,95,9,9,154,64.3,50.5,False,4.2,False
TL016494,TR016494,DR0057,VH00089,2026-01-19,71.0,739.44,0.1,174,0,0,3056,1.5,0.0,False,5.0,False
TL016498,TR016498,DR0002,VH00106,2023-06-05,61.6,150.48,0.4,136,1,2,1742,20.3,3.3,False,4.5,False
TL016502,TR016502,DR0019,VH00088,2026-04-22,498.6,16.08,33.8,156,20,17,166,180.6,0.0,False,4.1,False
TL016503,TR016503,DR0029,VH00016,2022-08-28,888.3,37.2,26.0,121,19,16,510,110.2,0.0,False,3.5,False
TL016504,TR016504,DR0010,VH00034,2023-09-14,397.5,3.6,120.5,137,3,4,13,16.2,86.0,False,3.8,False
TL016506,TR016506,DR0009,VH00071,2023-12-25,67.0,8.16,9.0,107,0,0,31,1.4,98.0,False,3.2,False
TL016507,TR016507,DR0015,VH00116,2022-07-10,13.7,691.92,0.0,140,0,0,4471,2.7,0.0,False,4.1,False
TL016509,TR016509,DR0029,VH00032,2023-03-07,397.4,152.4,2.8,124,8,7,1296,36.9,5.1,False,3.9,False
TL016511,TR016511,DR0013,VH00078,2025-04-14,122.8,7.68,17.4,162,1,1,54,11.8,91.3,False,4.5,False
TL016514,TR016514,DR0036,VH00095,2023-12-02,1534.7,163.2,10.3,98,39,39,1701,223.2,0.0,False,4.3,False
TL016521,TR016521,DR0016,VH00111,2026-02-17,368.1,6.96,57.7,150,4,3,30,37.8,78.2,False,4.5,False
TL016522,TR016522,DR0037,VH00023,2022-11-24,68.1,6.72,11.1,146,1,1,84,6.7,91.3,False,5.0,False
TL016523,TR016523,DR0021,VH00052,2022-09-01,47.6,3.12,16.6,154,0,1,46,10.4,93.6,False,3.6,False
TL016530,TR016530,DR0026,VH00091,2025-07-03,900.7,70.32,14.0,134,29,22,652,136.9,0.0,False,4.3,False
TL016532,TR016532,DR0038,VH00102,2024-07-02,15.6,34.32,0.5,131,0,0,293,1.8,84.8,False,3.9,False
TL016533,TR016533,DR0027,VH00115,2023-12-05,404.3,43.2,10.2,154,4,4,344,17.8,67.5,False,4.7,False
TL016534,TR016534,DR0060,VH00036,2025-10-08,391.5,7.92,53.9,91,3,3,65,25.1,81.7,False,4.5,False
TL016536,TR016536,DR0048,VH00117,2023-07-14,43.2,21.84,2.2,97,0,0,91,1.1,95.1,False,4.3,False
TL016539,TR016539,DR0034,VH00059,2024-08-27,366.7,3.6,111.1,134,8,8,29,66.6,58.6,False,3.9,False
TL016540,TR016540,DR0044,VH00119,2023-07-04,70.1,58.32,1.3,83,1,1,767,15.5,54.5,False,3.9,False
TL016546,TR016546,DR0042,VH00112,2023-12-08,364.0,4.08,97.3,91,3,4,18,19.3,84.8,False,4.6,False
TL016547,TR016547,DR0056,VH00043,2024-09-10,388.7,122.88,3.5,151,2,3,569,20.7,59.3,False,5.0,False
TL016548,TR016548,DR0029,VH00041,2025-09-28,14.3,5.28,3.0,156,0,0,75,2.7,95.4,False,4.4,False
TL016551,TR016551,DR0023,VH00004,2022-03-03,1472.5,6.72,239.0,114,17,17,49,132.4,15.3,False,4.2,False
TL016552,TR016552,DR0026,VH00114,2022-09-11,68.4,164.88,0.5,100,3,2,4015,9.3,0.0,False,4.3,False
TL016554,TR016554,DR0055,VH00047,2023-02-06,1397.9,41.28,36.9,102,24,32,655,127.9,0.0,False,4.9,False
TL016555,TR016555,DR0028,VH00044,2023-06-19,41.3,91.44,0.5,144,0,0,635,2.2,67.6,False,3.9,False
TL016557,TR016557,DR0024,VH00046,2025-01-13,888.3,65.76,14.7,110,6,8,220,40.9,59.7,False,3.4,False
TL016558,TR016558,DR0043,VH00044,2023-10-18,69.1,7.2,10.5,120,0,0,24,6.9,96.7,False,3.8,False
TL016560,TR016560,DR0022,VH00020,2022-06-28,22.2,8.4,2.9,83,0,0,49,5.0,96.0,False,5.0,False
TL016561,TR016561,DR0016,VH00081,2025-10-07,386.7,32.64,12.9,156,2,3,241,19.4,76.1,False,5.0,False
TL016563,TR016563,DR0059,VH00016,2025-11-24,40.0,130.08,0.3,180,1,0,1436,6.2,24.8,False,4.3,False
TL016565,TR016565,DR0012,VH00080,2022-08-18,55.3,11.76,5.1,162,2,2,211,9.1,81.7,False,3.4,False
TL016567,TR016567,DR0024,VH00007,2025-08-06,337.8,2.64,139.6,96,3,4,11,25.5,83.3,False,4.3,False
TL016576,TR016576,DR0043,VH00019,2025-05-10,768.9,49.68,16.9,156,6,6,368,76.9,43.5,False,4.6,False
TL016583,TR016583,DR0049,VH00047,2026-05-14,1432.0,114.0,13.7,166,16,11,841,91.3,0.0,False,3.7,False
TL016585,TR016585,DR0021,VH00015,2025-04-23,16.2,182.88,0.1,149,0,0,1026,1.6,48.2,False,5.0,False
TL016588,TR016588,DR0013,VH00102,2026-05-04,61.1,119.28,0.6,81,0,0,865,5.5,55.1,False,3.3,False
TL016590,TR016590,DR0041,VH00005,2024-04-22,55.0,43.68,1.4,132,0,0,193,2.4,89.6,False,4.4,False
TL016594,TR016594,DR0038,VH00114,2022-07-28,63.9,151.2,0.5,96,0,1,1531,7.6,20.2,False,4.7,False
TL016599,TR016599,DR0057,VH00022,2026-03-13,394.1,5.52,77.9,164,1,1,10,12.8,93.2,False,3.5,False
TL016602,TR016602,DR0032,VH00044,2026-01-25,34.5,22.8,1.7,103,0,0,184,1.3,90.4,False,5.0,False
TL016603,TR016603,DR0025,VH00040,2023-02-15,1397.9,40.56,37.6,96,21,34,517,147.0,0.0,False,4.1,False
TL016608,TR016608,DR0005,VH00091,2022-07-19,1388.8,11.04,137.2,164,11,10,39,77.1,48.4,False,4.3,False
TL016610,TR016610,DR0002,VH00011,2025-07-15,18.7,15.6,1.3,110,0,0,265,4.7,85.3,False,3.8,False
TL016611,TR016611,DR0023,VH00068,2025-12-08,22.9,21.36,1.2,156,0,0,149,1.6,92.1,False,3.5,False
TL016613,TR016613,DR0056,VH00095,2024-08-24,960.3,35.76,29.3,146,7,6,127,46.9,63.1,False,5.0,False
TL016616,TR016616,DR0035,VH00022,2024-02-15,1468.7,24.72,64.8,154,57,42,226,226.2,0.0,False,3.9,False
TL016620,TR016620,DR0043,VH00017,2025-01-10,67.9,26.16,2.8,87,0,0,81,7.1,93.8,False,3.1,False
TL016621,TR016621,DR0021,VH00046,2024-05-09,61.7,734.88,0.1,172,1,1,4468,5.9,0.0,False,4.4,False
TL016624,TR016624,DR0005,VH00024,2026-05-09,21.1,8.16,2.8,153,0,0,51,0.7,97.2,False,3.9,False
TL016625,TR016625,DR0027,VH00004,2024-06-25,404.3,11.04,40.0,172,2,4,97,35.8,77.4,False,4.0,False
TL016626,TR016626,DR0002,VH00053,2025-07-09,177.0,20.4,9.5,90,8,7,233,56.7,52.3,False,3.4,False
TL016629,TR016629,DR0042,VH00047,2024-07-16,73.3,64.32,1.2,135,0,0,309,4.0,83.3,False,3.9,False
TL016630,TR016630,DR0023,VH00038,2026-05-23,328.3,40.08,8.9,126,4,2,188,24.2,75.3,False,3.7,False
TL016631,TR016631,DR0036,VH00021,2023-03-17,344.7,8.88,42.3,147,6,7,74,61.2,61.9,False,4.4,False
TL016633,TR016633,DR0049,VH00102,2023-05-25,71.6,15.12,5.2,136,0,0,130,4.8,92.1,False,4.3,False
TL016634,TR016634,DR0017,VH00040,2022-03-11,1182.4,28.08,45.9,140,26,18,233,259.2,0.0,False,4.6,False
TL016635,TR016635,DR0031,VH00087,2026-06-18,78.2,202.08,0.4,120,1,1,3144,9.0,0.0,False,4.2,False
TL016636,TR016636,DR0032,VH00057,2026-03-13,125.8,37.44,3.7,114,1,1,321,9.4,78.6,False,3.6,False
TL016640,TR016640,DR0055,VH00106,2023-08-17,39.7,5.76,7.5,155,0,0,81,3.8,94.8,False,5.0,False
TL016645,TR016645,DR0049,VH00043,2026-02-01,65.8,7.44,9.6,175,0,0,42,6.1,96.1,False,4.6,False
TL016647,TR016647,DR0032,VH00052,2025-01-28,1440.2,60.24,26.1,98,12,11,461,115.0,13.5,False,4.6,False
TL016650,TR016650,DR0046,VH00114,2023-12-15,1172.0,66.0,19.4,133,90,77,1406,625.9,0.0,False,3.6,True
TL016652,TR016652,DR0028,VH00056,2025-06-27,1242.5,6.24,217.2,94,11,11,44,128.0,31.9,False,4.5,False
TL016654,TR016654,DR0022,VH00010,2024-11-13,1357.4,5.28,280.5,135,34,22,38,206.2,0.0,False,4.7,False
TL016656,TR016656,DR0054,VH00053,2025-04-21,54.2,95.28,0.6,153,0,0,609,3.2,68.6,False,3.0,False
TL016661,TR016661,DR0005,VH00068,2024-12-26,1379.4,36.72,41.0,108,12,17,186,57.8,38.4,False,4.6,False
TL016662,TR016662,DR0055,VH00015,2022-12-11,15.8,90.72,0.2,155,0,0,924,1.2,53.4,False,3.6,False
TL016664,TR016664,DR0028,VH00007,2024-09-26,51.6,108.24,0.5,118,0,0,404,3.4,78.8,False,3.7,False
TL016665,TR016665,DR0015,VH00089,2023-06-18,13.7,100.32,0.1,109,0,0,1045,1.9,47.2,False,4.6,False
TL016666,TR016666,DR0022,VH00111,2026-03-21,334.0,28.56,12.8,110,5,6,252,41.2,61.5,False,4.7,False
TL016672,TR016672,DR0035,VH00115,2026-05-02,388.4,6.72,63.1,117,11,12,84,86.1,41.5,False,3.6,False
TL016673,TR016673,DR0010,VH00031,2025-07-22,323.1,8.88,39.7,146,3,2,43,32.3,81.7,False,3.8,False
TL016674,TR016674,DR0051,VH00107,2025-06-24,498.6,35.28,15.4,121,10,7,274,68.1,43.9,False,3.8,False
TL016675,TR016675,DR0040,VH00028,2022-05-27,53.9,68.64,0.9,162,1,1,819,9.8,53.6,False,4.4,False
TL016679,TR016679,DR0022,VH00114,2024-12-28,37.5,134.64,0.3,152,0,0,1871,5.1,4.9,False,3.9,False
TL016680,TR016680,DR0025,VH00043,2025-04-09,1384.9,3.84,393.4,135,28,31,37,169.0,0.0,False,4.4,False
TL016682,TR016682,DR0053,VH00037,2025-07-07,363.6,10.56,37.6,158,3,4,58,36.3,77.7,False,3.8,False
TL016687,TR016687,DR0011,VH00107,2024-10-26,337.8,49.92,7.4,90,2,2,330,22.1,71.9,False,4.1,False
TL016688,TR016688,DR0012,VH00053,2023-09-10,543.0,38.16,15.5,143,26,15,406,75.6,3.0,False,5.0,False
TL016692,TR016692,DR0044,VH00089,2024-11-01,53.0,123.6,0.5,110,1,0,1113,8.8,40.2,False,3.5,False
TL016697,TR016697,DR0017,VH00065,2026-06-08,17.6,15.36,1.2,108,0,0,121,3.3,93.0,False,4.5,False
TL016698,TR016698,DR0041,VH00047,2024-05-02,1231.7,39.6,33.9,95,10,13,300,105.6,25.3,False,4.0,False
TL016701,TR016701,DR0046,VH00039,2024-01-07,1468.7,25.2,63.6,123,89,91,664,429.7,0.0,False,3.6,False
TL016705,TR016705,DR0009,VH00015,2026-01-18,397.2,132.72,3.3,138,1,1,502,12.1,68.8,False,4.0,False
TL016706,TR016706,DR0048,VH00008,2025-11-05,1440.2,33.36,47.1,128,6,7,134,56.7,60.3,False,2.7,False
TL016708,TR016708,DR0008,VH00107,2022-10-01,61.0,18.24,3.6,93,1,1,217,8.3,84.2,False,4.0,False
TL016710,TR016710,DR0043,VH00092,2023-08-25,190.7,15.84,13.1,101,1,1,90,20.0,87.0,False,3.4,False
TL016711,TR016711,DR0053,VH00091,2023-05-23,27.5,12.96,2.3,122,0,0,113,1.6,93.9,False,4.4,False
TL016712,TR016712,DR0059,VH00047,2022-01-15,43.3,10.56,4.5,174,0,1,76,4.7,93.8,False,4.2,False
TL016713,TR016713,DR0056,VH00065,2024-11-08,1397.9,25.68,59.4,82,9,15,112,113.7,31.8,False,4.7,False
TL016715,TR016715,DR0036,VH00031,2022-04-01,34.0,5.76,6.4,153,0,0,35,4.0,97.0,False,3.1,False
TL016718,TR016718,DR0004,VH00069,2025-10-11,30.4,112.08,0.3,175,0,0,1044,4.8,46.4,False,4.5,False
TL016721,TR016721,DR0055,VH00031,2024-04-23,32.1,61.44,0.6,92,0,0,966,7.1,49.6,False,3.7,False
TL016722,TR016722,DR0052,VH00053,2022-02-28,361.2,31.92,12.3,137,1,1,127,8.6,88.6,False,4.8,False
TL016723,TR016723,DR0052,VH00048,2022-03-28,1552.2,40.08,42.2,175,6,8,131,69.4,55.6,False,4.6,False
TL016724,TR016724,DR0053,VH00080,2023-10-24,381.9,11.28,36.9,123,3,3,84,17.2,83.1,False,4.1,False
TL016726,TR016726,DR0049,VH00065,2026-05-03,59.5,56.64,1.1,155,0,0,311,5.6,82.8,False,4.8,False
TL016731,TR016731,DR0043,VH00059,2026-05-21,17.1,734.16,0.0,86,0,0,4198,0.9,0.0,False,3.3,False
TL016733,TR016733,DR0037,VH00092,2024-11-16,77.7,31.68,2.7,120,1,1,328,16.2,76.2,False,4.9,False
TL016737,TR016737,DR0038,VH00018,2022-11-19,54.0,74.4,0.8,94,1,1,851,7.8,52.6,False,2.9,False
TL016738,TR016738,DR0024,VH00025,2025-10-23,900.7,53.28,18.4,99,8,8,438,70.8,36.9,False,4.5,False
TL016739,TR016739,DR0025,VH00081,2022-06-25,165.9,4.8,37.7,86,3,2,36,35.7,81.0,False,4.2,False
TL016741,TR016741,DR0020,VH00017,2026-02-20,177.5,10.32,18.8,164,3,4,55,34.0,78.5,False,5.0,False
TL016746,TR016746,DR0051,VH00026,2025-07-25,28.1,14.64,2.1,137,0,0,234,3.3,87.3,False,4.5,False
TL016750,TR016750,DR0018,VH00112,2024-11-22,65.7,152.64,0.5,122,0,0,777,4.9,59.7,False,3.4,True
TL016751,TR016751,DR0005,VH00036,2025-04-19,71.5,168.0,0.5,133,0,0,954,6.5,50.3,False,4.6,False
TL016752,TR016752,DR0025,VH00062,2022-12-13,960.3,30.0,34.9,82,13,21,396,159.3,0.0,False,4.4,False
TL016753,TR016753,DR0007,VH00104,2023-12-17,900.7,26.64,36.9,124,52,62,382,262.0,0.0,False,4.5,False
TL016756,TR016756,DR0037,VH00065,2023-02-24,45.5,21.36,2.3,105,0,0,183,6.5,88.9,False,3.4,False
TL016757,TR016757,DR0048,VH00019,2023-02-18,498.6,6.96,78.2,101,1,1,20,13.4,92.5,False,4.1,False
TL016759,TR016759,DR0029,VH00052,2025-12-05,384.3,4.32,97.0,81,7,8,43,51.0,64.0,False,4.9,False
TL016761,TR016761,DR0054,VH00039,2022-05-07,67.2,40.56,1.8,122,0,0,229,3.6,87.5,False,2.9,False
TL016763,TR016763,DR0048,VH00007,2024-03-19,69.5,28.56,2.7,145,0,0,61,1.6,96.5,False,4.8,False
TL016768,TR016768,DR0013,VH00114,2024-04-17,47.5,23.04,2.2,91,0,0,195,2.4,89.5,False,4.8,False
TL016777,TR016777,DR0013,VH00071,2023-04-11,59.2,76.8,0.8,168,0,0,233,3.1,87.4,False,4.1,False
TL016779,TR016779,DR0037,VH00068,2026-05-08,21.2,7.44,3.1,119,0,0,96,4.1,94.0,False,3.9,False
TL016783,TR016783,DR0044,VH00024,2025-06-08,395.3,6.48,66.5,145,5,6,78,49.8,67.7,False,4.1,False
TL016784,TR016784,DR0060,VH00091,2023-07-06,173.7,2.4,79.0,107,1,2,8,7.0,94.0,False,4.8,False
TL016785,TR016785,DR0013,VH00031,2023-05-21,32.0,3.6,9.7,99,0,0,16,2.6,98.4,False,3.6,False
TL016789,TR016789,DR0005,VH00078,2025-02-19,15.1,2.88,5.7,103,0,0,13,1.0,99.0,False,3.4,False
TL016791,TR016791,DR0017,VH00018,2025-03-15,70.3,26.88,2.9,172,1,1,173,5.8,87.1,False,5.0,False
TL016792,TR016792,DR0052,VH00118,2023-09-16,43.0,16.08,2.9,122,0,0,31,1.5,98.0,False,4.5,False
TL016793,TR016793,DR0007,VH00092,2025-09-13,172.5,7.92,23.8,111,10,7,114,52.4,56.6,False,4.3,False
TL016797,TR016797,DR0019,VH00084,2026-03-03,176.2,54.72,3.5,103,7,7,1050,26.8,22.0,False,3.4,False
TL016799,TR016799,DR0021,VH00081,2023-11-08,1552.0,49.44,34.2,130,39,29,335,213.1,0.0,False,2.9,False
TL016802,TR016802,DR0009,VH00056,2022-07-16,386.1,3.12,135.0,144,1,1,10,14.9,92.5,False,4.3,False
TL016803,TR016803,DR0021,VH00063,2023-08-09,224.2,63.36,3.9,92,3,4,557,44.5,50.3,False,2.2,False
TL016805,TR016805,DR0056,VH00056,2025-09-05,14.6,59.76,0.3,112,0,0,193,1.3,90.0,False,2.9,False
TL016808,TR016808,DR0057,VH00004,2022-04-17,17.5,12.96,1.5,139,0,0,54,0.6,97.1,False,4.0,True
TL016810,TR016810,DR0023,VH00015,2024-01-28,15.3,83.76,0.2,97,0,0,615,1.1,68.9,False,3.8,False
TL016811,TR016811,DR0031,VH00084,2022-08-25,1231.7,68.88,19.5,123,30,20,769,244.5,0.0,False,4.8,False
TL016812,TR016812,DR0031,VH00069,2024-11-23,66.7,725.04,0.1,115,1,1,8858,13.4,0.0,False,3.0,False
TL016814,TR016814,DR0026,VH00032,2026-01-20,66.8,28.32,2.6,94,2,2,687,22.4,53.9,False,3.8,False
TL016815,TR016815,DR0016,VH00104,2023-10-23,17.1,13.44,1.4,109,0,0,109,0.8,94.3,False,4.8,False
TL016816,TR016816,DR0020,VH00010,2026-01-07,1252.3,55.44,24.6,145,31,24,603,271.4,0.0,False,4.1,False
TL016819,TR016819,DR0022,VH00010,2022-12-20,29.7,11.76,2.8,112,0,0,173,3.1,90.4,False,4.8,False
TL016822,TR016822,DR0060,VH00017,2022-10-15,164.1,5.76,31.1,146,1,1,43,16.2,90.5,False,4.7,False
TL016825,TR016825,DR0055,VH00106,2023-12-22,61.4,48.0,1.4,161,1,1,747,8.3,57.7,False,4.3,False
TL016826,TR016826,DR0025,VH00031,2024-02-17,56.3,19.44,3.2,128,1,1,232,6.4,84.0,False,4.5,False
TL016827,TR016827,DR0022,VH00011,2026-05-26,71.4,804.72,0.1,177,1,1,12421,13.6,0.0,False,4.2,False
TL016828,TR016828,DR0010,VH00089,2022-10-03,52.5,68.64,0.8,124,0,0,366,3.0,80.8,False,4.1,False
TL016829,TR016829,DR0039,VH00107,2022-08-18,53.2,100.32,0.6,171,1,1,614,11.1,63.5,False,4.7,False
TL016831,TR016831,DR0058,VH00099,2024-11-13,1243.9,7.68,176.7,160,22,17,113,146.3,0.5,False,4.0,True
TL016837,TR016837,DR0011,VH00037,2026-02-24,36.8,233.28,0.2,166,0,0,1469,3.2,25.6,False,4.6,False
TL016838,TR016838,DR0016,VH00091,2022-05-23,1472.8,10.32,155.7,135,18,13,49,83.3,32.6,False,3.9,False
TL016841,TR016841,DR0048,VH00051,2022-05-02,361.6,10.56,37.4,165,1,1,39,13.7,91.4,False,4.8,False
TL016843,TR016843,DR0024,VH00078,2026-06-04,14.4,4.56,3.4,95,0,0,40,1.4,97.6,False,5.0,False
TL016848,TR016848,DR0029,VH00064,2026-03-13,55.7,17.04,3.6,170,1,1,175,10.0,85.8,False,5.0,False
TL016849,TR016849,DR0019,VH00058,2024-04-27,498.6,50.64,10.7,95,23,21,746,172.2,0.0,False,4.4,False
TL016850,TR016850,DR0007,VH00073,2025-01-18,36.5,100.32,0.4,99,2,2,2159,11.7,0.0,False,5.0,False
TL016852,TR016852,DR0048,VH00037,2022-05-22,59.8,66.24,1.0,84,0,0,200,1.5,89.5,False,4.1,False
TL016857,TR016857,DR0048,VH00111,2025-08-14,62.1,163.92,0.4,109,0,0,604,1.5,69.3,False,3.7,False
TL016863,TR016863,DR0026,VH00114,2024-02-18,19.9,8.64,2.5,177,0,0,211,4.6,88.1,False,4.6,False
TL016864,TR016864,DR0028,VH00068,2023-09-24,44.6,17.04,2.9,125,0,0,70,2.4,95.8,False,3.7,False
TL016867,TR016867,DR0043,VH00102,2024-09-18,34.0,7.92,4.7,111,0,0,41,2.6,97.2,False,4.4,False
TL016868,TR016868,DR0017,VH00034,2024-09-07,1398.8,131.52,11.6,172,23,27,1130,109.2,0.0,False,4.6,False
TL016870,TR016870,DR0039,VH00044,2025-03-03,118.5,11.04,11.7,164,1,2,81,20.8,86.2,False,4.4,False
TL016871,TR016871,DR0053,VH00063,2025-10-12,43.3,11.52,4.1,144,0,0,39,3.7,96.9,False,3.9,False
TL016872,TR016872,DR0044,VH00117,2023-01-11,74.4,71.04,1.1,98,1,1,877,6.4,51.7,False,3.8,False
TL016875,TR016875,DR0027,VH00058,2022-02-05,32.6,10.56,3.4,129,0,0,47,2.8,96.8,False,3.5,False
TL016876,TR016876,DR0018,VH00095,2022-10-11,543.0,139.2,4.3,164,5,4,866,27.9,36.8,False,4.3,False
TL016877,TR016877,DR0013,VH00042,2022-06-10,59.6,735.6,0.1,169,0,0,5487,3.4,0.0,False,5.0,False
TL016881,TR016881,DR0021,VH00089,2022-09-27,28.8,67.2,0.5,141,0,0,524,4.6,72.4,False,4.1,False
TL016883,TR016883,DR0003,VH00112,2025-10-27,51.1,26.16,2.1,155,2,3,567,10.4,62.5,False,5.0,False
TL016888,TR016888,DR0038,VH00018,2025-04-28,1468.7,46.08,34.8,94,22,20,279,140.7,0.0,False,4.5,False
TL016890,TR016890,DR0049,VH00026,2023-05-13,417.4,102.0,4.5,107,4,3,369,26.0,64.8,False,4.4,False
TL016894,TR016894,DR0013,VH00011,2026-02-21,59.1,12.48,5.2,123,0,0,76,5.5,94.5,False,4.2,False
TL016895,TR016895,DR0028,VH00039,2024-06-16,45.4,34.8,1.4,175,0,0,157,3.5,91.1,False,4.1,False
TL016897,TR016897,DR0017,VH00008,2024-05-13,404.3,14.88,29.6,157,6,7,174,84.4,50.0,False,5.0,True
TL016898,TR016898,DR0016,VH00074,2023-08-20,30.6,12.48,2.7,159,0,0,38,3.1,97.2,False,3.1,False
TL016912,TR016912,DR0019,VH00071,2025-12-07,1422.1,54.96,28.2,135,45,41,1357,414.1,0.0,False,3.2,False
TL016914,TR016914,DR0056,VH00016,2026-02-18,43.5,823.44,0.1,151,0,0,3197,2.2,0.0,False,4.0,False
TL016915,TR016915,DR0055,VH00022,2024-10-11,386.7,9.12,46.3,102,9,9,86,42.7,60.4,False,3.9,False
TL016919,TR016919,DR0020,VH00013,2023-12-18,131.1,46.56,3.1,104,3,2,428,23.6,65.0,False,4.3,False
TL016922,TR016922,DR0019,VH00052,2025-09-17,1440.2,45.12,34.8,155,45,60,1104,379.8,0.0,False,4.6,True
TL016924,TR016924,DR0023,VH00119,2022-09-13,21.6,24.0,1.0,81,0,0,181,2.2,90.3,False,2.9,False
TL016926,TR016926,DR0059,VH00084,2026-04-16,68.9,112.56,0.7,105,1,1,1571,6.4,17.0,False,4.4,False
TL016928,TR016928,DR0031,VH00042,2022-04-21,48.9,10.56,5.1,176,0,0,139,8.3,90.6,False,4.4,False
TL016931,TR016931,DR0027,VH00018,2023-04-08,1397.9,55.44,27.5,99,13,11,424,78.5,24.7,False,4.4,False
TL016932,TR016932,DR0052,VH00031,2024-11-17,12.2,99.6,0.1,124,0,0,334,0.4,83.2,False,2.4,False
TL016937,TR016937,DR0004,VH00110,2022-06-09,391.4,55.44,7.7,94,8,9,647,48.9,32.0,False,3.8,False
TL016938,TR016938,DR0013,VH00046,2022-03-01,61.2,16.08,4.2,87,0,0,142,5.3,91.3,False,4.2,False
TL016939,TR016939,DR0057,VH00011,2025-03-24,30.8,38.64,0.9,97,0,0,167,0.7,91.4,False,4.7,False
TL016942,TR016942,DR0011,VH00041,2023-11-22,936.4,25.2,40.5,158,6,10,102,67.0,55.8,False,4.5,False
TL016945,TR016945,DR0055,VH00026,2022-11-27,52.1,12.72,4.5,145,1,1,166,11.6,85.7,False,4.6,False
TL016946,TR016946,DR0008,VH00039,2023-11-15,47.2,104.88,0.5,177,0,1,1343,3.7,30.7,False,4.9,False
TL016947,TR016947,DR0003,VH00064,2025-03-04,1231.7,71.28,18.9,88,106,62,1350,462.7,0.0,False,4.4,False
TL016948,TR016948,DR0039,VH00092,2022-12-09,48.3,17.52,3.0,178,0,0,230,8.2,86.0,False,5.0,False
TL016953,TR016953,DR0007,VH00039,2026-04-12,54.2,25.68,2.3,177,2,3,487,13.6,65.6,False,4.5,False
TL016959,TR016959,DR0053,VH00008,2022-04-08,64.3,16.8,4.2,108,0,0,60,2.7,96.2,False,4.2,False
TL016960,TR016960,DR0035,VH00088,2026-05-01,1440.2,49.92,31.5,130,59,57,1000,516.3,0.0,False,4.2,False
TL016961,TR016961,DR0046,VH00092,2026-01-22,63.7,34.8,2.0,84,4,3,1022,21.5,33.4,False,4.1,False
TL016962,TR016962,DR0048,VH00099,2024-06-03,176.3,5.04,38.2,167,0,0,22,7.5,96.7,False,3.3,False
TL016963,TR016963,DR0008,VH00117,2024-11-09,35.5,200.16,0.2,101,0,0,1836,2.7,7.4,False,3.3,False
TL016965,TR016965,DR0008,VH00081,2022-12-02,16.8,151.2,0.1,178,0,0,1319,1.5,33.6,False,4.7,False
TL016972,TR016972,DR0034,VH00064,2026-06-09,53.7,21.6,2.7,92,1,0,230,11.6,83.5,False,4.6,False
TL016976,TR016976,DR0036,VH00058,2026-04-02,1440.2,47.76,32.9,114,26,30,556,140.1,0.0,False,4.7,False
TL016977,TR016977,DR0002,VH00010,2023-03-04,15.3,6.0,2.8,109,0,0,103,4.3,93.6,False,4.6,False
TL016985,TR016985,DR0015,VH00043,2025-01-20,114.8,4.8,26.1,175,1,2,50,10.4,90.9,False,3.6,False
TL016988,TR016988,DR0023,VH00039,2026-06-10,1534.7,31.2,53.7,113,17,16,251,113.3,12.0,False,4.5,True
TL016989,TR016989,DR0044,VH00063,2023-08-09,1534.7,18.72,89.4,118,31,27,284,135.7,0.0,False,3.9,False
TL016990,TR016990,DR0026,VH00078,2025-09-25,1486.8,44.4,36.5,167,69,40,949,485.2,0.0,False,4.1,False
TL016991,TR016991,DR0018,VH00054,2023-06-28,47.0,10.08,5.1,156,0,0,83,3.0,94.9,False,3.1,False
TL016992,TR016992,DR0004,VH00065,2022-04-05,15.1,122.4,0.1,114,0,0,1587,2.6,19.9,False,4.5,False
TL016993,TR016993,DR0041,VH00114,2025-01-12,41.5,69.36,0.7,137,0,0,284,2.2,85.1,False,4.3,False
TL016994,TR016994,DR0044,VH00064,2024-06-19,14.9,9.6,1.7,95,0,0,69,1.5,96.1,False,3.8,False
TL016995,TR016995,DR0007,VH00037,2023-01-21,72.5,12.72,6.2,83,5,4,293,34.8,63.4,False,3.6,False
TL016996,TR016996,DR0016,VH00088,2023-06-22,175.2,50.4,3.8,165,1,1,445,12.9,71.4,False,3.6,True
TL016998,TR016998,DR0060,VH00056,2025-08-16,43.0,22.8,2.1,117,0,0,180,4.3,89.7,False,4.0,False
TL016999,TR016999,DR0018,VH00034,2025-03-14,1468.7,26.64,60.1,122,15,10,189,106.0,26.2,False,4.7,False
TL017001,TR017001,DR0011,VH00087,2023-06-13,24.3,36.48,0.7,157,0,0,186,2.2,90.0,False,4.3,False
TL017004,TR017004,DR0020,VH00053,2026-02-15,1236.1,66.24,20.4,155,26,17,456,114.9,0.0,False,3.6,False
TL017005,TR017005,DR0032,VH00062,2025-07-23,386.7,46.56,9.1,106,4,3,166,20.1,76.7,False,4.0,False
TL017006,TR017006,DR0008,VH00102,2025-04-25,1368.0,23.04,64.8,175,35,19,351,273.5,0.0,False,5.0,False
TL017007,TR017007,DR0051,VH00102,2024-09-24,337.8,22.08,16.7,141,5,8,221,42.3,60.8,False,4.8,False
TL017009,TR017009,DR0047,VH00071,2022-04-14,29.9,20.64,1.6,119,0,0,316,4.4,82.9,False,4.7,False
TL017018,TR017018,DR0046,VH00023,2025-10-21,1552.0,58.56,28.9,175,98,76,1309,826.0,0.0,False,5.0,False
TL017022,TR017022,DR0016,VH00110,2023-07-01,28.9,786.72,0.0,130,0,0,6884,2.7,0.0,False,5.0,False
TL017024,TR017024,DR0052,VH00104,2024-12-06,71.2,11.04,7.0,141,0,0,42,1.6,97.4,False,3.6,False
TL017029,TR017029,DR0013,VH00024,2022-09-15,1369.7,9.84,151.9,166,12,14,69,68.9,43.9,False,3.9,False
TL017030,TR017030,DR0018,VH00087,2023-01-16,318.6,10.8,32.2,160,3,3,57,28.5,81.1,False,3.7,False
TL017034,TR017034,DR0060,VH00056,2022-01-13,1426.0,11.04,140.9,179,12,11,46,50.4,53.6,False,4.9,False
TL017035,TR017035,DR0051,VH00058,2022-08-17,960.3,37.92,27.6,96,14,15,282,114.6,15.5,False,4.5,False
TL017038,TR017038,DR0043,VH00088,2025-03-19,498.6,10.32,52.7,175,5,5,68,40.8,71.9,False,3.8,False
TL017041,TR017041,DR0038,VH00088,2025-09-23,323.1,79.68,4.4,124,5,7,550,66.9,37.9,False,3.5,False
TL017044,TR017044,DR0036,VH00065,2026-03-21,391.0,6.24,68.4,171,9,8,83,51.2,59.0,False,3.6,False
TL017047,TR017047,DR0041,VH00089,2026-03-04,45.3,19.44,2.5,114,0,0,156,4.1,91.0,False,4.1,False
TL017050,TR017050,DR0060,VH00088,2024-09-01,66.3,4.56,15.9,108,0,0,38,5.3,96.5,False,4.7,True
TL017051,TR017051,DR0040,VH00087,2022-11-19,382.0,6.48,64.3,156,7,5,59,43.3,68.6,False,5.0,False
TL017059,TR017059,DR0055,VH00104,2023-11-03,53.2,12.48,4.7,95,1,1,161,4.1,88.2,False,3.6,False
TL017061,TR017061,DR0038,VH00084,2024-05-24,61.8,9.12,7.4,96,0,1,57,9.0,93.5,False,4.1,False
TL017062,TR017062,DR0039,VH00071,2025-10-21,64.8,62.88,1.1,167,1,1,785,10.0,55.2,False,4.3,False
TL017063,TR017063,DR0026,VH00038,2022-12-11,1201.5,210.48,6.2,93,51,45,2460,274.4,0.0,False,4.5,False
TL017064,TR017064,DR0051,VH00068,2025-06-28,1449.1,59.76,26.5,135,35,33,871,201.1,0.0,False,3.0,False
TL017065,TR017065,DR0025,VH00111,2026-04-05,23.6,10.56,2.4,150,0,0,93,3.0,94.4,False,3.0,False
TL017068,TR017068,DR0009,VH00054,2022-01-15,68.3,36.48,2.0,86,0,0,161,2.9,91.1,False,5.0,False
TL017069,TR017069,DR0034,VH00051,2024-07-09,29.9,22.56,1.4,116,0,0,333,4.1,82.1,False,4.6,False
TL017070,TR017070,DR0029,VH00039,2026-03-28,18.9,714.48,0.0,153,0,0,6426,1.6,0.0,False,4.5,False
TL017072,TR017072,DR0002,VH00032,2024-04-11,1231.7,36.96,36.4,180,57,56,815,171.2,0.0,False,4.2,False
TL017074,TR017074,DR0004,VH00056,2023-02-14,543.0,45.6,13.0,161,13,11,595,102.4,9.0,False,3.6,False
TL017080,TR017080,DR0044,VH00047,2024-07-19,35.1,62.4,0.6,152,0,0,933,3.6,52.3,False,4.8,False
TL017089,TR017089,DR0037,VH00059,2024-07-26,267.0,155.76,1.9,154,6,4,2366,52.8,0.0,False,4.0,False
TL017092,TR017092,DR0052,VH00104,2026-04-10,1466.9,9.6,166.7,139,6,7,34,40.7,70.1,False,4.8,False
TL017097,TR017097,DR0026,VH00061,2026-05-21,72.5,7.92,10.0,173,3,2,153,27.2,77.7,False,2.2,False
TL017100,TR017100,DR0019,VH00031,2023-01-28,118.6,68.4,1.9,126,3,4,1053,21.6,32.4,False,4.2,False
TL017103,TR017103,DR0008,VH00031,2026-03-28,77.1,13.92,6.0,80,1,1,81,14.5,89.1,False,3.8,False
TL017106,TR017106,DR0046,VH00116,2025-12-01,78.8,46.32,1.9,122,3,5,1312,20.6,18.7,False,4.1,False
TL017112,TR017112,DR0011,VH00102,2025-01-16,15.3,9.36,1.8,132,0,0,80,0.8,95.8,False,3.7,False
TL017113,TR017113,DR0058,VH00024,2022-08-28,22.5,124.8,0.2,150,0,0,1132,3.3,42.4,False,4.4,False
TL017114,TR017114,DR0042,VH00117,2022-12-23,391.6,4.56,93.7,111,2,4,36,24.0,84.0,False,4.0,False
TL017115,TR017115,DR0055,VH00039,2022-01-24,388.0,119.52,3.5,151,7,8,1808,80.0,0.0,False,4.2,False
TL017116,TR017116,DR0013,VH00031,2022-08-12,1382.6,9.6,157.1,138,12,16,83,119.3,26.1,False,4.9,False
TL017119,TR017119,DR0013,VH00044,2023-05-25,364.6,5.04,78.9,106,4,4,43,30.2,78.8,False,4.1,False
TL017120,TR017120,DR0008,VH00007,2022-11-06,55.7,11.04,5.5,146,1,1,145,8.6,87.7,False,3.9,False
TL017129,TR017129,DR0047,VH00016,2025-01-16,1238.8,39.6,34.1,118,29,25,423,165.3,0.0,False,4.5,False
TL017130,TR017130,DR0005,VH00013,2024-11-19,543.0,9.6,61.7,100,6,4,54,55.6,67.6,False,4.1,False
TL017133,TR017133,DR0024,VH00015,2023-11-11,1397.9,25.68,59.4,132,15,15,131,106.4,24.0,False,4.4,False
TL017135,TR017135,DR0051,VH00095,2026-02-05,397.0,4.32,100.3,165,6,9,37,39.7,68.2,False,3.1,True
TL017137,TR017137,DR0017,VH00034,2025-07-24,337.8,145.44,2.5,84,7,6,2190,34.6,0.0,False,3.9,False
TL017138,TR017138,DR0037,VH00018,2025-08-19,14.0,15.6,1.0,165,0,0,136,1.8,92.7,False,3.5,False
TL017139,TR017139,DR0054,VH00068,2026-04-13,337.8,88.56,4.2,122,2,3,482,34.2,59.6,False,4.3,False
TL017140,TR017140,DR0041,VH00069,2024-06-07,337.8,795.36,0.5,90,3,4,3993,24.4,0.0,False,4.3,False
TL017141,TR017141,DR0028,VH00031,2022-01-28,379.6,6.24,66.4,143,3,3,51,28.3,81.5,False,4.3,False
TL017145,TR017145,DR0016,VH00043,2024-04-09,116.2,37.92,3.3,150,1,0,173,5.9,88.1,False,4.3,False
TL017146,TR017146,DR0025,VH00040,2025-02-18,31.4,149.28,0.2,135,0,0,1162,2.9,41.0,False,4.6,False
TL017148,TR017148,DR0023,VH00071,2024-05-28,40.0,75.12,0.6,129,0,0,282,1.4,85.5,False,4.3,False
TL017150,TR017150,DR0038,VH00069,2026-01-10,257.2,9.6,29.2,158,5,4,78,19.4,78.8,False,4.1,False
TL017151,TR017151,DR0026,VH00018,2024-01-26,15.2,32.64,0.5,138,0,0,389,4.0,79.3,False,4.1,False
TL017153,TR017153,DR0051,VH00052,2025-08-16,364.6,31.44,12.7,151,7,7,453,75.0,37.3,False,5.0,False
TL017154,TR017154,DR0024,VH00084,2024-11-21,364.6,41.28,9.6,92,4,2,190,35.7,71.8,False,3.9,False
TL017155,TR017155,DR0008,VH00069,2022-08-25,77.7,17.28,4.9,153,1,1,257,6.0,82.9,False,4.0,False
TL017157,TR017157,DR0043,VH00063,2023-03-28,14.5,6.24,2.5,177,0,0,29,0.6,98.4,False,4.0,False
TL017158,TR017158,DR0057,VH00116,2023-04-05,1467.3,5.04,317.6,103,5,5,10,38.7,75.4,False,4.3,False
TL017159,TR017159,DR0011,VH00022,2022-04-08,395.6,5.04,85.6,120,3,3,23,22.8,84.5,False,3.7,False
TL017161,TR017161,DR0004,VH00040,2023-11-04,33.0,97.2,0.4,99,0,0,665,6.9,64.7,False,3.8,False
TL017162,TR017162,DR0038,VH00032,2025-07-24,1552.0,37.44,45.2,158,26,36,250,303.8,0.0,False,3.4,False
TL017163,TR017163,DR0026,VH00032,2024-07-11,22.3,63.84,0.4,82,0,0,954,6.0,50.5,False,3.6,False
TL017166,TR017166,DR0026,VH00119,2025-11-07,79.9,25.2,3.5,130,3,3,224,25.6,73.6,False,3.9,False
TL017169,TR017169,DR0011,VH00007,2022-02-14,57.0,21.12,2.9,127,0,0,178,5.5,89.4,False,3.4,False
TL017170,TR017170,DR0047,VH00107,2023-05-03,14.3,7.2,2.2,86,0,0,74,1.3,95.9,False,3.4,False
TL017171,TR017171,DR0034,VH00022,2022-07-16,70.5,13.44,5.7,180,1,1,108,15.2,87.5,False,3.2,False
TL017175,TR017175,DR0046,VH00004,2022-09-18,1183.4,10.08,128.1,133,73,70,156,261.1,0.0,False,3.3,False
TL017176,TR017176,DR0056,VH00017,2024-08-25,35.1,165.6,0.2,173,0,0,532,2.4,72.7,False,4.1,False
TL017177,TR017177,DR0037,VH00062,2025-03-12,30.7,69.36,0.5,175,0,0,682,3.8,64.8,False,4.1,False
TL017178,TR017178,DR0049,VH00034,2025-11-23,936.4,52.32,19.5,141,11,11,262,76.8,36.4,False,3.5,False
TL017184,TR017184,DR0051,VH00013,2022-04-02,612.4,131.76,5.1,166,14,11,1049,72.8,0.0,False,3.6,False
TL017185,TR017185,DR0020,VH00081,2022-12-03,15.1,4.08,4.0,139,0,0,52,1.7,96.9,False,4.5,False
TL017188,TR017188,DR0013,VH00115,2022-06-15,68.6,43.44,1.7,137,0,0,269,4.0,85.3,False,4.7,False
TL017189,TR017189,DR0054,VH00059,2023-06-26,337.8,25.92,14.2,119,3,4,196,32.2,72.0,False,5.0,False
TL017190,TR017190,DR0044,VH00107,2022-02-07,23.0,22.8,1.1,166,0,0,347,3.8,81.5,False,3.9,False
TL017196,TR017196,DR0012,VH00025,2026-02-27,1464.5,736.8,2.2,82,56,37,8459,499.0,0.0,False,5.0,True
TL017203,TR017203,DR0008,VH00092,2026-01-01,404.3,2.88,153.1,136,7,7,44,85.1,54.8,False,4.5,False
TL017204,TR017204,DR0013,VH00074,2022-11-06,1180.0,4.08,315.5,168,9,13,21,65.0,53.0,False,3.5,False
TL017206,TR017206,DR0040,VH00031,2024-04-22,31.1,16.32,2.1,127,0,0,241,3.7,86.8,False,3.9,False
TL017209,TR017209,DR0018,VH00036,2024-06-13,24.4,21.6,1.2,165,0,0,143,1.6,92.4,False,4.6,False
TL017210,TR017210,DR0041,VH00114,2024-02-12,1534.7,55.2,30.3,147,19,15,409,140.0,0.0,False,4.0,False
TL017211,TR017211,DR0059,VH00115,2023-11-09,14.7,7.92,2.0,120,0,0,66,1.4,96.3,False,4.5,False
TL017212,TR017212,DR0003,VH00038,2023-08-09,59.9,57.6,1.1,157,4,3,1727,27.6,0.0,False,4.6,False
TL017214,TR017214,DR0016,VH00064,2026-01-15,1534.7,55.2,30.3,98,15,12,356,86.4,21.8,False,4.1,False
TL017218,TR017218,DR0028,VH00048,2026-01-20,39.4,54.24,0.8,129,0,0,340,3.8,81.9,False,4.5,True
TL017219,TR017219,DR0023,VH00041,2023-08-01,15.2,34.8,0.5,97,0,0,120,0.5,93.8,False,4.4,False
TL017220,TR017220,DR0036,VH00088,2023-09-12,29.9,164.4,0.2,96,0,0,1777,4.6,9.8,False,4.1,False
TL017222,TR017222,DR0051,VH00025,2025-02-26,37.6,837.36,0.0,101,0,0,5299,6.1,0.0,False,5.0,False
TL017223,TR017223,DR0026,VH00057,2026-06-28,257.2,57.6,4.9,169,10,9,957,66.5,8.2,False,4.2,False
TL017226,TR017226,DR0011,VH00051,2023-01-05,1397.9,55.68,27.4,109,11,11,366,130.0,15.2,False,2.4,False
TL017227,TR017227,DR0007,VH00031,2022-05-09,14.4,34.32,0.5,180,0,0,628,6.5,66.6,False,4.8,False
TL017230,TR017230,DR0025,VH00081,2023-12-03,1478.3,4.32,373.3,134,33,34,52,176.3,0.0,False,3.3,False
TL017232,TR017232,DR0022,VH00051,2025-10-06,163.4,67.92,2.6,109,3,3,434,26.7,62.8,False,3.4,True
TL017233,TR017233,DR0036,VH00061,2022-08-17,337.8,175.2,2.1,158,7,7,1852,57.8,0.0,False,3.5,False
TL017234,TR017234,DR0027,VH00028,2022-12-13,55.1,7.92,7.6,119,0,0,37,2.2,97.5,False,4.7,False
TL017235,TR017235,DR0005,VH00116,2026-03-08,44.0,19.68,2.4,180,0,0,76,3.0,95.3,False,3.5,False
TL017236,TR017236,DR0017,VH00041,2024-11-05,74.3,167.52,0.5,95,1,1,2079,8.7,0.0,False,4.2,False
TL017240,TR017240,DR0010,VH00044,2023-09-08,73.0,192.48,0.4,135,0,0,899,3.1,54.1,False,5.0,False
TL017241,TR017241,DR0003,VH00015,2025-07-15,32.5,119.28,0.3,115,2,2,3707,14.3,0.0,False,3.9,False
TL017242,TR017242,DR0037,VH00013,2022-01-08,785.8,108.0,7.9,117,13,11,664,107.9,3.9,False,4.6,False
TL017244,TR017244,DR0012,VH00047,2026-05-11,190.7,17.04,12.2,169,6,7,377,34.4,54.8,False,4.8,False
TL017245,TR017245,DR0042,VH00087,2023-01-04,66.7,12.96,5.6,124,0,0,61,5.7,95.2,False,4.1,False
TL017246,TR017246,DR0033,VH00080,2022-07-21,26.6,136.32,0.2,163,0,0,1645,5.7,16.0,False,4.0,True
TL017247,TR017247,DR0048,VH00021,2024-09-06,68.6,110.88,0.7,128,0,0,221,3.0,88.0,False,4.5,False
TL017248,TR017248,DR0042,VH00065,2022-10-03,33.5,28.08,1.3,109,0,0,92,2.0,94.8,False,3.6,False
TL017250,TR017250,DR0022,VH00099,2024-05-21,75.8,66.72,1.2,125,1,1,382,14.2,74.1,False,3.7,False
TL017251,TR017251,DR0009,VH00039,2026-01-12,117.3,7.68,16.7,101,0,0,34,3.1,97.4,False,4.8,False
TL017256,TR017256,DR0018,VH00016,2026-03-07,73.9,61.68,1.3,171,0,0,497,6.2,73.3,False,4.0,False
TL017259,TR017259,DR0031,VH00051,2026-02-07,59.7,8.16,8.0,154,0,0,95,11.3,91.9,False,4.5,True
TL017263,TR017263,DR0053,VH00007,2025-08-08,70.2,13.2,5.8,165,0,0,107,2.6,93.9,False,4.9,False
TL017269,TR017269,DR0028,VH00078,2023-05-21,14.8,33.84,0.5,147,0,0,255,1.2,86.9,False,4.1,False
TL017271,TR017271,DR0019,VH00084,2023-02-28,1468.7,39.12,41.0,107,45,56,349,224.7,0.0,False,4.7,False
TL017273,TR017273,DR0020,VH00102,2026-05-25,1552.2,35.04,48.3,135,27,22,211,317.2,0.0,False,5.0,False
TL017274,TR017274,DR0003,VH00056,2024-02-05,29.3,15.84,2.0,98,2,1,294,15.3,76.7,False,3.5,False
TL017277,TR017277,DR0054,VH00107,2023-12-20,960.3,42.0,24.9,174,9,9,251,79.0,41.2,False,4.0,False
TL017280,TR017280,DR0017,VH00053,2025-05-20,1440.2,41.04,38.3,138,32,21,318,267.0,0.0,False,5.0,False
TL017282,TR017282,DR0059,VH00044,2025-08-10,369.9,4.8,84.1,155,6,8,50,41.6,68.0,False,4.6,False
TL017288,TR017288,DR0051,VH00084,2026-03-19,44.5,18.72,2.6,90,0,0,124,7.3,91.6,False,3.8,False
TL017289,TR017289,DR0016,VH00114,2025-03-14,362.5,59.28,6.7,91,3,3,527,15.6,61.5,False,4.2,False
TL017293,TR017293,DR0018,VH00037,2025-02-24,69.7,11.04,6.9,111,0,0,83,3.3,94.9,False,4.2,False
TL017294,TR017294,DR0054,VH00019,2026-04-04,66.6,20.16,3.6,93,0,0,164,3.1,90.9,False,4.4,False
TL017295,TR017295,DR0029,VH00051,2026-02-17,367.8,11.28,35.6,116,6,5,114,54.0,64.1,False,4.6,False
TL017297,TR017297,DR0009,VH00088,2024-10-16,70.5,52.8,1.5,89,0,0,194,2.6,89.5,False,3.8,False
TL017300,TR017300,DR0008,VH00089,2023-08-07,38.4,224.4,0.2,101,0,0,1456,7.3,25.0,False,3.1,False
TL017301,TR017301,DR0005,VH00048,2025-12-16,174.5,64.08,3.0,117,1,1,355,14.6,75.4,False,4.1,False
TL017305,TR017305,DR0036,VH00063,2023-07-28,370.1,5.28,76.5,180,6,7,43,48.2,67.4,False,5.0,False
TL017306,TR017306,DR0047,VH00119,2023-05-24,64.8,781.92,0.1,168,1,1,9733,6.6,0.0,False,3.9,False
TL017307,TR017307,DR0003,VH00042,2023-12-24,16.6,5.04,3.6,93,1,1,88,9.5,90.2,False,5.0,False
TL017314,TR017314,DR0023,VH00053,2022-06-11,936.4,104.88,9.7,166,11,6,905,91.5,4.8,False,4.2,False
TL017318,TR017318,DR0003,VH00023,2022-03-08,52.1,25.68,2.2,109,2,2,496,21.1,63.9,False,3.6,False
TL017320,TR017320,DR0057,VH00046,2026-04-02,543.0,142.56,4.2,137,1,2,347,18.5,73.6,False,4.6,False
TL017323,TR017323,DR0054,VH00078,2025-03-24,68.4,11.04,6.8,101,0,0,49,4.5,96.2,False,4.2,False
TL017327,TR017327,DR0004,VH00115,2024-08-11,51.0,811.68,0.1,159,0,0,5368,5.1,0.0,False,4.3,False
TL017330,TR017330,DR0049,VH00047,2025-01-25,14.4,18.24,0.9,113,0,0,115,0.7,94.0,False,3.2,False
TL017331,TR017331,DR0048,VH00080,2022-08-02,120.7,36.72,3.6,144,0,0,159,4.9,90.6,False,4.2,False
TL017333,TR017333,DR0021,VH00116,2024-12-18,1201.2,20.16,65.0,103,28,30,233,142.1,0.0,False,4.7,False
TL017334,TR017334,DR0049,VH00118,2024-05-04,74.6,96.24,0.8,154,0,0,534,5.2,71.7,False,3.3,False
TL017335,TR017335,DR0040,VH00038,2023-11-01,900.7,7.92,124.1,84,15,19,53,78.7,32.2,False,4.2,False
TL017337,TR017337,DR0058,VH00115,2025-09-19,22.7,122.88,0.2,105,0,0,1990,4.1,0.0,False,2.9,False
TL017339,TR017339,DR0018,VH00036,2024-11-02,45.7,16.08,3.1,112,0,0,55,4.3,96.0,False,4.0,False
TL017340,TR017340,DR0002,VH00036,2022-02-18,1376.8,6.24,240.7,163,54,62,126,368.6,0.0,False,3.6,False
TL017341,TR017341,DR0033,VH00057,2022-07-18,1252.0,16.08,84.9,80,32,20,179,248.8,0.0,False,4.4,False
TL017342,TR017342,DR0028,VH00102,2024-11-20,337.8,11.76,31.3,113,2,3,45,24.2,84.5,False,4.0,False
TL017343,TR017343,DR0012,VH00052,2022-10-06,1534.7,36.48,45.9,98,47,52,508,471.0,0.0,False,3.1,False
TL017345,TR017345,DR0048,VH00110,2022-05-10,15.7,6.24,2.7,120,0,0,16,0.4,99.1,False,4.5,False
TL017346,TR017346,DR0043,VH00021,2024-02-24,57.4,210.96,0.3,171,0,0,1396,2.3,29.5,False,4.8,False
TL017351,TR017351,DR0026,VH00112,2022-07-26,70.3,7.68,10.0,143,3,3,128,15.8,81.4,False,4.4,False
TL017352,TR017352,DR0020,VH00061,2023-07-02,371.1,126.72,3.2,158,8,5,1553,62.3,0.0,False,4.0,False
TL017353,TR017353,DR0056,VH00069,2025-02-09,58.2,42.24,1.5,139,0,0,243,5.1,86.3,False,4.4,False
TL017354,TR017354,DR0016,VH00058,2025-09-18,15.2,2.64,6.3,119,0,0,18,1.2,98.7,False,3.8,False
TL017355,TR017355,DR0059,VH00087,2023-03-09,75.2,85.44,1.0,167,1,1,1002,6.8,45.4,False,3.9,False
TL017356,TR017356,DR0022,VH00023,2026-05-27,1468.7,721.44,2.2,105,32,31,5488,249.9,0.0,False,4.3,False
TL017359,TR017359,DR0028,VH00043,2025-05-20,33.9,115.44,0.3,159,0,0,805,3.1,58.8,False,4.2,False
TL017361,TR017361,DR0011,VH00028,2023-05-15,337.8,46.08,8.0,99,3,2,177,14.8,80.2,False,4.4,False
TL017364,TR017364,DR0011,VH00062,2023-07-19,1231.7,24.24,55.4,149,12,9,103,75.5,45.2,False,3.7,False
TL017367,TR017367,DR0013,VH00053,2026-02-04,936.4,16.32,62.6,169,8,8,105,74.9,52.3,False,4.8,False
TL017371,TR017371,DR0049,VH00116,2026-06-14,23.0,99.12,0.3,135,0,0,779,2.3,60.4,False,5.0,False
TL017372,TR017372,DR0060,VH00092,2024-05-22,75.7,26.4,3.1,136,0,0,197,4.0,89.0,False,3.7,False
TL017374,TR017374,DR0033,VH00119,2023-03-27,543.0,9.12,65.0,117,7,11,51,120.0,40.0,False,3.9,False
TL017375,TR017375,DR0015,VH00038,2024-07-05,1468.7,807.6,2.0,122,33,29,10011,314.5,0.0,False,4.1,False
TL017376,TR017376,DR0009,VH00089,2025-03-10,1552.2,15.12,112.0,135,4,7,58,48.9,69.4,False,2.4,False
TL017379,TR017379,DR0004,VH00118,2022-05-15,22.3,165.6,0.1,154,0,0,2524,4.5,0.0,False,4.6,False
TL017384,TR017384,DR0037,VH00016,2025-01-03,135.4,28.56,5.2,135,3,1,161,17.5,81.2,False,5.0,False
TL017386,TR017386,DR0044,VH00092,2025-05-14,40.8,58.56,0.8,176,0,1,851,6.5,54.5,False,5.0,False
TL017387,TR017387,DR0024,VH00038,2024-08-06,1400.7,40.8,37.5,167,15,9,352,127.7,12.6,False,4.0,False
TL017390,TR017390,DR0004,VH00024,2024-02-23,37.2,10.32,3.9,167,0,0,154,7.7,90.0,False,4.5,False
TL017392,TR017392,DR0052,VH00051,2026-06-29,23.4,10.8,2.4,147,0,0,21,1.0,98.7,False,4.6,False
TL017393,TR017393,DR0023,VH00106,2024-07-28,39.4,14.64,2.9,133,0,0,57,3.3,96.2,False,4.4,False
TL017397,TR017397,DR0057,VH00017,2024-06-03,1440.2,68.64,22.9,109,5,5,130,39.2,69.2,False,4.8,False
TL017398,TR017398,DR0041,VH00073,2024-10-21,29.9,210.96,0.2,116,0,0,1065,1.2,46.4,False,4.3,False
TL017402,TR017402,DR0021,VH00052,2026-04-08,24.3,724.32,0.0,101,0,0,9735,4.5,0.0,False,5.0,False
TL017407,TR017407,DR0015,VH00051,2023-02-22,1175.3,93.36,13.7,125,19,26,912,250.1,0.0,False,5.0,False
TL017408,TR017408,DR0029,VH00024,2022-12-03,26.7,54.96,0.5,166,0,0,608,3.7,68.5,False,4.2,False
TL017409,TR017409,DR0037,VH00118,2024-12-09,42.4,114.0,0.4,93,0,0,1543,3.4,21.8,False,4.4,False
TL017410,TR017410,DR0038,VH00054,2023-04-14,62.6,805.44,0.1,118,1,1,5161,8.6,0.0,False,4.1,False
TL017418,TR017418,DR0049,VH00081,2022-12-02,1266.1,24.0,57.5,128,13,15,190,114.9,21.5,False,3.8,False
TL017419,TR017419,DR0010,VH00094,2026-05-26,19.8,100.8,0.2,101,0,0,605,1.6,69.3,False,3.7,False
TL017420,TR017420,DR0034,VH00004,2022-01-11,1288.9,2.4,585.9,86,27,26,34,222.4,0.0,False,4.9,False
TL017422,TR017422,DR0025,VH00115,2026-01-23,47.3,13.2,3.9,94,0,0,87,7.8,93.3,False,4.4,False
TL017424,TR017424,DR0034,VH00036,2022-07-15,49.9,14.4,3.8,90,0,0,82,6.5,94.0,False,4.8,False
TL017427,TR017427,DR0025,VH00039,2025-07-19,29.9,36.48,0.9,132,0,0,463,4.3,75.6,False,3.4,False
TL017432,TR017432,DR0015,VH00056,2026-01-26,936.4,39.36,26.0,143,15,24,522,87.9,1.0,False,4.0,False
TL017433,TR017433,DR0036,VH00041,2025-01-09,543.0,79.68,7.4,154,13,13,1085,78.4,0.0,False,4.0,False
TL017435,TR017435,DR0015,VH00112,2023-08-02,334.1,49.92,7.3,133,7,8,676,74.2,25.4,False,4.3,False
TL017437,TR017437,DR0009,VH00038,2026-04-28,190.7,18.24,11.4,135,0,0,30,3.2,97.5,False,5.0,False
TL017438,TR017438,DR0034,VH00052,2025-10-08,32.8,138.96,0.3,142,0,0,1468,7.2,24.4,False,3.7,False
TL017440,TR017440,DR0009,VH00062,2022-03-17,543.0,23.76,24.9,171,2,2,36,16.7,88.2,False,4.3,False
TL017441,TR017441,DR0042,VH00008,2025-08-13,245.1,21.12,12.7,86,1,1,148,12.1,86.5,False,4.0,False
TL017442,TR017442,DR0031,VH00041,2024-09-18,14.3,27.84,0.6,108,0,0,154,2.6,91.5,False,4.2,False
TL017443,TR017443,DR0046,VH00081,2025-06-12,44.8,126.0,0.4,156,3,2,2406,11.6,0.0,False,3.8,False
TL017444,TR017444,DR0008,VH00106,2023-06-02,67.8,30.0,2.5,131,1,0,359,11.5,77.1,False,4.3,False
TL017446,TR017446,DR0052,VH00117,2022-05-02,323.1,3.6,97.9,85,1,1,16,13.0,92.8,False,4.0,False
TL017449,TR017449,DR0049,VH00114,2026-03-18,1552.0,35.28,48.0,109,19,18,279,144.5,0.0,False,4.3,False
TL017450,TR017450,DR0025,VH00068,2023-01-22,24.6,222.96,0.1,92,0,0,1642,2.6,17.1,False,3.7,False
TL017452,TR017452,DR0027,VH00112,2025-11-11,307.1,10.8,31.0,159,2,3,40,30.5,82.8,False,3.5,False
TL017457,TR017457,DR0040,VH00040,2022-01-21,14.8,5.52,2.9,99,0,0,43,3.2,96.9,False,3.5,True
TL017458,TR017458,DR0032,VH00041,2025-05-22,117.8,56.88,2.3,146,1,0,481,7.6,72.2,False,4.2,False
TL017461,TR017461,DR0008,VH00010,2024-06-20,32.2,67.2,0.5,125,0,0,1061,7.0,44.8,False,3.4,False
TL017463,TR017463,DR0008,VH00088,2023-03-26,42.7,51.12,0.9,148,0,0,713,8.3,61.9,False,3.7,False
TL017469,TR017469,DR0047,VH00099,2025-02-21,1534.7,106.56,15.7,125,29,30,880,243.0,0.0,False,4.5,False
TL017473,TR017473,DR0057,VH00034,2022-09-20,1468.7,157.68,10.2,166,7,5,694,56.4,32.9,False,3.9,False
TL017480,TR017480,DR0049,VH00004,2024-06-01,397.3,8.88,48.8,102,3,3,66,40.9,76.9,False,4.8,False
TL017485,TR017485,DR0032,VH00088,2025-06-08,43.5,117.6,0.4,170,0,0,735,3.6,62.2,False,3.1,False
TL017486,TR017486,DR0021,VH00056,2026-05-19,28.4,57.6,0.5,173,0,0,588,5.2,69.0,False,3.9,False
TL017487,TR017487,DR0047,VH00041,2025-10-11,57.8,13.68,4.6,103,1,1,163,11.6,85.9,False,4.7,False
TL017489,TR017489,DR0040,VH00078,2026-05-11,51.9,21.84,2.6,140,1,0,229,7.4,84.8,False,4.5,False
TL017490,TR017490,DR0009,VH00028,2023-02-20,46.2,15.36,3.3,109,0,0,55,1.0,97.0,False,4.4,False
TL017491,TR017491,DR0025,VH00054,2022-01-18,83.4,790.8,0.1,131,1,1,9737,13.8,0.0,False,4.8,False
TL017494,TR017494,DR0003,VH00118,2024-04-12,404.3,6.96,63.4,151,34,25,161,174.4,0.0,False,4.2,False
TL017496,TR017496,DR0013,VH00065,2022-09-05,177.5,5.76,33.6,91,1,1,33,12.3,92.2,False,3.2,False
TL017498,TR017498,DR0037,VH00046,2022-12-04,135.2,9.6,15.4,111,2,2,56,19.0,86.5,False,5.0,False
TL017502,TR017502,DR0025,VH00019,2024-07-06,364.6,14.64,27.2,178,7,9,126,80.9,49.9,False,2.5,False
TL017503,TR017503,DR0042,VH00099,2025-09-25,121.8,160.08,0.8,107,1,1,854,5.6,53.1,False,3.9,False
TL017504,TR017504,DR0008,VH00071,2026-01-13,23.7,8.16,3.2,86,0,0,86,4.4,94.4,False,4.7,False
TL017509,TR017509,DR0057,VH00069,2023-10-16,1552.2,13.68,123.8,160,6,5,55,64.6,63.9,False,4.3,False
TL017513,TR017513,DR0024,VH00095,2025-02-01,26.2,15.12,1.9,140,0,0,106,1.6,94.2,False,4.7,False
TL017514,TR017514,DR0056,VH00112,2022-10-22,373.9,32.64,12.5,149,3,4,222,26.6,72.4,False,4.0,False
TL017517,TR017517,DR0033,VH00074,2022-09-24,74.1,10.8,7.5,162,1,1,141,16.3,85.6,False,5.0,False
TL017518,TR017518,DR0044,VH00106,2024-05-25,78.6,58.08,1.5,159,1,1,373,8.8,76.2,False,4.1,False
TL017519,TR017519,DR0009,VH00046,2025-10-13,27.3,59.28,0.5,87,0,0,98,1.2,94.7,False,2.8,False
TL017520,TR017520,DR0019,VH00040,2026-02-18,1552.2,26.16,64.7,106,59,57,466,375.5,0.0,False,4.3,False
TL017521,TR017521,DR0012,VH00095,2022-12-26,64.9,60.48,1.2,172,1,1,750,23.8,52.9,False,3.9,False
TL017523,TR017523,DR0011,VH00094,2023-06-07,1460.8,13.2,120.7,88,14,17,104,52.4,41.1,False,3.8,False
TL017525,TR017525,DR0022,VH00064,2024-12-17,383.1,16.32,25.6,126,8,6,186,62.8,53.9,False,3.4,True
TL017526,TR017526,DR0036,VH00054,2022-03-11,18.6,186.96,0.1,105,0,0,1207,1.9,39.1,False,4.4,False
TL017529,TR017529,DR0042,VH00024,2026-02-18,362.0,17.76,22.2,110,4,3,113,36.0,74.5,False,4.1,False
TL017531,TR017531,DR0015,VH00052,2025-09-07,936.4,31.2,32.7,121,14,15,170,102.8,24.7,False,4.4,False
TL017532,TR017532,DR0038,VH00005,2022-06-18,34.9,725.04,0.1,90,0,0,8058,6.6,0.0,False,4.8,False
TL017533,TR017533,DR0022,VH00107,2026-05-21,47.6,12.96,4.0,107,0,1,131,7.5,90.2,False,3.9,False
TL017534,TR017534,DR0037,VH00043,2025-06-07,1468.7,16.08,99.6,91,28,32,176,124.5,0.0,False,4.2,False
TL017537,TR017537,DR0038,VH00036,2022-03-19,498.6,30.48,17.8,162,10,7,362,105.9,28.1,False,4.6,False
TL017539,TR017539,DR0034,VH00051,2022-03-04,59.6,3.36,19.4,173,1,0,28,8.5,94.5,False,5.0,False
TL017542,TR017542,DR0012,VH00008,2026-06-02,115.5,8.64,14.6,82,4,3,201,29.5,72.1,False,4.1,False
TL017545,TR017545,DR0007,VH00063,2024-11-21,190.7,29.52,7.0,89,16,12,652,102.3,0.7,False,5.0,False
TL017548,TR017548,DR0043,VH00025,2022-08-07,69.9,12.0,6.4,128,0,0,57,6.1,95.3,False,4.0,False
TL017553,TR017553,DR0051,VH00007,2025-05-14,376.5,10.32,39.8,99,7,8,73,31.4,68.4,False,3.6,False
TL017556,TR017556,DR0019,VH00051,2026-04-15,64.6,21.12,3.3,99,3,1,508,9.2,66.3,False,4.2,False
TL017557,TR017557,DR0049,VH00032,2026-03-06,1241.0,6.48,208.9,140,14,14,42,106.0,31.1,False,4.4,False
TL017560,TR017560,DR0021,VH00022,2024-07-02,1534.7,32.4,51.7,166,31,32,268,143.1,0.0,False,4.4,False
TL017561,TR017561,DR0040,VH00058,2026-06-21,372.9,8.64,47.1,117,6,7,110,71.5,57.0,False,4.9,False
TL017564,TR017564,DR0013,VH00094,2023-06-20,121.4,15.12,8.8,99,1,0,85,11.5,90.8,False,3.5,False
TL017567,TR017567,DR0033,VH00032,2025-01-25,337.8,46.8,7.9,143,7,7,293,70.2,46.8,False,4.1,False
TL017568,TR017568,DR0033,VH00013,2024-02-28,1457.1,196.32,8.1,91,20,28,1525,110.2,0.0,False,3.2,False
TL017570,TR017570,DR0048,VH00061,2025-01-05,26.5,41.04,0.7,173,0,0,167,0.7,91.4,False,5.0,False
TL017571,TR017571,DR0005,VH00117,2022-12-09,78.8,56.16,1.5,169,0,0,438,7.5,75.8,False,3.8,False
TL017572,TR017572,DR0023,VH00063,2023-06-19,1253.0,71.76,19.0,145,11,16,328,113.0,17.2,False,4.4,False
TL017575,TR017575,DR0040,VH00071,2023-04-03,57.4,9.36,6.7,163,1,1,72,8.9,91.2,False,3.4,False
TL017578,TR017578,DR0048,VH00058,2023-07-14,49.7,22.32,2.4,116,0,0,87,1.9,95.1,False,3.4,False
TL017580,TR017580,DR0023,VH00008,2023-10-02,15.4,14.64,1.1,101,0,0,113,1.0,94.0,False,3.6,False
TL017582,TR017582,DR0043,VH00095,2024-08-26,363.9,97.2,4.1,139,3,2,783,22.0,47.7,False,4.1,False
TL017583,TR017583,DR0005,VH00038,2022-03-12,34.9,121.68,0.3,87,0,0,513,2.4,73.6,False,4.1,False
TL017584,TR017584,DR0023,VH00084,2026-02-18,67.5,11.76,6.3,106,0,0,103,6.4,92.9,False,3.6,False
TL017585,TR017585,DR0044,VH00102,2022-11-22,768.9,28.08,29.9,91,12,10,439,141.4,7.6,False,3.9,False
TL017587,TR017587,DR0047,VH00064,2024-04-11,71.4,155.76,0.5,102,1,1,865,9.3,51.5,False,4.6,False
TL017591,TR017591,DR0015,VH00065,2024-12-04,14.9,62.16,0.3,152,0,0,424,2.4,78.1,False,4.4,False
TL017593,TR017593,DR0060,VH00078,2024-11-16,14.4,9.36,1.7,105,0,0,47,0.6,97.5,False,4.6,False
TL017596,TR017596,DR0056,VH00020,2023-06-16,1231.7,67.92,19.8,171,9,14,235,127.5,22.5,False,4.6,False
TL017597,TR017597,DR0041,VH00078,2022-06-27,1534.7,35.04,47.8,149,18,15,168,142.2,6.9,False,4.5,False
TL017599,TR017599,DR0010,VH00068,2025-11-11,404.3,9.6,45.9,116,4,3,60,39.2,76.2,False,4.2,False
TL017604,TR017604,DR0044,VH00114,2024-08-01,71.7,9.6,8.1,149,1,1,88,6.4,91.2,False,3.8,False
TL017605,TR017605,DR0013,VH00118,2022-10-01,13.2,63.84,0.2,134,0,0,338,1.2,82.7,False,4.1,False
TL017606,TR017606,DR0024,VH00081,2025-06-01,1421.3,9.36,165.7,110,13,14,29,134.7,24.6,False,4.8,False
TL017607,TR017607,DR0049,VH00117,2023-08-11,58.4,47.76,1.3,110,0,0,324,5.4,82.2,False,4.9,False
TL017609,TR017609,DR0053,VH00004,2025-02-12,23.8,51.12,0.5,115,0,0,205,1.9,89.2,False,4.6,False
TL017611,TR017611,DR0038,VH00018,2026-01-04,1214.9,49.44,26.8,166,23,25,650,189.5,0.0,False,4.4,False
TL017613,TR017613,DR0023,VH00007,2026-04-08,79.5,16.32,5.3,175,0,0,143,3.7,91.7,False,3.8,False
TL017619,TR017619,DR0046,VH00112,2023-07-05,337.8,69.12,5.3,97,25,14,1087,79.7,0.0,False,4.5,False
TL017620,TR017620,DR0058,VH00119,2025-05-16,32.2,16.56,2.1,158,0,0,145,6.3,90.9,False,4.2,False
TL017623,TR017623,DR0003,VH00024,2025-07-02,337.8,111.12,3.3,134,16,15,2431,189.3,0.0,False,4.9,False
TL017626,TR017626,DR0020,VH00058,2025-09-22,76.9,21.84,3.8,111,1,1,262,9.5,81.6,False,5.0,False
TL017629,TR017629,DR0022,VH00048,2026-06-17,72.7,13.44,5.9,91,1,1,79,13.3,89.6,False,4.5,False
TL017630,TR017630,DR0004,VH00078,2022-12-23,386.1,10.8,39.0,152,6,9,64,64.8,59.4,False,5.0,False
TL017632,TR017632,DR0027,VH00007,2026-01-15,15.6,38.16,0.4,129,0,0,193,0.6,90.2,False,5.0,False
TL017637,TR017637,DR0009,VH00112,2023-08-08,20.5,14.4,1.6,108,0,0,49,0.9,97.3,False,3.7,False
TL017638,TR017638,DR0040,VH00063,2026-03-07,220.9,38.16,6.3,143,4,5,306,49.2,58.9,False,4.3,False
TL017639,TR017639,DR0007,VH00015,2025-03-07,1207.7,20.16,65.4,91,71,81,219,490.2,0.0,False,4.1,False
TL017640,TR017640,DR0029,VH00112,2025-02-09,525.5,29.52,19.4,177,9,9,443,39.5,43.5,False,4.1,False
TL017642,TR017642,DR0059,VH00022,2022-11-07,361.3,142.56,2.8,160,6,7,1040,73.8,9.9,False,5.0,False
TL017644,TR017644,DR0010,VH00118,2026-05-06,69.1,728.64,0.1,153,0,0,3760,6.3,0.0,False,3.4,False
TL017646,TR017646,DR0041,VH00102,2024-08-02,1440.2,54.48,28.8,135,16,15,246,92.2,21.0,False,4.2,False
TL017648,TR017648,DR0059,VH00039,2026-02-04,1430.6,23.76,65.7,85,32,26,352,145.8,0.0,False,4.7,False
TL017649,TR017649,DR0054,VH00115,2024-08-02,1488.9,10.56,153.8,167,17,13,84,106.6,25.3,False,3.2,False
TL017652,TR017652,DR0041,VH00013,2025-12-02,37.8,124.8,0.3,168,0,0,1101,3.2,44.0,False,4.6,False
TL017653,TR017653,DR0032,VH00046,2024-09-01,15.1,15.84,1.0,143,0,0,97,1.5,94.7,False,4.4,False
TL017658,TR017658,DR0051,VH00081,2026-01-07,43.0,74.16,0.6,176,0,0,623,7.6,66.6,False,4.6,False
TL017664,TR017664,DR0010,VH00057,2025-09-17,190.7,151.2,1.4,80,2,1,1334,10.4,26.2,False,5.0,False
TL017666,TR017666,DR0047,VH00074,2023-02-09,65.2,40.56,1.8,121,1,1,293,8.5,80.3,False,4.3,False
TL017670,TR017670,DR0019,VH00094,2022-07-04,17.8,46.08,0.4,116,0,0,752,6.1,60.6,False,3.9,False
TL017672,TR017672,DR0011,VH00095,2023-07-06,396.7,3.12,138.7,158,4,3,27,30.0,80.7,False,3.8,False
TL017673,TR017673,DR0037,VH00018,2022-02-02,365.7,53.76,7.4,141,8,5,826,73.5,19.6,False,3.2,False
TL017675,TR017675,DR0034,VH00088,2025-02-17,68.2,120.24,0.6,90,1,1,1251,11.7,31.4,False,3.8,False
TL017676,TR017676,DR0021,VH00116,2026-02-03,15.5,10.08,1.7,102,0,0,123,3.3,92.9,False,4.0,False
TL017677,TR017677,DR0037,VH00017,2023-01-25,381.8,9.6,43.4,167,8,6,140,72.2,53.3,False,3.4,False
TL017682,TR017682,DR0057,VH00071,2026-03-03,257.2,24.24,11.6,95,0,1,97,4.6,92.8,False,3.7,False
TL017683,TR017683,DR0016,VH00034,2022-08-26,62.3,59.76,1.1,148,0,0,426,3.1,77.8,False,4.5,False
TL017684,TR017684,DR0026,VH00028,2022-10-17,900.7,54.48,18.0,173,29,26,1253,281.9,0.0,False,4.4,False
TL017687,TR017687,DR0016,VH00106,2025-11-24,56.2,21.6,2.8,171,0,0,74,2.8,95.5,False,3.5,False
TL017689,TR017689,DR0034,VH00087,2024-10-13,69.4,65.28,1.2,133,1,1,898,9.5,49.7,False,4.0,False
TL017690,TR017690,DR0042,VH00078,2022-12-20,68.4,31.68,2.4,122,0,0,161,5.9,90.2,False,4.8,False
TL017692,TR017692,DR0039,VH00047,2023-01-17,1440.2,13.68,114.8,160,25,28,156,239.8,0.0,False,4.2,False
TL017696,TR017696,DR0019,VH00087,2025-11-08,17.4,9.36,2.0,123,0,0,205,2.9,88.9,False,3.9,False
TL017697,TR017697,DR0017,VH00116,2025-08-09,323.1,35.52,9.9,119,6,8,364,57.7,47.5,False,4.2,False
TL017698,TR017698,DR0037,VH00074,2023-01-13,1287.5,203.52,6.9,117,21,22,2207,226.4,0.0,False,4.2,False
TL017699,TR017699,DR0059,VH00034,2025-12-21,45.7,23.76,2.1,122,0,0,344,7.0,80.7,False,4.7,False
TL017702,TR017702,DR0040,VH00018,2026-06-03,40.6,17.76,2.5,146,0,0,209,4.9,88.1,False,3.2,False
TL017706,TR017706,DR0041,VH00115,2026-02-11,386.7,30.0,14.1,145,3,4,219,30.6,71.4,False,3.9,False
TL017707,TR017707,DR0024,VH00038,2023-12-20,174.8,139.2,1.4,150,2,1,642,14.4,59.6,False,3.7,False
TL017709,TR017709,DR0053,VH00087,2026-03-13,44.2,62.4,0.8,171,0,0,311,2.5,83.7,False,4.6,False
TL017712,TR017712,DR0036,VH00022,2024-07-07,67.0,10.8,6.8,99,1,1,92,7.1,90.8,False,3.9,True
TL017714,TR017714,DR0060,VH00104,2023-07-07,1480.8,13.68,118.1,116,10,16,105,143.4,20.7,False,3.7,False
TL017717,TR017717,DR0019,VH00078,2024-08-15,27.4,20.64,1.4,157,1,1,446,4.8,73.8,False,4.0,False
TL017719,TR017719,DR0040,VH00102,2022-11-21,368.3,11.76,34.2,92,8,5,90,46.2,64.6,False,4.1,False
TL017720,TR017720,DR0057,VH00118,2023-07-09,72.5,8.88,8.9,120,0,0,29,2.8,97.7,False,4.8,False
TL017721,TR017721,DR0055,VH00008,2026-06-01,54.9,58.08,1.0,110,0,1,729,6.2,60.7,False,4.0,False
TL017722,TR017722,DR0038,VH00099,2025-05-13,64.0,21.6,3.2,107,0,1,345,9.6,78.9,False,4.0,False
TL017723,TR017723,DR0052,VH00034,2022-04-23,19.2,15.6,1.3,109,0,0,58,0.6,96.9,False,4.6,False
TL017725,TR017725,DR0046,VH00038,2023-08-17,66.5,13.2,5.5,89,4,4,260,29.6,68.1,False,4.0,False
TL017728,TR017728,DR0010,VH00020,2026-05-13,337.8,8.4,43.9,128,3,2,33,28.6,83.3,False,4.8,False
TL017729,TR017729,DR0005,VH00042,2025-11-22,362.1,3.6,109.7,91,4,4,25,30.2,79.7,False,4.1,False
TL017731,TR017731,DR0051,VH00071,2022-06-27,525.5,18.72,30.6,134,12,13,183,59.9,41.9,False,4.7,False
TL017733,TR017733,DR0022,VH00037,2024-08-15,63.8,39.36,1.8,117,1,1,358,7.4,77.4,False,3.7,False
TL017734,TR017734,DR0021,VH00064,2023-03-28,1472.7,6.0,267.8,137,22,24,52,162.8,0.0,False,5.0,False
TL017735,TR017735,DR0042,VH00117,2024-07-09,900.7,55.92,17.6,136,7,6,386,66.8,44.2,False,3.4,False
TL017736,TR017736,DR0021,VH00107,2022-07-09,323.1,7.44,47.4,80,8,7,84,29.9,67.8,False,3.9,False
TL017740,TR017740,DR0051,VH00112,2024-04-02,1390.2,48.96,31.0,169,24,22,579,214.5,0.0,False,4.4,False
TL017743,TR017743,DR0052,VH00051,2025-08-18,31.5,4.8,7.2,142,0,0,9,1.4,99.1,False,4.4,False
TL017747,TR017747,DR0002,VH00061,2024-01-13,61.8,57.6,1.2,159,2,1,1055,16.3,38.4,False,4.6,False
TL017748,TR017748,DR0048,VH00048,2024-01-13,66.2,789.12,0.1,88,0,0,2127,2.4,0.0,False,3.7,True
TL017750,TR017750,DR0059,VH00008,2025-07-18,1473.0,6.24,257.5,112,34,28,47,188.9,0.0,False,4.6,False
TL017752,TR017752,DR0046,VH00058,2026-02-06,10.8,30.24,0.4,157,0,0,581,6.0,69.2,False,4.4,False
TL017754,TR017754,DR0053,VH00034,2024-04-09,44.2,50.88,0.9,149,0,0,402,3.1,79.0,False,3.8,False
TL017755,TR017755,DR0017,VH00047,2026-06-15,498.6,807.12,0.7,144,9,10,8743,69.9,0.0,False,4.5,False
TL017757,TR017757,DR0038,VH00042,2023-09-03,1397.9,21.36,71.4,159,35,22,283,206.5,0.0,False,4.7,False
TL017759,TR017759,DR0019,VH00106,2024-01-25,31.5,105.84,0.3,179,1,1,2103,7.8,0.0,False,5.0,False
TL017760,TR017760,DR0055,VH00059,2026-01-01,46.5,46.56,1.1,120,0,1,638,5.4,65.5,False,4.0,True
TL017762,TR017762,DR0008,VH00047,2025-12-09,1393.3,6.72,226.2,163,23,34,62,245.5,0.0,False,3.5,False
TL017767,TR017767,DR0017,VH00074,2024-10-04,14.7,38.16,0.4,109,0,0,582,2.7,70.1,False,5.0,False
TL017774,TR017774,DR0028,VH00037,2024-06-22,14.5,9.36,1.7,111,0,0,82,1.4,95.5,False,3.4,False
TL017777,TR017777,DR0009,VH00053,2025-10-17,67.3,38.88,1.9,89,0,0,174,1.6,90.8,False,4.0,False
TL017778,TR017778,DR0042,VH00114,2023-02-18,768.9,42.96,19.5,135,6,6,372,40.4,54.3,False,4.8,False
TL017779,TR017779,DR0019,VH00054,2022-01-14,43.4,68.64,0.7,178,1,1,1067,13.0,40.2,False,5.0,False
TL017785,TR017785,DR0041,VH00080,2023-02-06,172.0,68.4,2.7,102,2,1,332,13.8,75.3,False,3.3,False
TL017786,TR017786,DR0027,VH00111,2026-03-22,52.6,149.76,0.4,91,0,0,864,4.8,55.4,False,4.3,False
TL017788,TR017788,DR0046,VH00118,2026-06-16,1231.7,63.6,21.1,119,84,70,1190,382.1,0.0,False,3.2,False
TL017791,TR017791,DR0040,VH00023,2026-04-13,64.4,9.12,7.7,122,0,1,86,13.3,90.7,False,4.5,False
TL017793,TR017793,DR0048,VH00032,2022-03-22,73.1,22.56,3.5,129,0,0,65,2.3,96.1,False,4.7,False
TL017795,TR017795,DR0035,VH00044,2022-12-13,74.3,177.84,0.5,167,3,3,3793,20.9,0.0,False,4.0,False
TL017796,TR017796,DR0016,VH00117,2025-07-01,79.2,5.28,16.4,155,0,0,25,5.3,97.2,False,4.2,True
TL017797,TR017797,DR0023,VH00053,2024-05-22,1419.2,20.88,74.1,111,10,14,148,108.3,31.1,False,3.9,False
TL017799,TR017799,DR0033,VH00048,2026-04-04,164.0,50.4,3.5,153,3,3,333,28.1,67.4,False,4.2,False
TL017802,TR017802,DR0020,VH00117,2022-11-22,306.0,42.96,7.8,123,4,5,690,59.1,36.8,False,4.5,False
TL017807,TR017807,DR0013,VH00016,2026-02-28,612.4,14.88,44.9,98,4,6,97,44.2,69.9,False,5.0,False
TL017809,TR017809,DR0024,VH00112,2023-09-23,373.1,10.8,37.7,157,3,4,63,23.2,81.4,False,5.0,False
TL017811,TR017811,DR0009,VH00104,2026-02-20,54.2,13.2,4.5,171,0,0,21,2.3,98.3,False,4.7,False
TL017813,TR017813,DR0032,VH00107,2024-10-06,1223.1,58.08,23.0,134,10,12,431,75.8,28.7,False,5.0,False
TL017814,TR017814,DR0058,VH00013,2024-08-10,383.2,3.84,108.9,135,5,9,57,64.3,61.4,False,4.2,False
TL017815,TR017815,DR0056,VH00095,2025-05-26,1274.8,56.16,24.8,114,12,15,420,46.3,32.1,False,3.4,False
TL017817,TR017817,DR0049,VH00065,2026-06-20,1443.7,9.84,160.1,180,16,15,64,82.8,33.0,False,4.2,False
TL017819,TR017819,DR0059,VH00119,2024-04-13,1390.4,678.24,2.2,103,24,20,10652,179.8,0.0,False,3.8,False
TL017820,TR017820,DR0060,VH00017,2023-08-24,177.7,8.64,22.4,116,1,1,42,14.3,91.1,False,3.2,False
TL017821,TR017821,DR0054,VH00106,2022-08-23,34.6,10.56,3.6,156,0,0,35,2.6,97.5,False,3.9,False
TL017822,TR017822,DR0059,VH00057,2025-03-21,69.5,61.92,1.2,175,1,1,739,11.9,57.0,False,3.9,False
TL017824,TR017824,DR0044,VH00044,2024-01-09,13.7,12.0,1.2,159,0,0,75,1.9,95.7,False,4.9,False
TL017829,TR017829,DR0025,VH00102,2025-06-04,337.8,5.76,64.0,99,7,6,34,42.0,69.2,False,4.3,False
TL017830,TR017830,DR0005,VH00034,2024-04-14,35.7,190.56,0.2,110,0,0,1647,2.8,16.8,False,4.5,False
TL017831,TR017831,DR0037,VH00091,2026-06-09,394.8,9.6,44.9,159,9,7,152,41.4,59.5,False,4.2,False
TL017834,TR017834,DR0009,VH00088,2022-10-22,79.6,9.6,9.0,123,0,0,41,2.9,97.1,False,4.0,False
TL017835,TR017835,DR0042,VH00019,2024-05-05,76.9,66.96,1.3,88,0,0,286,3.5,84.7,False,3.3,False
TL017837,TR017837,DR0037,VH00119,2023-02-17,31.9,127.2,0.3,90,0,0,1081,3.9,44.8,False,4.0,False
TL017838,TR017838,DR0026,VH00112,2025-05-28,960.3,21.6,48.5,118,39,36,232,208.8,0.0,False,5.0,False
TL017841,TR017841,DR0017,VH00046,2026-04-05,1271.4,36.72,37.8,98,24,20,590,204.9,0.0,False,4.3,False
TL017844,TR017844,DR0026,VH00054,2023-06-27,1387.9,24.24,62.5,88,59,46,221,391.4,0.0,False,4.7,False
TL017849,TR017849,DR0041,VH00007,2022-11-15,498.6,4.32,125.9,179,5,6,20,24.2,78.2,False,3.8,False
TL017851,TR017851,DR0011,VH00052,2024-01-23,10.5,21.84,0.5,126,0,0,110,1.0,94.2,False,4.2,False
TL017852,TR017852,DR0031,VH00010,2022-11-09,383.7,18.0,23.3,83,7,7,252,50.9,54.6,False,4.7,False
TL017855,TR017855,DR0016,VH00010,2026-05-06,14.5,50.4,0.3,124,0,0,243,0.9,87.6,False,3.3,False
TL017857,TR017857,DR0042,VH00041,2026-01-15,335.1,7.92,46.2,104,2,2,44,17.6,87.5,False,4.4,False
TL017859,TR017859,DR0029,VH00052,2023-08-17,55.5,65.28,0.9,84,1,0,638,11.5,63.1,False,4.3,False
TL017860,TR017860,DR0054,VH00028,2025-06-05,34.5,217.68,0.2,91,0,0,742,2.2,62.2,False,3.5,False
TL017861,TR017861,DR0048,VH00013,2026-06-13,1231.7,46.56,28.9,124,3,4,104,33.0,76.4,False,3.6,False
TL017864,TR017864,DR0056,VH00069,2022-11-20,1452.1,3.36,471.5,95,13,10,17,123.2,32.7,False,4.1,False
TL017870,TR017870,DR0032,VH00026,2024-06-06,49.1,13.44,4.0,169,0,0,73,4.9,94.9,False,3.7,False
TL017872,TR017872,DR0018,VH00102,2026-05-05,71.4,35.04,2.2,110,0,0,264,2.9,85.9,False,3.3,False
TL017874,TR017874,DR0051,VH00084,2026-04-16,1394.9,39.84,38.2,95,27,23,514,195.3,0.0,True,3.9,False
TL017876,TR017876,DR0057,VH00063,2022-06-08,33.2,10.32,3.5,91,0,0,21,0.5,98.8,False,4.4,False
TL017877,TR017877,DR0060,VH00040,2025-09-10,71.7,11.76,6.7,86,0,0,60,4.2,95.7,False,4.4,False
TL017879,TR017879,DR0013,VH00084,2024-01-08,78.0,39.12,2.2,136,0,0,265,3.2,85.8,False,5.0,False
TL017883,TR017883,DR0003,VH00015,2022-11-06,1349.5,39.12,37.6,152,98,83,575,317.0,0.0,False,2.5,False
TL017884,TR017884,DR0026,VH00031,2025-06-25,1251.7,28.8,47.4,179,44,46,349,441.6,0.0,False,5.0,False
TL017887,TR017887,DR0044,VH00007,2025-06-05,257.2,66.0,4.3,94,6,4,649,22.7,47.7,False,4.3,False
TL017888,TR017888,DR0031,VH00058,2024-12-05,71.5,116.16,0.7,161,1,1,635,14.4,61.4,False,4.3,False
TL017889,TR017889,DR0051,VH00053,2025-09-01,14.6,4.32,3.7,103,0,0,39,1.9,97.5,False,4.2,False
TL017891,TR017891,DR0042,VH00053,2026-04-28,67.2,826.32,0.1,144,0,0,7044,4.9,0.0,False,4.5,False
TL017892,TR017892,DR0012,VH00104,2022-12-06,70.8,27.12,2.8,175,1,2,553,12.6,65.1,False,5.0,False
TL017898,TR017898,DR0059,VH00102,2022-09-02,171.5,9.36,20.0,177,3,2,147,35.6,75.5,False,3.3,False
TL017903,TR017903,DR0056,VH00057,2026-02-10,377.7,12.0,34.3,177,3,3,74,34.5,78.5,False,4.5,False
TL017907,TR017907,DR0037,VH00074,2024-02-08,71.7,16.08,4.9,149,1,1,96,5.6,91.0,False,4.2,False
TL017908,TR017908,DR0016,VH00117,2024-08-11,22.9,13.2,1.9,98,0,0,92,1.9,94.8,False,4.7,False
TL017909,TR017909,DR0015,VH00104,2024-08-15,120.6,17.52,7.5,110,2,2,244,27.1,74.7,False,4.8,False
TL017911,TR017911,DR0035,VH00028,2026-04-01,394.8,20.4,21.1,157,12,16,336,80.7,25.0,False,4.1,False
TL017913,TR017913,DR0047,VH00074,2025-06-08,1468.7,31.92,50.2,82,37,34,387,269.5,0.0,False,3.9,False
TL017915,TR017915,DR0013,VH00073,2022-10-18,370.1,22.08,18.3,143,2,3,170,26.0,77.7,False,4.4,False
TL017918,TR017918,DR0054,VH00091,2022-12-07,32.3,20.16,1.7,89,0,0,156,1.6,91.7,False,3.5,False
TL017919,TR017919,DR0054,VH00023,2025-04-02,34.8,11.28,3.4,167,0,0,77,3.1,95.2,False,3.3,False
TL017921,TR017921,DR0044,VH00010,2022-02-13,888.3,746.88,1.3,133,20,15,9726,117.0,0.0,False,4.7,False
TL017927,TR017927,DR0031,VH00018,2026-02-24,1383.4,11.04,136.7,85,30,21,107,147.4,0.0,False,3.6,False
TL017937,TR017937,DR0016,VH00020,2022-10-02,29.0,69.12,0.5,98,0,0,228,1.0,88.3,False,4.4,True
TL017938,TR017938,DR0057,VH00041,2025-06-19,30.4,89.28,0.4,86,0,0,377,1.0,80.9,False,3.9,False
TL017941,TR017941,DR0024,VH00010,2025-01-24,12.1,10.8,1.2,176,0,0,59,1.3,96.7,False,3.8,False
TL017946,TR017946,DR0055,VH00117,2026-02-22,50.3,11.52,4.8,153,0,0,94,7.7,93.0,False,3.4,False
TL017949,TR017949,DR0026,VH00048,2023-07-25,364.6,13.44,29.6,177,14,15,279,102.2,19.4,False,4.8,False
TL017951,TR017951,DR0044,VH00013,2026-04-25,1389.6,10.8,140.4,140,22,30,104,178.6,0.0,False,3.7,False
TL017957,TR017957,DR0010,VH00106,2023-06-01,1397.9,28.56,53.4,153,16,13,160,64.4,35.7,False,4.0,False
TL017958,TR017958,DR0055,VH00056,2023-04-11,75.6,165.36,0.5,128,1,1,2198,12.2,0.0,False,4.4,False
TL017964,TR017964,DR0056,VH00042,2025-03-05,22.8,784.56,0.0,110,0,0,2423,2.4,0.0,False,4.0,False
TL017965,TR017965,DR0005,VH00081,2025-02-28,32.1,16.32,2.1,164,0,0,129,1.6,93.1,False,3.8,False
TL017968,TR017968,DR0047,VH00114,2022-08-26,70.7,41.28,1.9,179,1,1,267,6.6,82.2,False,3.6,False
TL017970,TR017970,DR0007,VH00107,2025-01-26,54.1,41.52,1.4,175,2,2,1224,31.0,24.5,False,4.5,False
TL017972,TR017972,DR0039,VH00119,2024-03-11,14.3,22.56,0.7,97,0,0,149,2.9,91.7,False,4.2,False
TL017974,TR017974,DR0024,VH00004,2022-08-24,393.7,8.16,52.6,160,3,4,50,18.7,83.4,False,3.5,False
TL017977,TR017977,DR0002,VH00052,2025-09-19,1468.7,13.68,117.1,141,51,67,142,497.1,0.0,False,3.3,False
TL017978,TR017978,DR0042,VH00114,2024-04-17,543.0,13.44,44.1,120,5,6,62,24.8,76.0,False,4.8,False
TL017979,TR017979,DR0041,VH00056,2026-05-19,33.9,15.6,2.4,156,0,0,75,2.8,95.4,False,4.6,False
TL017982,TR017982,DR0025,VH00016,2026-06-02,1231.7,50.64,26.5,146,22,25,709,228.1,0.0,False,4.4,False
TL017984,TR017984,DR0035,VH00054,2026-04-05,1270.1,4.08,339.6,158,42,56,86,355.6,0.0,False,3.7,False
TL017985,TR017985,DR0019,VH00073,2025-06-25,257.2,103.2,2.7,115,12,6,1018,44.9,11.6,False,4.2,False
TL017988,TR017988,DR0038,VH00091,2023-02-27,41.0,9.12,4.9,101,0,0,116,8.0,91.8,False,3.3,False
TL017991,TR017991,DR0057,VH00044,2022-10-23,71.2,22.8,3.4,165,0,0,81,2.4,95.2,False,4.7,False
TL017998,TR017998,DR0056,VH00069,2024-12-02,33.7,18.96,1.9,121,0,0,168,1.4,91.2,False,4.5,False
TL017999,TR017999,DR0059,VH00039,2025-07-20,1440.2,44.88,35.0,95,24,25,557,202.5,0.0,False,3.9,False
