maint_id,vehicle_id,fleet_id,maintenance_type,maintenance_date,odometer_km,workshop,parts_cost_pkr,labour_cost_pkr,total_cost_pkr,currency,status,next_due_km,next_due_date,technician_name,remarks
MN00001,VH00089,FL001,AC Service,2026-06-17,239698,Bilal Tyre & Battery,1827.0,3590.0,5417.0,PKR,In Progress,254698,2027-05-31,Tech-20,Replaced as per schedule
MN00002,VH00100,FL002,Engine Tune-Up,2025-08-21,193330,National Auto Parts & Repair,3279.0,4407.0,7686.0,PKR,Warranty Claim,213330,2026-06-27,Tech-4,Urgent – advised immediate action
MN00003,VH00104,FL003,Battery Replace,2024-06-23,85137,City Motors Rawalpindi,5110.0,8919.0,14029.0,PKR,Scheduled,135137,2024-11-22,Tech-17,Minor wear observed
MN00004,VH00029,FL004,Periodic Inspection,2024-01-22,112170,City Motors Rawalpindi,1002.0,929.0,1931.0,PKR,In Progress,117170,2025-01-16,Tech-11,Replaced as per schedule
MN00005,VH00015,FL002,Glass Replace,2024-11-06,253296,Official Toyota Service Center Islamabad,15047.0,11813.0,26860.0,PKR,Completed,303296,2025-10-08,Tech-4,Customer-reported issue resolved
MN00006,VH00022,FL002,Tyre Replacement,2022-11-04,169600,Premier Auto Care Karachi,14365.0,9937.0,24302.0,PKR,Completed,209600,2023-07-07,Tech-5,Customer-reported issue resolved
MN00007,VH00091,FL001,Engine Tune-Up,2024-06-09,172047,Fast Lube Islamabad,4912.0,3997.0,8909.0,PKR,Completed,192047,2024-09-24,Tech-6,Urgent – advised immediate action
MN00008,VH00026,FL003,Tyre Replacement,2025-07-16,182964,Bilal Tyre & Battery,5980.0,9378.0,15358.0,PKR,Completed,222964,2025-10-30,Tech-13,Warranty covered – no cost to fleet
MN00009,VH00049,FL001,Engine Tune-Up,2026-05-25,222761,Official Toyota Service Center Islamabad,3659.0,4582.0,8241.0,PKR,In Progress,242761,2026-10-30,Tech-8,Customer-reported issue resolved
MN00010,VH00113,FL004,Periodic Inspection,2025-12-04,110566,National Auto Parts & Repair,834.0,1374.0,2208.0,PKR,Completed,115566,2026-08-04,Tech-9,
MN00011,VH00108,FL001,Oil Change,2023-12-20,196040,Pak Euro Motors,1418.0,2620.0,4038.0,PKR,Completed,201040,2024-09-11,Tech-9,Urgent – advised immediate action
MN00012,VH00099,FL001,Suspension Repair,2026-05-12,44717,Al-Hamd Auto Workshop,8385.0,8652.0,17037.0,PKR,Completed,104717,2027-05-03,Tech-16,Minor wear observed
MN00013,VH00015,FL002,Transmission Service,2025-03-26,232588,City Motors Rawalpindi,3707.0,5334.0,9041.0,PKR,Completed,262588,2026-02-01,Tech-17,
MN00014,VH00055,FL003,Tyre Replacement,2022-09-04,183307,City Motors Rawalpindi,8970.0,9444.0,18414.0,PKR,Completed,223307,2023-07-04,Tech-4,Minor wear observed
MN00015,VH00074,FL002,AC Service,2024-04-20,161827,Official Toyota Service Center Islamabad,1812.0,3651.0,5463.0,PKR,Completed,176827,2024-07-20,Tech-8,Urgent – advised immediate action
MN00016,VH00041,FL001,Suspension Repair,2026-01-18,96607,Bilal Tyre & Battery,11976.0,8343.0,20319.0,PKR,Completed,156607,2026-10-21,Tech-17,Replaced as per schedule
MN00017,VH00071,FL002,Periodic Inspection,2024-04-25,219011,National Auto Parts & Repair,844.0,1258.0,2102.0,PKR,Completed,224011,2024-07-31,Tech-6,Urgent – advised immediate action
MN00018,VH00077,FL001,Suspension Repair,2024-12-29,129155,National Auto Parts & Repair,6422.0,9704.0,16126.0,PKR,In Progress,189155,2025-05-04,Tech-10,
MN00019,VH00109,FL003,Glass Replace,2025-02-20,183697,Al-Hamd Auto Workshop,7272.0,11617.0,18889.0,PKR,In Progress,233697,2025-07-08,Tech-11,Urgent – advised immediate action
MN00020,VH00073,FL001,Engine Tune-Up,2026-02-19,160186,Official Toyota Service Center Islamabad,3488.0,4113.0,7601.0,PKR,Completed,180186,2027-02-01,Tech-2,Replaced as per schedule
MN00021,VH00065,FL001,Suspension Repair,2025-05-03,53675,Honda Authorized Workshop Lahore,6943.0,11759.0,18702.0,PKR,Completed,113675,2026-03-13,Tech-20,Replaced as per schedule
MN00022,VH00075,FL003,Glass Replace,2022-04-21,87251,Premier Auto Care Karachi,8276.0,12428.0,20704.0,PKR,In Progress,137251,2022-08-08,Tech-13,Replaced as per schedule
MN00023,VH00004,FL002,Accident Repair,2022-11-28,176602,Workshop In-House (Fleet Mechanic),38730.0,28439.0,67169.0,PKR,Completed,226602,2023-06-14,Tech-19,Customer-reported issue resolved
MN00024,VH00114,FL003,Suspension Repair,2023-12-12,156746,Workshop In-House (Fleet Mechanic),4944.0,9497.0,14441.0,PKR,In Progress,216746,2024-09-25,Tech-1,Urgent – advised immediate action
MN00025,VH00032,FL001,Accident Repair,2024-04-23,156773,Pak Euro Motors,48659.0,41590.0,90249.0,PKR,Completed,206773,2024-08-01,Tech-2,Replaced as per schedule
MN00026,VH00014,FL004,AC Service,2023-03-09,70944,Premier Auto Care Karachi,2620.0,3277.0,5897.0,PKR,Completed,85944,2024-02-13,Tech-5,
MN00027,VH00089,FL001,Body Repair / Dent,2022-04-17,189155,Al-Hamd Auto Workshop,14256.0,19915.0,34171.0,PKR,Completed,239155,2022-12-12,Tech-16,
MN00028,VH00026,FL003,Tyre Rotation,2024-12-03,210631,Al-Hamd Auto Workshop,305.0,541.0,846.0,PKR,Completed,220631,2025-11-03,Tech-20,Minor wear observed
MN00029,VH00020,FL003,Battery Replace,2025-06-11,72764,Bilal Tyre & Battery,6793.0,6919.0,13712.0,PKR,Completed,122764,2025-11-15,Tech-15,
MN00030,VH00012,FL001,Battery Replace,2025-11-08,55978,Official Toyota Service Center Islamabad,3820.0,5030.0,8850.0,PKR,Completed,105978,2026-07-18,Tech-4,Customer-reported issue resolved
MN00031,VH00113,FL004,Tyre Rotation,2026-01-10,120928,City Motors Rawalpindi,561.0,883.0,1444.0,PKR,Completed,130928,2026-07-02,Tech-7,
MN00032,VH00028,FL003,Periodic Inspection,2023-08-10,83682,Workshop In-House (Fleet Mechanic),998.0,1212.0,2210.0,PKR,Completed,88682,2024-01-18,Tech-3,Minor wear observed
MN00033,VH00086,FL004,Suspension Repair,2022-08-25,82758,Premier Auto Care Karachi,6229.0,6914.0,13143.0,PKR,Completed,142758,2023-02-08,Tech-15,Customer-reported issue resolved
MN00034,VH00074,FL002,Body Repair / Dent,2026-05-20,160509,City Motors Rawalpindi,13351.0,16845.0,30196.0,PKR,Completed,210509,2026-10-14,Tech-6,Urgent – advised immediate action
MN00035,VH00089,FL001,Body Repair / Dent,2023-06-18,229390,Official Toyota Service Center Islamabad,7260.0,15887.0,23147.0,PKR,Scheduled,279390,2023-12-19,Tech-19,
MN00036,VH00005,FL003,Suspension Repair,2024-06-09,84213,Honda Authorized Workshop Lahore,4958.0,9539.0,14497.0,PKR,Completed,144213,2025-04-11,Tech-10,
MN00037,VH00064,FL001,Brake Pad Replace,2023-08-10,135291,National Auto Parts & Repair,3836.0,2707.0,6543.0,PKR,Completed,160291,2024-06-18,Tech-4,Urgent – advised immediate action
MN00038,VH00068,FL002,Suspension Repair,2022-11-08,150443,Official Toyota Service Center Islamabad,6078.0,8546.0,14624.0,PKR,Completed,210443,2023-07-02,Tech-11,Replaced as per schedule
MN00039,VH00044,FL002,Brake Pad Replace,2024-09-26,180089,Fast Lube Islamabad,3829.0,3514.0,7343.0,PKR,Completed,205089,2025-05-23,Tech-4,Customer-reported issue resolved
MN00040,VH00061,FL004,Suspension Repair,2022-11-10,176385,Honda Authorized Workshop Lahore,11212.0,10328.0,21540.0,PKR,Completed,236385,2023-06-23,Tech-11,Replaced as per schedule
MN00041,VH00042,FL002,Brake Pad Replace,2026-04-06,190291,Fast Lube Islamabad,3789.0,2838.0,6627.0,PKR,Completed,215291,2026-10-16,Tech-6,Warranty covered – no cost to fleet
MN00042,VH00080,FL002,Body Repair / Dent,2023-07-13,145955,Fast Lube Islamabad,10129.0,9326.0,19455.0,PKR,Completed,195955,2024-04-05,Tech-12,Customer-reported issue resolved
MN00043,VH00017,FL001,Tyre Replacement,2023-03-16,152105,City Motors Rawalpindi,7699.0,10836.0,18535.0,PKR,Scheduled,192105,2023-06-26,Tech-19,Replaced as per schedule
MN00044,VH00062,FL001,Tyre Replacement,2022-05-25,182542,CarPro Workshop F-10,10994.0,9047.0,20041.0,PKR,Completed,222542,2022-12-20,Tech-2,Minor wear observed
MN00045,VH00108,FL001,Body Repair / Dent,2023-11-21,213818,Premier Auto Care Karachi,15812.0,15445.0,31257.0,PKR,Completed,263818,2024-09-15,Tech-7,Warranty covered – no cost to fleet
MN00046,VH00064,FL001,AC Service,2026-01-16,113496,City Motors Rawalpindi,2440.0,3916.0,6356.0,PKR,Completed,128496,2026-04-16,Tech-18,Minor wear observed
MN00047,VH00044,FL002,Tyre Replacement,2023-07-18,159140,Al-Hamd Auto Workshop,6906.0,8009.0,14915.0,PKR,Completed,199140,2024-05-08,Tech-16,Urgent – advised immediate action
MN00048,VH00113,FL004,Tyre Replacement,2024-05-28,135057,Official Toyota Service Center Islamabad,9851.0,7500.0,17351.0,PKR,Completed,175057,2024-12-11,Tech-8,Customer-reported issue resolved
MN00049,VH00099,FL001,Body Repair / Dent,2025-01-10,56839,CarPro Workshop F-10,8781.0,12577.0,21358.0,PKR,Scheduled,106839,2025-07-05,Tech-9,Replaced as per schedule
MN00050,VH00081,FL001,Accident Repair,2024-01-28,38839,Official Toyota Service Center Islamabad,45350.0,63721.0,109071.0,PKR,Completed,88839,2025-01-01,Tech-13,
MN00051,VH00026,FL003,Tyre Rotation,2025-04-14,213169,CarPro Workshop F-10,443.0,515.0,958.0,PKR,Completed,223169,2025-08-17,Tech-12,Warranty covered – no cost to fleet
MN00052,VH00094,FL002,Suspension Repair,2022-02-18,132105,Official Toyota Service Center Islamabad,7688.0,8707.0,16395.0,PKR,Completed,192105,2022-10-29,Tech-8,Minor wear observed
MN00053,VH00119,FL003,Glass Replace,2022-09-05,65978,Pak Euro Motors,10984.0,9853.0,20837.0,PKR,Completed,115978,2023-04-04,Tech-16,Warranty covered – no cost to fleet
MN00054,VH00085,FL002,Battery Replace,2025-08-04,135745,Official Toyota Service Center Islamabad,4247.0,4293.0,8540.0,PKR,Completed,185745,2026-05-29,Tech-2,Warranty covered – no cost to fleet
MN00055,VH00059,FL002,Accident Repair,2024-07-24,165883,CarPro Workshop F-10,52444.0,62722.0,115166.0,PKR,Completed,215883,2025-04-03,Tech-1,Minor wear observed
MN00056,VH00041,FL001,Engine Tune-Up,2022-04-17,131914,Premier Auto Care Karachi,2649.0,5888.0,8537.0,PKR,Warranty Claim,151914,2022-12-02,Tech-13,Urgent – advised immediate action
MN00057,VH00115,FL001,Accident Repair,2023-10-05,207026,Official Toyota Service Center Islamabad,32508.0,27318.0,59826.0,PKR,Warranty Claim,257026,2024-04-07,Tech-4,Minor wear observed
MN00058,VH00001,FL002,Accident Repair,2026-04-04,172861,National Auto Parts & Repair,33402.0,48829.0,82231.0,PKR,Completed,222861,2026-11-05,Tech-17,Warranty covered – no cost to fleet
MN00059,VH00081,FL001,Periodic Inspection,2022-06-10,15092,Premier Auto Care Karachi,886.0,791.0,1677.0,PKR,Completed,20092,2023-03-05,Tech-14,Replaced as per schedule
MN00060,VH00115,FL001,Glass Replace,2023-02-01,199434,Workshop In-House (Fleet Mechanic),10874.0,13960.0,24834.0,PKR,Completed,249434,2023-06-06,Tech-9,Minor wear observed
MN00061,VH00008,FL004,AC Service,2024-06-25,131817,Pak Euro Motors,2438.0,1946.0,4384.0,PKR,Scheduled,146817,2024-10-24,Tech-16,Customer-reported issue resolved
MN00062,VH00012,FL001,Tyre Rotation,2023-11-27,129824,Honda Authorized Workshop Lahore,660.0,571.0,1231.0,PKR,Scheduled,139824,2024-08-07,Tech-8,
MN00063,VH00034,FL001,Periodic Inspection,2025-04-15,106644,Al-Hamd Auto Workshop,891.0,1612.0,2503.0,PKR,Completed,111644,2026-01-31,Tech-3,Replaced as per schedule
MN00064,VH00005,FL003,Battery Replace,2024-04-29,64296,Pak Euro Motors,7707.0,5385.0,13092.0,PKR,Completed,114296,2024-10-11,Tech-4,Warranty covered – no cost to fleet
MN00065,VH00095,FL004,Tyre Replacement,2026-05-02,181699,Premier Auto Care Karachi,6871.0,6454.0,13325.0,PKR,Scheduled,221699,2027-03-02,Tech-1,
MN00066,VH00078,FL002,Periodic Inspection,2024-11-22,152211,Pak Euro Motors,828.0,1835.0,2663.0,PKR,Completed,157211,2025-05-02,Tech-9,Warranty covered – no cost to fleet
MN00067,VH00053,FL002,Glass Replace,2024-09-06,161949,Honda Authorized Workshop Lahore,7683.0,6621.0,14304.0,PKR,Completed,211949,2024-12-23,Tech-13,Minor wear observed
MN00068,VH00048,FL003,Glass Replace,2024-05-30,85580,City Motors Rawalpindi,14992.0,13134.0,28126.0,PKR,In Progress,135580,2024-10-16,Tech-12,Warranty covered – no cost to fleet
MN00069,VH00048,FL003,Battery Replace,2025-11-30,35989,Official Toyota Service Center Islamabad,5601.0,11898.0,17499.0,PKR,Completed,85989,2026-06-30,Tech-6,Replaced as per schedule
MN00070,VH00045,FL001,Tyre Rotation,2023-05-04,176879,National Auto Parts & Repair,299.0,591.0,890.0,PKR,Completed,186879,2024-02-05,Tech-20,Minor wear observed
MN00071,VH00035,FL002,Accident Repair,2026-04-08,96104,CarPro Workshop F-10,30197.0,38916.0,69113.0,PKR,Scheduled,146104,2026-10-06,Tech-16,Warranty covered – no cost to fleet
MN00072,VH00098,FL001,Engine Tune-Up,2024-03-19,182120,National Auto Parts & Repair,2938.0,5174.0,8112.0,PKR,Warranty Claim,202120,2024-11-27,Tech-8,Customer-reported issue resolved
MN00073,VH00063,FL003,Brake Pad Replace,2024-01-20,85053,Bilal Tyre & Battery,2918.0,6283.0,9201.0,PKR,Completed,110053,2024-08-08,Tech-3,Customer-reported issue resolved
MN00074,VH00046,FL001,Periodic Inspection,2024-03-28,165986,CarPro Workshop F-10,856.0,852.0,1708.0,PKR,Completed,170986,2025-01-27,Tech-20,
MN00075,VH00024,FL001,Glass Replace,2024-08-08,148464,Al-Hamd Auto Workshop,9592.0,16353.0,25945.0,PKR,Completed,198464,2024-12-15,Tech-17,Customer-reported issue resolved
MN00076,VH00018,FL003,Body Repair / Dent,2023-07-21,174080,National Auto Parts & Repair,7105.0,16144.0,23249.0,PKR,Completed,224080,2024-03-18,Tech-14,Customer-reported issue resolved
MN00077,VH00057,FL003,Engine Tune-Up,2023-12-14,131264,CarPro Workshop F-10,2995.0,3298.0,6293.0,PKR,Completed,151264,2024-03-28,Tech-2,Warranty covered – no cost to fleet
MN00078,VH00092,FL004,AC Service,2026-05-17,230654,Al-Hamd Auto Workshop,2702.0,3312.0,6014.0,PKR,Completed,245654,2026-12-30,Tech-4,Warranty covered – no cost to fleet
MN00079,VH00087,FL001,Suspension Repair,2025-03-28,74696,National Auto Parts & Repair,4053.0,8710.0,12763.0,PKR,Completed,134696,2025-08-20,Tech-16,Customer-reported issue resolved
MN00080,VH00046,FL001,Periodic Inspection,2022-08-26,127343,Pak Euro Motors,678.0,1434.0,2112.0,PKR,Completed,132343,2023-04-13,Tech-14,Warranty covered – no cost to fleet
MN00081,VH00024,FL001,Suspension Repair,2024-12-10,144115,City Motors Rawalpindi,9146.0,9712.0,18858.0,PKR,Completed,204115,2025-07-04,Tech-8,Urgent – advised immediate action
MN00082,VH00049,FL001,Tyre Replacement,2023-10-14,228622,Bilal Tyre & Battery,8133.0,12842.0,20975.0,PKR,Completed,268622,2024-08-23,Tech-16,Warranty covered – no cost to fleet
MN00083,VH00031,FL001,Body Repair / Dent,2023-08-15,60420,Premier Auto Care Karachi,14299.0,15668.0,29967.0,PKR,Completed,110420,2024-01-03,Tech-19,Replaced as per schedule
MN00084,VH00045,FL001,Glass Replace,2024-11-26,210338,Premier Auto Care Karachi,8154.0,8494.0,16648.0,PKR,In Progress,260338,2025-05-04,Tech-9,Warranty covered – no cost to fleet
MN00085,VH00031,FL001,Transmission Service,2025-09-26,21865,City Motors Rawalpindi,8031.0,5421.0,13452.0,PKR,Completed,51865,2026-07-30,Tech-9,Urgent – advised immediate action
MN00086,VH00064,FL001,Tyre Rotation,2022-08-21,147654,Pak Euro Motors,654.0,696.0,1350.0,PKR,Completed,157654,2023-07-16,Tech-18,Customer-reported issue resolved
MN00087,VH00071,FL002,Brake Pad Replace,2024-03-27,154069,Premier Auto Care Karachi,3941.0,7067.0,11008.0,PKR,Completed,179069,2024-07-22,Tech-7,Customer-reported issue resolved
MN00088,VH00063,FL003,AC Service,2024-10-01,105752,Al-Hamd Auto Workshop,1516.0,2907.0,4423.0,PKR,Completed,120752,2025-03-16,Tech-9,Minor wear observed
MN00089,VH00098,FL001,Tyre Replacement,2026-04-28,194433,CarPro Workshop F-10,6531.0,7808.0,14339.0,PKR,Completed,234433,2026-08-14,Tech-4,Warranty covered – no cost to fleet
MN00090,VH00104,FL003,Engine Tune-Up,2023-01-25,50172,Bilal Tyre & Battery,1620.0,2605.0,4225.0,PKR,Completed,70172,2023-11-17,Tech-20,Customer-reported issue resolved
MN00091,VH00071,FL002,Tyre Rotation,2022-06-01,206978,Official Toyota Service Center Islamabad,778.0,718.0,1496.0,PKR,Completed,216978,2022-10-21,Tech-18,Replaced as per schedule
MN00092,VH00089,FL001,AC Service,2023-06-04,178564,Official Toyota Service Center Islamabad,3208.0,3405.0,6613.0,PKR,Completed,193564,2024-03-04,Tech-11,Minor wear observed
MN00093,VH00063,FL003,AC Service,2024-06-23,142620,Official Toyota Service Center Islamabad,2133.0,1712.0,3845.0,PKR,In Progress,157620,2025-06-08,Tech-7,Customer-reported issue resolved
MN00094,VH00017,FL001,Tyre Rotation,2024-12-02,125435,Premier Auto Care Karachi,426.0,556.0,982.0,PKR,In Progress,135435,2025-10-05,Tech-5,Replaced as per schedule
MN00095,VH00077,FL001,Body Repair / Dent,2025-03-06,179864,City Motors Rawalpindi,9748.0,10455.0,20203.0,PKR,Completed,229864,2025-06-05,Tech-17,Warranty covered – no cost to fleet
MN00096,VH00097,FL002,Glass Replace,2024-12-05,142700,Pak Euro Motors,8378.0,8995.0,17373.0,PKR,Scheduled,192700,2025-05-19,Tech-4,Minor wear observed
MN00097,VH00016,FL001,Oil Change,2024-06-06,113280,National Auto Parts & Repair,1947.0,2929.0,4876.0,PKR,Warranty Claim,118280,2025-02-22,Tech-2,Customer-reported issue resolved
MN00098,VH00054,FL003,Tyre Replacement,2026-06-27,84016,Bilal Tyre & Battery,8317.0,12311.0,20628.0,PKR,Completed,124016,2027-05-25,Tech-6,Minor wear observed
MN00099,VH00094,FL002,Suspension Repair,2024-01-21,126246,Fast Lube Islamabad,8808.0,6057.0,14865.0,PKR,Completed,186246,2024-12-19,Tech-14,Warranty covered – no cost to fleet
MN00100,VH00067,FL001,Oil Change,2024-11-05,101275,Premier Auto Care Karachi,1428.0,3079.0,4507.0,PKR,Completed,106275,2025-03-03,Tech-5,
MN00101,VH00055,FL003,Engine Tune-Up,2025-02-27,163862,Pak Euro Motors,3701.0,4708.0,8409.0,PKR,Completed,183862,2025-06-20,Tech-11,
MN00102,VH00112,FL001,Battery Replace,2024-12-14,170676,Fast Lube Islamabad,4104.0,9150.0,13254.0,PKR,Completed,220676,2025-06-26,Tech-7,Warranty covered – no cost to fleet
MN00103,VH00078,FL002,Periodic Inspection,2022-04-13,107745,National Auto Parts & Repair,858.0,1071.0,1929.0,PKR,Completed,112745,2022-10-27,Tech-5,Customer-reported issue resolved
MN00104,VH00046,FL001,Engine Tune-Up,2023-12-12,135327,CarPro Workshop F-10,3637.0,3585.0,7222.0,PKR,Completed,155327,2024-10-19,Tech-5,Urgent – advised immediate action
MN00105,VH00093,FL002,Glass Replace,2023-02-02,89030,Bilal Tyre & Battery,6338.0,11007.0,17345.0,PKR,Completed,139030,2023-10-27,Tech-6,Warranty covered – no cost to fleet
MN00106,VH00033,FL001,Tyre Rotation,2022-05-16,161026,Fast Lube Islamabad,458.0,762.0,1220.0,PKR,Completed,171026,2022-12-01,Tech-5,Warranty covered – no cost to fleet
MN00107,VH00095,FL004,Oil Change,2022-05-02,177270,Official Toyota Service Center Islamabad,1966.0,1523.0,3489.0,PKR,Completed,182270,2022-11-07,Tech-5,Warranty covered – no cost to fleet
MN00108,VH00098,FL001,Tyre Rotation,2025-05-20,152796,City Motors Rawalpindi,674.0,683.0,1357.0,PKR,Completed,162796,2025-08-27,Tech-14,Customer-reported issue resolved
MN00109,VH00024,FL001,AC Service,2022-12-16,92069,Al-Hamd Auto Workshop,2022.0,2970.0,4992.0,PKR,Completed,107069,2023-05-31,Tech-19,Urgent – advised immediate action
MN00110,VH00016,FL001,Glass Replace,2025-07-01,60011,Al-Hamd Auto Workshop,9134.0,8200.0,17334.0,PKR,Completed,110011,2025-11-28,Tech-9,Urgent – advised immediate action
MN00111,VH00024,FL001,Engine Tune-Up,2025-11-16,116677,Pak Euro Motors,2393.0,3232.0,5625.0,PKR,Scheduled,136677,2026-07-15,Tech-20,
MN00112,VH00010,FL002,Engine Tune-Up,2023-10-14,155513,Honda Authorized Workshop Lahore,3274.0,4581.0,7855.0,PKR,Completed,175513,2024-08-08,Tech-20,Urgent – advised immediate action
MN00113,VH00108,FL001,Accident Repair,2023-11-01,231964,City Motors Rawalpindi,23963.0,48137.0,72100.0,PKR,Scheduled,281964,2024-08-24,Tech-17,
MN00114,VH00033,FL001,Engine Tune-Up,2023-08-22,144869,Workshop In-House (Fleet Mechanic),3254.0,4971.0,8225.0,PKR,Completed,164869,2024-06-18,Tech-14,
MN00115,VH00050,FL002,Suspension Repair,2026-06-17,228792,National Auto Parts & Repair,4811.0,6542.0,11353.0,PKR,Completed,288792,2026-09-23,Tech-19,Warranty covered – no cost to fleet
MN00116,VH00029,FL004,Tyre Replacement,2024-03-09,133679,Official Toyota Service Center Islamabad,9644.0,13481.0,23125.0,PKR,Completed,173679,2025-02-23,Tech-20,
MN00117,VH00012,FL001,Brake Pad Replace,2023-01-13,65122,Honda Authorized Workshop Lahore,4764.0,3725.0,8489.0,PKR,Completed,90122,2023-08-17,Tech-14,Urgent – advised immediate action
MN00118,VH00088,FL003,Engine Tune-Up,2024-08-16,120019,Official Toyota Service Center Islamabad,2653.0,3584.0,6237.0,PKR,In Progress,140019,2025-03-21,Tech-14,Customer-reported issue resolved
MN00119,VH00038,FL003,Suspension Repair,2026-04-16,154189,Bilal Tyre & Battery,5563.0,8333.0,13896.0,PKR,Scheduled,214189,2026-11-02,Tech-10,Urgent – advised immediate action
MN00120,VH00083,FL003,Body Repair / Dent,2025-10-12,189037,Workshop In-House (Fleet Mechanic),15246.0,13745.0,28991.0,PKR,Completed,239037,2026-09-02,Tech-11,
MN00121,VH00058,FL003,Tyre Rotation,2024-02-10,150401,Workshop In-House (Fleet Mechanic),455.0,658.0,1113.0,PKR,Completed,160401,2024-06-27,Tech-13,Customer-reported issue resolved
MN00122,VH00011,FL001,Transmission Service,2023-02-06,86189,Pak Euro Motors,3671.0,7726.0,11397.0,PKR,Completed,116189,2023-07-28,Tech-9,Minor wear observed
MN00123,VH00023,FL001,Battery Replace,2022-09-20,103382,City Motors Rawalpindi,10218.0,7140.0,17358.0,PKR,Scheduled,153382,2023-03-30,Tech-6,Customer-reported issue resolved
MN00124,VH00035,FL002,Accident Repair,2025-11-18,135292,City Motors Rawalpindi,37688.0,48040.0,85728.0,PKR,Completed,185292,2026-06-08,Tech-4,
MN00125,VH00095,FL004,Periodic Inspection,2023-12-30,149028,Pak Euro Motors,673.0,1102.0,1775.0,PKR,Completed,154028,2024-11-03,Tech-1,
MN00126,VH00076,FL001,AC Service,2022-07-05,172206,City Motors Rawalpindi,1330.0,2790.0,4120.0,PKR,Completed,187206,2023-04-16,Tech-4,Replaced as per schedule
MN00127,VH00024,FL001,Tyre Rotation,2025-07-05,133326,Al-Hamd Auto Workshop,484.0,427.0,911.0,PKR,Completed,143326,2026-02-11,Tech-2,Replaced as per schedule
MN00128,VH00002,FL002,Battery Replace,2024-12-25,123043,Bilal Tyre & Battery,6955.0,5598.0,12553.0,PKR,Completed,173043,2025-05-13,Tech-6,Minor wear observed
MN00129,VH00106,FL001,Tyre Rotation,2022-06-14,116395,CarPro Workshop F-10,519.0,547.0,1066.0,PKR,Completed,126395,2023-03-19,Tech-2,Replaced as per schedule
MN00130,VH00072,FL003,AC Service,2023-08-06,157630,National Auto Parts & Repair,2194.0,2764.0,4958.0,PKR,Warranty Claim,172630,2024-04-23,Tech-6,Customer-reported issue resolved
MN00131,VH00021,FL003,Battery Replace,2023-11-26,211184,Official Toyota Service Center Islamabad,4562.0,8059.0,12621.0,PKR,Warranty Claim,261184,2024-10-14,Tech-18,Urgent – advised immediate action
MN00132,VH00080,FL002,Accident Repair,2025-09-05,156988,Official Toyota Service Center Islamabad,40013.0,60976.0,100989.0,PKR,Completed,206988,2026-03-02,Tech-12,Replaced as per schedule
MN00133,VH00018,FL003,Tyre Replacement,2022-11-09,186039,Pak Euro Motors,6203.0,11194.0,17397.0,PKR,Completed,226039,2023-11-06,Tech-11,Warranty covered – no cost to fleet
MN00134,VH00106,FL001,Transmission Service,2023-06-10,69649,Pak Euro Motors,3348.0,4492.0,7840.0,PKR,Completed,99649,2024-02-18,Tech-17,Warranty covered – no cost to fleet
MN00135,VH00090,FL003,Transmission Service,2024-11-17,105241,Official Toyota Service Center Islamabad,4907.0,6914.0,11821.0,PKR,In Progress,135241,2025-04-03,Tech-9,Customer-reported issue resolved
MN00136,VH00056,FL002,Oil Change,2024-01-22,133740,Premier Auto Care Karachi,1253.0,2912.0,4165.0,PKR,In Progress,138740,2024-06-15,Tech-3,Minor wear observed
MN00137,VH00102,FL001,Brake Pad Replace,2023-03-17,82098,Fast Lube Islamabad,3423.0,4845.0,8268.0,PKR,Completed,107098,2023-12-17,Tech-6,Urgent – advised immediate action
MN00138,VH00056,FL002,Oil Change,2022-11-16,101987,Al-Hamd Auto Workshop,1353.0,2120.0,3473.0,PKR,Warranty Claim,106987,2023-09-09,Tech-17,Urgent – advised immediate action
MN00139,VH00027,FL002,Periodic Inspection,2022-08-22,97081,Fast Lube Islamabad,1083.0,1419.0,2502.0,PKR,Completed,102081,2023-03-21,Tech-6,Customer-reported issue resolved
MN00140,VH00091,FL001,Suspension Repair,2023-05-23,246933,Honda Authorized Workshop Lahore,4360.0,9750.0,14110.0,PKR,Completed,306933,2023-11-12,Tech-14,Customer-reported issue resolved
MN00141,VH00020,FL003,Engine Tune-Up,2023-06-29,89344,National Auto Parts & Repair,4853.0,3690.0,8543.0,PKR,Completed,109344,2024-01-02,Tech-4,Replaced as per schedule
MN00142,VH00066,FL002,Glass Replace,2024-01-19,211224,Fast Lube Islamabad,7044.0,12730.0,19774.0,PKR,Completed,261224,2024-11-26,Tech-14,Replaced as per schedule
MN00143,VH00119,FL003,Suspension Repair,2023-06-02,58950,National Auto Parts & Repair,4934.0,6028.0,10962.0,PKR,Completed,118950,2024-02-27,Tech-4,Warranty covered – no cost to fleet
MN00144,VH00012,FL001,Periodic Inspection,2025-02-01,125602,National Auto Parts & Repair,680.0,1077.0,1757.0,PKR,Completed,130602,2025-07-13,Tech-12,Warranty covered – no cost to fleet
MN00145,VH00078,FL002,Suspension Repair,2022-01-30,160538,Honda Authorized Workshop Lahore,3904.0,7019.0,10923.0,PKR,Completed,220538,2022-10-28,Tech-10,Minor wear observed
MN00146,VH00078,FL002,Transmission Service,2022-09-22,164006,Workshop In-House (Fleet Mechanic),3554.0,3937.0,7491.0,PKR,Completed,194006,2023-03-02,Tech-13,Urgent – advised immediate action
MN00147,VH00116,FL004,AC Service,2024-07-29,102598,CarPro Workshop F-10,2374.0,3096.0,5470.0,PKR,Scheduled,117598,2024-11-26,Tech-19,Replaced as per schedule
MN00148,VH00089,FL001,Body Repair / Dent,2024-12-17,209670,Fast Lube Islamabad,7634.0,14939.0,22573.0,PKR,Completed,259670,2025-10-10,Tech-18,
MN00149,VH00008,FL004,Body Repair / Dent,2023-12-29,170792,Al-Hamd Auto Workshop,19488.0,14802.0,34290.0,PKR,Completed,220792,2024-10-08,Tech-9,
MN00150,VH00101,FL004,Body Repair / Dent,2024-07-21,117944,Bilal Tyre & Battery,9419.0,13322.0,22741.0,PKR,Completed,167944,2024-12-28,Tech-8,Warranty covered – no cost to fleet
MN00151,VH00001,FL002,Oil Change,2023-04-03,148055,Pak Euro Motors,1858.0,3088.0,4946.0,PKR,Completed,153055,2024-02-01,Tech-5,
MN00152,VH00074,FL002,Transmission Service,2024-12-31,168284,Official Toyota Service Center Islamabad,4258.0,5949.0,10207.0,PKR,Completed,198284,2025-08-14,Tech-17,
MN00153,VH00013,FL003,Oil Change,2026-04-04,227446,Bilal Tyre & Battery,1349.0,2299.0,3648.0,PKR,Warranty Claim,232446,2026-09-05,Tech-1,Warranty covered – no cost to fleet
MN00154,VH00016,FL001,Body Repair / Dent,2025-05-18,48244,Pak Euro Motors,11205.0,25248.0,36453.0,PKR,Completed,98244,2026-03-06,Tech-15,Customer-reported issue resolved
MN00155,VH00050,FL002,Glass Replace,2024-02-11,195957,Fast Lube Islamabad,8015.0,14683.0,22698.0,PKR,Completed,245957,2024-11-03,Tech-19,Customer-reported issue resolved
MN00156,VH00019,FL001,Oil Change,2024-07-24,112130,Honda Authorized Workshop Lahore,2052.0,1734.0,3786.0,PKR,Completed,117130,2025-05-15,Tech-19,Warranty covered – no cost to fleet
MN00157,VH00047,FL003,Suspension Repair,2024-01-03,191978,Al-Hamd Auto Workshop,4870.0,9541.0,14411.0,PKR,Scheduled,251978,2024-10-05,Tech-17,
MN00158,VH00073,FL001,Accident Repair,2025-01-13,177509,Bilal Tyre & Battery,45991.0,52945.0,98936.0,PKR,Completed,227509,2025-09-14,Tech-15,Urgent – advised immediate action
MN00159,VH00066,FL002,Tyre Rotation,2022-10-18,173130,Fast Lube Islamabad,333.0,449.0,782.0,PKR,Warranty Claim,183130,2023-10-13,Tech-19,Customer-reported issue resolved
MN00160,VH00096,FL004,Battery Replace,2025-04-13,183846,Workshop In-House (Fleet Mechanic),5070.0,7279.0,12349.0,PKR,Completed,233846,2025-09-25,Tech-16,Replaced as per schedule
MN00161,VH00081,FL001,Transmission Service,2026-06-21,33741,Workshop In-House (Fleet Mechanic),4270.0,7472.0,11742.0,PKR,Completed,63741,2027-01-19,Tech-12,
MN00162,VH00063,FL003,Brake Pad Replace,2025-04-22,134057,Al-Hamd Auto Workshop,2881.0,3934.0,6815.0,PKR,In Progress,159057,2025-08-27,Tech-16,Customer-reported issue resolved
MN00163,VH00053,FL002,AC Service,2024-01-04,160116,Bilal Tyre & Battery,1104.0,2229.0,3333.0,PKR,Completed,175116,2024-04-26,Tech-6,Urgent – advised immediate action
MN00164,VH00011,FL001,Tyre Rotation,2025-09-06,112724,Al-Hamd Auto Workshop,397.0,455.0,852.0,PKR,Completed,122724,2025-12-18,Tech-15,Urgent – advised immediate action
MN00165,VH00051,FL001,Tyre Rotation,2022-11-23,152379,Fast Lube Islamabad,355.0,540.0,895.0,PKR,Completed,162379,2023-07-07,Tech-4,Customer-reported issue resolved
MN00166,VH00111,FL003,Engine Tune-Up,2024-03-19,195824,Al-Hamd Auto Workshop,1629.0,3366.0,4995.0,PKR,Completed,215824,2024-09-12,Tech-12,Urgent – advised immediate action
MN00167,VH00043,FL001,Periodic Inspection,2026-02-15,159988,Pak Euro Motors,827.0,1138.0,1965.0,PKR,Completed,164988,2026-10-05,Tech-8,Replaced as per schedule
MN00168,VH00067,FL001,Brake Pad Replace,2025-09-19,71132,CarPro Workshop F-10,2974.0,4924.0,7898.0,PKR,Completed,96132,2026-02-02,Tech-17,Warranty covered – no cost to fleet
MN00169,VH00053,FL002,Periodic Inspection,2025-08-08,181888,Premier Auto Care Karachi,1261.0,1709.0,2970.0,PKR,Completed,186888,2026-02-11,Tech-17,Warranty covered – no cost to fleet
MN00170,VH00101,FL004,Oil Change,2026-04-08,158704,Al-Hamd Auto Workshop,1555.0,3383.0,4938.0,PKR,Warranty Claim,163704,2027-02-28,Tech-13,Urgent – advised immediate action
MN00171,VH00066,FL002,Brake Pad Replace,2025-07-23,159081,City Motors Rawalpindi,2916.0,5954.0,8870.0,PKR,Completed,184081,2026-07-19,Tech-1,
MN00172,VH00119,FL003,Glass Replace,2024-08-28,77459,Premier Auto Care Karachi,10624.0,11670.0,22294.0,PKR,Scheduled,127459,2025-01-17,Tech-5,
MN00173,VH00025,FL001,Periodic Inspection,2025-07-04,42031,National Auto Parts & Repair,528.0,1221.0,1749.0,PKR,Completed,47031,2026-04-28,Tech-11,Urgent – advised immediate action
MN00174,VH00119,FL003,Suspension Repair,2025-02-19,94894,Al-Hamd Auto Workshop,9083.0,9642.0,18725.0,PKR,Completed,154894,2025-11-22,Tech-12,Warranty covered – no cost to fleet
MN00175,VH00069,FL001,AC Service,2023-04-11,42696,Al-Hamd Auto Workshop,1545.0,3508.0,5053.0,PKR,Completed,57696,2024-03-17,Tech-7,Minor wear observed
MN00176,VH00111,FL003,Battery Replace,2024-05-15,139463,Bilal Tyre & Battery,7701.0,5329.0,13030.0,PKR,Completed,189463,2024-10-22,Tech-20,Warranty covered – no cost to fleet
MN00177,VH00022,FL002,Glass Replace,2026-06-10,150982,Al-Hamd Auto Workshop,9472.0,11565.0,21037.0,PKR,Completed,200982,2027-01-23,Tech-6,Customer-reported issue resolved
MN00178,VH00059,FL002,Engine Tune-Up,2023-04-21,131797,Fast Lube Islamabad,3491.0,2588.0,6079.0,PKR,Completed,151797,2023-08-01,Tech-2,Replaced as per schedule
MN00179,VH00091,FL001,Brake Pad Replace,2025-06-27,182360,Honda Authorized Workshop Lahore,3393.0,2874.0,6267.0,PKR,Completed,207360,2025-11-22,Tech-19,Urgent – advised immediate action
MN00180,VH00074,FL002,Brake Pad Replace,2024-09-19,204546,City Motors Rawalpindi,5498.0,5866.0,11364.0,PKR,Completed,229546,2025-07-21,Tech-5,Replaced as per schedule
MN00181,VH00029,FL004,Engine Tune-Up,2022-09-03,118293,CarPro Workshop F-10,2801.0,4514.0,7315.0,PKR,Warranty Claim,138293,2023-08-14,Tech-5,
MN00182,VH00044,FL002,Glass Replace,2023-04-12,220730,National Auto Parts & Repair,6945.0,9834.0,16779.0,PKR,Completed,270730,2023-09-03,Tech-13,Minor wear observed
MN00183,VH00014,FL004,Tyre Replacement,2024-04-10,99488,Workshop In-House (Fleet Mechanic),6143.0,12473.0,18616.0,PKR,Completed,139488,2024-09-26,Tech-11,Minor wear observed
MN00184,VH00055,FL003,Accident Repair,2022-11-23,162566,Fast Lube Islamabad,63447.0,52356.0,115803.0,PKR,In Progress,212566,2023-07-09,Tech-20,Customer-reported issue resolved
MN00185,VH00003,FL001,Suspension Repair,2025-05-03,96830,Bilal Tyre & Battery,5512.0,11265.0,16777.0,PKR,Completed,156830,2026-02-10,Tech-15,Warranty covered – no cost to fleet
MN00186,VH00116,FL004,AC Service,2023-09-16,80383,Workshop In-House (Fleet Mechanic),1839.0,2288.0,4127.0,PKR,Completed,95383,2024-06-09,Tech-6,Warranty covered – no cost to fleet
MN00187,VH00024,FL001,Engine Tune-Up,2025-01-24,91224,Al-Hamd Auto Workshop,2219.0,4420.0,6639.0,PKR,Completed,111224,2025-07-30,Tech-16,
MN00188,VH00090,FL003,Battery Replace,2025-03-11,69697,Workshop In-House (Fleet Mechanic),5380.0,4341.0,9721.0,PKR,Completed,119697,2025-11-12,Tech-2,Warranty covered – no cost to fleet
MN00189,VH00012,FL001,AC Service,2024-06-22,128864,City Motors Rawalpindi,1659.0,1720.0,3379.0,PKR,Completed,143864,2025-01-29,Tech-20,Replaced as per schedule
MN00190,VH00020,FL003,Accident Repair,2022-08-04,82085,Workshop In-House (Fleet Mechanic),27825.0,37528.0,65353.0,PKR,In Progress,132085,2023-03-13,Tech-15,Replaced as per schedule
MN00191,VH00110,FL002,Body Repair / Dent,2023-02-24,186151,Premier Auto Care Karachi,10972.0,20492.0,31464.0,PKR,Completed,236151,2023-12-24,Tech-15,Minor wear observed
MN00192,VH00094,FL002,Brake Pad Replace,2025-05-20,89207,Fast Lube Islamabad,5729.0,4274.0,10003.0,PKR,Completed,114207,2025-10-20,Tech-20,Replaced as per schedule
MN00193,VH00041,FL001,Brake Pad Replace,2025-04-05,141844,Workshop In-House (Fleet Mechanic),2985.0,6446.0,9431.0,PKR,Completed,166844,2025-09-15,Tech-13,Customer-reported issue resolved
MN00194,VH00005,FL003,AC Service,2023-06-25,109682,National Auto Parts & Repair,2222.0,3309.0,5531.0,PKR,In Progress,124682,2023-11-01,Tech-12,Urgent – advised immediate action
MN00195,VH00010,FL002,AC Service,2022-05-05,152234,Premier Auto Care Karachi,2030.0,4445.0,6475.0,PKR,Completed,167234,2023-01-20,Tech-18,Warranty covered – no cost to fleet
MN00196,VH00054,FL003,Tyre Replacement,2023-06-18,91873,Al-Hamd Auto Workshop,15770.0,10575.0,26345.0,PKR,In Progress,131873,2024-02-17,Tech-5,
MN00197,VH00038,FL003,Body Repair / Dent,2025-01-31,156440,Workshop In-House (Fleet Mechanic),11452.0,25282.0,36734.0,PKR,Completed,206440,2026-01-13,Tech-10,Customer-reported issue resolved
MN00198,VH00073,FL001,Tyre Replacement,2023-12-23,171130,Al-Hamd Auto Workshop,13618.0,11222.0,24840.0,PKR,Completed,211130,2024-10-29,Tech-19,Warranty covered – no cost to fleet
MN00199,VH00072,FL003,Battery Replace,2022-04-03,153901,Official Toyota Service Center Islamabad,8638.0,7593.0,16231.0,PKR,Completed,203901,2023-01-03,Tech-19,Customer-reported issue resolved
MN00200,VH00059,FL002,Transmission Service,2022-10-24,118355,Pak Euro Motors,2796.0,5485.0,8281.0,PKR,Completed,148355,2023-07-24,Tech-12,Replaced as per schedule
MN00201,VH00115,FL001,Oil Change,2024-11-20,228343,National Auto Parts & Repair,2446.0,2153.0,4599.0,PKR,Completed,233343,2025-05-21,Tech-2,Replaced as per schedule
MN00202,VH00090,FL003,Periodic Inspection,2025-10-24,78952,Honda Authorized Workshop Lahore,876.0,1255.0,2131.0,PKR,Completed,83952,2026-05-20,Tech-1,Replaced as per schedule
MN00203,VH00081,FL001,Periodic Inspection,2025-04-23,84441,Honda Authorized Workshop Lahore,724.0,752.0,1476.0,PKR,In Progress,89441,2026-01-02,Tech-20,
MN00204,VH00114,FL003,Periodic Inspection,2023-01-07,157607,CarPro Workshop F-10,1222.0,1655.0,2877.0,PKR,Completed,162607,2023-04-18,Tech-9,Warranty covered – no cost to fleet
MN00205,VH00110,FL002,Transmission Service,2025-12-22,200812,Official Toyota Service Center Islamabad,3800.0,4306.0,8106.0,PKR,Completed,230812,2026-12-09,Tech-17,
MN00206,VH00066,FL002,Oil Change,2025-02-01,199710,Bilal Tyre & Battery,1608.0,1239.0,2847.0,PKR,Completed,204710,2025-07-28,Tech-20,Customer-reported issue resolved
MN00207,VH00096,FL004,Brake Pad Replace,2024-02-28,166654,Pak Euro Motors,3390.0,5523.0,8913.0,PKR,Completed,191654,2025-02-07,Tech-6,Customer-reported issue resolved
MN00208,VH00059,FL002,Brake Pad Replace,2022-07-30,134115,Al-Hamd Auto Workshop,4797.0,4514.0,9311.0,PKR,Completed,159115,2023-06-24,Tech-18,Replaced as per schedule
MN00209,VH00102,FL001,Brake Pad Replace,2024-02-25,134231,Workshop In-House (Fleet Mechanic),3023.0,5835.0,8858.0,PKR,Completed,159231,2024-07-06,Tech-11,Minor wear observed
MN00210,VH00064,FL001,Brake Pad Replace,2025-06-15,122368,Premier Auto Care Karachi,3099.0,6822.0,9921.0,PKR,Completed,147368,2026-03-19,Tech-7,Customer-reported issue resolved
MN00211,VH00078,FL002,AC Service,2024-04-25,100551,Bilal Tyre & Battery,2018.0,1969.0,3987.0,PKR,Scheduled,115551,2024-09-21,Tech-12,Replaced as per schedule
MN00212,VH00042,FL002,Oil Change,2024-11-10,220276,City Motors Rawalpindi,1555.0,1177.0,2732.0,PKR,Scheduled,225276,2025-10-15,Tech-9,Minor wear observed
MN00213,VH00075,FL003,Glass Replace,2025-05-11,74581,Pak Euro Motors,8106.0,8735.0,16841.0,PKR,Completed,124581,2025-11-15,Tech-9,Customer-reported issue resolved
MN00214,VH00010,FL002,Glass Replace,2022-08-18,112963,Premier Auto Care Karachi,8490.0,10873.0,19363.0,PKR,Completed,162963,2023-02-18,Tech-16,Customer-reported issue resolved
MN00215,VH00017,FL001,Tyre Rotation,2025-06-04,164627,Bilal Tyre & Battery,323.0,409.0,732.0,PKR,Completed,174627,2025-10-25,Tech-13,Replaced as per schedule
MN00216,VH00028,FL003,Brake Pad Replace,2024-08-07,62992,Fast Lube Islamabad,3587.0,3296.0,6883.0,PKR,In Progress,87992,2024-12-08,Tech-2,Replaced as per schedule
MN00217,VH00083,FL003,Battery Replace,2024-04-23,187481,Honda Authorized Workshop Lahore,6772.0,11224.0,17996.0,PKR,Completed,237481,2024-08-02,Tech-4,Urgent – advised immediate action
MN00218,VH00101,FL004,Periodic Inspection,2022-10-28,113486,Fast Lube Islamabad,1338.0,1234.0,2572.0,PKR,Completed,118486,2023-04-16,Tech-5,Warranty covered – no cost to fleet
MN00219,VH00009,FL002,AC Service,2022-03-08,120416,National Auto Parts & Repair,2189.0,4435.0,6624.0,PKR,Completed,135416,2022-09-08,Tech-8,Replaced as per schedule
MN00220,VH00029,FL004,Brake Pad Replace,2022-10-07,114680,City Motors Rawalpindi,5682.0,4632.0,10314.0,PKR,Scheduled,139680,2023-02-19,Tech-17,Urgent – advised immediate action
MN00221,VH00057,FL003,Engine Tune-Up,2025-01-01,109869,Fast Lube Islamabad,2761.0,2455.0,5216.0,PKR,Completed,129869,2025-06-11,Tech-8,Warranty covered – no cost to fleet
MN00222,VH00076,FL001,AC Service,2022-05-11,219639,City Motors Rawalpindi,2422.0,2225.0,4647.0,PKR,Completed,234639,2022-12-01,Tech-12,
MN00223,VH00079,FL002,AC Service,2024-01-01,138391,Workshop In-House (Fleet Mechanic),1920.0,2417.0,4337.0,PKR,Completed,153391,2024-12-16,Tech-8,Urgent – advised immediate action
MN00224,VH00037,FL004,Suspension Repair,2024-07-09,43218,CarPro Workshop F-10,8170.0,8634.0,16804.0,PKR,Completed,103218,2024-12-05,Tech-9,Customer-reported issue resolved
MN00225,VH00096,FL004,Engine Tune-Up,2022-01-29,185930,Workshop In-House (Fleet Mechanic),3117.0,4076.0,7193.0,PKR,Completed,205930,2022-04-29,Tech-20,Urgent – advised immediate action
MN00226,VH00026,FL003,Suspension Repair,2023-03-31,227814,Fast Lube Islamabad,7794.0,5694.0,13488.0,PKR,Completed,287814,2023-09-26,Tech-11,
MN00227,VH00117,FL001,Suspension Repair,2022-08-03,113593,Premier Auto Care Karachi,7798.0,9866.0,17664.0,PKR,In Progress,173593,2023-03-27,Tech-14,Warranty covered – no cost to fleet
MN00228,VH00021,FL003,Oil Change,2023-05-18,193991,Al-Hamd Auto Workshop,1459.0,1906.0,3365.0,PKR,Completed,198991,2023-11-01,Tech-7,Customer-reported issue resolved
MN00229,VH00045,FL001,Engine Tune-Up,2023-01-25,202214,Honda Authorized Workshop Lahore,4256.0,4617.0,8873.0,PKR,Completed,222214,2023-06-27,Tech-3,Warranty covered – no cost to fleet
MN00230,VH00107,FL001,Brake Pad Replace,2025-07-31,147820,Al-Hamd Auto Workshop,4610.0,6287.0,10897.0,PKR,Completed,172820,2025-11-21,Tech-9,Minor wear observed
MN00231,VH00086,FL004,Suspension Repair,2025-01-27,50288,Pak Euro Motors,4008.0,8026.0,12034.0,PKR,Completed,110288,2025-07-04,Tech-14,
MN00232,VH00059,FL002,Body Repair / Dent,2023-07-17,159340,Al-Hamd Auto Workshop,10869.0,20809.0,31678.0,PKR,Completed,209340,2024-01-18,Tech-15,Minor wear observed
MN00233,VH00092,FL004,Periodic Inspection,2023-03-06,222811,Workshop In-House (Fleet Mechanic),612.0,1082.0,1694.0,PKR,Completed,227811,2023-11-20,Tech-18,Customer-reported issue resolved
MN00234,VH00077,FL001,Transmission Service,2022-05-09,173065,CarPro Workshop F-10,3180.0,6409.0,9589.0,PKR,Warranty Claim,203065,2022-08-31,Tech-11,Replaced as per schedule
MN00235,VH00101,FL004,Glass Replace,2023-06-08,151164,CarPro Workshop F-10,12672.0,13883.0,26555.0,PKR,Completed,201164,2024-03-29,Tech-18,Urgent – advised immediate action
MN00236,VH00084,FL001,Tyre Rotation,2023-01-01,197739,Workshop In-House (Fleet Mechanic),498.0,408.0,906.0,PKR,In Progress,207739,2023-04-08,Tech-19,Warranty covered – no cost to fleet
MN00237,VH00073,FL001,AC Service,2023-05-05,138483,Premier Auto Care Karachi,2982.0,3664.0,6646.0,PKR,Completed,153483,2024-02-01,Tech-19,Urgent – advised immediate action
MN00238,VH00098,FL001,AC Service,2023-01-22,191705,National Auto Parts & Repair,2790.0,2192.0,4982.0,PKR,Warranty Claim,206705,2023-12-23,Tech-8,Customer-reported issue resolved
MN00239,VH00084,FL001,Battery Replace,2026-04-11,238035,Honda Authorized Workshop Lahore,3975.0,4684.0,8659.0,PKR,Completed,288035,2026-09-23,Tech-12,Minor wear observed
MN00240,VH00033,FL001,Tyre Replacement,2023-03-20,116049,Official Toyota Service Center Islamabad,10846.0,11733.0,22579.0,PKR,Completed,156049,2023-10-21,Tech-8,Minor wear observed
MN00241,VH00031,FL001,Engine Tune-Up,2022-06-13,25684,Pak Euro Motors,2241.0,4025.0,6266.0,PKR,Completed,45684,2023-02-19,Tech-1,Replaced as per schedule
MN00242,VH00052,FL001,Engine Tune-Up,2024-12-09,102939,Fast Lube Islamabad,3657.0,4386.0,8043.0,PKR,Completed,122939,2025-06-05,Tech-7,Customer-reported issue resolved
MN00243,VH00024,FL001,Suspension Repair,2022-05-20,118515,Fast Lube Islamabad,7307.0,9402.0,16709.0,PKR,Completed,178515,2023-05-16,Tech-15,Minor wear observed
MN00244,VH00073,FL001,Engine Tune-Up,2022-07-12,217814,Honda Authorized Workshop Lahore,4401.0,4316.0,8717.0,PKR,Completed,237814,2022-11-28,Tech-13,Urgent – advised immediate action
MN00245,VH00021,FL003,Body Repair / Dent,2023-07-23,216719,Honda Authorized Workshop Lahore,9065.0,9881.0,18946.0,PKR,Completed,266719,2024-03-25,Tech-9,Customer-reported issue resolved
MN00246,VH00099,FL001,AC Service,2024-09-30,37487,Premier Auto Care Karachi,1247.0,2460.0,3707.0,PKR,Completed,52487,2025-06-11,Tech-5,Minor wear observed
MN00247,VH00054,FL003,Transmission Service,2024-06-08,71136,Official Toyota Service Center Islamabad,2560.0,4580.0,7140.0,PKR,Completed,101136,2024-12-19,Tech-2,Customer-reported issue resolved
MN00248,VH00022,FL002,Periodic Inspection,2022-07-24,170061,City Motors Rawalpindi,1270.0,942.0,2212.0,PKR,Completed,175061,2023-07-11,Tech-9,
MN00249,VH00104,FL003,AC Service,2026-03-29,64898,Bilal Tyre & Battery,3456.0,2957.0,6413.0,PKR,In Progress,79898,2026-10-06,Tech-6,
MN00250,VH00063,FL003,Tyre Replacement,2023-07-07,70486,Official Toyota Service Center Islamabad,10060.0,13118.0,23178.0,PKR,Completed,110486,2023-12-05,Tech-14,Replaced as per schedule
MN00251,VH00022,FL002,Battery Replace,2024-09-05,174897,Bilal Tyre & Battery,5644.0,8891.0,14535.0,PKR,Completed,224897,2025-01-12,Tech-17,Customer-reported issue resolved
MN00252,VH00058,FL003,Accident Repair,2023-11-05,219918,Pak Euro Motors,35460.0,30255.0,65715.0,PKR,Completed,269918,2024-03-31,Tech-6,
MN00253,VH00060,FL003,Periodic Inspection,2026-04-14,45468,CarPro Workshop F-10,744.0,891.0,1635.0,PKR,Completed,50468,2026-09-10,Tech-1,Warranty covered – no cost to fleet
MN00254,VH00073,FL001,Brake Pad Replace,2023-07-10,160753,National Auto Parts & Repair,3749.0,6728.0,10477.0,PKR,Completed,185753,2023-12-06,Tech-5,Replaced as per schedule
MN00255,VH00080,FL002,Body Repair / Dent,2023-10-05,174279,Honda Authorized Workshop Lahore,12583.0,10516.0,23099.0,PKR,Completed,224279,2024-07-04,Tech-9,Replaced as per schedule
MN00256,VH00115,FL001,Oil Change,2024-08-08,243346,Workshop In-House (Fleet Mechanic),1664.0,3547.0,5211.0,PKR,In Progress,248346,2025-01-31,Tech-10,Warranty covered – no cost to fleet
MN00257,VH00108,FL001,Accident Repair,2022-07-17,203899,Fast Lube Islamabad,33404.0,58700.0,92104.0,PKR,Completed,253899,2023-05-31,Tech-17,Minor wear observed
MN00258,VH00086,FL004,Body Repair / Dent,2023-12-10,80502,Premier Auto Care Karachi,11927.0,14538.0,26465.0,PKR,In Progress,130502,2024-10-14,Tech-7,Urgent – advised immediate action
MN00259,VH00040,FL003,Battery Replace,2023-09-14,156565,Al-Hamd Auto Workshop,3845.0,8957.0,12802.0,PKR,Completed,206565,2024-05-04,Tech-3,Customer-reported issue resolved
MN00260,VH00011,FL001,AC Service,2023-04-03,76822,Fast Lube Islamabad,1807.0,1377.0,3184.0,PKR,Completed,91822,2023-10-05,Tech-12,Minor wear observed
MN00261,VH00025,FL001,Brake Pad Replace,2023-09-20,45745,Fast Lube Islamabad,4471.0,5073.0,9544.0,PKR,Warranty Claim,70745,2024-03-15,Tech-16,Warranty covered – no cost to fleet
MN00262,VH00031,FL001,Periodic Inspection,2022-03-26,40739,Fast Lube Islamabad,1000.0,1776.0,2776.0,PKR,Completed,45739,2022-12-10,Tech-11,
MN00263,VH00087,FL001,Oil Change,2025-07-24,69033,Workshop In-House (Fleet Mechanic),2524.0,2014.0,4538.0,PKR,Warranty Claim,74033,2025-12-30,Tech-1,Warranty covered – no cost to fleet
MN00264,VH00035,FL002,Engine Tune-Up,2025-08-27,147359,City Motors Rawalpindi,1664.0,3276.0,4940.0,PKR,Completed,167359,2026-03-06,Tech-11,Minor wear observed
MN00265,VH00003,FL001,Accident Repair,2023-07-02,102369,Fast Lube Islamabad,31439.0,60635.0,92074.0,PKR,Completed,152369,2023-10-02,Tech-14,Minor wear observed
MN00266,VH00069,FL001,Battery Replace,2024-08-30,106051,Honda Authorized Workshop Lahore,6927.0,8813.0,15740.0,PKR,Warranty Claim,156051,2025-04-19,Tech-7,Warranty covered – no cost to fleet
MN00267,VH00031,FL001,Tyre Rotation,2022-08-13,91121,Al-Hamd Auto Workshop,441.0,473.0,914.0,PKR,Completed,101121,2023-01-24,Tech-4,Minor wear observed
MN00268,VH00109,FL003,Glass Replace,2025-02-05,128645,Bilal Tyre & Battery,13687.0,16139.0,29826.0,PKR,Completed,178645,2025-07-14,Tech-8,Replaced as per schedule
MN00269,VH00115,FL001,Glass Replace,2022-10-08,202021,Official Toyota Service Center Islamabad,8761.0,15260.0,24021.0,PKR,Completed,252021,2023-05-29,Tech-19,Minor wear observed
MN00270,VH00053,FL002,Periodic Inspection,2023-02-06,120415,National Auto Parts & Repair,1451.0,1073.0,2524.0,PKR,Completed,125415,2023-12-28,Tech-14,Replaced as per schedule
MN00271,VH00044,FL002,Tyre Rotation,2026-05-13,143669,Workshop In-House (Fleet Mechanic),386.0,358.0,744.0,PKR,Completed,153669,2026-11-12,Tech-19,Warranty covered – no cost to fleet
MN00272,VH00059,FL002,Accident Repair,2022-06-10,128025,Official Toyota Service Center Islamabad,22643.0,51027.0,73670.0,PKR,Completed,178025,2023-05-20,Tech-17,Replaced as per schedule
MN00273,VH00027,FL002,Body Repair / Dent,2022-11-18,26348,CarPro Workshop F-10,18660.0,16212.0,34872.0,PKR,Completed,76348,2023-06-04,Tech-7,Warranty covered – no cost to fleet
MN00274,VH00013,FL003,Periodic Inspection,2024-06-13,159565,Bilal Tyre & Battery,873.0,1315.0,2188.0,PKR,Scheduled,164565,2024-12-30,Tech-6,Replaced as per schedule
MN00275,VH00010,FL002,Engine Tune-Up,2025-03-23,153485,National Auto Parts & Repair,2779.0,2486.0,5265.0,PKR,Completed,173485,2026-02-02,Tech-5,Replaced as per schedule
MN00276,VH00021,FL003,AC Service,2024-05-27,192314,Official Toyota Service Center Islamabad,2865.0,3356.0,6221.0,PKR,Warranty Claim,207314,2025-01-19,Tech-10,Replaced as per schedule
MN00277,VH00066,FL002,Tyre Rotation,2024-08-14,207653,Fast Lube Islamabad,473.0,344.0,817.0,PKR,Completed,217653,2024-12-21,Tech-17,Minor wear observed
MN00278,VH00111,FL003,Accident Repair,2025-10-16,179351,National Auto Parts & Repair,38721.0,29028.0,67749.0,PKR,Scheduled,229351,2026-06-26,Tech-12,Minor wear observed
MN00279,VH00060,FL003,AC Service,2023-10-17,88711,City Motors Rawalpindi,2632.0,2353.0,4985.0,PKR,Completed,103711,2024-09-17,Tech-6,
MN00280,VH00061,FL004,Oil Change,2025-08-27,209810,National Auto Parts & Repair,992.0,1630.0,2622.0,PKR,Completed,214810,2026-06-19,Tech-13,Urgent – advised immediate action
MN00281,VH00100,FL002,Brake Pad Replace,2022-02-26,200839,Pak Euro Motors,2705.0,4858.0,7563.0,PKR,Completed,225839,2022-08-21,Tech-7,
MN00282,VH00103,FL004,AC Service,2023-07-02,153870,Fast Lube Islamabad,1422.0,2764.0,4186.0,PKR,Scheduled,168870,2024-01-19,Tech-12,Customer-reported issue resolved
MN00283,VH00058,FL003,Suspension Repair,2023-02-22,197373,Honda Authorized Workshop Lahore,9714.0,7867.0,17581.0,PKR,Completed,257373,2023-09-10,Tech-9,Minor wear observed
MN00284,VH00026,FL003,Oil Change,2024-03-02,190672,Pak Euro Motors,1625.0,1924.0,3549.0,PKR,Completed,195672,2024-08-28,Tech-13,
MN00285,VH00084,FL001,Suspension Repair,2024-01-17,202920,CarPro Workshop F-10,5818.0,5273.0,11091.0,PKR,In Progress,262920,2024-11-12,Tech-6,Replaced as per schedule
MN00286,VH00097,FL002,Tyre Replacement,2023-06-14,152930,CarPro Workshop F-10,4747.0,8913.0,13660.0,PKR,Completed,192930,2024-05-04,Tech-4,Replaced as per schedule
MN00287,VH00076,FL001,AC Service,2022-05-04,180329,Workshop In-House (Fleet Mechanic),3519.0,2476.0,5995.0,PKR,Completed,195329,2022-10-27,Tech-4,Urgent – advised immediate action
MN00288,VH00005,FL003,Transmission Service,2025-02-10,121665,Bilal Tyre & Battery,4045.0,4076.0,8121.0,PKR,Scheduled,151665,2026-02-05,Tech-13,
MN00289,VH00040,FL003,Engine Tune-Up,2023-11-21,110019,Bilal Tyre & Battery,2790.0,2811.0,5601.0,PKR,Completed,130019,2024-08-06,Tech-8,Customer-reported issue resolved
MN00290,VH00077,FL001,Oil Change,2023-12-10,145132,CarPro Workshop F-10,1224.0,2500.0,3724.0,PKR,Completed,150132,2024-05-20,Tech-11,
MN00291,VH00090,FL003,Tyre Rotation,2025-03-28,67015,Workshop In-House (Fleet Mechanic),483.0,886.0,1369.0,PKR,Completed,77015,2026-01-18,Tech-10,Urgent – advised immediate action
MN00292,VH00077,FL001,Body Repair / Dent,2026-04-27,135479,Honda Authorized Workshop Lahore,11447.0,13784.0,25231.0,PKR,Completed,185479,2026-08-05,Tech-10,Warranty covered – no cost to fleet
MN00293,VH00075,FL003,AC Service,2024-05-05,60237,Honda Authorized Workshop Lahore,2012.0,3424.0,5436.0,PKR,In Progress,75237,2025-02-11,Tech-17,
MN00294,VH00009,FL002,Transmission Service,2026-03-18,107332,Official Toyota Service Center Islamabad,2086.0,4357.0,6443.0,PKR,Completed,137332,2026-08-11,Tech-6,Minor wear observed
MN00295,VH00108,FL001,Battery Replace,2026-06-21,167784,City Motors Rawalpindi,3902.0,7793.0,11695.0,PKR,Completed,217784,2027-05-06,Tech-2,Customer-reported issue resolved
MN00296,VH00057,FL003,Brake Pad Replace,2025-07-12,143208,Workshop In-House (Fleet Mechanic),3058.0,6508.0,9566.0,PKR,Completed,168208,2026-05-05,Tech-1,Warranty covered – no cost to fleet
MN00297,VH00040,FL003,Glass Replace,2026-03-15,105820,Fast Lube Islamabad,11926.0,17698.0,29624.0,PKR,Scheduled,155820,2026-09-11,Tech-8,Warranty covered – no cost to fleet
MN00298,VH00092,FL004,Transmission Service,2024-12-04,221717,Official Toyota Service Center Islamabad,4262.0,7657.0,11919.0,PKR,Completed,251717,2025-03-06,Tech-9,Minor wear observed
MN00299,VH00012,FL001,Glass Replace,2022-12-13,101710,Honda Authorized Workshop Lahore,5863.0,10277.0,16140.0,PKR,Completed,151710,2023-10-10,Tech-2,Customer-reported issue resolved
MN00300,VH00106,FL001,Battery Replace,2023-04-18,47116,Al-Hamd Auto Workshop,5672.0,7918.0,13590.0,PKR,Scheduled,97116,2024-01-12,Tech-15,
MN00301,VH00026,FL003,AC Service,2023-06-10,176147,CarPro Workshop F-10,1367.0,3001.0,4368.0,PKR,Completed,191147,2023-12-26,Tech-5,Warranty covered – no cost to fleet
MN00302,VH00082,FL001,Brake Pad Replace,2024-04-19,137318,City Motors Rawalpindi,5627.0,3795.0,9422.0,PKR,Completed,162318,2024-08-12,Tech-19,Warranty covered – no cost to fleet
MN00303,VH00062,FL001,Tyre Rotation,2025-08-23,216934,CarPro Workshop F-10,395.0,857.0,1252.0,PKR,Completed,226934,2026-07-08,Tech-16,Replaced as per schedule
MN00304,VH00029,FL004,Periodic Inspection,2023-09-26,110055,CarPro Workshop F-10,887.0,903.0,1790.0,PKR,Completed,115055,2024-03-21,Tech-13,Replaced as per schedule
MN00305,VH00095,FL004,Accident Repair,2023-07-07,206359,City Motors Rawalpindi,30102.0,43734.0,73836.0,PKR,Scheduled,256359,2024-04-07,Tech-11,
MN00306,VH00065,FL001,Oil Change,2024-10-31,81959,Official Toyota Service Center Islamabad,1648.0,1297.0,2945.0,PKR,Scheduled,86959,2025-03-06,Tech-6,Replaced as per schedule
MN00307,VH00016,FL001,Engine Tune-Up,2026-05-25,60454,Official Toyota Service Center Islamabad,3562.0,2767.0,6329.0,PKR,Completed,80454,2027-03-02,Tech-11,Replaced as per schedule
MN00308,VH00104,FL003,Body Repair / Dent,2026-05-16,91429,Honda Authorized Workshop Lahore,14469.0,12986.0,27455.0,PKR,Completed,141429,2026-08-25,Tech-19,Warranty covered – no cost to fleet
MN00309,VH00117,FL001,Brake Pad Replace,2022-01-21,117442,Official Toyota Service Center Islamabad,4050.0,7649.0,11699.0,PKR,Completed,142442,2022-07-23,Tech-20,Warranty covered – no cost to fleet
MN00310,VH00113,FL004,Body Repair / Dent,2024-12-18,103689,Official Toyota Service Center Islamabad,10019.0,13512.0,23531.0,PKR,Completed,153689,2025-10-21,Tech-15,Warranty covered – no cost to fleet
MN00311,VH00110,FL002,Tyre Rotation,2024-02-18,166327,National Auto Parts & Repair,461.0,539.0,1000.0,PKR,Completed,176327,2024-11-07,Tech-15,
MN00312,VH00065,FL001,Suspension Repair,2024-07-26,80087,Official Toyota Service Center Islamabad,6252.0,5863.0,12115.0,PKR,Completed,140087,2025-06-21,Tech-17,Replaced as per schedule
MN00313,VH00097,FL002,Battery Replace,2026-03-16,183481,Fast Lube Islamabad,4861.0,10714.0,15575.0,PKR,Completed,233481,2027-03-15,Tech-2,Urgent – advised immediate action
MN00314,VH00018,FL003,Tyre Rotation,2026-04-08,203067,Workshop In-House (Fleet Mechanic),466.0,384.0,850.0,PKR,Completed,213067,2026-08-15,Tech-20,Minor wear observed
MN00315,VH00085,FL002,Suspension Repair,2024-11-28,142520,Fast Lube Islamabad,6858.0,12290.0,19148.0,PKR,In Progress,202520,2025-11-28,Tech-12,Urgent – advised immediate action
MN00316,VH00067,FL001,Accident Repair,2022-06-08,53083,Fast Lube Islamabad,52743.0,66338.0,119081.0,PKR,Scheduled,103083,2023-05-04,Tech-4,Warranty covered – no cost to fleet
MN00317,VH00099,FL001,Battery Replace,2024-01-18,57848,Honda Authorized Workshop Lahore,4985.0,3666.0,8651.0,PKR,Warranty Claim,107848,2024-08-10,Tech-18,Warranty covered – no cost to fleet
MN00318,VH00080,FL002,AC Service,2023-11-05,160142,Premier Auto Care Karachi,2198.0,3113.0,5311.0,PKR,Completed,175142,2024-06-30,Tech-19,Minor wear observed
MN00319,VH00032,FL001,Oil Change,2024-04-21,218614,Al-Hamd Auto Workshop,2233.0,2321.0,4554.0,PKR,Completed,223614,2024-08-20,Tech-2,Urgent – advised immediate action
MN00320,VH00101,FL004,Battery Replace,2026-01-31,138793,CarPro Workshop F-10,5857.0,4835.0,10692.0,PKR,In Progress,188793,2027-01-17,Tech-16,Urgent – advised immediate action
MN00321,VH00083,FL003,Engine Tune-Up,2025-01-17,218314,Al-Hamd Auto Workshop,2258.0,2422.0,4680.0,PKR,Completed,238314,2025-11-25,Tech-9,Warranty covered – no cost to fleet
MN00322,VH00075,FL003,Suspension Repair,2024-01-23,86485,Honda Authorized Workshop Lahore,5147.0,8897.0,14044.0,PKR,Completed,146485,2024-09-04,Tech-2,
MN00323,VH00023,FL001,Battery Replace,2026-01-31,57082,Bilal Tyre & Battery,5331.0,6942.0,12273.0,PKR,Completed,107082,2026-08-01,Tech-12,Replaced as per schedule
MN00324,VH00037,FL004,Accident Repair,2023-05-08,110498,Workshop In-House (Fleet Mechanic),51769.0,42730.0,94499.0,PKR,Completed,160498,2024-01-04,Tech-18,
MN00325,VH00100,FL002,Brake Pad Replace,2024-11-21,223915,Official Toyota Service Center Islamabad,5605.0,5424.0,11029.0,PKR,Scheduled,248915,2025-05-03,Tech-10,Replaced as per schedule
MN00326,VH00028,FL003,Transmission Service,2025-08-04,69607,Al-Hamd Auto Workshop,3754.0,8467.0,12221.0,PKR,Completed,99607,2025-11-11,Tech-4,Urgent – advised immediate action
MN00327,VH00024,FL001,Transmission Service,2022-04-25,108087,Honda Authorized Workshop Lahore,3680.0,6463.0,10143.0,PKR,Completed,138087,2022-12-12,Tech-11,Urgent – advised immediate action
MN00328,VH00071,FL002,Tyre Replacement,2024-06-03,153285,Bilal Tyre & Battery,8029.0,17706.0,25735.0,PKR,Completed,193285,2025-01-24,Tech-6,Minor wear observed
MN00329,VH00012,FL001,Suspension Repair,2026-01-25,88192,Workshop In-House (Fleet Mechanic),7599.0,7956.0,15555.0,PKR,Warranty Claim,148192,2026-07-04,Tech-14,Minor wear observed
MN00330,VH00021,FL003,Transmission Service,2026-01-21,175952,Bilal Tyre & Battery,3716.0,3357.0,7073.0,PKR,Scheduled,205952,2026-10-03,Tech-4,Customer-reported issue resolved
MN00331,VH00033,FL001,Glass Replace,2024-09-05,151064,Pak Euro Motors,8851.0,18331.0,27182.0,PKR,In Progress,201064,2025-03-08,Tech-8,Minor wear observed
MN00332,VH00085,FL002,Glass Replace,2022-04-15,99391,CarPro Workshop F-10,10198.0,18572.0,28770.0,PKR,Completed,149391,2022-10-11,Tech-7,Minor wear observed
MN00333,VH00048,FL003,Glass Replace,2026-03-08,67867,Pak Euro Motors,10714.0,7867.0,18581.0,PKR,Scheduled,117867,2026-09-08,Tech-1,Warranty covered – no cost to fleet
MN00334,VH00046,FL001,Transmission Service,2022-07-07,107506,National Auto Parts & Repair,4921.0,4175.0,9096.0,PKR,Completed,137506,2023-04-26,Tech-3,Customer-reported issue resolved
MN00335,VH00064,FL001,Battery Replace,2023-07-22,129902,Premier Auto Care Karachi,9688.0,8019.0,17707.0,PKR,Completed,179902,2024-05-28,Tech-1,Replaced as per schedule
MN00336,VH00024,FL001,Oil Change,2023-04-04,160072,Pak Euro Motors,2173.0,2469.0,4642.0,PKR,Completed,165072,2024-02-19,Tech-11,Replaced as per schedule
MN00337,VH00003,FL001,Engine Tune-Up,2024-10-01,119790,Honda Authorized Workshop Lahore,3259.0,2835.0,6094.0,PKR,Completed,139790,2025-03-12,Tech-10,Warranty covered – no cost to fleet
MN00338,VH00083,FL003,Accident Repair,2026-03-20,153863,CarPro Workshop F-10,64546.0,53247.0,117793.0,PKR,Warranty Claim,203863,2026-12-23,Tech-14,
MN00339,VH00014,FL004,Transmission Service,2023-01-15,122481,Workshop In-House (Fleet Mechanic),3072.0,3779.0,6851.0,PKR,Completed,152481,2024-01-04,Tech-19,
MN00340,VH00104,FL003,Glass Replace,2024-03-25,68797,Al-Hamd Auto Workshop,17284.0,11612.0,28896.0,PKR,Completed,118797,2025-03-10,Tech-6,Warranty covered – no cost to fleet
MN00341,VH00002,FL002,Accident Repair,2024-04-30,152479,City Motors Rawalpindi,51131.0,37539.0,88670.0,PKR,Scheduled,202479,2025-03-10,Tech-13,Warranty covered – no cost to fleet
MN00342,VH00016,FL001,Tyre Rotation,2025-02-05,62374,Premier Auto Care Karachi,426.0,665.0,1091.0,PKR,Completed,72374,2025-08-14,Tech-14,Minor wear observed
MN00343,VH00077,FL001,Glass Replace,2026-03-02,161517,Premier Auto Care Karachi,9834.0,14289.0,24123.0,PKR,Completed,211517,2026-09-14,Tech-20,
MN00344,VH00098,FL001,Tyre Replacement,2026-06-24,158245,Premier Auto Care Karachi,14139.0,11862.0,26001.0,PKR,Completed,198245,2026-11-29,Tech-17,Replaced as per schedule
MN00345,VH00040,FL003,Suspension Repair,2025-05-26,138755,Official Toyota Service Center Islamabad,7925.0,8887.0,16812.0,PKR,Completed,198755,2026-02-08,Tech-4,Replaced as per schedule
MN00346,VH00119,FL003,Periodic Inspection,2023-09-01,71351,Workshop In-House (Fleet Mechanic),778.0,1096.0,1874.0,PKR,Completed,76351,2023-12-19,Tech-7,Minor wear observed
MN00347,VH00013,FL003,Engine Tune-Up,2022-02-09,158664,Al-Hamd Auto Workshop,1856.0,4045.0,5901.0,PKR,In Progress,178664,2022-08-22,Tech-7,Replaced as per schedule
MN00348,VH00047,FL003,Glass Replace,2024-10-24,169028,Official Toyota Service Center Islamabad,8865.0,6159.0,15024.0,PKR,Completed,219028,2025-06-02,Tech-10,Minor wear observed
MN00349,VH00045,FL001,Body Repair / Dent,2022-04-18,233888,Workshop In-House (Fleet Mechanic),12782.0,17791.0,30573.0,PKR,Completed,283888,2023-01-27,Tech-14,Customer-reported issue resolved
MN00350,VH00093,FL002,Tyre Rotation,2024-02-12,117298,Fast Lube Islamabad,358.0,821.0,1179.0,PKR,Completed,127298,2024-09-22,Tech-13,Replaced as per schedule
MN00351,VH00105,FL003,Transmission Service,2025-09-09,84039,City Motors Rawalpindi,2859.0,4270.0,7129.0,PKR,Completed,114039,2026-03-22,Tech-4,Urgent – advised immediate action
MN00352,VH00037,FL004,Periodic Inspection,2022-02-08,51913,National Auto Parts & Repair,1196.0,1185.0,2381.0,PKR,Completed,56913,2022-11-28,Tech-19,Replaced as per schedule
MN00353,VH00024,FL001,Suspension Repair,2024-06-27,115086,Workshop In-House (Fleet Mechanic),8151.0,6350.0,14501.0,PKR,In Progress,175086,2024-09-30,Tech-13,
MN00354,VH00061,FL004,Transmission Service,2023-07-17,241075,Bilal Tyre & Battery,4562.0,5776.0,10338.0,PKR,Scheduled,271075,2023-10-21,Tech-8,
MN00355,VH00078,FL002,Periodic Inspection,2024-08-17,145687,Premier Auto Care Karachi,1271.0,1118.0,2389.0,PKR,In Progress,150687,2024-11-20,Tech-7,Urgent – advised immediate action
MN00356,VH00103,FL004,Tyre Replacement,2024-04-01,142369,Bilal Tyre & Battery,4861.0,9844.0,14705.0,PKR,Completed,182369,2024-12-15,Tech-12,Minor wear observed
MN00357,VH00059,FL002,Suspension Repair,2024-11-09,161568,Premier Auto Care Karachi,7982.0,10431.0,18413.0,PKR,Completed,221568,2025-10-27,Tech-15,Replaced as per schedule
MN00358,VH00032,FL001,Glass Replace,2023-06-13,163500,Pak Euro Motors,11996.0,10546.0,22542.0,PKR,Completed,213500,2024-01-10,Tech-4,Urgent – advised immediate action
MN00359,VH00119,FL003,Brake Pad Replace,2022-09-15,97390,National Auto Parts & Repair,3141.0,7227.0,10368.0,PKR,Completed,122390,2023-03-18,Tech-7,
MN00360,VH00107,FL001,Tyre Replacement,2024-12-29,204516,National Auto Parts & Repair,10164.0,8267.0,18431.0,PKR,Completed,244516,2025-11-24,Tech-2,Urgent – advised immediate action
MN00361,VH00012,FL001,Battery Replace,2024-03-13,66450,Official Toyota Service Center Islamabad,5897.0,8199.0,14096.0,PKR,Scheduled,116450,2025-01-31,Tech-9,Replaced as per schedule
MN00362,VH00078,FL002,Accident Repair,2024-09-13,160094,Pak Euro Motors,56826.0,57481.0,114307.0,PKR,Completed,210094,2025-01-03,Tech-3,Urgent – advised immediate action
MN00363,VH00102,FL001,Transmission Service,2023-09-01,72616,Al-Hamd Auto Workshop,6768.0,5374.0,12142.0,PKR,Completed,102616,2023-12-31,Tech-1,Customer-reported issue resolved
MN00364,VH00047,FL003,AC Service,2023-05-16,201370,Al-Hamd Auto Workshop,3474.0,2823.0,6297.0,PKR,Completed,216370,2024-01-19,Tech-11,Minor wear observed
MN00365,VH00095,FL004,Tyre Replacement,2023-06-30,166780,Official Toyota Service Center Islamabad,11248.0,7847.0,19095.0,PKR,Completed,206780,2024-04-04,Tech-16,
MN00366,VH00015,FL002,Glass Replace,2023-10-21,180969,Premier Auto Care Karachi,8976.0,15032.0,24008.0,PKR,Completed,230969,2024-03-23,Tech-20,Customer-reported issue resolved
MN00367,VH00064,FL001,Glass Replace,2025-10-05,165444,Pak Euro Motors,9914.0,7176.0,17090.0,PKR,Completed,215444,2026-06-05,Tech-1,Urgent – advised immediate action
MN00368,VH00101,FL004,Glass Replace,2022-03-28,114611,CarPro Workshop F-10,9128.0,18193.0,27321.0,PKR,In Progress,164611,2022-11-17,Tech-12,Warranty covered – no cost to fleet
MN00369,VH00036,FL001,Transmission Service,2023-02-08,73586,Premier Auto Care Karachi,3960.0,3023.0,6983.0,PKR,Scheduled,103586,2023-07-01,Tech-15,
MN00370,VH00057,FL003,Tyre Replacement,2022-03-16,147643,CarPro Workshop F-10,13136.0,10683.0,23819.0,PKR,Completed,187643,2022-11-17,Tech-19,
MN00371,VH00027,FL002,Body Repair / Dent,2024-08-01,52400,Fast Lube Islamabad,13399.0,21314.0,34713.0,PKR,Completed,102400,2025-02-26,Tech-6,Replaced as per schedule
MN00372,VH00076,FL001,Body Repair / Dent,2024-08-24,206155,Pak Euro Motors,11402.0,13431.0,24833.0,PKR,In Progress,256155,2025-01-24,Tech-15,Warranty covered – no cost to fleet
MN00373,VH00107,FL001,Periodic Inspection,2022-01-06,185683,Bilal Tyre & Battery,1375.0,1218.0,2593.0,PKR,Completed,190683,2022-08-19,Tech-11,Customer-reported issue resolved
MN00374,VH00079,FL002,Body Repair / Dent,2023-11-29,173653,CarPro Workshop F-10,14145.0,10001.0,24146.0,PKR,In Progress,223653,2024-05-03,Tech-8,Urgent – advised immediate action
MN00375,VH00076,FL001,Brake Pad Replace,2025-04-13,166177,Official Toyota Service Center Islamabad,7041.0,4858.0,11899.0,PKR,In Progress,191177,2026-01-11,Tech-20,Minor wear observed
MN00376,VH00065,FL001,Oil Change,2022-10-19,86921,Official Toyota Service Center Islamabad,1028.0,2054.0,3082.0,PKR,Completed,91921,2023-08-10,Tech-15,Minor wear observed
MN00377,VH00082,FL001,Tyre Replacement,2022-12-20,163212,Fast Lube Islamabad,12589.0,11489.0,24078.0,PKR,Completed,203212,2023-05-28,Tech-20,
MN00378,VH00105,FL003,AC Service,2023-07-10,59498,Pak Euro Motors,2369.0,4240.0,6609.0,PKR,Completed,74498,2023-10-17,Tech-13,Replaced as per schedule
MN00379,VH00081,FL001,Engine Tune-Up,2024-05-14,30295,Bilal Tyre & Battery,1550.0,2782.0,4332.0,PKR,Completed,50295,2025-01-02,Tech-7,
MN00380,VH00060,FL003,Suspension Repair,2023-04-29,68148,Workshop In-House (Fleet Mechanic),6928.0,9434.0,16362.0,PKR,Scheduled,128148,2023-11-22,Tech-17,Urgent – advised immediate action
MN00381,VH00067,FL001,Brake Pad Replace,2026-03-02,82339,Premier Auto Care Karachi,5519.0,5773.0,11292.0,PKR,Completed,107339,2026-11-19,Tech-4,Urgent – advised immediate action
MN00382,VH00068,FL002,Periodic Inspection,2022-04-20,141059,Official Toyota Service Center Islamabad,631.0,1361.0,1992.0,PKR,In Progress,146059,2022-12-29,Tech-16,Replaced as per schedule
MN00383,VH00035,FL002,Oil Change,2023-10-04,96823,Pak Euro Motors,1060.0,2077.0,3137.0,PKR,Completed,101823,2024-04-20,Tech-3,
MN00384,VH00118,FL003,Accident Repair,2024-01-02,202552,City Motors Rawalpindi,63178.0,42872.0,106050.0,PKR,Completed,252552,2024-07-27,Tech-13,Replaced as per schedule
MN00385,VH00111,FL003,Suspension Repair,2025-12-28,209351,Workshop In-House (Fleet Mechanic),8179.0,11118.0,19297.0,PKR,Completed,269351,2026-05-28,Tech-17,Replaced as per schedule
MN00386,VH00025,FL001,Accident Repair,2022-03-11,76829,Premier Auto Care Karachi,41048.0,56838.0,97886.0,PKR,In Progress,126829,2022-06-10,Tech-10,Customer-reported issue resolved
MN00387,VH00059,FL002,Glass Replace,2026-04-25,121905,Honda Authorized Workshop Lahore,9735.0,7998.0,17733.0,PKR,Completed,171905,2026-12-12,Tech-16,Warranty covered – no cost to fleet
MN00388,VH00004,FL002,Battery Replace,2023-07-13,237440,City Motors Rawalpindi,8966.0,6049.0,15015.0,PKR,Completed,287440,2024-06-04,Tech-7,
MN00389,VH00116,FL004,Tyre Rotation,2024-12-31,40004,Bilal Tyre & Battery,692.0,506.0,1198.0,PKR,Completed,50004,2025-11-10,Tech-3,Customer-reported issue resolved
MN00390,VH00119,FL003,Brake Pad Replace,2022-01-18,56367,Workshop In-House (Fleet Mechanic),4464.0,3839.0,8303.0,PKR,Completed,81367,2023-01-06,Tech-6,Customer-reported issue resolved
MN00391,VH00057,FL003,Periodic Inspection,2023-08-18,129734,City Motors Rawalpindi,742.0,1666.0,2408.0,PKR,In Progress,134734,2024-04-14,Tech-18,Replaced as per schedule
MN00392,VH00065,FL001,Accident Repair,2024-12-30,41556,CarPro Workshop F-10,37458.0,26909.0,64367.0,PKR,Warranty Claim,91556,2025-09-27,Tech-16,
MN00393,VH00079,FL002,Battery Replace,2025-03-24,99374,City Motors Rawalpindi,9723.0,7994.0,17717.0,PKR,Completed,149374,2025-12-12,Tech-5,Customer-reported issue resolved
MN00394,VH00117,FL001,Suspension Repair,2023-02-09,112083,Honda Authorized Workshop Lahore,6354.0,12030.0,18384.0,PKR,Completed,172083,2023-11-09,Tech-16,Urgent – advised immediate action
MN00395,VH00103,FL004,Oil Change,2025-06-06,115042,Honda Authorized Workshop Lahore,1282.0,2870.0,4152.0,PKR,Completed,120042,2025-11-12,Tech-14,Minor wear observed
MN00396,VH00117,FL001,Periodic Inspection,2023-09-28,147234,Premier Auto Care Karachi,939.0,1113.0,2052.0,PKR,Completed,152234,2024-03-12,Tech-10,Minor wear observed
MN00397,VH00013,FL003,Tyre Rotation,2023-09-27,229573,Bilal Tyre & Battery,409.0,570.0,979.0,PKR,Completed,239573,2024-06-18,Tech-3,Customer-reported issue resolved
MN00398,VH00119,FL003,Accident Repair,2023-07-01,54506,Pak Euro Motors,32507.0,56593.0,89100.0,PKR,Completed,104506,2024-01-09,Tech-17,Warranty covered – no cost to fleet
MN00399,VH00105,FL003,Glass Replace,2023-08-20,61295,Workshop In-House (Fleet Mechanic),5799.0,11487.0,17286.0,PKR,Completed,111295,2023-11-23,Tech-18,Replaced as per schedule
MN00400,VH00029,FL004,Accident Repair,2023-07-10,159838,Bilal Tyre & Battery,34946.0,31829.0,66775.0,PKR,Completed,209838,2024-06-24,Tech-10,Replaced as per schedule
MN00401,VH00080,FL002,AC Service,2022-02-24,190524,Official Toyota Service Center Islamabad,2482.0,1809.0,4291.0,PKR,In Progress,205524,2022-07-31,Tech-5,Replaced as per schedule
MN00402,VH00018,FL003,Glass Replace,2025-03-10,177557,Al-Hamd Auto Workshop,13652.0,13331.0,26983.0,PKR,Completed,227557,2026-02-18,Tech-8,Urgent – advised immediate action
MN00403,VH00085,FL002,Suspension Repair,2025-12-26,104768,Pak Euro Motors,7347.0,10336.0,17683.0,PKR,Completed,164768,2026-05-08,Tech-7,Warranty covered – no cost to fleet
MN00404,VH00025,FL001,Brake Pad Replace,2024-06-28,52476,Workshop In-House (Fleet Mechanic),3837.0,3026.0,6863.0,PKR,In Progress,77476,2025-03-12,Tech-6,
MN00405,VH00118,FL003,Battery Replace,2025-08-25,179294,Al-Hamd Auto Workshop,4656.0,4081.0,8737.0,PKR,Completed,229294,2026-06-23,Tech-16,
MN00406,VH00048,FL003,Transmission Service,2025-08-09,61413,Official Toyota Service Center Islamabad,3477.0,6355.0,9832.0,PKR,Completed,91413,2026-05-23,Tech-17,Customer-reported issue resolved
MN00407,VH00092,FL004,Suspension Repair,2026-01-01,216219,City Motors Rawalpindi,5167.0,6923.0,12090.0,PKR,Scheduled,276219,2026-11-26,Tech-14,Minor wear observed
MN00408,VH00040,FL003,Battery Replace,2025-03-05,146913,Pak Euro Motors,4100.0,7718.0,11818.0,PKR,Completed,196913,2025-11-20,Tech-5,Minor wear observed
MN00409,VH00115,FL001,Transmission Service,2023-02-01,183968,Pak Euro Motors,4058.0,3090.0,7148.0,PKR,Completed,213968,2024-01-18,Tech-2,Minor wear observed
MN00410,VH00005,FL003,Accident Repair,2022-09-18,85381,Official Toyota Service Center Islamabad,47581.0,41492.0,89073.0,PKR,Completed,135381,2023-07-30,Tech-19,Urgent – advised immediate action
MN00411,VH00028,FL003,Periodic Inspection,2026-01-07,96388,Official Toyota Service Center Islamabad,1026.0,1448.0,2474.0,PKR,Completed,101388,2026-04-24,Tech-4,Customer-reported issue resolved
MN00412,VH00107,FL001,Engine Tune-Up,2025-03-30,183612,National Auto Parts & Repair,1887.0,3117.0,5004.0,PKR,Completed,203612,2025-12-01,Tech-15,Warranty covered – no cost to fleet
MN00413,VH00103,FL004,Suspension Repair,2022-04-25,135366,Bilal Tyre & Battery,4921.0,6086.0,11007.0,PKR,Completed,195366,2022-11-09,Tech-6,
MN00414,VH00068,FL002,Oil Change,2022-08-16,133975,Workshop In-House (Fleet Mechanic),915.0,1726.0,2641.0,PKR,Completed,138975,2023-01-26,Tech-9,Urgent – advised immediate action
MN00415,VH00093,FL002,Engine Tune-Up,2024-07-31,63205,Al-Hamd Auto Workshop,2098.0,3956.0,6054.0,PKR,Completed,83205,2025-06-22,Tech-16,Replaced as per schedule
MN00416,VH00026,FL003,Tyre Replacement,2024-12-02,233501,City Motors Rawalpindi,7674.0,13211.0,20885.0,PKR,Completed,273501,2025-04-20,Tech-1,Warranty covered – no cost to fleet
MN00417,VH00058,FL003,Periodic Inspection,2022-11-19,153297,Workshop In-House (Fleet Mechanic),1046.0,1323.0,2369.0,PKR,Completed,158297,2023-08-11,Tech-11,Customer-reported issue resolved
MN00418,VH00065,FL001,Periodic Inspection,2025-01-06,104488,Workshop In-House (Fleet Mechanic),678.0,1062.0,1740.0,PKR,Completed,109488,2025-04-12,Tech-9,Replaced as per schedule
MN00419,VH00117,FL001,Accident Repair,2025-08-19,108931,National Auto Parts & Repair,34051.0,40102.0,74153.0,PKR,Completed,158931,2026-07-09,Tech-8,Warranty covered – no cost to fleet
MN00420,VH00081,FL001,Transmission Service,2024-05-06,38428,CarPro Workshop F-10,3402.0,5094.0,8496.0,PKR,Completed,68428,2024-09-24,Tech-13,
MN00421,VH00112,FL001,Tyre Rotation,2022-08-05,175957,National Auto Parts & Repair,506.0,741.0,1247.0,PKR,Scheduled,185957,2023-05-13,Tech-7,Minor wear observed
MN00422,VH00082,FL001,Accident Repair,2024-10-06,153865,City Motors Rawalpindi,19533.0,44121.0,63654.0,PKR,Scheduled,203865,2025-07-22,Tech-20,Minor wear observed
MN00423,VH00111,FL003,Body Repair / Dent,2025-09-11,212106,Pak Euro Motors,11338.0,21818.0,33156.0,PKR,Completed,262106,2026-04-06,Tech-3,Customer-reported issue resolved
MN00424,VH00010,FL002,Tyre Replacement,2024-07-18,100030,Premier Auto Care Karachi,12638.0,9865.0,22503.0,PKR,In Progress,140030,2024-12-13,Tech-11,Customer-reported issue resolved
MN00425,VH00114,FL003,Tyre Rotation,2025-07-22,128759,National Auto Parts & Repair,433.0,350.0,783.0,PKR,In Progress,138759,2026-07-06,Tech-3,Replaced as per schedule
MN00426,VH00072,FL003,Tyre Replacement,2022-05-28,158357,Official Toyota Service Center Islamabad,8339.0,5647.0,13986.0,PKR,Warranty Claim,198357,2022-10-14,Tech-19,Customer-reported issue resolved
MN00427,VH00105,FL003,Tyre Rotation,2024-02-18,115440,National Auto Parts & Repair,216.0,499.0,715.0,PKR,Completed,125440,2024-08-15,Tech-2,Warranty covered – no cost to fleet
MN00428,VH00072,FL003,AC Service,2024-12-10,209256,Pak Euro Motors,2734.0,2733.0,5467.0,PKR,Completed,224256,2025-09-03,Tech-19,Customer-reported issue resolved
MN00429,VH00039,FL002,Accident Repair,2022-12-05,56124,City Motors Rawalpindi,66507.0,45156.0,111663.0,PKR,Scheduled,106124,2023-04-15,Tech-3,
MN00430,VH00071,FL002,Oil Change,2023-09-17,229147,Premier Auto Care Karachi,2229.0,2949.0,5178.0,PKR,Scheduled,234147,2024-07-20,Tech-11,Replaced as per schedule
MN00431,VH00104,FL003,Tyre Replacement,2024-07-28,90063,Premier Auto Care Karachi,10473.0,14814.0,25287.0,PKR,Completed,130063,2025-01-02,Tech-5,Minor wear observed
MN00432,VH00004,FL002,Accident Repair,2022-09-02,225237,Fast Lube Islamabad,46040.0,35352.0,81392.0,PKR,Completed,275237,2023-08-16,Tech-15,Minor wear observed
MN00433,VH00113,FL004,Accident Repair,2023-02-11,142144,Official Toyota Service Center Islamabad,28760.0,48687.0,77447.0,PKR,Completed,192144,2023-11-08,Tech-3,Warranty covered – no cost to fleet
MN00434,VH00003,FL001,Battery Replace,2022-08-25,114351,City Motors Rawalpindi,10237.0,7131.0,17368.0,PKR,Completed,164351,2023-02-25,Tech-10,Replaced as per schedule
MN00435,VH00081,FL001,Oil Change,2022-09-16,88579,Fast Lube Islamabad,1458.0,1455.0,2913.0,PKR,Completed,93579,2023-03-20,Tech-9,
MN00436,VH00117,FL001,AC Service,2026-05-05,117166,National Auto Parts & Repair,1267.0,2032.0,3299.0,PKR,Completed,132166,2027-04-30,Tech-4,Replaced as per schedule
MN00437,VH00071,FL002,Tyre Rotation,2023-03-04,228007,Official Toyota Service Center Islamabad,719.0,616.0,1335.0,PKR,Completed,238007,2023-08-26,Tech-6,
MN00438,VH00067,FL001,Periodic Inspection,2022-07-29,98027,Fast Lube Islamabad,1096.0,1397.0,2493.0,PKR,Completed,103027,2023-04-23,Tech-12,Minor wear observed
MN00439,VH00104,FL003,Tyre Rotation,2025-10-31,107104,City Motors Rawalpindi,307.0,479.0,786.0,PKR,Scheduled,117104,2026-03-17,Tech-4,Warranty covered – no cost to fleet
MN00440,VH00039,FL002,Engine Tune-Up,2022-04-01,116497,Al-Hamd Auto Workshop,5141.0,3472.0,8613.0,PKR,Completed,136497,2022-12-04,Tech-11,Urgent – advised immediate action
MN00441,VH00113,FL004,Periodic Inspection,2024-10-03,116967,CarPro Workshop F-10,1030.0,754.0,1784.0,PKR,In Progress,121967,2025-01-06,Tech-14,
MN00442,VH00071,FL002,AC Service,2025-10-21,168090,Al-Hamd Auto Workshop,3803.0,2824.0,6627.0,PKR,Warranty Claim,183090,2026-04-20,Tech-2,Warranty covered – no cost to fleet
MN00443,VH00003,FL001,Periodic Inspection,2022-06-12,157703,Honda Authorized Workshop Lahore,1051.0,1250.0,2301.0,PKR,Warranty Claim,162703,2022-12-16,Tech-1,Minor wear observed
MN00444,VH00042,FL002,Transmission Service,2026-06-04,182896,Pak Euro Motors,3749.0,4738.0,8487.0,PKR,Scheduled,212896,2027-04-01,Tech-19,Urgent – advised immediate action
MN00445,VH00119,FL003,Accident Repair,2022-12-23,84204,Official Toyota Service Center Islamabad,49905.0,33959.0,83864.0,PKR,Completed,134204,2023-08-02,Tech-11,Warranty covered – no cost to fleet
MN00446,VH00101,FL004,Transmission Service,2022-12-23,140521,City Motors Rawalpindi,4368.0,7590.0,11958.0,PKR,Completed,170521,2023-04-16,Tech-17,Urgent – advised immediate action
MN00447,VH00026,FL003,AC Service,2023-11-26,176372,Official Toyota Service Center Islamabad,2238.0,4236.0,6474.0,PKR,Completed,191372,2024-03-20,Tech-1,Customer-reported issue resolved
MN00448,VH00093,FL002,Engine Tune-Up,2024-04-14,105464,Workshop In-House (Fleet Mechanic),2848.0,3107.0,5955.0,PKR,Completed,125464,2025-03-04,Tech-19,Urgent – advised immediate action
MN00449,VH00092,FL004,AC Service,2025-07-17,238675,Official Toyota Service Center Islamabad,1152.0,2108.0,3260.0,PKR,In Progress,253675,2026-04-22,Tech-19,Replaced as per schedule
MN00450,VH00038,FL003,Glass Replace,2025-07-09,120145,Premier Auto Care Karachi,12636.0,13755.0,26391.0,PKR,Completed,170145,2026-05-07,Tech-9,Warranty covered – no cost to fleet
MN00451,VH00061,FL004,AC Service,2024-10-21,240589,Fast Lube Islamabad,2634.0,3910.0,6544.0,PKR,Completed,255589,2025-09-29,Tech-15,Customer-reported issue resolved
MN00452,VH00110,FL002,Periodic Inspection,2024-09-17,173112,Pak Euro Motors,1094.0,1634.0,2728.0,PKR,Completed,178112,2025-07-16,Tech-7,Urgent – advised immediate action
MN00453,VH00020,FL003,Tyre Replacement,2022-07-17,49555,National Auto Parts & Repair,8653.0,18043.0,26696.0,PKR,Completed,89555,2023-01-02,Tech-19,Minor wear observed
MN00454,VH00046,FL001,Periodic Inspection,2023-10-13,135836,Workshop In-House (Fleet Mechanic),773.0,1346.0,2119.0,PKR,Completed,140836,2024-04-01,Tech-1,
MN00455,VH00065,FL001,Suspension Repair,2025-01-16,51657,CarPro Workshop F-10,10717.0,11281.0,21998.0,PKR,Warranty Claim,111657,2025-09-06,Tech-16,
MN00456,VH00101,FL004,Brake Pad Replace,2025-03-28,141014,Honda Authorized Workshop Lahore,4544.0,7358.0,11902.0,PKR,In Progress,166014,2026-03-08,Tech-3,Replaced as per schedule
MN00457,VH00075,FL003,Transmission Service,2022-05-15,108370,Premier Auto Care Karachi,3229.0,3308.0,6537.0,PKR,Completed,138370,2022-11-19,Tech-4,Minor wear observed
MN00458,VH00050,FL002,AC Service,2025-12-16,236032,Workshop In-House (Fleet Mechanic),1899.0,2000.0,3899.0,PKR,Completed,251032,2026-03-20,Tech-10,
MN00459,VH00075,FL003,Accident Repair,2025-07-23,44226,Pak Euro Motors,25342.0,39019.0,64361.0,PKR,Completed,94226,2026-04-03,Tech-13,Warranty covered – no cost to fleet
MN00460,VH00058,FL003,Body Repair / Dent,2022-03-19,174158,Bilal Tyre & Battery,14543.0,15119.0,29662.0,PKR,Scheduled,224158,2022-07-31,Tech-16,Urgent – advised immediate action
MN00461,VH00067,FL001,Accident Repair,2022-11-12,101722,CarPro Workshop F-10,51734.0,66081.0,117815.0,PKR,Completed,151722,2023-05-14,Tech-2,
MN00462,VH00072,FL003,Transmission Service,2023-03-31,183766,National Auto Parts & Repair,2647.0,5561.0,8208.0,PKR,Completed,213766,2023-12-22,Tech-12,Minor wear observed
MN00463,VH00103,FL004,Tyre Rotation,2026-02-16,116881,Premier Auto Care Karachi,561.0,620.0,1181.0,PKR,Completed,126881,2026-07-04,Tech-14,
MN00464,VH00027,FL002,Tyre Replacement,2023-04-20,50954,City Motors Rawalpindi,8631.0,12297.0,20928.0,PKR,Completed,90954,2023-09-13,Tech-2,Urgent – advised immediate action
MN00465,VH00009,FL002,Transmission Service,2024-02-28,121412,Pak Euro Motors,5818.0,6313.0,12131.0,PKR,Completed,151412,2024-10-11,Tech-18,
MN00466,VH00002,FL002,Transmission Service,2022-06-16,166462,CarPro Workshop F-10,3228.0,3922.0,7150.0,PKR,Completed,196462,2023-06-02,Tech-4,Warranty covered – no cost to fleet
MN00467,VH00115,FL001,Accident Repair,2023-08-01,252820,Bilal Tyre & Battery,50076.0,53003.0,103079.0,PKR,In Progress,302820,2024-05-08,Tech-10,Customer-reported issue resolved
MN00468,VH00036,FL001,AC Service,2025-02-16,81353,Pak Euro Motors,2123.0,4001.0,6124.0,PKR,Warranty Claim,96353,2025-11-11,Tech-17,
MN00469,VH00075,FL003,AC Service,2024-09-20,90819,CarPro Workshop F-10,2858.0,2364.0,5222.0,PKR,Completed,105819,2025-09-19,Tech-8,Warranty covered – no cost to fleet
MN00470,VH00113,FL004,AC Service,2022-11-01,126468,Official Toyota Service Center Islamabad,2483.0,1677.0,4160.0,PKR,Completed,141468,2023-03-12,Tech-11,
MN00471,VH00038,FL003,Suspension Repair,2022-08-18,145745,Pak Euro Motors,8260.0,5732.0,13992.0,PKR,In Progress,205745,2023-03-16,Tech-17,
MN00472,VH00031,FL001,Transmission Service,2025-11-24,41243,Workshop In-House (Fleet Mechanic),3902.0,7611.0,11513.0,PKR,Completed,71243,2026-04-02,Tech-5,Replaced as per schedule
MN00473,VH00104,FL003,Body Repair / Dent,2022-02-20,79415,Honda Authorized Workshop Lahore,11485.0,24147.0,35632.0,PKR,Completed,129415,2022-12-07,Tech-20,Minor wear observed
MN00474,VH00065,FL001,Transmission Service,2025-08-07,101083,Premier Auto Care Karachi,5023.0,5284.0,10307.0,PKR,Completed,131083,2026-02-26,Tech-16,Minor wear observed
MN00475,VH00056,FL002,Brake Pad Replace,2023-03-28,106776,Pak Euro Motors,5731.0,4179.0,9910.0,PKR,Completed,131776,2023-09-05,Tech-18,Minor wear observed
MN00476,VH00093,FL002,Brake Pad Replace,2023-10-18,83757,City Motors Rawalpindi,2913.0,3877.0,6790.0,PKR,Completed,108757,2024-05-04,Tech-7,
MN00477,VH00091,FL001,Oil Change,2024-02-20,172440,National Auto Parts & Repair,1668.0,2181.0,3849.0,PKR,Completed,177440,2024-09-29,Tech-1,Warranty covered – no cost to fleet
MN00478,VH00033,FL001,Glass Replace,2026-03-10,124765,Fast Lube Islamabad,9083.0,11297.0,20380.0,PKR,Completed,174765,2026-11-15,Tech-15,Minor wear observed
MN00479,VH00084,FL001,Accident Repair,2022-03-28,163609,Pak Euro Motors,37152.0,29291.0,66443.0,PKR,Scheduled,213609,2022-11-04,Tech-4,Minor wear observed
MN00480,VH00040,FL003,Periodic Inspection,2022-04-28,106527,Official Toyota Service Center Islamabad,995.0,1404.0,2399.0,PKR,Completed,111527,2023-03-24,Tech-1,Customer-reported issue resolved
MN00481,VH00060,FL003,Engine Tune-Up,2023-01-30,93486,Official Toyota Service Center Islamabad,3347.0,4858.0,8205.0,PKR,Warranty Claim,113486,2023-11-10,Tech-15,Minor wear observed
MN00482,VH00019,FL001,Periodic Inspection,2025-07-25,68252,CarPro Workshop F-10,517.0,895.0,1412.0,PKR,Scheduled,73252,2025-12-23,Tech-12,Warranty covered – no cost to fleet
MN00483,VH00088,FL003,Suspension Repair,2022-08-24,105273,CarPro Workshop F-10,4815.0,7300.0,12115.0,PKR,Completed,165273,2023-06-01,Tech-16,Customer-reported issue resolved
MN00484,VH00069,FL001,Tyre Rotation,2023-07-29,50954,Workshop In-House (Fleet Mechanic),367.0,663.0,1030.0,PKR,Completed,60954,2024-05-11,Tech-4,Warranty covered – no cost to fleet
MN00485,VH00041,FL001,Transmission Service,2024-12-04,135664,Premier Auto Care Karachi,5463.0,6298.0,11761.0,PKR,Completed,165664,2025-07-05,Tech-15,Minor wear observed
MN00486,VH00049,FL001,Brake Pad Replace,2023-08-22,227786,City Motors Rawalpindi,2302.0,5027.0,7329.0,PKR,Completed,252786,2024-06-10,Tech-12,Urgent – advised immediate action
MN00487,VH00102,FL001,Body Repair / Dent,2025-08-25,123587,National Auto Parts & Repair,11720.0,24027.0,35747.0,PKR,Warranty Claim,173587,2026-05-25,Tech-1,Urgent – advised immediate action
MN00488,VH00023,FL001,Brake Pad Replace,2023-12-02,60396,National Auto Parts & Repair,4909.0,3729.0,8638.0,PKR,Completed,85396,2024-10-20,Tech-6,Warranty covered – no cost to fleet
MN00489,VH00018,FL003,Tyre Rotation,2023-03-08,176343,National Auto Parts & Repair,356.0,397.0,753.0,PKR,Completed,186343,2023-08-16,Tech-4,Minor wear observed
MN00490,VH00020,FL003,Accident Repair,2024-10-29,35511,Pak Euro Motors,42740.0,73782.0,116522.0,PKR,Completed,85511,2025-01-27,Tech-17,Customer-reported issue resolved
MN00491,VH00092,FL004,Accident Repair,2025-12-05,226148,Premier Auto Care Karachi,31236.0,65267.0,96503.0,PKR,Completed,276148,2026-06-02,Tech-20,
MN00492,VH00020,FL003,Suspension Repair,2023-09-26,83949,Official Toyota Service Center Islamabad,5031.0,11589.0,16620.0,PKR,Completed,143949,2024-01-11,Tech-9,
MN00493,VH00082,FL001,AC Service,2025-02-02,94864,CarPro Workshop F-10,1244.0,2225.0,3469.0,PKR,Completed,109864,2025-07-14,Tech-9,Customer-reported issue resolved
MN00494,VH00040,FL003,AC Service,2022-09-01,123917,Bilal Tyre & Battery,2032.0,3079.0,5111.0,PKR,Completed,138917,2023-04-02,Tech-4,Replaced as per schedule
MN00495,VH00040,FL003,Transmission Service,2025-03-24,115328,Workshop In-House (Fleet Mechanic),3702.0,6009.0,9711.0,PKR,Scheduled,145328,2025-12-23,Tech-3,Replaced as per schedule
MN00496,VH00084,FL001,AC Service,2022-01-15,216851,Bilal Tyre & Battery,2681.0,2148.0,4829.0,PKR,Completed,231851,2022-12-06,Tech-16,Urgent – advised immediate action
MN00497,VH00086,FL004,Body Repair / Dent,2023-09-20,105787,Fast Lube Islamabad,9907.0,14771.0,24678.0,PKR,Completed,155787,2024-07-25,Tech-20,Customer-reported issue resolved
MN00498,VH00103,FL004,Periodic Inspection,2025-07-24,128212,Pak Euro Motors,840.0,564.0,1404.0,PKR,Completed,133212,2026-01-07,Tech-7,Urgent – advised immediate action
MN00499,VH00068,FL002,Tyre Rotation,2022-04-14,129249,Honda Authorized Workshop Lahore,425.0,943.0,1368.0,PKR,Completed,139249,2022-07-17,Tech-20,Warranty covered – no cost to fleet
MN00500,VH00090,FL003,Brake Pad Replace,2026-05-24,83508,Al-Hamd Auto Workshop,4249.0,4092.0,8341.0,PKR,Scheduled,108508,2027-03-19,Tech-11,Replaced as per schedule
MN00501,VH00060,FL003,Transmission Service,2022-07-10,87798,National Auto Parts & Repair,3211.0,3232.0,6443.0,PKR,Completed,117798,2023-03-26,Tech-13,
MN00502,VH00112,FL001,Brake Pad Replace,2022-11-16,144445,CarPro Workshop F-10,5616.0,4074.0,9690.0,PKR,Completed,169445,2023-09-23,Tech-4,
MN00503,VH00043,FL001,Tyre Replacement,2022-04-03,212121,National Auto Parts & Repair,5603.0,11115.0,16718.0,PKR,Scheduled,252121,2022-07-22,Tech-10,Urgent – advised immediate action
MN00504,VH00097,FL002,Battery Replace,2026-04-12,126359,Pak Euro Motors,5749.0,6768.0,12517.0,PKR,Completed,176359,2027-02-08,Tech-14,Replaced as per schedule
MN00505,VH00009,FL002,Brake Pad Replace,2024-09-09,90957,Fast Lube Islamabad,4219.0,4433.0,8652.0,PKR,Completed,115957,2025-04-15,Tech-20,Minor wear observed
MN00506,VH00036,FL001,Accident Repair,2025-05-13,57993,Official Toyota Service Center Islamabad,40157.0,27983.0,68140.0,PKR,Completed,107993,2025-12-31,Tech-9,Replaced as per schedule
MN00507,VH00042,FL002,Brake Pad Replace,2025-02-11,220637,Al-Hamd Auto Workshop,3315.0,3125.0,6440.0,PKR,Completed,245637,2025-11-10,Tech-13,
MN00508,VH00064,FL001,Accident Repair,2026-03-22,163270,CarPro Workshop F-10,47344.0,47281.0,94625.0,PKR,Completed,213270,2026-07-25,Tech-9,Urgent – advised immediate action
MN00509,VH00094,FL002,Tyre Rotation,2022-01-12,119052,Workshop In-House (Fleet Mechanic),422.0,611.0,1033.0,PKR,Completed,129052,2022-10-21,Tech-17,Minor wear observed
MN00510,VH00071,FL002,Accident Repair,2025-02-03,165078,Fast Lube Islamabad,17804.0,39690.0,57494.0,PKR,Completed,215078,2025-09-10,Tech-14,Warranty covered – no cost to fleet
MN00511,VH00002,FL002,Suspension Repair,2025-12-30,88387,Fast Lube Islamabad,5498.0,8583.0,14081.0,PKR,Completed,148387,2026-10-22,Tech-20,
MN00512,VH00015,FL002,AC Service,2026-01-10,230040,City Motors Rawalpindi,1500.0,1777.0,3277.0,PKR,Completed,245040,2026-05-10,Tech-19,Warranty covered – no cost to fleet
MN00513,VH00058,FL003,Brake Pad Replace,2023-07-12,146438,City Motors Rawalpindi,3461.0,2309.0,5770.0,PKR,Completed,171438,2024-05-02,Tech-2,Customer-reported issue resolved
MN00514,VH00106,FL001,Battery Replace,2022-01-26,55365,Workshop In-House (Fleet Mechanic),3266.0,7339.0,10605.0,PKR,In Progress,105365,2022-07-18,Tech-9,Customer-reported issue resolved
MN00515,VH00018,FL003,Accident Repair,2022-10-06,179623,Al-Hamd Auto Workshop,32159.0,68118.0,100277.0,PKR,Completed,229623,2023-06-19,Tech-15,Customer-reported issue resolved
MN00516,VH00019,FL001,Oil Change,2022-08-25,106442,National Auto Parts & Repair,1472.0,2630.0,4102.0,PKR,Completed,111442,2023-07-24,Tech-12,Urgent – advised immediate action
MN00517,VH00069,FL001,Oil Change,2023-09-03,37925,City Motors Rawalpindi,1422.0,2611.0,4033.0,PKR,Warranty Claim,42925,2024-02-17,Tech-5,Minor wear observed
MN00518,VH00007,FL001,Accident Repair,2022-07-31,116819,National Auto Parts & Repair,48336.0,39729.0,88065.0,PKR,Completed,166819,2023-03-03,Tech-5,
MN00519,VH00107,FL001,Tyre Replacement,2022-12-20,199744,Premier Auto Care Karachi,9752.0,12434.0,22186.0,PKR,Completed,239744,2023-08-08,Tech-5,Customer-reported issue resolved
MN00520,VH00106,FL001,Battery Replace,2026-06-30,92330,Fast Lube Islamabad,6195.0,7446.0,13641.0,PKR,In Progress,142330,2027-01-24,Tech-5,Minor wear observed
MN00521,VH00031,FL001,Accident Repair,2023-01-29,43766,Honda Authorized Workshop Lahore,47670.0,58271.0,105941.0,PKR,Completed,93766,2024-01-17,Tech-4,Urgent – advised immediate action
MN00522,VH00102,FL001,Suspension Repair,2022-08-15,125637,CarPro Workshop F-10,10881.0,7862.0,18743.0,PKR,Scheduled,185637,2022-11-27,Tech-18,Warranty covered – no cost to fleet
MN00523,VH00032,FL001,AC Service,2023-04-30,202049,CarPro Workshop F-10,2081.0,1467.0,3548.0,PKR,Completed,217049,2023-09-20,Tech-7,Minor wear observed
MN00524,VH00069,FL001,Engine Tune-Up,2024-12-24,91550,Pak Euro Motors,4487.0,4005.0,8492.0,PKR,Completed,111550,2025-06-04,Tech-6,Replaced as per schedule
MN00525,VH00117,FL001,Oil Change,2023-11-01,104178,National Auto Parts & Repair,1733.0,2410.0,4143.0,PKR,Completed,109178,2024-09-22,Tech-20,Customer-reported issue resolved
MN00526,VH00079,FL002,Oil Change,2023-05-04,146622,Al-Hamd Auto Workshop,1534.0,2099.0,3633.0,PKR,Warranty Claim,151622,2023-10-18,Tech-3,Replaced as per schedule
MN00527,VH00034,FL001,Engine Tune-Up,2024-08-22,79688,Honda Authorized Workshop Lahore,1671.0,3018.0,4689.0,PKR,Completed,99688,2025-04-10,Tech-6,
MN00528,VH00027,FL002,AC Service,2024-07-25,68555,National Auto Parts & Repair,1862.0,3656.0,5518.0,PKR,Completed,83555,2025-02-25,Tech-12,
MN00529,VH00105,FL003,Transmission Service,2025-08-08,64956,Honda Authorized Workshop Lahore,7315.0,5973.0,13288.0,PKR,In Progress,94956,2026-06-12,Tech-19,Minor wear observed
MN00530,VH00105,FL003,Transmission Service,2023-06-20,54057,Workshop In-House (Fleet Mechanic),6073.0,5725.0,11798.0,PKR,In Progress,84057,2023-12-07,Tech-6,Minor wear observed
MN00531,VH00021,FL003,Periodic Inspection,2024-12-19,229026,CarPro Workshop F-10,1047.0,903.0,1950.0,PKR,Completed,234026,2025-04-05,Tech-11,Warranty covered – no cost to fleet
MN00532,VH00108,FL001,Tyre Replacement,2024-02-16,161791,City Motors Rawalpindi,11511.0,11602.0,23113.0,PKR,Completed,201791,2024-06-15,Tech-5,Minor wear observed
MN00533,VH00045,FL001,Brake Pad Replace,2025-08-03,203389,Bilal Tyre & Battery,4772.0,3918.0,8690.0,PKR,Completed,228389,2025-11-03,Tech-10,Urgent – advised immediate action
MN00534,VH00014,FL004,Periodic Inspection,2025-12-06,80368,Fast Lube Islamabad,766.0,1294.0,2060.0,PKR,Completed,85368,2026-09-19,Tech-8,
MN00535,VH00097,FL002,Body Repair / Dent,2022-07-23,115169,Premier Auto Care Karachi,10811.0,16539.0,27350.0,PKR,Completed,165169,2023-02-02,Tech-14,Minor wear observed
MN00536,VH00008,FL004,AC Service,2022-11-03,173410,Al-Hamd Auto Workshop,2570.0,2602.0,5172.0,PKR,Completed,188410,2023-05-14,Tech-16,Customer-reported issue resolved
MN00537,VH00115,FL001,Tyre Replacement,2025-04-05,177134,CarPro Workshop F-10,8551.0,8763.0,17314.0,PKR,In Progress,217134,2025-10-03,Tech-11,Urgent – advised immediate action
MN00538,VH00106,FL001,Battery Replace,2022-06-25,52670,Official Toyota Service Center Islamabad,4450.0,4110.0,8560.0,PKR,Completed,102670,2023-02-15,Tech-19,Minor wear observed
MN00539,VH00059,FL002,Body Repair / Dent,2022-12-17,122537,Bilal Tyre & Battery,15604.0,14235.0,29839.0,PKR,Completed,172537,2023-10-06,Tech-19,Customer-reported issue resolved
MN00540,VH00002,FL002,Tyre Rotation,2025-09-08,101219,Official Toyota Service Center Islamabad,370.0,601.0,971.0,PKR,Completed,111219,2025-12-09,Tech-11,Customer-reported issue resolved
MN00541,VH00029,FL004,Oil Change,2022-02-05,178016,Workshop In-House (Fleet Mechanic),1482.0,1940.0,3422.0,PKR,Scheduled,183016,2022-05-11,Tech-3,Urgent – advised immediate action
MN00542,VH00031,FL001,Tyre Rotation,2025-06-27,84325,National Auto Parts & Repair,248.0,541.0,789.0,PKR,Completed,94325,2026-05-02,Tech-16,Replaced as per schedule
MN00543,VH00105,FL003,Oil Change,2025-05-07,108041,Pak Euro Motors,1008.0,1752.0,2760.0,PKR,Completed,113041,2025-12-06,Tech-11,Replaced as per schedule
MN00544,VH00050,FL002,Body Repair / Dent,2024-08-09,219984,Workshop In-House (Fleet Mechanic),16097.0,17850.0,33947.0,PKR,Completed,269984,2025-01-16,Tech-16,
MN00545,VH00048,FL003,Glass Replace,2022-09-17,33494,National Auto Parts & Repair,10719.0,10046.0,20765.0,PKR,Completed,83494,2023-04-03,Tech-13,Replaced as per schedule
MN00546,VH00084,FL001,Battery Replace,2022-06-17,176685,National Auto Parts & Repair,5219.0,8913.0,14132.0,PKR,Completed,226685,2023-04-01,Tech-4,Urgent – advised immediate action
MN00547,VH00041,FL001,Accident Repair,2024-11-05,142991,CarPro Workshop F-10,38223.0,41954.0,80177.0,PKR,Completed,192991,2025-06-15,Tech-15,Customer-reported issue resolved
MN00548,VH00071,FL002,AC Service,2024-10-14,151567,Pak Euro Motors,2671.0,2174.0,4845.0,PKR,Completed,166567,2025-07-01,Tech-8,Minor wear observed
MN00549,VH00108,FL001,Engine Tune-Up,2022-05-27,177245,Bilal Tyre & Battery,2598.0,3094.0,5692.0,PKR,Completed,197245,2023-04-18,Tech-2,Customer-reported issue resolved
MN00550,VH00071,FL002,AC Service,2022-08-28,159468,Workshop In-House (Fleet Mechanic),2199.0,2007.0,4206.0,PKR,Completed,174468,2023-01-03,Tech-12,Minor wear observed
MN00551,VH00079,FL002,Suspension Repair,2022-12-09,118231,City Motors Rawalpindi,7919.0,14226.0,22145.0,PKR,Completed,178231,2023-05-08,Tech-7,
MN00552,VH00043,FL001,Glass Replace,2023-02-23,196986,Al-Hamd Auto Workshop,16430.0,12098.0,28528.0,PKR,Completed,246986,2023-05-28,Tech-9,
MN00553,VH00073,FL001,Periodic Inspection,2026-04-26,160232,National Auto Parts & Repair,769.0,869.0,1638.0,PKR,Completed,165232,2027-01-08,Tech-6,Customer-reported issue resolved
MN00554,VH00034,FL001,Brake Pad Replace,2023-09-05,104929,Honda Authorized Workshop Lahore,3526.0,2360.0,5886.0,PKR,Scheduled,129929,2024-06-07,Tech-8,Minor wear observed
MN00555,VH00023,FL001,Engine Tune-Up,2025-06-25,107076,City Motors Rawalpindi,2435.0,3088.0,5523.0,PKR,Completed,127076,2025-11-20,Tech-10,Urgent – advised immediate action
MN00556,VH00013,FL003,Brake Pad Replace,2026-02-09,229350,Official Toyota Service Center Islamabad,4444.0,5851.0,10295.0,PKR,Completed,254350,2026-10-27,Tech-8,Warranty covered – no cost to fleet
MN00557,VH00090,FL003,Accident Repair,2026-06-19,48856,National Auto Parts & Repair,40944.0,77825.0,118769.0,PKR,Completed,98856,2027-06-13,Tech-12,Customer-reported issue resolved
MN00558,VH00106,FL001,Tyre Rotation,2026-02-18,79022,Premier Auto Care Karachi,623.0,524.0,1147.0,PKR,Completed,89022,2026-09-15,Tech-6,Customer-reported issue resolved
MN00559,VH00066,FL002,Tyre Replacement,2025-05-16,143019,Pak Euro Motors,4895.0,10065.0,14960.0,PKR,In Progress,183019,2025-12-14,Tech-1,Replaced as per schedule
MN00560,VH00102,FL001,Glass Replace,2026-05-23,102151,City Motors Rawalpindi,15202.0,13232.0,28434.0,PKR,Completed,152151,2026-12-13,Tech-5,Urgent – advised immediate action
MN00561,VH00050,FL002,Engine Tune-Up,2022-06-15,242335,Workshop In-House (Fleet Mechanic),1983.0,4047.0,6030.0,PKR,Completed,262335,2023-04-18,Tech-2,Replaced as per schedule
MN00562,VH00038,FL003,Suspension Repair,2022-01-25,115155,CarPro Workshop F-10,4446.0,7283.0,11729.0,PKR,Scheduled,175155,2023-01-20,Tech-7,Customer-reported issue resolved
MN00563,VH00041,FL001,Glass Replace,2026-04-29,156195,Official Toyota Service Center Islamabad,8721.0,19350.0,28071.0,PKR,Completed,206195,2027-04-10,Tech-2,Minor wear observed
MN00564,VH00009,FL002,Battery Replace,2025-07-09,94233,Bilal Tyre & Battery,8332.0,9138.0,17470.0,PKR,Completed,144233,2026-07-04,Tech-3,Replaced as per schedule
MN00565,VH00082,FL001,Engine Tune-Up,2022-02-20,114629,CarPro Workshop F-10,3611.0,2641.0,6252.0,PKR,Completed,134629,2022-06-27,Tech-18,Minor wear observed
MN00566,VH00080,FL002,Suspension Repair,2025-12-19,176806,City Motors Rawalpindi,4410.0,6323.0,10733.0,PKR,Completed,236806,2026-05-17,Tech-14,
MN00567,VH00075,FL003,AC Service,2024-05-19,80983,City Motors Rawalpindi,1173.0,2321.0,3494.0,PKR,Completed,95983,2024-11-29,Tech-5,Customer-reported issue resolved
MN00568,VH00082,FL001,Oil Change,2025-05-08,155530,Official Toyota Service Center Islamabad,2038.0,1530.0,3568.0,PKR,Completed,160530,2025-08-14,Tech-16,Minor wear observed
MN00569,VH00042,FL002,AC Service,2025-04-22,221071,Pak Euro Motors,1829.0,2247.0,4076.0,PKR,Scheduled,236071,2026-04-15,Tech-11,
MN00570,VH00036,FL001,Battery Replace,2022-08-13,38048,Al-Hamd Auto Workshop,4454.0,9634.0,14088.0,PKR,Completed,88048,2022-12-18,Tech-14,Minor wear observed
MN00571,VH00008,FL004,Glass Replace,2023-04-25,181627,Pak Euro Motors,16680.0,11220.0,27900.0,PKR,Completed,231627,2024-02-24,Tech-15,Urgent – advised immediate action
MN00572,VH00057,FL003,Battery Replace,2023-07-16,166759,National Auto Parts & Repair,5689.0,10182.0,15871.0,PKR,Completed,216759,2024-06-07,Tech-18,Urgent – advised immediate action
MN00573,VH00109,FL003,Oil Change,2023-01-13,194257,Workshop In-House (Fleet Mechanic),1068.0,2069.0,3137.0,PKR,Completed,199257,2023-07-26,Tech-3,
MN00574,VH00032,FL001,Transmission Service,2023-11-08,179522,Pak Euro Motors,5316.0,5301.0,10617.0,PKR,Completed,209522,2024-05-11,Tech-17,Minor wear observed
MN00575,VH00110,FL002,AC Service,2025-08-05,148895,Honda Authorized Workshop Lahore,2957.0,2105.0,5062.0,PKR,Completed,163895,2026-04-16,Tech-19,Replaced as per schedule
MN00576,VH00058,FL003,Body Repair / Dent,2025-01-18,164107,Workshop In-House (Fleet Mechanic),14909.0,11315.0,26224.0,PKR,Completed,214107,2025-07-08,Tech-7,Warranty covered – no cost to fleet
MN00577,VH00057,FL003,Glass Replace,2026-06-11,102710,Fast Lube Islamabad,9387.0,9931.0,19318.0,PKR,Completed,152710,2027-03-07,Tech-10,Replaced as per schedule
MN00578,VH00044,FL002,Engine Tune-Up,2025-06-01,178963,Official Toyota Service Center Islamabad,2996.0,4760.0,7756.0,PKR,In Progress,198963,2026-02-22,Tech-16,Urgent – advised immediate action
MN00579,VH00038,FL003,Brake Pad Replace,2024-03-03,150601,Fast Lube Islamabad,3494.0,3877.0,7371.0,PKR,Completed,175601,2024-11-30,Tech-10,Customer-reported issue resolved
MN00580,VH00109,FL003,AC Service,2024-05-31,126422,Al-Hamd Auto Workshop,1984.0,1344.0,3328.0,PKR,Completed,141422,2025-04-15,Tech-5,
MN00581,VH00018,FL003,Glass Replace,2026-05-25,136780,National Auto Parts & Repair,7143.0,14418.0,21561.0,PKR,Completed,186780,2027-01-09,Tech-18,Urgent – advised immediate action
MN00582,VH00119,FL003,Oil Change,2026-01-23,82428,Fast Lube Islamabad,1740.0,2870.0,4610.0,PKR,Completed,87428,2026-11-24,Tech-13,Urgent – advised immediate action
MN00583,VH00023,FL001,Transmission Service,2022-06-15,56912,Bilal Tyre & Battery,2395.0,5137.0,7532.0,PKR,Completed,86912,2023-02-15,Tech-5,
MN00584,VH00093,FL002,AC Service,2023-12-01,94521,Workshop In-House (Fleet Mechanic),1215.0,2307.0,3522.0,PKR,Completed,109521,2024-09-09,Tech-17,
MN00585,VH00112,FL001,Accident Repair,2023-03-15,125253,Official Toyota Service Center Islamabad,27524.0,51734.0,79258.0,PKR,Completed,175253,2023-06-28,Tech-10,Minor wear observed
MN00586,VH00029,FL004,Oil Change,2026-06-08,177505,Workshop In-House (Fleet Mechanic),1512.0,1875.0,3387.0,PKR,Completed,182505,2027-04-06,Tech-20,Customer-reported issue resolved
MN00587,VH00075,FL003,Suspension Repair,2022-08-15,38681,Official Toyota Service Center Islamabad,10409.0,8539.0,18948.0,PKR,Warranty Claim,98681,2023-03-25,Tech-11,
MN00588,VH00115,FL001,Accident Repair,2024-10-28,246284,Al-Hamd Auto Workshop,38534.0,65217.0,103751.0,PKR,Completed,296284,2025-04-26,Tech-4,Replaced as per schedule
MN00589,VH00112,FL001,Engine Tune-Up,2026-03-25,136749,Official Toyota Service Center Islamabad,3024.0,3208.0,6232.0,PKR,Scheduled,156749,2026-12-06,Tech-6,Customer-reported issue resolved
MN00590,VH00056,FL002,Battery Replace,2024-04-22,122543,Al-Hamd Auto Workshop,3952.0,6324.0,10276.0,PKR,Completed,172543,2025-01-13,Tech-4,
MN00591,VH00096,FL004,Accident Repair,2025-05-01,129368,Workshop In-House (Fleet Mechanic),48024.0,38564.0,86588.0,PKR,Completed,179368,2025-12-12,Tech-5,
MN00592,VH00058,FL003,Accident Repair,2025-09-04,156081,Al-Hamd Auto Workshop,61281.0,54043.0,115324.0,PKR,Completed,206081,2026-06-19,Tech-12,
MN00593,VH00047,FL003,Tyre Rotation,2022-10-14,154417,Bilal Tyre & Battery,769.0,634.0,1403.0,PKR,Scheduled,164417,2023-07-02,Tech-12,
MN00594,VH00112,FL001,Accident Repair,2024-08-31,128320,Workshop In-House (Fleet Mechanic),28065.0,34238.0,62303.0,PKR,Completed,178320,2025-05-30,Tech-7,Warranty covered – no cost to fleet
MN00595,VH00047,FL003,Transmission Service,2023-08-10,140945,City Motors Rawalpindi,4964.0,4870.0,9834.0,PKR,Completed,170945,2024-05-14,Tech-19,
MN00596,VH00009,FL002,Accident Repair,2024-10-25,125657,Al-Hamd Auto Workshop,47434.0,35626.0,83060.0,PKR,Completed,175657,2025-07-21,Tech-17,
MN00597,VH00039,FL002,Tyre Replacement,2025-03-09,107833,Official Toyota Service Center Islamabad,7483.0,8451.0,15934.0,PKR,In Progress,147833,2026-02-25,Tech-11,Minor wear observed
MN00598,VH00012,FL001,Oil Change,2024-08-06,97303,Bilal Tyre & Battery,1689.0,3507.0,5196.0,PKR,Completed,102303,2025-08-02,Tech-16,Minor wear observed
MN00599,VH00041,FL001,Accident Repair,2026-03-21,127657,Workshop In-House (Fleet Mechanic),59248.0,54547.0,113795.0,PKR,Completed,177657,2026-07-02,Tech-18,Urgent – advised immediate action
MN00600,VH00115,FL001,Suspension Repair,2023-11-14,240443,City Motors Rawalpindi,7157.0,7595.0,14752.0,PKR,Completed,300443,2024-09-14,Tech-16,Replaced as per schedule
MN00601,VH00111,FL003,Oil Change,2024-10-24,176393,Fast Lube Islamabad,1045.0,1743.0,2788.0,PKR,Scheduled,181393,2025-04-10,Tech-18,
MN00602,VH00068,FL002,Brake Pad Replace,2024-10-06,153613,Bilal Tyre & Battery,5579.0,4460.0,10039.0,PKR,Scheduled,178613,2025-01-08,Tech-14,
MN00603,VH00009,FL002,Engine Tune-Up,2023-07-21,94892,Premier Auto Care Karachi,2640.0,2181.0,4821.0,PKR,Completed,114892,2024-06-30,Tech-10,Warranty covered – no cost to fleet
MN00604,VH00102,FL001,Suspension Repair,2025-05-01,115208,National Auto Parts & Repair,7016.0,14292.0,21308.0,PKR,Completed,175208,2025-09-23,Tech-17,Urgent – advised immediate action
MN00605,VH00077,FL001,Periodic Inspection,2022-11-22,149335,Workshop In-House (Fleet Mechanic),1166.0,988.0,2154.0,PKR,Completed,154335,2023-08-16,Tech-18,Urgent – advised immediate action
MN00606,VH00026,FL003,Engine Tune-Up,2022-08-31,197754,Premier Auto Care Karachi,2697.0,4214.0,6911.0,PKR,Completed,217754,2023-04-17,Tech-15,Warranty covered – no cost to fleet
MN00607,VH00056,FL002,AC Service,2022-01-15,90880,National Auto Parts & Repair,1468.0,3104.0,4572.0,PKR,Completed,105880,2022-11-03,Tech-6,Urgent – advised immediate action
MN00608,VH00094,FL002,Tyre Replacement,2026-05-14,142326,Workshop In-House (Fleet Mechanic),10064.0,11011.0,21075.0,PKR,Completed,182326,2027-03-09,Tech-10,Warranty covered – no cost to fleet
MN00609,VH00071,FL002,Accident Repair,2023-11-20,224371,Fast Lube Islamabad,29272.0,67802.0,97074.0,PKR,Completed,274371,2024-08-15,Tech-4,
MN00610,VH00058,FL003,Battery Replace,2025-01-09,142820,Bilal Tyre & Battery,9393.0,8044.0,17437.0,PKR,Completed,192820,2025-09-04,Tech-18,Urgent – advised immediate action
MN00611,VH00063,FL003,Suspension Repair,2025-08-04,85365,Bilal Tyre & Battery,5277.0,9349.0,14626.0,PKR,Completed,145365,2026-02-18,Tech-12,Warranty covered – no cost to fleet
MN00612,VH00075,FL003,Transmission Service,2026-05-21,45101,CarPro Workshop F-10,5246.0,7602.0,12848.0,PKR,Completed,75101,2027-03-12,Tech-16,Urgent – advised immediate action
MN00613,VH00093,FL002,Glass Replace,2022-08-03,112068,Bilal Tyre & Battery,8608.0,5836.0,14444.0,PKR,In Progress,162068,2022-11-26,Tech-16,Minor wear observed
MN00614,VH00024,FL001,Tyre Replacement,2023-10-14,93529,City Motors Rawalpindi,5362.0,8745.0,14107.0,PKR,Completed,133529,2024-06-13,Tech-13,Customer-reported issue resolved
MN00615,VH00049,FL001,Glass Replace,2024-04-09,218559,Official Toyota Service Center Islamabad,11136.0,13893.0,25029.0,PKR,Warranty Claim,268559,2024-09-16,Tech-9,Urgent – advised immediate action
MN00616,VH00098,FL001,Battery Replace,2026-01-02,152476,Al-Hamd Auto Workshop,4795.0,4544.0,9339.0,PKR,Completed,202476,2026-11-09,Tech-18,Urgent – advised immediate action
MN00617,VH00109,FL003,Battery Replace,2022-12-16,156411,Honda Authorized Workshop Lahore,8525.0,7023.0,15548.0,PKR,Completed,206411,2023-08-27,Tech-1,Customer-reported issue resolved
MN00618,VH00089,FL001,Tyre Replacement,2025-05-31,210051,Official Toyota Service Center Islamabad,13356.0,9430.0,22786.0,PKR,Completed,250051,2026-05-26,Tech-14,Minor wear observed
MN00619,VH00039,FL002,Oil Change,2025-07-12,96988,City Motors Rawalpindi,1531.0,3512.0,5043.0,PKR,Completed,101988,2026-04-25,Tech-8,Warranty covered – no cost to fleet
MN00620,VH00020,FL003,Battery Replace,2024-12-28,35096,Fast Lube Islamabad,8383.0,8286.0,16669.0,PKR,In Progress,85096,2025-12-21,Tech-13,
MN00621,VH00059,FL002,Brake Pad Replace,2025-11-05,172109,Bilal Tyre & Battery,2915.0,3941.0,6856.0,PKR,Completed,197109,2026-04-08,Tech-13,Warranty covered – no cost to fleet
MN00622,VH00085,FL002,Battery Replace,2023-09-09,140360,Premier Auto Care Karachi,8464.0,5901.0,14365.0,PKR,Completed,190360,2024-07-30,Tech-13,Customer-reported issue resolved
MN00623,VH00079,FL002,Body Repair / Dent,2023-07-15,121967,City Motors Rawalpindi,10561.0,21451.0,32012.0,PKR,Scheduled,171967,2024-04-17,Tech-16,Customer-reported issue resolved
MN00624,VH00051,FL001,Glass Replace,2023-08-28,170003,City Motors Rawalpindi,8936.0,11530.0,20466.0,PKR,Completed,220003,2024-01-28,Tech-5,Replaced as per schedule
MN00625,VH00057,FL003,AC Service,2026-05-25,128646,CarPro Workshop F-10,2598.0,2508.0,5106.0,PKR,Completed,143646,2026-12-26,Tech-16,Replaced as per schedule
MN00626,VH00110,FL002,Engine Tune-Up,2022-04-14,174026,Pak Euro Motors,4401.0,3202.0,7603.0,PKR,Completed,194026,2022-11-13,Tech-10,
MN00627,VH00056,FL002,Battery Replace,2022-05-10,80389,Honda Authorized Workshop Lahore,6465.0,8110.0,14575.0,PKR,Completed,130389,2022-11-22,Tech-16,
MN00628,VH00098,FL001,Accident Repair,2024-11-06,156852,CarPro Workshop F-10,18045.0,41651.0,59696.0,PKR,Completed,206852,2025-08-26,Tech-17,Urgent – advised immediate action
MN00629,VH00055,FL003,Oil Change,2023-06-25,186571,City Motors Rawalpindi,2611.0,2193.0,4804.0,PKR,Completed,191571,2024-01-22,Tech-11,Urgent – advised immediate action
MN00630,VH00017,FL001,Oil Change,2025-05-15,115783,Workshop In-House (Fleet Mechanic),2646.0,2230.0,4876.0,PKR,Completed,120783,2026-01-03,Tech-2,Warranty covered – no cost to fleet
MN00631,VH00028,FL003,Suspension Repair,2025-10-19,87644,Fast Lube Islamabad,6524.0,14877.0,21401.0,PKR,Completed,147644,2026-01-18,Tech-14,Urgent – advised immediate action
MN00632,VH00115,FL001,Accident Repair,2023-05-21,209216,City Motors Rawalpindi,45562.0,32757.0,78319.0,PKR,Completed,259216,2024-01-05,Tech-2,
MN00633,VH00060,FL003,Battery Replace,2022-12-03,69239,Bilal Tyre & Battery,4621.0,6193.0,10814.0,PKR,Completed,119239,2023-07-19,Tech-1,Replaced as per schedule
MN00634,VH00107,FL001,Tyre Rotation,2024-05-01,176420,Honda Authorized Workshop Lahore,577.0,768.0,1345.0,PKR,Completed,186420,2025-04-28,Tech-16,
MN00635,VH00082,FL001,Suspension Repair,2024-08-11,162203,Premier Auto Care Karachi,10787.0,8819.0,19606.0,PKR,Completed,222203,2025-01-15,Tech-8,Warranty covered – no cost to fleet
MN00636,VH00008,FL004,Battery Replace,2024-11-29,159530,National Auto Parts & Repair,3079.0,6237.0,9316.0,PKR,Completed,209530,2025-10-12,Tech-7,Replaced as per schedule
MN00637,VH00047,FL003,Tyre Replacement,2025-10-20,206540,CarPro Workshop F-10,6440.0,14123.0,20563.0,PKR,Completed,246540,2026-09-04,Tech-2,Urgent – advised immediate action
MN00638,VH00098,FL001,Oil Change,2024-10-12,196585,Premier Auto Care Karachi,1358.0,1149.0,2507.0,PKR,Completed,201585,2025-07-15,Tech-3,Customer-reported issue resolved
MN00639,VH00109,FL003,Suspension Repair,2023-04-17,153092,Premier Auto Care Karachi,8509.0,10520.0,19029.0,PKR,Scheduled,213092,2024-04-07,Tech-10,Urgent – advised immediate action
MN00640,VH00045,FL001,Tyre Rotation,2024-10-14,163841,Premier Auto Care Karachi,345.0,612.0,957.0,PKR,Scheduled,173841,2025-03-27,Tech-4,
MN00641,VH00047,FL003,Periodic Inspection,2026-06-23,166793,Premier Auto Care Karachi,882.0,968.0,1850.0,PKR,Completed,171793,2027-01-22,Tech-10,Urgent – advised immediate action
MN00642,VH00037,FL004,Engine Tune-Up,2026-01-10,46326,Pak Euro Motors,2837.0,5728.0,8565.0,PKR,Completed,66326,2026-10-09,Tech-15,Replaced as per schedule
MN00643,VH00075,FL003,Accident Repair,2025-07-07,88460,CarPro Workshop F-10,32039.0,74314.0,106353.0,PKR,Completed,138460,2025-11-09,Tech-1,Urgent – advised immediate action
MN00644,VH00007,FL001,Brake Pad Replace,2026-04-04,156604,Bilal Tyre & Battery,3500.0,7653.0,11153.0,PKR,Completed,181604,2026-07-08,Tech-8,Replaced as per schedule
MN00645,VH00009,FL002,Battery Replace,2023-03-08,146822,Bilal Tyre & Battery,5603.0,7734.0,13337.0,PKR,Scheduled,196822,2024-02-29,Tech-8,Minor wear observed
MN00646,VH00068,FL002,Accident Repair,2022-02-08,118197,Bilal Tyre & Battery,30386.0,56588.0,86974.0,PKR,Completed,168197,2022-05-24,Tech-16,
MN00647,VH00101,FL004,Glass Replace,2023-08-28,125646,Al-Hamd Auto Workshop,8577.0,6526.0,15103.0,PKR,Completed,175646,2024-05-28,Tech-4,Minor wear observed
MN00648,VH00025,FL001,Brake Pad Replace,2023-10-11,91424,Pak Euro Motors,6533.0,5449.0,11982.0,PKR,In Progress,116424,2024-01-21,Tech-12,Warranty covered – no cost to fleet
MN00649,VH00103,FL004,Transmission Service,2024-07-23,114946,Honda Authorized Workshop Lahore,3308.0,3755.0,7063.0,PKR,Completed,144946,2024-12-31,Tech-13,
MN00650,VH00116,FL004,Transmission Service,2026-05-14,100869,National Auto Parts & Repair,7131.0,5730.0,12861.0,PKR,Warranty Claim,130869,2026-12-21,Tech-12,Warranty covered – no cost to fleet
MN00651,VH00002,FL002,Transmission Service,2023-07-04,121586,Official Toyota Service Center Islamabad,5793.0,7638.0,13431.0,PKR,Completed,151586,2024-03-14,Tech-20,Minor wear observed
MN00652,VH00110,FL002,Battery Replace,2024-03-27,207478,City Motors Rawalpindi,4778.0,5543.0,10321.0,PKR,Warranty Claim,257478,2025-01-24,Tech-7,Minor wear observed
MN00653,VH00107,FL001,Engine Tune-Up,2025-08-11,140301,CarPro Workshop F-10,2188.0,2185.0,4373.0,PKR,In Progress,160301,2026-02-04,Tech-16,Warranty covered – no cost to fleet
MN00654,VH00116,FL004,Tyre Rotation,2026-02-24,111033,City Motors Rawalpindi,376.0,774.0,1150.0,PKR,Warranty Claim,121033,2026-12-09,Tech-20,Replaced as per schedule
MN00655,VH00079,FL002,Accident Repair,2025-08-17,140057,CarPro Workshop F-10,35047.0,55164.0,90211.0,PKR,Completed,190057,2026-02-03,Tech-4,Customer-reported issue resolved
MN00656,VH00067,FL001,Tyre Rotation,2024-08-10,35626,Workshop In-House (Fleet Mechanic),503.0,865.0,1368.0,PKR,In Progress,45626,2024-12-06,Tech-7,Customer-reported issue resolved
MN00657,VH00016,FL001,Tyre Rotation,2022-12-18,63019,Pak Euro Motors,767.0,591.0,1358.0,PKR,Completed,73019,2023-10-26,Tech-18,Minor wear observed
MN00658,VH00024,FL001,Periodic Inspection,2025-02-02,147373,National Auto Parts & Repair,910.0,1257.0,2167.0,PKR,In Progress,152373,2025-05-16,Tech-3,Urgent – advised immediate action
MN00659,VH00065,FL001,Engine Tune-Up,2023-01-14,84986,City Motors Rawalpindi,3464.0,2378.0,5842.0,PKR,Completed,104986,2023-07-27,Tech-2,
MN00660,VH00081,FL001,Tyre Rotation,2025-11-22,89885,Al-Hamd Auto Workshop,303.0,557.0,860.0,PKR,Completed,99885,2026-07-20,Tech-4,Warranty covered – no cost to fleet
MN00661,VH00072,FL003,Glass Replace,2022-07-31,143803,Official Toyota Service Center Islamabad,8206.0,12568.0,20774.0,PKR,Completed,193803,2022-12-31,Tech-15,Minor wear observed
MN00662,VH00078,FL002,AC Service,2023-10-15,137514,City Motors Rawalpindi,2731.0,2305.0,5036.0,PKR,Completed,152514,2024-04-19,Tech-20,Urgent – advised immediate action
MN00663,VH00013,FL003,Transmission Service,2024-09-26,179755,Pak Euro Motors,2369.0,4525.0,6894.0,PKR,Completed,209755,2025-01-18,Tech-5,Minor wear observed
MN00664,VH00105,FL003,Tyre Rotation,2025-09-20,113113,CarPro Workshop F-10,414.0,729.0,1143.0,PKR,In Progress,123113,2026-03-23,Tech-15,Warranty covered – no cost to fleet
MN00665,VH00031,FL001,Periodic Inspection,2023-06-15,37818,Honda Authorized Workshop Lahore,736.0,1008.0,1744.0,PKR,Completed,42818,2023-09-22,Tech-10,
MN00666,VH00017,FL001,Suspension Repair,2023-03-08,119172,Honda Authorized Workshop Lahore,4456.0,8930.0,13386.0,PKR,Completed,179172,2024-03-07,Tech-19,Replaced as per schedule
MN00667,VH00074,FL002,Accident Repair,2024-01-20,155274,Official Toyota Service Center Islamabad,25685.0,31155.0,56840.0,PKR,Completed,205274,2024-12-16,Tech-1,Minor wear observed
MN00668,VH00007,FL001,Oil Change,2023-07-12,140681,CarPro Workshop F-10,2678.0,1997.0,4675.0,PKR,Completed,145681,2023-10-23,Tech-10,
MN00669,VH00088,FL003,Engine Tune-Up,2025-06-27,136898,National Auto Parts & Repair,2611.0,2483.0,5094.0,PKR,Completed,156898,2026-01-21,Tech-18,Customer-reported issue resolved
MN00670,VH00091,FL001,Battery Replace,2023-08-27,225947,CarPro Workshop F-10,5746.0,9644.0,15390.0,PKR,Scheduled,275947,2024-07-08,Tech-10,Replaced as per schedule
MN00671,VH00053,FL002,AC Service,2025-09-28,121383,Bilal Tyre & Battery,1730.0,1447.0,3177.0,PKR,Completed,136383,2026-09-11,Tech-20,
MN00672,VH00073,FL001,Body Repair / Dent,2025-12-13,168379,Bilal Tyre & Battery,9567.0,9429.0,18996.0,PKR,Completed,218379,2026-07-14,Tech-2,Replaced as per schedule
MN00673,VH00031,FL001,Brake Pad Replace,2025-02-13,81430,CarPro Workshop F-10,4558.0,6972.0,11530.0,PKR,Completed,106430,2026-01-06,Tech-6,Minor wear observed
MN00674,VH00062,FL001,Suspension Repair,2025-01-21,161634,City Motors Rawalpindi,3437.0,7583.0,11020.0,PKR,Completed,221634,2025-07-26,Tech-19,Replaced as per schedule
MN00675,VH00096,FL004,Tyre Replacement,2023-03-14,154164,Pak Euro Motors,14960.0,11299.0,26259.0,PKR,Scheduled,194164,2023-08-13,Tech-4,Warranty covered – no cost to fleet
MN00676,VH00088,FL003,Tyre Rotation,2022-10-02,130481,Bilal Tyre & Battery,393.0,483.0,876.0,PKR,Completed,140481,2023-02-21,Tech-11,Replaced as per schedule
MN00677,VH00029,FL004,Accident Repair,2022-07-01,177843,City Motors Rawalpindi,43833.0,59239.0,103072.0,PKR,Completed,227843,2023-02-07,Tech-4,Replaced as per schedule
MN00678,VH00044,FL002,Engine Tune-Up,2024-05-19,206775,Bilal Tyre & Battery,3638.0,3085.0,6723.0,PKR,Scheduled,226775,2025-02-24,Tech-2,
MN00679,VH00040,FL003,Transmission Service,2023-11-28,120495,Bilal Tyre & Battery,4244.0,4514.0,8758.0,PKR,In Progress,150495,2024-09-09,Tech-18,
MN00680,VH00022,FL002,Tyre Rotation,2022-06-11,182256,Al-Hamd Auto Workshop,520.0,364.0,884.0,PKR,Warranty Claim,192256,2022-11-28,Tech-13,Replaced as per schedule
MN00681,VH00092,FL004,Body Repair / Dent,2023-03-18,196630,Premier Auto Care Karachi,10126.0,12627.0,22753.0,PKR,Warranty Claim,246630,2024-02-15,Tech-10,Warranty covered – no cost to fleet
MN00682,VH00024,FL001,Tyre Rotation,2024-09-05,126434,Honda Authorized Workshop Lahore,406.0,660.0,1066.0,PKR,Completed,136434,2025-07-04,Tech-4,Customer-reported issue resolved
MN00683,VH00079,FL002,Battery Replace,2026-04-19,156150,Official Toyota Service Center Islamabad,5039.0,5014.0,10053.0,PKR,Completed,206150,2027-01-15,Tech-4,Replaced as per schedule
MN00684,VH00068,FL002,Suspension Repair,2022-02-08,139079,Honda Authorized Workshop Lahore,9205.0,11078.0,20283.0,PKR,Completed,199079,2022-12-28,Tech-16,Replaced as per schedule
MN00685,VH00093,FL002,AC Service,2022-03-06,75432,Pak Euro Motors,2293.0,3960.0,6253.0,PKR,Completed,90432,2022-12-21,Tech-14,Urgent – advised immediate action
MN00686,VH00085,FL002,Battery Replace,2022-01-18,131467,Al-Hamd Auto Workshop,6366.0,6299.0,12665.0,PKR,Completed,181467,2022-09-24,Tech-9,Warranty covered – no cost to fleet
MN00687,VH00074,FL002,Suspension Repair,2024-03-20,155256,Premier Auto Care Karachi,8137.0,13610.0,21747.0,PKR,Scheduled,215256,2025-03-13,Tech-17,Minor wear observed
MN00688,VH00066,FL002,Periodic Inspection,2023-03-04,188610,Official Toyota Service Center Islamabad,1363.0,1220.0,2583.0,PKR,Completed,193610,2023-08-05,Tech-6,Replaced as per schedule
MN00689,VH00009,FL002,Glass Replace,2024-02-10,99786,City Motors Rawalpindi,9524.0,7001.0,16525.0,PKR,Scheduled,149786,2024-09-06,Tech-17,Customer-reported issue resolved
MN00690,VH00042,FL002,Tyre Replacement,2025-03-31,204506,Bilal Tyre & Battery,9254.0,6690.0,15944.0,PKR,Completed,244506,2025-08-15,Tech-4,Warranty covered – no cost to fleet
MN00691,VH00081,FL001,Accident Repair,2024-02-25,59831,National Auto Parts & Repair,36071.0,43164.0,79235.0,PKR,In Progress,109831,2024-08-25,Tech-2,Replaced as per schedule
MN00692,VH00015,FL002,Tyre Rotation,2026-02-25,244258,Al-Hamd Auto Workshop,375.0,383.0,758.0,PKR,In Progress,254258,2026-11-27,Tech-1,Replaced as per schedule
MN00693,VH00007,FL001,Oil Change,2022-04-15,131001,City Motors Rawalpindi,2766.0,2084.0,4850.0,PKR,Scheduled,136001,2022-07-28,Tech-18,Customer-reported issue resolved
MN00694,VH00007,FL001,Brake Pad Replace,2024-12-31,185571,Fast Lube Islamabad,2162.0,5028.0,7190.0,PKR,Completed,210571,2025-11-11,Tech-20,
MN00695,VH00053,FL002,Tyre Replacement,2024-11-27,179689,Honda Authorized Workshop Lahore,10959.0,8707.0,19666.0,PKR,Completed,219689,2025-05-22,Tech-8,Urgent – advised immediate action
MN00696,VH00073,FL001,Transmission Service,2023-01-01,189767,Workshop In-House (Fleet Mechanic),3023.0,3344.0,6367.0,PKR,Completed,219767,2023-06-22,Tech-13,Replaced as per schedule
MN00697,VH00079,FL002,Accident Repair,2024-08-11,111081,Workshop In-House (Fleet Mechanic),49513.0,40730.0,90243.0,PKR,Completed,161081,2025-02-13,Tech-1,Warranty covered – no cost to fleet
MN00698,VH00114,FL003,Transmission Service,2026-04-15,106229,Honda Authorized Workshop Lahore,3723.0,2661.0,6384.0,PKR,Warranty Claim,136229,2027-03-20,Tech-17,Customer-reported issue resolved
MN00699,VH00108,FL001,AC Service,2022-02-06,161188,Fast Lube Islamabad,3042.0,2055.0,5097.0,PKR,Completed,176188,2022-10-13,Tech-7,Urgent – advised immediate action
MN00700,VH00026,FL003,Brake Pad Replace,2025-06-21,175454,Fast Lube Islamabad,3165.0,2640.0,5805.0,PKR,Completed,200454,2025-12-15,Tech-14,Customer-reported issue resolved
MN00701,VH00033,FL001,Tyre Replacement,2025-03-20,159515,Honda Authorized Workshop Lahore,11277.0,12276.0,23553.0,PKR,Scheduled,199515,2025-11-25,Tech-12,Replaced as per schedule
MN00702,VH00077,FL001,Body Repair / Dent,2026-03-11,185806,CarPro Workshop F-10,14695.0,14081.0,28776.0,PKR,Completed,235806,2026-08-08,Tech-18,
MN00703,VH00116,FL004,Body Repair / Dent,2024-02-10,77419,Al-Hamd Auto Workshop,12172.0,17219.0,29391.0,PKR,Completed,127419,2024-12-11,Tech-20,Customer-reported issue resolved
MN00704,VH00075,FL003,Brake Pad Replace,2024-03-14,45887,City Motors Rawalpindi,3290.0,5482.0,8772.0,PKR,In Progress,70887,2024-09-19,Tech-14,
MN00705,VH00098,FL001,Glass Replace,2023-01-14,184115,Premier Auto Care Karachi,11368.0,14035.0,25403.0,PKR,Completed,234115,2023-06-13,Tech-6,Replaced as per schedule
MN00706,VH00104,FL003,Battery Replace,2025-11-30,44629,Pak Euro Motors,5231.0,5664.0,10895.0,PKR,Completed,94629,2026-11-25,Tech-20,Warranty covered – no cost to fleet
MN00707,VH00114,FL003,Battery Replace,2026-06-17,168075,Honda Authorized Workshop Lahore,5724.0,10337.0,16061.0,PKR,Scheduled,218075,2027-05-18,Tech-1,Replaced as per schedule
MN00708,VH00082,FL001,Tyre Replacement,2022-05-10,140229,National Auto Parts & Repair,8110.0,17358.0,25468.0,PKR,Completed,180229,2023-01-23,Tech-6,
MN00709,VH00052,FL001,Accident Repair,2024-03-22,108899,Official Toyota Service Center Islamabad,34008.0,64332.0,98340.0,PKR,Completed,158899,2025-02-05,Tech-18,Warranty covered – no cost to fleet
MN00710,VH00032,FL001,Battery Replace,2022-07-17,189883,Pak Euro Motors,4529.0,5128.0,9657.0,PKR,Completed,239883,2023-06-03,Tech-3,Urgent – advised immediate action
MN00711,VH00090,FL003,Suspension Repair,2025-03-01,73675,Premier Auto Care Karachi,6195.0,4890.0,11085.0,PKR,Completed,133675,2025-12-23,Tech-6,Customer-reported issue resolved
MN00712,VH00014,FL004,Tyre Replacement,2025-01-20,99601,Bilal Tyre & Battery,9869.0,9466.0,19335.0,PKR,Completed,139601,2025-09-01,Tech-4,Warranty covered – no cost to fleet
MN00713,VH00081,FL001,Tyre Replacement,2024-01-11,36992,City Motors Rawalpindi,10257.0,7716.0,17973.0,PKR,Completed,76992,2024-06-27,Tech-5,Customer-reported issue resolved
MN00714,VH00064,FL001,Tyre Rotation,2023-05-08,159283,Pak Euro Motors,485.0,681.0,1166.0,PKR,Completed,169283,2023-09-17,Tech-8,Warranty covered – no cost to fleet
MN00715,VH00053,FL002,Periodic Inspection,2024-09-01,138986,Fast Lube Islamabad,1003.0,1210.0,2213.0,PKR,Completed,143986,2025-06-30,Tech-20,Urgent – advised immediate action
MN00716,VH00064,FL001,Tyre Rotation,2024-05-06,93417,National Auto Parts & Repair,425.0,636.0,1061.0,PKR,Completed,103417,2025-03-11,Tech-2,Urgent – advised immediate action
MN00717,VH00018,FL003,Engine Tune-Up,2023-01-23,168072,Official Toyota Service Center Islamabad,1682.0,3344.0,5026.0,PKR,Completed,188072,2023-12-01,Tech-7,Replaced as per schedule
MN00718,VH00085,FL002,Suspension Repair,2023-07-10,119055,Fast Lube Islamabad,5818.0,12915.0,18733.0,PKR,Completed,179055,2024-03-31,Tech-20,Customer-reported issue resolved
MN00719,VH00067,FL001,Tyre Rotation,2023-04-02,82023,Premier Auto Care Karachi,458.0,863.0,1321.0,PKR,Completed,92023,2023-11-15,Tech-4,Urgent – advised immediate action
MN00720,VH00095,FL004,Brake Pad Replace,2026-03-09,210665,Bilal Tyre & Battery,3401.0,6671.0,10072.0,PKR,Completed,235665,2026-11-14,Tech-4,Warranty covered – no cost to fleet
MN00721,VH00016,FL001,Accident Repair,2023-03-24,59518,Premier Auto Care Karachi,24521.0,42534.0,67055.0,PKR,Completed,109518,2023-10-09,Tech-7,Minor wear observed
MN00722,VH00055,FL003,Oil Change,2025-10-10,228320,National Auto Parts & Repair,1725.0,1224.0,2949.0,PKR,Scheduled,233320,2026-04-18,Tech-9,Customer-reported issue resolved
MN00723,VH00010,FL002,Brake Pad Replace,2022-01-30,127414,Workshop In-House (Fleet Mechanic),4254.0,6155.0,10409.0,PKR,Completed,152414,2022-06-30,Tech-17,
MN00724,VH00082,FL001,Engine Tune-Up,2024-08-30,121669,CarPro Workshop F-10,3096.0,3252.0,6348.0,PKR,Scheduled,141669,2024-12-11,Tech-15,Urgent – advised immediate action
MN00725,VH00071,FL002,AC Service,2023-03-08,202181,National Auto Parts & Repair,2314.0,3403.0,5717.0,PKR,Completed,217181,2023-11-29,Tech-5,Customer-reported issue resolved
MN00726,VH00084,FL001,Brake Pad Replace,2025-01-15,201439,Honda Authorized Workshop Lahore,3923.0,5168.0,9091.0,PKR,Scheduled,226439,2025-08-15,Tech-11,Replaced as per schedule
MN00727,VH00100,FL002,Suspension Repair,2022-10-22,213172,City Motors Rawalpindi,8290.0,9209.0,17499.0,PKR,Completed,273172,2023-10-09,Tech-20,
MN00728,VH00018,FL003,Engine Tune-Up,2025-11-04,180383,Al-Hamd Auto Workshop,3224.0,2958.0,6182.0,PKR,Completed,200383,2026-02-21,Tech-5,Replaced as per schedule
MN00729,VH00097,FL002,AC Service,2024-05-13,188916,CarPro Workshop F-10,2722.0,3236.0,5958.0,PKR,Scheduled,203916,2025-04-12,Tech-17,Warranty covered – no cost to fleet
MN00730,VH00109,FL003,Transmission Service,2023-10-29,177581,Pak Euro Motors,6352.0,5507.0,11859.0,PKR,Completed,207581,2024-09-09,Tech-17,Customer-reported issue resolved
MN00731,VH00050,FL002,Engine Tune-Up,2025-06-22,252920,City Motors Rawalpindi,3392.0,4071.0,7463.0,PKR,Completed,272920,2026-06-08,Tech-11,Replaced as per schedule
MN00732,VH00026,FL003,Suspension Repair,2025-10-30,216461,Pak Euro Motors,5643.0,7292.0,12935.0,PKR,Completed,276461,2026-06-04,Tech-8,Urgent – advised immediate action
MN00733,VH00080,FL002,Periodic Inspection,2024-05-14,194788,Honda Authorized Workshop Lahore,788.0,905.0,1693.0,PKR,Completed,199788,2024-12-22,Tech-12,
MN00734,VH00066,FL002,Engine Tune-Up,2025-11-02,203520,Al-Hamd Auto Workshop,1996.0,4040.0,6036.0,PKR,Completed,223520,2026-04-04,Tech-10,Urgent – advised immediate action
MN00735,VH00043,FL001,Tyre Rotation,2025-10-13,177657,City Motors Rawalpindi,588.0,542.0,1130.0,PKR,Completed,187657,2026-07-26,Tech-18,Urgent – advised immediate action
MN00736,VH00054,FL003,Battery Replace,2024-05-10,89706,Bilal Tyre & Battery,4531.0,4465.0,8996.0,PKR,Completed,139706,2024-11-12,Tech-5,Warranty covered – no cost to fleet
MN00737,VH00084,FL001,Body Repair / Dent,2022-01-01,192478,Pak Euro Motors,18810.0,15927.0,34737.0,PKR,Completed,242478,2022-04-17,Tech-4,Urgent – advised immediate action
MN00738,VH00010,FL002,Engine Tune-Up,2025-01-30,159951,Fast Lube Islamabad,3347.0,5572.0,8919.0,PKR,Completed,179951,2025-05-21,Tech-10,Customer-reported issue resolved
MN00739,VH00113,FL004,Accident Repair,2022-09-07,170853,Fast Lube Islamabad,56159.0,41123.0,97282.0,PKR,Completed,220853,2023-01-17,Tech-16,
MN00740,VH00022,FL002,Periodic Inspection,2022-08-14,143330,CarPro Workshop F-10,598.0,1244.0,1842.0,PKR,Completed,148330,2023-02-15,Tech-15,
MN00741,VH00055,FL003,Battery Replace,2022-08-11,226137,Official Toyota Service Center Islamabad,6896.0,5547.0,12443.0,PKR,Scheduled,276137,2023-02-17,Tech-12,Warranty covered – no cost to fleet
MN00742,VH00119,FL003,Body Repair / Dent,2022-11-10,73527,CarPro Workshop F-10,12723.0,22000.0,34723.0,PKR,Completed,123527,2023-04-26,Tech-13,Replaced as per schedule
MN00743,VH00083,FL003,Tyre Rotation,2025-05-31,221161,Honda Authorized Workshop Lahore,439.0,349.0,788.0,PKR,Completed,231161,2025-11-11,Tech-5,Customer-reported issue resolved
MN00744,VH00095,FL004,Engine Tune-Up,2022-07-07,175910,Al-Hamd Auto Workshop,3702.0,4183.0,7885.0,PKR,Completed,195910,2023-05-12,Tech-12,Urgent – advised immediate action
MN00745,VH00113,FL004,Engine Tune-Up,2024-09-18,131341,Official Toyota Service Center Islamabad,3700.0,5122.0,8822.0,PKR,Completed,151341,2025-03-05,Tech-14,Warranty covered – no cost to fleet
MN00746,VH00094,FL002,Tyre Replacement,2023-08-18,118526,Fast Lube Islamabad,7588.0,13732.0,21320.0,PKR,Scheduled,158526,2024-08-16,Tech-16,Urgent – advised immediate action
MN00747,VH00008,FL004,Oil Change,2022-05-22,193749,National Auto Parts & Repair,2526.0,2443.0,4969.0,PKR,Completed,198749,2022-11-27,Tech-6,Minor wear observed
MN00748,VH00035,FL002,Tyre Replacement,2024-09-30,118440,Workshop In-House (Fleet Mechanic),7203.0,14637.0,21840.0,PKR,Completed,158440,2025-09-13,Tech-2,
MN00749,VH00063,FL003,AC Service,2025-07-04,92716,City Motors Rawalpindi,1537.0,3558.0,5095.0,PKR,Completed,107716,2025-11-28,Tech-8,Customer-reported issue resolved
MN00750,VH00084,FL001,Glass Replace,2024-11-22,203936,Al-Hamd Auto Workshop,6849.0,10365.0,17214.0,PKR,Completed,253936,2025-08-12,Tech-5,Warranty covered – no cost to fleet
MN00751,VH00092,FL004,Brake Pad Replace,2023-10-12,243663,Honda Authorized Workshop Lahore,5471.0,4122.0,9593.0,PKR,Completed,268663,2024-01-30,Tech-5,Replaced as per schedule
MN00752,VH00076,FL001,Battery Replace,2025-12-12,206083,National Auto Parts & Repair,5837.0,6384.0,12221.0,PKR,In Progress,256083,2026-07-04,Tech-18,Minor wear observed
MN00753,VH00005,FL003,Brake Pad Replace,2024-09-22,84008,Fast Lube Islamabad,2877.0,5183.0,8060.0,PKR,Completed,109008,2025-03-21,Tech-17,Customer-reported issue resolved
MN00754,VH00104,FL003,Glass Replace,2023-12-25,61259,National Auto Parts & Repair,8467.0,10082.0,18549.0,PKR,Completed,111259,2024-12-03,Tech-12,Urgent – advised immediate action
MN00755,VH00080,FL002,Oil Change,2024-06-28,202126,Bilal Tyre & Battery,1888.0,2441.0,4329.0,PKR,Completed,207126,2025-06-09,Tech-12,
MN00756,VH00072,FL003,Transmission Service,2023-02-01,143456,City Motors Rawalpindi,6444.0,5286.0,11730.0,PKR,In Progress,173456,2023-12-18,Tech-11,Replaced as per schedule
MN00757,VH00045,FL001,Periodic Inspection,2023-07-31,177598,Workshop In-House (Fleet Mechanic),1044.0,784.0,1828.0,PKR,Completed,182598,2024-02-26,Tech-14,Customer-reported issue resolved
MN00758,VH00038,FL003,Body Repair / Dent,2025-11-17,148640,Fast Lube Islamabad,5624.0,12089.0,17713.0,PKR,Scheduled,198640,2026-02-22,Tech-9,
MN00759,VH00083,FL003,Tyre Replacement,2024-07-21,169800,National Auto Parts & Repair,7610.0,16210.0,23820.0,PKR,Completed,209800,2025-05-29,Tech-16,Minor wear observed
MN00760,VH00021,FL003,Transmission Service,2023-03-09,247890,Premier Auto Care Karachi,4979.0,6914.0,11893.0,PKR,Completed,277890,2023-12-16,Tech-12,Replaced as per schedule
MN00761,VH00008,FL004,Brake Pad Replace,2024-01-30,167281,CarPro Workshop F-10,4254.0,6002.0,10256.0,PKR,Completed,192281,2024-11-21,Tech-19,Customer-reported issue resolved
MN00762,VH00078,FL002,Accident Repair,2022-10-19,147073,Bilal Tyre & Battery,33498.0,47302.0,80800.0,PKR,Completed,197073,2023-03-25,Tech-15,
MN00763,VH00016,FL001,AC Service,2026-05-24,104725,Workshop In-House (Fleet Mechanic),2805.0,3925.0,6730.0,PKR,Completed,119725,2026-10-20,Tech-16,Urgent – advised immediate action
MN00764,VH00069,FL001,Oil Change,2025-04-23,31568,Premier Auto Care Karachi,1603.0,2757.0,4360.0,PKR,Completed,36568,2025-08-31,Tech-7,Replaced as per schedule
MN00765,VH00020,FL003,Tyre Replacement,2026-01-09,85302,Premier Auto Care Karachi,5937.0,7921.0,13858.0,PKR,Completed,125302,2026-05-23,Tech-2,Minor wear observed
MN00766,VH00016,FL001,Engine Tune-Up,2025-03-02,56541,Bilal Tyre & Battery,3973.0,3956.0,7929.0,PKR,Completed,76541,2025-09-16,Tech-13,Replaced as per schedule
MN00767,VH00003,FL001,Tyre Replacement,2026-05-09,96940,Workshop In-House (Fleet Mechanic),6567.0,15030.0,21597.0,PKR,Completed,136940,2026-09-18,Tech-18,Urgent – advised immediate action
MN00768,VH00048,FL003,Engine Tune-Up,2023-12-05,80307,CarPro Workshop F-10,2395.0,3247.0,5642.0,PKR,Completed,100307,2024-05-16,Tech-5,Replaced as per schedule
MN00769,VH00075,FL003,AC Service,2026-02-06,97707,Bilal Tyre & Battery,2195.0,1502.0,3697.0,PKR,Scheduled,112707,2026-09-11,Tech-7,Minor wear observed
MN00770,VH00091,FL001,Brake Pad Replace,2025-06-09,245053,Honda Authorized Workshop Lahore,3338.0,4132.0,7470.0,PKR,Completed,270053,2025-11-16,Tech-2,Customer-reported issue resolved
MN00771,VH00011,FL001,Brake Pad Replace,2025-12-11,71777,Workshop In-House (Fleet Mechanic),3942.0,6200.0,10142.0,PKR,Completed,96777,2026-06-01,Tech-1,Replaced as per schedule
MN00772,VH00007,FL001,Glass Replace,2022-09-12,122940,Pak Euro Motors,6799.0,9694.0,16493.0,PKR,Completed,172940,2023-03-27,Tech-6,
MN00773,VH00038,FL003,Suspension Repair,2024-11-19,161051,CarPro Workshop F-10,6493.0,6504.0,12997.0,PKR,Completed,221051,2025-07-12,Tech-18,Replaced as per schedule
MN00774,VH00045,FL001,Brake Pad Replace,2023-05-11,215847,Al-Hamd Auto Workshop,3862.0,6844.0,10706.0,PKR,Completed,240847,2024-01-28,Tech-3,Minor wear observed
MN00775,VH00117,FL001,Brake Pad Replace,2024-11-14,87928,CarPro Workshop F-10,3927.0,2750.0,6677.0,PKR,Completed,112928,2025-09-01,Tech-9,Replaced as per schedule
MN00776,VH00092,FL004,Tyre Replacement,2023-10-01,201350,Al-Hamd Auto Workshop,10508.0,11708.0,22216.0,PKR,Completed,241350,2024-05-29,Tech-14,Replaced as per schedule
MN00777,VH00059,FL002,Tyre Rotation,2023-10-19,162364,Honda Authorized Workshop Lahore,272.0,523.0,795.0,PKR,Completed,172364,2024-08-29,Tech-12,
MN00778,VH00081,FL001,AC Service,2023-10-31,90260,Official Toyota Service Center Islamabad,2508.0,2375.0,4883.0,PKR,Warranty Claim,105260,2024-09-09,Tech-4,Warranty covered – no cost to fleet
MN00779,VH00092,FL004,Brake Pad Replace,2025-02-05,233485,City Motors Rawalpindi,3234.0,5698.0,8932.0,PKR,Completed,258485,2026-01-21,Tech-5,Warranty covered – no cost to fleet
MN00780,VH00119,FL003,Body Repair / Dent,2023-06-21,59148,Fast Lube Islamabad,19272.0,16323.0,35595.0,PKR,Completed,109148,2024-05-23,Tech-10,Urgent – advised immediate action
MN00781,VH00007,FL001,AC Service,2023-12-18,178981,National Auto Parts & Repair,3110.0,2753.0,5863.0,PKR,Completed,193981,2024-12-09,Tech-13,Customer-reported issue resolved
MN00782,VH00090,FL003,Glass Replace,2023-08-19,120932,Pak Euro Motors,13857.0,13245.0,27102.0,PKR,In Progress,170932,2024-07-13,Tech-8,Customer-reported issue resolved
MN00783,VH00119,FL003,Battery Replace,2025-10-20,54795,Pak Euro Motors,4139.0,5231.0,9370.0,PKR,Completed,104795,2026-08-27,Tech-8,Minor wear observed
MN00784,VH00108,FL001,Body Repair / Dent,2026-05-19,206534,Workshop In-House (Fleet Mechanic),11131.0,15474.0,26605.0,PKR,Completed,256534,2027-02-02,Tech-10,Minor wear observed
MN00785,VH00051,FL001,Accident Repair,2024-01-17,103925,Premier Auto Care Karachi,22878.0,47799.0,70677.0,PKR,Warranty Claim,153925,2024-12-24,Tech-4,Warranty covered – no cost to fleet
MN00786,VH00003,FL001,Brake Pad Replace,2022-07-21,172451,Honda Authorized Workshop Lahore,2683.0,3817.0,6500.0,PKR,Completed,197451,2023-04-30,Tech-15,Minor wear observed
MN00787,VH00072,FL003,Oil Change,2022-11-06,181870,Al-Hamd Auto Workshop,1603.0,1695.0,3298.0,PKR,Completed,186870,2023-02-22,Tech-2,Warranty covered – no cost to fleet
MN00788,VH00050,FL002,Engine Tune-Up,2023-12-02,214689,Honda Authorized Workshop Lahore,1407.0,3051.0,4458.0,PKR,Completed,234689,2024-09-10,Tech-17,Replaced as per schedule
MN00789,VH00069,FL001,Periodic Inspection,2022-06-23,60074,Pak Euro Motors,628.0,1109.0,1737.0,PKR,Completed,65074,2023-03-10,Tech-3,Warranty covered – no cost to fleet
MN00790,VH00111,FL003,Glass Replace,2026-01-03,203719,Premier Auto Care Karachi,10622.0,11269.0,21891.0,PKR,Completed,253719,2026-09-13,Tech-2,Warranty covered – no cost to fleet
MN00791,VH00003,FL001,AC Service,2023-01-05,168428,Bilal Tyre & Battery,2836.0,2706.0,5542.0,PKR,Completed,183428,2023-09-03,Tech-20,Customer-reported issue resolved
MN00792,VH00078,FL002,Body Repair / Dent,2026-01-11,118148,Official Toyota Service Center Islamabad,8915.0,9394.0,18309.0,PKR,Completed,168148,2027-01-02,Tech-2,Customer-reported issue resolved
MN00793,VH00083,FL003,Battery Replace,2022-06-21,205479,Al-Hamd Auto Workshop,3705.0,5390.0,9095.0,PKR,Completed,255479,2023-06-11,Tech-6,Customer-reported issue resolved
MN00794,VH00084,FL001,AC Service,2025-11-21,216599,National Auto Parts & Repair,1956.0,1413.0,3369.0,PKR,Completed,231599,2026-04-14,Tech-18,Replaced as per schedule
MN00795,VH00055,FL003,Accident Repair,2024-11-09,155286,Pak Euro Motors,52662.0,67137.0,119799.0,PKR,Completed,205286,2025-09-15,Tech-9,Customer-reported issue resolved
MN00796,VH00083,FL003,Transmission Service,2022-01-12,154580,CarPro Workshop F-10,5448.0,6741.0,12189.0,PKR,Completed,184580,2022-08-20,Tech-13,
MN00797,VH00048,FL003,Oil Change,2022-05-22,38047,Honda Authorized Workshop Lahore,1978.0,1428.0,3406.0,PKR,Completed,43047,2023-04-16,Tech-20,Urgent – advised immediate action
MN00798,VH00078,FL002,Glass Replace,2023-03-23,164477,Bilal Tyre & Battery,9448.0,12646.0,22094.0,PKR,Completed,214477,2023-12-22,Tech-20,Warranty covered – no cost to fleet
MN00799,VH00117,FL001,Oil Change,2023-12-25,119165,Workshop In-House (Fleet Mechanic),1692.0,1370.0,3062.0,PKR,Completed,124165,2024-04-02,Tech-9,Replaced as per schedule
MN00800,VH00040,FL003,Glass Replace,2024-12-09,132812,Honda Authorized Workshop Lahore,13454.0,9521.0,22975.0,PKR,Scheduled,182812,2025-10-03,Tech-12,Warranty covered – no cost to fleet
